"item_id","item","agg1","agg2","unidades_30d","precio_prom_brl","expansion"
"5507632884","Voltímetro + Marcador De Temperatura Automotivo Profissional","Acessórios para Veículos","Aces. de Carros e Caminhonetes","1097","46","Tier 2 — llevaría a 15.000 items"
"4976029620","Capa De Cobrir Carro Cobrecar Parcialmente Forrada - G Preto","Acessórios para Veículos","Aces. de Carros e Caminhonetes","1080","50","Tier 2 — llevaría a 15.000 items"
"3789764022","Kit Remendo Metal 60 Reparos +maleta Macarrão Pneu Carro Mot","Acessórios para Veículos","Aces. de Carros e Caminhonetes","1043","62","Tier 2 — llevaría a 15.000 items"
"3946528893","Kit Reparo Pneus 25 Remendo Macarrão Carro Moto Sem Câmara","Acessórios para Veículos","Aces. de Carros e Caminhonetes","1000","28","Tier 2 — llevaría a 15.000 items"
"4312415423","Porta Copo Automotivo Regulável Com Suporte Para Latas E Gar Preto","Acessórios para Veículos","Aces. de Carros e Caminhonetes","978","20","Tier 2 — llevaría a 15.000 items"
"3873348053","Kit Tomada Alumínio Engate Cromada 6 Polo Reboque Carretinha","Acessórios para Veículos","Aces. de Carros e Caminhonetes","954","49","Tier 2 — llevaría a 15.000 items"
"3841703169","Capa De Cobrir Carro Lycra Tecido Proteção Sol Poeira Riscos","Acessórios para Veículos","Aces. de Carros e Caminhonetes","948","152","Tier 2 — llevaría a 15.000 items"
"4215061787","Kit 2 Suporte Tag Pedágio, Sem Parar - Carro Para-brisa Transparente","Acessórios para Veículos","Aces. de Carros e Caminhonetes","937","29","Tier 2 — llevaría a 15.000 items"
"5542254222","Capa Protetora Para Carro Lona Grossa Proteção Forrada","Acessórios para Veículos","Aces. de Carros e Caminhonetes","918","50","Tier 2 — llevaría a 15.000 items"
"3982132355","Câmera Ré Frontal Olho Peixe 180ºgraus Automotiva Ônibus Van","Acessórios para Veículos","Aces. de Carros e Caminhonetes","917","26","Tier 2 — llevaría a 15.000 items"
"3444263355","Munheca Para Reboque De Carretinha Trailer Jetsky 2500kg","Acessórios para Veículos","Aces. de Carros e Caminhonetes","889","108","Tier 2 — llevaría a 15.000 items"
"4537699376","Jg 4 Calotas Tampa Roda Ferro Vw Aro 13 14 15 Amarok 4 Furos Preto","Acessórios para Veículos","Aces. de Carros e Caminhonetes","880","26","Tier 2 — llevaría a 15.000 items"
"3810259889","Kit Tomada Fêmea Cromada E Plug Macho Cromado Para Engate","Acessórios para Veículos","Aces. de Carros e Caminhonetes","864","28","Tier 2 — llevaría a 15.000 items"
"4212899352","Kit Câmera De Ré Hd Visão Noturna + Visor Lcd 4.3 Polegadas","Acessórios para Veículos","Aces. de Carros e Caminhonetes","851","101","Tier 2 — llevaría a 15.000 items"
"1963433381","Munheca Carretinha, Reboque Padrão Karmann Ghia 2.500kg","Acessórios para Veículos","Aces. de Carros e Caminhonetes","841","112","Tier 2 — llevaría a 15.000 items"
"3920443921","Bateria Lítio Skyrich Lix7l Para Honda Yamaha Ktm Crf 7ah","Acessórios para Veículos","Aces. de Motos e Quadriciclos","1088","194","Tier 2 — llevaría a 15.000 items"
"5760489408","Tsf | Viseira Cristal Ls2 Ff358 Fw3 Gt Gtn Gtx Kit Reparo. Transparente","Acessórios para Veículos","Aces. de Motos e Quadriciclos","1087","52","Tier 2 — llevaría a 15.000 items"
"4655036718","Luva Moto Motoqueiro Impermeável Térmica Inverno Frio Touch Preto Único - M Ao Gg","Acessórios para Veículos","Aces. de Motos e Quadriciclos","1084","27","Tier 2 — llevaría a 15.000 items"
"2108086348","Capa Pra Moto Térmica Protetora Sol Chuva Impermeável","Acessórios para Veículos","Aces. de Motos e Quadriciclos","1077","59","Tier 2 — llevaría a 15.000 items"
"4171897735","Fone De Ouvido Comunicador Sem Fio Para Capacete Pholex","Acessórios para Veículos","Aces. de Motos e Quadriciclos","1071","29","Tier 2 — llevaría a 15.000 items"
"1322379505","Luva X11 Masculina Blackout 2 Touch Verão Moto Motociclista","Acessórios para Veículos","Aces. de Motos e Quadriciclos","1065","95","Tier 2 — llevaría a 15.000 items"
"5290948410","Capa Para Moto Forrada Lmpermeável Térmicasol Chuva","Acessórios para Veículos","Aces. de Motos e Quadriciclos","1054","61","Tier 2 — llevaría a 15.000 items"
"2715884071","Corda Elástico 2 Metros Bagageiro Moto Bike Kit 4 Und","Acessórios para Veículos","Aces. de Motos e Quadriciclos","1049","22","Tier 2 — llevaría a 15.000 items"
"5744170380","Capa De Chuva Motoqueiro Motoboy Moto Conjunto Impermeável  Preto E Rosa G - Feminino","Acessórios para Veículos","Aces. de Motos e Quadriciclos","1047","79","Tier 2 — llevaría a 15.000 items"
"4221446323","Cadeado Trava Segurança Cabo Pra Moto Bike Com Suporte Cor Preto Resistente","Acessórios para Veículos","Aces. de Motos e Quadriciclos","1022","20","Tier 2 — llevaría a 15.000 items"
"4567568661","Comunicador Capacete V6 Plus 2 Unidades / Par Bluetooth 5.0","Acessórios para Veículos","Aces. de Motos e Quadriciclos","1019","238","Tier 2 — llevaría a 15.000 items"
"1299441396","Capa De Chuva Motoqueiro Alba Europa Original-pronta Entrega","Acessórios para Veículos","Aces. de Motos e Quadriciclos","1011","186","Tier 2 — llevaría a 15.000 items"
"5060291290","Capa Para Moto Impermeável Térmica Uv - Sol E Chuva","Acessórios para Veículos","Aces. de Motos e Quadriciclos","1004","54","Tier 2 — llevaría a 15.000 items"
"4284957623","Capacete Moto Race Tech Signal Articulado Preto Fosco","Acessórios para Veículos","Aces. de Motos e Quadriciclos","997","450","Tier 2 — llevaría a 15.000 items"
"3872178173","Kit 2 Capa De Chuva Reforçada Pvc Transparente Resistente","Acessórios para Veículos","Aces. de Motos e Quadriciclos","997","34","Tier 2 — llevaría a 15.000 items"
"5275916318","Capacete Moto Fechado Masculino Viseira Fumê New Liberty 4","Acessórios para Veículos","Aces. de Motos e Quadriciclos","974","127","Tier 2 — llevaría a 15.000 items"
"2810703446","Capacete Aberto Pro Tork New Liberty 3","Acessórios para Veículos","Aces. de Motos e Quadriciclos","967","131","Tier 2 — llevaría a 15.000 items"
"4292067541","Viseira Capacete Axxis Asx Eagle Draken City Cristal Segment Transparente","Acessórios para Veículos","Aces. de Motos e Quadriciclos","966","48","Tier 2 — llevaría a 15.000 items"
"3961508557","Capacete Moto Pro Tork Fechado Viseira Fumê Street Promoção","Acessórios para Veículos","Aces. de Motos e Quadriciclos","954","151","Tier 2 — llevaría a 15.000 items"
"4566400785","Luva Moto Motoqueiro Impermeável Térmica Inverno Frio Touch Preto Único","Acessórios para Veículos","Aces. de Motos e Quadriciclos","931","23","Tier 2 — llevaría a 15.000 items"
"5744170372","Capa De Chuva Motoqueiro Motoboy Moto Conjunto Impermeável  Preto Capa-m","Acessórios para Veículos","Aces. de Motos e Quadriciclos","926","77","Tier 2 — llevaría a 15.000 items"
"4138723569","Polaina Fixa De Guidão Térmica E Impermeável Para Moto Preto Esquerdo/direito","Acessórios para Veículos","Aces. de Motos e Quadriciclos","922","35","Tier 2 — llevaría a 15.000 items"
"4445045781","Kit 4 Gancho De Parede Pendurar Capacete Boné Chaves Jaqueta","Acessórios para Veículos","Aces. de Motos e Quadriciclos","921","31","Tier 2 — llevaría a 15.000 items"
"4435616584","Capa Chuva Para Motoqueiro Impermeavel Pioneira Storm Combat","Acessórios para Veículos","Aces. de Motos e Quadriciclos","918","79","Tier 2 — llevaría a 15.000 items"
"3964493307","Capa Cobrir Moto Couro Protetora Sol Chuva Impermeável P M G","Acessórios para Veículos","Aces. de Motos e Quadriciclos","908","50","Tier 2 — llevaría a 15.000 items"
"4641720758","Rele 2 Pinos Laranja Pisca Seta Moto Universal Led","Acessórios para Veículos","Aces. de Motos e Quadriciclos","900","19","Tier 2 — llevaría a 15.000 items"
"5286328046","Tsf | Viseira Fumê Asx V18b Eagle Draken City Antirrisco Fumê","Acessórios para Veículos","Aces. de Motos e Quadriciclos","896","56","Tier 2 — llevaría a 15.000 items"
"6594878420","Capa De Chuva Moto Pioneira Impermeável Pvc Motoqueiro Frio Preto Com Laranja Masculino - G","Acessórios para Veículos","Aces. de Motos e Quadriciclos","890","97","Tier 2 — llevaría a 15.000 items"
"6594878428","Capa De Chuva Moto Pioneira Impermeável Pvc Motoqueiro Frio Preto Com Laranja Masculino - Xg","Acessórios para Veículos","Aces. de Motos e Quadriciclos","882","99","Tier 2 — llevaría a 15.000 items"
"2981456323","Calça  De Chuva Motoqueiro Impermeável Alta Qualidade Pvc","Acessórios para Veículos","Aces. de Motos e Quadriciclos","871","54","Tier 2 — llevaría a 15.000 items"
"5266945350","Capa De Chuva Sapato Tênis Impermeável Protetor Calçado Moto","Acessórios para Veículos","Aces. de Motos e Quadriciclos","867","39","Tier 2 — llevaría a 15.000 items"
"4102376283","Capacete Fechado Sport Moto 788 Pro Tork Feminino Masculino","Acessórios para Veículos","Aces. de Motos e Quadriciclos","864","138","Tier 2 — llevaría a 15.000 items"
"3855417459","Botão Fixação Reparo Viseira Capacete Ls2 Ff358 Ff386 Fw3 Gt Preto/transparente","Acessórios para Veículos","Aces. de Motos e Quadriciclos","856","20","Tier 2 — llevaría a 15.000 items"
"4033313957","Capacete Fechado Automatico Sm 788 Pro Tork Viseira Cristal","Acessórios para Veículos","Aces. de Motos e Quadriciclos","855","123","Tier 2 — llevaría a 15.000 items"
"3063242324","Capacete Para Moto Aberto Pro Tork New Liberty Three","Acessórios para Veículos","Aces. de Motos e Quadriciclos","854","130","Tier 2 — llevaría a 15.000 items"
"5762188382","Capa De Chuva Pvc Motoqueiro Impermeável Reforçada Pioneira Preto-laranja Gg","Acessórios para Veículos","Aces. de Motos e Quadriciclos","850","89","Tier 2 — llevaría a 15.000 items"
"5744170378","Capa De Chuva Motoqueiro Motoboy Moto Conjunto Impermeável  Preto E Rosa P - Feminina","Acessórios para Veículos","Aces. de Motos e Quadriciclos","844","78","Tier 2 — llevaría a 15.000 items"
"5386095658","Capacete Moto Race Tech Signal Articulado Preto Fosco","Acessórios para Veículos","Aces. de Motos e Quadriciclos","843","474","Tier 2 — llevaría a 15.000 items"
"3896549855","Narigueira Mod Original Ls2 Ff358 / Ff396 Norisk Ff302 Fw3","Acessórios para Veículos","Aces. de Motos e Quadriciclos","828","20","Tier 2 — llevaría a 15.000 items"
"4533508797","Bomba De Sucção Manual Transferência Gasolina Etanol","Acessórios para Veículos","Acessórios Náuticos","999","25","Tier 2 — llevaría a 15.000 items"
"5173493240","Rádio Comunicador Baofeng 5w Bf Vhf /uhf/ Fm Dual Band Uv-82 Cor Preto 127/220v","Acessórios para Veículos","Acessórios Náuticos","889","112","Tier 2 — llevaría a 15.000 items"
"5431789488","Faixa Refletiva Para-choque Caminhão 2,40m Vermelho Prata","Acessórios para Veículos","Acessórios de Linha Pesada","1002","33","Tier 2 — llevaría a 15.000 items"
"4407156991","Faixa Refletiva 3m Parachoque Caminhão 2,40m X 10cm","Acessórios para Veículos","Acessórios de Linha Pesada","829","45","Tier 2 — llevaría a 15.000 items"
"5773192562","Carregador De Bateria 12v Até 300a Com Ajuste De Corrente, Flutuante, Bivolt Automático Ca10ah, Trafotron, Carga Lenta E Rápida","Acessórios para Veículos","Ferramentas para Veículos","1093","150","Tier 2 — llevaría a 15.000 items"
"4592927381","Auxiliar Partida Bateria Compressor Ar Emergência Portátil Veicular Com Compressor De Ar, Hold On Portátil Compressor Ar 10000mah Veicular","Acessórios para Veículos","Ferramentas para Veículos","1076","229","Tier 2 — llevaría a 15.000 items"
"4036473929","Scanner Automotivo Elm 327 Bluetooth Obd2 Android Ios","Acessórios para Veículos","Ferramentas para Veículos","1065","24","Tier 2 — llevaría a 15.000 items"
"3994171345","Macaco Sanfona Baumann 1 Tonelada Para Carro Compacto E Resistente","Acessórios para Veículos","Ferramentas para Veículos","1034","53","Tier 2 — llevaría a 15.000 items"
"5874150844","Macaco Hidráulico Garrafa 3 Toneladas Sparta","Acessórios para Veículos","Ferramentas para Veículos","997","65","Tier 2 — llevaría a 15.000 items"
"5475732096","Carregador Bateria Automotivo 12v 100a Carro Moto Caminhao","Acessórios para Veículos","Ferramentas para Veículos","995","67","Tier 2 — llevaría a 15.000 items"
"6702908400","Auxiliar Partida Bateria Compressor Ar Inteligente Emergência Portátil Veicular Com Compressor De Ar, Pares Portátil Compressor Ar Veicular","Acessórios para Veículos","Ferramentas para Veículos","995","227","Tier 2 — llevaría a 15.000 items"
"5320864956","Macaco Hidráulico Garrafa 3 Toneladas Para Carro Titanium Platina","Acessórios para Veículos","Ferramentas para Veículos","989","71","Tier 2 — llevaría a 15.000 items"
"4459889567","Chave De Roda Cruz Estrela 4 Bocas 17mm 19mm 21mm 23mm Aço Universal Carro Profissional 35cm Troca Pneu Blueforce","Acessórios para Veículos","Ferramentas para Veículos","983","37","Tier 2 — llevaría a 15.000 items"
"3347425193","Scanner Automotivo Obd2 Placa Dupla Vs1.5 Elm327 Pic18f25k80","Acessórios para Veículos","Ferramentas para Veículos","978","73","Tier 2 — llevaría a 15.000 items"
"4221722985","Auxiliar Partida Bateria Compressor Ar Emergência Portátil Com Soprador Auxiliar De Partida Portatil Veicular Com Compressor De Ar Start Potente E Inflação Rápida Para Acampamentos E Emergências","Acessórios para Veículos","Ferramentas para Veículos","958","278","Tier 2 — llevaría a 15.000 items"
"2015028938","Macaco Hidráulico Garrafa 10 Toneladas Com Nf","Acessórios para Veículos","Ferramentas para Veículos","935","131","Tier 2 — llevaría a 15.000 items"
"6074506180","Compressor De Ar Digital Portátil Recarregável Usb-c Powerbank Celular Calibrador Pneus De Moto Carro Bike Bolas Infláveis Preto 127/220v 60 Hz Monofásica","Acessórios para Veículos","Ferramentas para Veículos","930","72","Tier 2 — llevaría a 15.000 items"
"4598994322","Calibrador De Ar Digital Para Pneu Portátil Compressor Usb","Acessórios para Veículos","Ferramentas para Veículos","930","65","Tier 2 — llevaría a 15.000 items"
"4271782645","Macaco De Carro Sanfona Universal 1.5 Toneladas Com Chave Catraca Jack 1500kg Carros Passeio Automotivo Blueforce","Acessórios para Veículos","Ferramentas para Veículos","921","63","Tier 2 — llevaría a 15.000 items"
"6300769464","Caneta Teste Automotivo 3-48v Para Bateria Circuito Fusível 3-48v","Acessórios para Veículos","Ferramentas para Veículos","921","32","Tier 2 — llevaría a 15.000 items"
"2028385121","Chave De Vela T Com 2 Encaixes 16mm / 21mm Articulada","Acessórios para Veículos","Ferramentas para Veículos","920","28","Tier 2 — llevaría a 15.000 items"
"5745950218","Maçarico Culinário Portátil Multiuso Com Controle De Chama 127/220v","Acessórios para Veículos","Ferramentas para Veículos","912","26","Tier 2 — llevaría a 15.000 items"
"4518936237","Carregador Bateria Automotivo 12v Carga Lenta Portátil Pholex Carro Moto Caminhão Jet Sky Empilhadeira Bivolt 110/220v","Acessórios para Veículos","Ferramentas para Veículos","875","33","Tier 2 — llevaría a 15.000 items"
"4573751585","Auxiliar De Partida Carregador Bateria Com Compressor De Ar Emergência Portátil Veicular Floots Automotivo 10000mah","Acessórios para Veículos","Ferramentas para Veículos","867","244","Tier 2 — llevaría a 15.000 items"
"5914471770","Carregador De Bateria Automotivo Para Baterias 12v Até 300a , Carro E Moto, Carga Lenta E Semirrápida, Com Voltímetro Digital, Flutuante, Cv5ah, Trafotron","Acessórios para Veículos","Ferramentas para Veículos","864","84","Tier 2 — llevaría a 15.000 items"
"6000776592","Carregador Bateria Automotiva 12v Até 300ah 2ah Carg Lenta","Acessórios para Veículos","Ferramentas para Veículos","856","35","Tier 2 — llevaría a 15.000 items"
"5028348252","Carregador De Bateria 12v Até 300amperes Cf5 Inteligente","Acessórios para Veículos","Ferramentas para Veículos","843","79","Tier 2 — llevaría a 15.000 items"
"5751329240","Scanner Automotivo Bluetooth Obd2 Android Ios Elm337","Acessórios para Veículos","Ferramentas para Veículos","841","26","Tier 2 — llevaría a 15.000 items"
"2649744351","Carregador Bateria 12-24v Automotivo Carro Moto Caminhao 10a","Acessórios para Veículos","Ferramentas para Veículos","830","249","Tier 2 — llevaría a 15.000 items"
"4276223543","Kit Shampoo Automotivo Esfregação Neutro V-floc V-mol Vonixx","Acessórios para Veículos","Limpeza Automotiva","1097","42","Tier 2 — llevaría a 15.000 items"
"3689326607","Limpador De Pneus Borrachas Plástico Delet 1,5l Vonixx","Acessórios para Veículos","Limpeza Automotiva","1088","48","Tier 2 — llevaría a 15.000 items"
"4515648880","Removedor Strike Vonixx Tira Piche E Cola 500ml Aplicador","Acessórios para Veículos","Limpeza Automotiva","1075","55","Tier 2 — llevaría a 15.000 items"
"5391403128","Strike Removedor Piche Asfalto Cola Adesivo Vonixx 500ml","Acessórios para Veículos","Limpeza Automotiva","1054","51","Tier 2 — llevaría a 15.000 items"
"4074344543","Kit Limpa E Hidrata Couro Banco Automotivo Hidratar  Vonixx","Acessórios para Veículos","Limpeza Automotiva","1032","68","Tier 2 — llevaría a 15.000 items"
"6210946052","Aromatizante Cheirinho Odorizador Carro Novo Automotivo 1l Amarelo Carro Novo","Acessórios para Veículos","Limpeza Automotiva","996","30","Tier 2 — llevaría a 15.000 items"
"4252565857","Cera Tok Final Carnaúba Proteção Automotiva 500ml Vonixx","Acessórios para Veículos","Limpeza Automotiva","994","29","Tier 2 — llevaría a 15.000 items"
"4411020101","Aspirador 2em1 Usb: Alta Sucção, Carga Sem Fio, Mini Preto 12v","Acessórios para Veículos","Limpeza Automotiva","992","32","Tier 2 — llevaría a 15.000 items"
"6282223698","Kit 10 Panos Flanela Microfibra Limpa Automotiva Carro 30x40 Multicor","Acessórios para Veículos","Limpeza Automotiva","989","40","Tier 2 — llevaría a 15.000 items"
"3945950257","Kit 5 Pincel Para Lavação Carro Detalhamento Automotivo Moto","Acessórios para Veículos","Limpeza Automotiva","987","20","Tier 2 — llevaría a 15.000 items"
"4418766717","Cera Polimento Queimado Riscos Carnauba Automotiva","Acessórios para Veículos","Limpeza Automotiva","986","29","Tier 2 — llevaría a 15.000 items"
"4561600631","Caneta Pintura Reparadora Permanente Tira Riscos Carro Moto Branca","Acessórios para Veículos","Limpeza Automotiva","976","22","Tier 2 — llevaría a 15.000 items"
"5759870570","Kit 3 Luva Microfibra Automotiva Multiuso Duravel Faxina","Acessórios para Veículos","Limpeza Automotiva","972","34","Tier 2 — llevaría a 15.000 items"
"4217540531","Limpa Roda Automotiva Izer Descontaminante Ferroso Vonixx","Acessórios para Veículos","Limpeza Automotiva","962","39","Tier 2 — llevaría a 15.000 items"
"4432352915","Alumax Limpa Alumínio + Removex Para Chassi + Pincel","Acessórios para Veículos","Limpeza Automotiva","957","122","Tier 2 — llevaría a 15.000 items"
"3994296685","Kit Lavagem Automotiva V-floc Blend Sintra Intense Vonixx","Acessórios para Veículos","Limpeza Automotiva","946","151","Tier 2 — llevaría a 15.000 items"
"1745952398","Restaurax Restaurador De Plásticos Vonixx Aplicador Luvas Preto","Acessórios para Veículos","Limpeza Automotiva","942","65","Tier 2 — llevaría a 15.000 items"
"6184754958","Wd 40 Desengripante Lubrificante Multiuso Spray 300ml","Acessórios para Veículos","Limpeza Automotiva","941","40","Tier 2 — llevaría a 15.000 items"
"3651744965","Kit Desengripante Spray 300ml 12 Unidades Te0001161 Lub Fast","Acessórios para Veículos","Limpeza Automotiva","927","69","Tier 2 — llevaría a 15.000 items"
"6405297676","Shampoo Automotivo Vonixx V-floc 1,5l + Toalha + Luva Microfibra","Acessórios para Veículos","Limpeza Automotiva","911","70","Tier 2 — llevaría a 15.000 items"
"1625856224","Kit Limpar Hidratar Couro Vonixx Higicouro + Hidracouro","Acessórios para Veículos","Limpeza Automotiva","911","69","Tier 2 — llevaría a 15.000 items"
"5996892566","Kit Completo Lavar Carro Moto Rapido Brilho Profissional","Acessórios para Veículos","Limpeza Automotiva","910","184","Tier 2 — llevaría a 15.000 items"
"5247744232","Restaurador Vidro Automotivo Vonixx Prizm Remove Chuva Ácida 500ml","Acessórios para Veículos","Limpeza Automotiva","907","48","Tier 2 — llevaría a 15.000 items"
"4062492675","Lava-auto Super Concentrado V-floc 1,5l Vonixx","Acessórios para Veículos","Limpeza Automotiva","901","46","Tier 2 — llevaría a 15.000 items"
"5534286022","Verniz De Motor Aerosol Finalizador Vonixx 400ml Spray","Acessórios para Veículos","Limpeza Automotiva","899","40","Tier 2 — llevaría a 15.000 items"
"4844882724","Boina Lã Pirulito Corte Pesado Polimento Lincoln 5 Pol","Acessórios para Veículos","Limpeza Automotiva","899","48","Tier 2 — llevaría a 15.000 items"
"4276261611","V-mol 1,5lt. Shampoo Desengraxante Lavagem Automotiva Vonixx","Acessórios para Veículos","Limpeza Automotiva","878","41","Tier 2 — llevaría a 15.000 items"
"6057580870","Wd 40 Desengripante Lubrificante Multiuso Spray 300ml","Acessórios para Veículos","Limpeza Automotiva","876","40","Tier 2 — llevaría a 15.000 items"
"3842807071","Grand Prix Tradicional Cera Automotiva Em Pasta Lata 200gr","Acessórios para Veículos","Limpeza Automotiva","868","27","Tier 2 — llevaría a 15.000 items"
"4275724938","Limpa Farol (revitalizador De Farol) 50ml Batom Black Incolor","Acessórios para Veículos","Limpeza Automotiva","862","25","Tier 2 — llevaría a 15.000 items"
"5438982044","Luva Microfibra Chenile Detailer Lavagem Automotiva + Aplicador Vonixx Azul","Acessórios para Veículos","Limpeza Automotiva","856","20","Tier 2 — llevaría a 15.000 items"
"4094687245","Revitalizador Restaurador Plástico Restaurax Vonixx 240ml Violeta-escuro","Acessórios para Veículos","Limpeza Automotiva","855","36","Tier 2 — llevaría a 15.000 items"
"2762010394","Kit Limpeza Automotiva Bancos Couro Vonixx 500ml Hidrata","Acessórios para Veículos","Limpeza Automotiva","852","67","Tier 2 — llevaría a 15.000 items"
"5298046024","Revitalizador Plásticos Vonixx Restaurador 500ml Sintético Líquido","Acessórios para Veículos","Limpeza Automotiva","851","60","Tier 2 — llevaría a 15.000 items"
"4432208899","Cera Líquida Preta Vonixx Blend Spray Carnaúba 500ml","Acessórios para Veículos","Limpeza Automotiva","850","49","Tier 2 — llevaría a 15.000 items"
"4998050432","Kit Lavagem Automotiva Vonixx Vexus Shampoo Neutro V-floc Revitalizador","Acessórios para Veículos","Limpeza Automotiva","848","146","Tier 2 — llevaría a 15.000 items"
"3460650955","Prizm 500ml Restaurador De Vidros Vonixx Pincel Detalhamento","Acessórios para Veículos","Limpeza Automotiva","843","53","Tier 2 — llevaría a 15.000 items"
"3604003469","Kit Produtos Para Limpeza Automotiva Vonixx Kit Lavagem Cera","Acessórios para Veículos","Limpeza Automotiva","832","175","Tier 2 — llevaría a 15.000 items"
"5898597748","Shiny Revitalizador Pneu Pretinho Longa Duração Vonixx 500ml Vermelho","Acessórios para Veículos","Limpeza Automotiva","829","54","Tier 2 — llevaría a 15.000 items"
"4504043652","Cera Líquida Vonixx Tok Final Carnaúba 500ml Brilho Intenso","Acessórios para Veículos","Limpeza Automotiva","829","33","Tier 2 — llevaría a 15.000 items"
"4140456469","Limpador Multiuso Sintra Fast Vonixx Para Automóveis 500ml","Acessórios para Veículos","Limpeza Automotiva","826","38","Tier 2 — llevaría a 15.000 items"
"3223078622","Reparador Couro 3m Autoadesivo Bancos Volantes Sofá 120x10cm","Acessórios para Veículos","Limpeza Automotiva","821","27","Tier 2 — llevaría a 15.000 items"
"5471210354","Oleo Para Motores 2 Tempos 500ml Husqvarna","Acessórios para Veículos","Lubrificantes e Fluidos","1089","34","Tier 2 — llevaría a 15.000 items"
"6292106934","Óleo Motor 5w30 Mobil Dexos 1 Gen 3 Sintetico Api Sq Alta Performance 1litro Lubrificante Mobil","Acessórios para Veículos","Lubrificantes e Fluidos","1058","37","Tier 2 — llevaría a 15.000 items"
"3000303235","Mobil Óleo Super Moto 10w30 1 Litro Semi Sintetico 4t Mx","Acessórios para Veículos","Lubrificantes e Fluidos","1047","40","Tier 2 — llevaría a 15.000 items"
"4440098221","1 Litro Óleo Motor Sintético 5w40 Petronas Selenia Perform","Acessórios para Veículos","Lubrificantes e Fluidos","1042","34","Tier 2 — llevaría a 15.000 items"
"3965382403","Óleo Fluido Atf Direção Hidráulica Transmissão Automática 1l","Acessórios para Veículos","Lubrificantes e Fluidos","1020","25","Tier 2 — llevaría a 15.000 items"
"5269370710","Kit 2 Fluido Oleo De Freio Dot4 Varga Trw 500ml Rclf00054","Acessórios para Veículos","Lubrificantes e Fluidos","1012","57","Tier 2 — llevaría a 15.000 items"
"4150956223","Óleo Sintético Vw Maxi Performance 5w40 508 88","Acessórios para Veículos","Lubrificantes e Fluidos","1010","41","Tier 2 — llevaría a 15.000 items"
"5996540064","Militec 1 200ml Original Condicionador De Metais Militec-1","Acessórios para Veículos","Lubrificantes e Fluidos","1005","79","Tier 2 — llevaría a 15.000 items"
"4147251561","Aditivo Coolant Up Líquido Radiador Rosa Petronas Concentrad Rosa-chiclete","Acessórios para Veículos","Lubrificantes e Fluidos","997","23","Tier 2 — llevaría a 15.000 items"
"6428840602","Óleo Motul 5100 10w30 Semi-sintético  Tecnologia Ester, Proteção E Performance 1lt","Acessórios para Veículos","Lubrificantes e Fluidos","996","62","Tier 2 — llevaría a 15.000 items"
"5205649494","Bardahl Flex Aditivo Para Combustivel Motores Flex Amarelo","Acessórios para Veículos","Lubrificantes e Fluidos","984","25","Tier 2 — llevaría a 15.000 items"
"3809272759","Petronas Sprinta 10w40 Sl Sintético Moto 4t Jaso Ma2 1l","Acessórios para Veículos","Lubrificantes e Fluidos","946","43","Tier 2 — llevaría a 15.000 items"
"5117852794","Óleo De Motor Acdelco Semi-sintético 5w-30 Sn - 98550378","Acessórios para Veículos","Lubrificantes e Fluidos","925","30","Tier 2 — llevaría a 15.000 items"
"4393177677","01 Litro Óleo Câmbio Automático Atf Multi Veículos Sintético Dexron Vi Mercon Lv Spiv Mobil","Acessórios para Veículos","Lubrificantes e Fluidos","919","44","Tier 2 — llevaría a 15.000 items"
"3345717545","Óleo De Motor Quiksilver 2 Tempos Tc-w3 2 Tempos Para Náutico De 1 Unidade X 1l","Acessórios para Veículos","Lubrificantes e Fluidos","915","55","Tier 2 — llevaría a 15.000 items"
"5402199282","Estabilizador Aditivo Óleo Diesel Teccom 10 Almax Amarok","Acessórios para Veículos","Lubrificantes e Fluidos","912","93","Tier 2 — llevaría a 15.000 items"
"5402021824","Aditivo Diesel Teccom10 Kit 4x100ml Estabiliza Combustão E Protege","Acessórios para Veículos","Lubrificantes e Fluidos","910","59","Tier 2 — llevaría a 15.000 items"
"4232695849","Condicionador Sintético De Metais Para Motores A Combustão Militec 1 - Caixa Unitária Exclusiva 200ml","Acessórios para Veículos","Lubrificantes e Fluidos","865","88","Tier 2 — llevaría a 15.000 items"
"3994988943","Aditivo Para Radiador Paraflu Rosa Diluído Pronto Pra Uso Rosa","Acessórios para Veículos","Lubrificantes e Fluidos","848","28","Tier 2 — llevaría a 15.000 items"
"5331667298","Aditivo Bio Fluido Pronto Para Uso Organico Long Life Rosa Rosa","Acessórios para Veículos","Lubrificantes e Fluidos","843","23","Tier 2 — llevaría a 15.000 items"
"3574451823","1 Litro Oleo Yamalube Semissintético Sae 10w40 Yamaha","Acessórios para Veículos","Lubrificantes e Fluidos","838","57","Tier 2 — llevaría a 15.000 items"
"4464880395","Aditivo Pronto Uso Rosa 5 Litros Arrefecimento Radiador Agua Rosa","Acessórios para Veículos","Lubrificantes e Fluidos","834","31","Tier 2 — llevaría a 15.000 items"
"3423663139","Óleo Lubrificante Corrente Bardahl Maxlub Kart E Moto","Acessórios para Veículos","Lubrificantes e Fluidos","822","39","Tier 2 — llevaría a 15.000 items"
"6163967154","Mini Rastreador Veicular Carro Moto Localizador Gps Android Preto/branco","Acessórios para Veículos","Navegadores GPS para Vehículos","1033","54","Tier 2 — llevaría a 15.000 items"
"5999423916","Mini Rastreador De Malas Tag Gps Em Tempo Real Via Satélite Cor Preto Para iPhone","Acessórios para Veículos","Navegadores GPS para Vehículos","955","24","Tier 2 — llevaría a 15.000 items"
"4315723827","Kit Suporte Celular Moto Carregador Usb Impermeável Garra X Aranha + Capinha À Prova Da Agua Chuva Universal - Marca Kill Rex Preto","Acessórios para Veículos","Navegadores GPS para Vehículos","919","32","Tier 2 — llevaría a 15.000 items"
"4270329219","Suporte Para Celular Moto Motoboy Bike Bicicleta Fixo De Alumínio | New Preto","Acessórios para Veículos","Navegadores GPS para Vehículos","854","24","Tier 2 — llevaría a 15.000 items"
"3913659391","Shiftpower Chip Modulo Que Tira Atraso Do Pedal Acelerador","Acessórios para Veículos","Performance","826","701","Tier 2 — llevaría a 15.000 items"
"6359287882","Par Lâmpada H7 Pure Light 12v 55w Bosch Original","Acessórios para Veículos","Peças de Carros e Caminhonetes","1095","39","Tier 2 — llevaría a 15.000 items"
"5971866444","Tampa Bico Pneu Válvula Para Pneu Universal Carros Chevrolet","Acessórios para Veículos","Peças de Carros e Caminhonetes","1068","19","Tier 2 — llevaría a 15.000 items"
"4029765421","Kit 2pçs Conector Terminal Engate Rápido Trava Bateria Auto","Acessórios para Veículos","Peças de Carros e Caminhonetes","1067","30","Tier 2 — llevaría a 15.000 items"
"3474845235","Reservatório De Água Radiador Gm Onix Spin Cobalt Prisma","Acessórios para Veículos","Peças de Carros e Caminhonetes","1059","70","Tier 2 — llevaría a 15.000 items"
"2670810237","Par Lanterna Pisca Palio Siena Weekend Strada 96 97 98 99 00","Acessórios para Veículos","Peças de Carros e Caminhonetes","1056","36","Tier 2 — llevaría a 15.000 items"
"4055758610","Kit 10 Farol Led Redondo Milha 42w 14 Leds Carro Jeep 9v/36v","Acessórios para Veículos","Peças de Carros e Caminhonetes","1053","130","Tier 2 — llevaría a 15.000 items"
"5790787242","Bico Injetor Fox Gol G4, G5 Iwp176 Original Magneti Marelli","Acessórios para Veículos","Peças de Carros e Caminhonetes","1025","65","Tier 2 — llevaría a 15.000 items"
"5331466684","Capa Parafuso Roda Vw Golf Polo Nivus Tcros Jetta Fox","Acessórios para Veículos","Peças de Carros e Caminhonetes","1021","19","Tier 2 — llevaría a 15.000 items"
"5466974630","Sensor Tpms Pressão Pneu Gm Onix Cobalt Spin Cruze Original","Acessórios para Veículos","Peças de Carros e Caminhonetes","1001","58","Tier 2 — llevaría a 15.000 items"
"5198265914","Filtro Combustível Corsa Celta Onix Etios Toro Fit Uno Mann","Acessórios para Veículos","Peças de Carros e Caminhonetes","990","24","Tier 2 — llevaría a 15.000 items"
"5471839296","2 Lâmpadas Farol Baixo E Alto H4 Bosch Halogena 12v","Acessórios para Veículos","Peças de Carros e Caminhonetes","987","44","Tier 2 — llevaría a 15.000 items"
"2692142580","Kit Manopla Bola Cambio Coifa Celta 2001 2002 2003 Até 2016","Acessórios para Veículos","Peças de Carros e Caminhonetes","982","39","Tier 2 — llevaría a 15.000 items"
"4870808344","Jogo Velas Fox Gol Saveiro G4 G5 G6 G7 1.0 1.6 8v Flex Bosch","Acessórios para Veículos","Peças de Carros e Caminhonetes","980","79","Tier 2 — llevaría a 15.000 items"
"4458466813","Placa Motorista Aplicativo Ventosa Led Identifica Motorista","Acessórios para Veículos","Peças de Carros e Caminhonetes","971","23","Tier 2 — llevaría a 15.000 items"
"1928495084","Descarbonizante Spray Car 80 - 300ml","Acessórios para Veículos","Peças de Carros e Caminhonetes","955","31","Tier 2 — llevaría a 15.000 items"
"2983284733","Kit Lampada Farol Alto Baixo E Lanterna Foco Duplo H1 H7 T10","Acessórios para Veículos","Peças de Carros e Caminhonetes","950","48","Tier 2 — llevaría a 15.000 items"
"1722696235","Par Soquete 2 Polos Universal Lampadas Ambar Seta Conjugada","Acessórios para Veículos","Peças de Carros e Caminhonetes","947","23","Tier 2 — llevaría a 15.000 items"
"4070293017","Kit Cabo E Velas Fox Gol Polo Spacefox Voyage 1.0 1.6 Ea111 Preto","Acessórios para Veículos","Peças de Carros e Caminhonetes","943","129","Tier 2 — llevaría a 15.000 items"
"4456598049","Kit 100 Presilha Grampo Parabarro Parachoque Universal Carro","Acessórios para Veículos","Peças de Carros e Caminhonetes","942","21","Tier 2 — llevaría a 15.000 items"
"4181460925","Kit 100 Presilha Grampo Parabarro Parachoque Universal Carro","Acessórios para Veículos","Peças de Carros e Caminhonetes","912","19","Tier 2 — llevaría a 15.000 items"
"5971396656","Junta Tampa Válvula Original Gm Corsa Celta Prisma 90409594","Acessórios para Veículos","Peças de Carros e Caminhonetes","899","23","Tier 2 — llevaría a 15.000 items"
"4158911757","Refil Bomba Combustivel Kit Sistema Bosch Gasolina Completa","Acessórios para Veículos","Peças de Carros e Caminhonetes","891","69","Tier 2 — llevaría a 15.000 items"
"5127890954","Luz De Teto Original Fiat Uno/mobi/punto/palio 100176278","Acessórios para Veículos","Peças de Carros e Caminhonetes","887","59","Tier 2 — llevaría a 15.000 items"
"4869884308","Capa  Alavanca Freio De Mão S10 2013/23 Borracha","Acessórios para Veículos","Peças de Carros e Caminhonetes","886","177","Tier 2 — llevaría a 15.000 items"
"3969076595","Cavalete Válvula Termostática Completa Aluminio Gol G5g6 Fox","Acessórios para Veículos","Peças de Carros e Caminhonetes","885","189","Tier 2 — llevaría a 15.000 items"
"2162425813","Bypass Prolongador Da Sonda Lambda Universal Extensor Top","Acessórios para Veículos","Peças de Carros e Caminhonetes","875","16","Tier 2 — llevaría a 15.000 items"
"5259045726","Motor Partida Gol Santana Parati 1.6 1.8 2.0 Ap 8v G2 G3 G4","Acessórios para Veículos","Peças de Carros e Caminhonetes","871","258","Tier 2 — llevaría a 15.000 items"
"2079130320","Carcaça Chave Canivete Chevrolet Gm Onix Cobalt Cruze Prisma","Acessórios para Veículos","Peças de Carros e Caminhonetes","867","43","Tier 2 — llevaría a 15.000 items"
"2176878991","Kit Reparador De Parábrisa Trincado E Vidros - Resina Alemã Branco","Acessórios para Veículos","Peças de Carros e Caminhonetes","863","40","Tier 2 — llevaría a 15.000 items"
"4456802874","Tampa Reservatório Palio Strada Fire Original Fiat 1.4 Bar","Acessórios para Veículos","Peças de Carros e Caminhonetes","862","28","Tier 2 — llevaría a 15.000 items"
"5454686928","Bico Injetor Marelli Palio Siena Strada Uno 1.0 1.3 Iwp065","Acessórios para Veículos","Peças de Carros e Caminhonetes","853","78","Tier 2 — llevaría a 15.000 items"
"2989622915","Par Farol Auxiliar Gol G4 2006 A 2014 Parati Fox Saveiro G4  Prateado","Acessórios para Veículos","Peças de Carros e Caminhonetes","853","73","Tier 2 — llevaría a 15.000 items"
"4478559539","Fita Vedação Esponja Prova De Choque Carro Anti-ruído 10 Mts","Acessórios para Veículos","Peças de Carros e Caminhonetes","850","37","Tier 2 — llevaría a 15.000 items"
"5345085718","Kit Extensor E Fivela Par Cinto De Segurança Universal Trava","Acessórios para Veículos","Peças de Carros e Caminhonetes","850","21","Tier 2 — llevaría a 15.000 items"
"5271081028","Farolete Milha Retangular Slim Led 72w 12v 24v Universal Par","Acessórios para Veículos","Peças de Carros e Caminhonetes","848","45","Tier 2 — llevaría a 15.000 items"
"3280970153","Caixa Direção Cônica Cg 160 150 125 Titan Fan Start Cargo","Acessórios para Veículos","Peças de Carros e Caminhonetes","848","36","Tier 2 — llevaría a 15.000 items"
"4221204889","Sensor Map Tbi Honda Cg 160 Fan Titan 2016 A 2025 Keihin","Acessórios para Veículos","Peças de Carros e Caminhonetes","848","108","Tier 2 — llevaría a 15.000 items"
"4491171452","Kit Iluminação Interior Carro Luz 09 Leds Rgb C/controle 12v","Acessórios para Veículos","Peças de Carros e Caminhonetes","845","31","Tier 2 — llevaría a 15.000 items"
"4313312583","Sensor Tpms Pressao Pneu Gm Onix Cobalt S10 Cruze Prisma","Acessórios para Veículos","Peças de Carros e Caminhonetes","830","48","Tier 2 — llevaría a 15.000 items"
"4792971644","Motor Partida 11 Dentes Vw Gol Saveiro G5 G6 Fox Golf Voyage","Acessórios para Veículos","Peças de Carros e Caminhonetes","826","363","Tier 2 — llevaría a 15.000 items"
"1415850180","Kit Reparo Trambulador Alavanca Câmbio Celta 2006 2007 08","Acessórios para Veículos","Peças de Carros e Caminhonetes","823","160","Tier 2 — llevaría a 15.000 items"
"2714180997","Relé Duplo De Faróis 500w 12v Universal Super Reforçado","Acessórios para Veículos","Peças de Carros e Caminhonetes","822","38","Tier 2 — llevaría a 15.000 items"
"4288696321","Kit 2 Bateria Cr2032 Panasonic Controle E Chave Canivete","Acessórios para Veículos","Peças de Carros e Caminhonetes","822","20","Tier 2 — llevaría a 15.000 items"
"3969094465","Sensor Pressão Tpms Pneu Cruze Onix Cobalt S10 Prisma Spin","Acessórios para Veículos","Peças de Carros e Caminhonetes","821","44","Tier 2 — llevaría a 15.000 items"
"5294451088","Kit Correia Dentada Tensor Onix Cobalt Spin Prisma 1.0 1. 8v","Acessórios para Veículos","Peças de Carros e Caminhonetes","821","110","Tier 2 — llevaría a 15.000 items"
"3775611279","Cinto De Segurança 2 Pontos Transversal Veicular Universal","Acessórios para Veículos","Peças de Carros e Caminhonetes","821","21","Tier 2 — llevaría a 15.000 items"
"5455330110","Espaçador Prolongador Sonda Lambda Com Catalisador Apaga Luz","Acessórios para Veículos","Peças de Linha Pesada","823","36","Tier 2 — llevaría a 15.000 items"
"4292636871","Acelerador Punho Rápido Aluminio Crf230 + Cabo Crf Ttr","Acessórios para Veículos","Peças de Motos e Quadriciclos","1083","46","Tier 2 — llevaría a 15.000 items"
"4096798569","Disco Freio Dianteiro + Pastilha Titan Fan Cg 160 2018/2024","Acessórios para Veículos","Peças de Motos e Quadriciclos","1067","60","Tier 2 — llevaría a 15.000 items"
"5493378430","Par Borracha Pedaleira Dianteira Cg Fan Titan 160 Start 160","Acessórios para Veículos","Peças de Motos e Quadriciclos","1058","20","Tier 2 — llevaría a 15.000 items"
"5383921212","Manopla Com Roldana Cg/cargo/fan/titan/start 125/150/160 Preto","Acessórios para Veículos","Peças de Motos e Quadriciclos","1047","20","Tier 2 — llevaría a 15.000 items"
"5736283150","Bateria Mbr 6ah 125150 Cg Titan Biz Nxr Bros Fan Xre300","Acessórios para Veículos","Peças de Motos e Quadriciclos","1011","163","Tier 2 — llevaría a 15.000 items"
"4422311473","Kit Suporte Placa Moto Mercosul Reforçado +arruela Anodizada","Acessórios para Veículos","Peças de Motos e Quadriciclos","981","34","Tier 2 — llevaría a 15.000 items"
"4118848545","Retrovisor Bmw Gs F800 Haste Curta Ou Média Rosca Honda","Acessórios para Veículos","Peças de Motos e Quadriciclos","959","32","Tier 2 — llevaría a 15.000 items"
"3814051611","Kit Relação Cg 160 Titan Fan Start Transmissão Aço 1045 Prateado","Acessórios para Veículos","Peças de Motos e Quadriciclos","948","58","Tier 2 — llevaría a 15.000 items"
"1839658193","Par Retrovisor Fz15 Xtz Ybr Factor Fazer Lander 125 150 250","Acessórios para Veículos","Peças de Motos e Quadriciclos","939","30","Tier 2 — llevaría a 15.000 items"
"5414382660","Par Retrovisor Fixo Convexo Tiger 1200 Rosca Honda M10 Honda","Acessórios para Veículos","Peças de Motos e Quadriciclos","931","43","Tier 2 — llevaría a 15.000 items"
"1322391199","Farol Completo Cg 125 Cg 150 Fan 2000 A 2013 Com Lâmpada Esquerdo","Acessórios para Veículos","Peças de Motos e Quadriciclos","928","38","Tier 2 — llevaría a 15.000 items"
"3440762486","Lona De Freio / Patim De Freio Cg Titan 125 150 160 Diafrag","Acessórios para Veículos","Peças de Motos e Quadriciclos","919","30","Tier 2 — llevaría a 15.000 items"
"5442239752","Bateria Moura Ma5-d Para Moto Titan Fan Biz Bros Fazer Direito 12v","Acessórios para Veículos","Peças de Motos e Quadriciclos","904","146","Tier 2 — llevaría a 15.000 items"
"6193219672","Kit 4 Pisca De Twister Seta Led Moto Titan Xre 300 Cb Bros Amarelo","Acessórios para Veículos","Peças de Motos e Quadriciclos","886","38","Tier 2 — llevaría a 15.000 items"
"3270068605","Relação Cg 150/160 Titan Fan Start Mix Cargo Com Retentor","Acessórios para Veículos","Peças de Motos e Quadriciclos","885","174","Tier 2 — llevaría a 15.000 items"
"3524761915","Kit Transmissão Tração Riffel 71827 Titan 150 2004 A 2015 Cinza","Acessórios para Veículos","Peças de Motos e Quadriciclos","879","83","Tier 2 — llevaría a 15.000 items"
"4029058857","Bateria Moura Moto 5ah Honda Cg Titan Fan Biz Bros 150 160 Direito","Acessórios para Veículos","Peças de Motos e Quadriciclos","878","167","Tier 2 — llevaría a 15.000 items"
"4016478383","180w Par Farol Milha Moto Led Auxiliar Neblina Lampada Farol Ambos Lados Cinza-escuro","Acessórios para Veículos","Peças de Motos e Quadriciclos","872","66","Tier 2 — llevaría a 15.000 items"
"4440654228","Punho Luz Titan 150 Fan 125 150 Start Modelo Cb 650 Nc 750","Acessórios para Veículos","Peças de Motos e Quadriciclos","864","55","Tier 2 — llevaría a 15.000 items"
"3907787353","Kit Relação Transmissão Yamaha Ybr Factor 125 2000 Á 2016 Prateado","Acessórios para Veículos","Peças de Motos e Quadriciclos","862","79","Tier 2 — llevaría a 15.000 items"
"3916676605","Punho Chave De Luz Lampejador Titan 160 Fan Start Nc 750/700","Acessórios para Veículos","Peças de Motos e Quadriciclos","850","56","Tier 2 — llevaría a 15.000 items"
"4102439123","Par Amortecedor Traseiro Cg Titan Fan Start 150 160 2004/...","Acessórios para Veículos","Peças de Motos e Quadriciclos","836","120","Tier 2 — llevaría a 15.000 items"
"6295420504","Kit 2 Farol De Milha Moto Led Auxiliares Dual Colo 80w 8-85v Ambos Lados","Acessórios para Veículos","Peças de Motos e Quadriciclos","833","63","Tier 2 — llevaría a 15.000 items"
"3758529429","Retrovisor Bmw F800 Rebaixado 90° Honda Lente Convexo Azul","Acessórios para Veículos","Peças de Motos e Quadriciclos","831","41","Tier 2 — llevaría a 15.000 items"
"5400139086","Retrovisor Kawasaki Z400 Rebaixado 90º Honda Lente Azul","Acessórios para Veículos","Peças de Motos e Quadriciclos","830","46","Tier 2 — llevaría a 15.000 items"
"5270935912","Par Amortecedor Traseiro Titan/ Fan/ Start/ 150-160 Mod.orig","Acessórios para Veículos","Peças de Motos e Quadriciclos","826","129","Tier 2 — llevaría a 15.000 items"
"6670017016","Retrovisor Bmw Gs F800 Haste Curta Ou Média Rosca Honda Curto Rebaixado 90 Graus","Acessórios para Veículos","Peças de Motos e Quadriciclos","822","32","Tier 2 — llevaría a 15.000 items"
"3586255613","Bateria Moura Titan Fan Biz Bros Fazer 125 150 160 Flex Xre","Acessórios para Veículos","Peças de Motos e Quadriciclos","822","157","Tier 2 — llevaría a 15.000 items"
"3069361327","Pneu Fan Cg Tras 90/90-18 City Extra S/ Câmara Michelin","Acessórios para Veículos","Pneus e Acessórios","972","328","Tier 2 — llevaría a 15.000 items"
"3829285458","Câmara De Ar Reforçada Vulcanshop Aro 13/14 Tr13 Butyl Schrader","Acessórios para Veículos","Pneus e Acessórios","923","38","Tier 2 — llevaría a 15.000 items"
"6188200236","Kit Ferramenta Reparo Pneu Remendo Profissional Carro Moto Total 13 Macarrão Refil Stronex","Acessórios para Veículos","Rodas","855","22","Tier 2 — llevaría a 15.000 items"
"1927740375","Sirene Intermitente Marcha Ré 110/80db Bivolt 12v/24v Dni","Acessórios para Veículos","Segurança Veicular","936","25","Tier 2 — llevaría a 15.000 items"
"6246837414","Extintor 2 Kg Abc - Validade De 5 Anos Direto Da Fabrica","Acessórios para Veículos","Segurança Veicular","852","100","Tier 2 — llevaría a 15.000 items"
"6233114534","Antena Automotiva Interna Amplificada Carro Caminhão Van Preto","Acessórios para Veículos","Som Automotivo","1056","24","Tier 2 — llevaría a 15.000 items"
"4790557708","Som Automotivo Pioneer Mvh-x3000bt Bluetooth Usb","Acessórios para Veículos","Som Automotivo","1054","638","Tier 2 — llevaría a 15.000 items"
"6292738622","Transmissor Fm Bluetooth Automotivo Adaptador Carro Usb 3.1a Duplo Carregador Universal 12v 24v Viva Voz Entrada Sd Pendrive Compatível Android iPhone","Acessórios para Veículos","Som Automotivo","1030","20","Tier 2 — llevaría a 15.000 items"
"4208419981","Som Rádio Player Automotivo Com Bluetooth Carro Camionete Caminhão Lancha Com 4x60w 240w De Potência Total Mp3 Usb Pen Drive Leitor De Cartão Sd E Saída Rca Entrada Auxiliar","Acessórios para Veículos","Som Automotivo","988","127","Tier 2 — llevaría a 15.000 items"
"6290925370","Radio Pioneer Bluetooth Automotivo Mvh-145br Usb Mp3 Fm","Acessórios para Veículos","Som Automotivo","968","319","Tier 2 — llevaría a 15.000 items"
"4510943657","Par Barramento Bloco Distribuidor De Energia 4x4 8 Vias Som","Acessórios para Veículos","Som Automotivo","963","58","Tier 2 — llevaría a 15.000 items"
"6408215492","Modulo Taramps Tl 1500 Amplificador 390w 2 Ohms Rca E Entrada Fio Tl1500 2 Canais Estéreo 95 Watts Rms 2 Ohms E 1 Canal... Branco","Acessórios para Veículos","Som Automotivo","944","175","Tier 2 — llevaría a 15.000 items"
"4383596821","Módulo Amplificador Taramps Hd 3000 3000w Rms Para Som Automotivo 2 Ohms Branco","Acessórios para Veículos","Som Automotivo","913","549","Tier 2 — llevaría a 15.000 items"
"3758464277","Universal Multimidia Mp5 Player Hd Touch 1 Din 7pol + Camera Kit Multimidia 1 Din","Acessórios para Veículos","Som Automotivo","905","239","Tier 2 — llevaría a 15.000 items"
"6219738912","Módulo Stetsom Hl 400.4 Dsplayer Amplificador Bluetooth Com Dps Bt Full Range 20hz ~ 20khz 400w Rms Em 2 Ohms Entrada... Dsp Play 400x4","Acessórios para Veículos","Som Automotivo","904","277","Tier 2 — llevaría a 15.000 items"
"4084795691","Módulo Amplificador Soundigital 800.4 Evo6 Classe D 4 Canais 4 Ohms - Canal 2 Ohms Bridge 4 Ohms - Sd 800w Rms 4c... Cinza-escuro","Acessórios para Veículos","Som Automotivo","873","295","Tier 2 — llevaría a 15.000 items"
"4161441075","Multimídia Universal Soundfy Mp5 1 Din 7 Tela Capacitiva Preto","Acessórios para Veículos","Som Automotivo","861","188","Tier 2 — llevaría a 15.000 items"
"5755624866","Modulo Taramps Ts400x4 400w 2 Ohms 4 Canais Stereo Som Automotivo Entrada Fio E Rca Ts 400x4 Amplificador 400watts Branco","Acessórios para Veículos","Som Automotivo","856","193","Tier 2 — llevaría a 15.000 items"
"4522029569","Adaptador Receptor Bluetooth Usb Carro Musica Chamada S/fio","Acessórios para Veículos","Som Automotivo","854","35","Tier 2 — llevaría a 15.000 items"
"4682527736","Som De Carro Tipo Pione E Soni Radio Com Bluetooth Led 7 Cor","Acessórios para Veículos","Som Automotivo","854","148","Tier 2 — llevaría a 15.000 items"
"4164594103","2 Conector Terminal Bateria Dourado Bateria C/ Engate Rápido","Acessórios para Veículos","Som Automotivo","854","24","Tier 2 — llevaría a 15.000 items"
"5463243940","Controle Longa Distância Stetsom Sx1 Universal 500m Preto","Acessórios para Veículos","Som Automotivo","846","60","Tier 2 — llevaría a 15.000 items"
"5207288852","Central Multimídia Espelhamento 1 Din 7  Mp5 Usb Bluetooth","Acessórios para Veículos","Som Automotivo","829","234","Tier 2 — llevaría a 15.000 items"
"3604292647","Central Multimídia Universal Mp5 2 Din 7 C/ Espelhamento Via Cabo Mp5 Soundfy Tela Capacitiva Preto","Acessórios para Veículos","Som Automotivo","824","180","Tier 2 — llevaría a 15.000 items"
"5418757722","Higoogoo G70 Par Farol Carro Led H4 H1 H7 H11 Hb3 Hb4 H3 H27","Acessórios para Veículos","Tuning","1096","196","Tier 2 — llevaría a 15.000 items"
"5111605830","Diluente Thinner Pu 454 Poliéster Pu Sherwin Williams","Acessórios para Veículos","Tuning","1085","32","Tier 2 — llevaría a 15.000 items"
"3474846600","Luz Led Interior Carro Recarregável Toque Branca Rgb P/ Teto","Acessórios para Veículos","Tuning","1050","29","Tier 2 — llevaría a 15.000 items"
"1799776788","Kit Super Led Techone 8000k 12v H1 H3 H4 H7 H8 H11 Hb4","Acessórios para Veículos","Tuning","1004","67","Tier 2 — llevaría a 15.000 items"
"2759053498","Kit 8 Lampada Led Traseira Freio Lanterna Seta Ré Automotivo 1156/1157 Prateado","Acessórios para Veículos","Tuning","947","27","Tier 2 — llevaría a 15.000 items"
"5695223858","Lampada Farol Led Moto Efeito Xenon 8000k Cg Titan 150 E 160 Super Branca","Acessórios para Veículos","Tuning","883","27","Tier 2 — llevaría a 15.000 items"
"5389475910","Verniz Spray Uso Geral Fosco 350ml- Tekbond","Acessórios para Veículos","Tuning","879","23","Tier 2 — llevaría a 15.000 items"
"3053709173","10 Lâmpadas Pingo Led C/ Canceller Canbus T10 24 Leds Smd T10 Branco 6000k","Acessórios para Veículos","Tuning","866","28","Tier 2 — llevaría a 15.000 items"
"4964657382","4 Strobo Stetsom Led Rgb Automotivo Bluetooth Com App 12v Preto Rgb","Acessórios para Veículos","Tuning","852","97","Tier 2 — llevaría a 15.000 items"
"5203140654","Par Lâmpadas Pingo T10 Projetor Canbus 6.000k Extra Forte T10 Branco-frio","Acessórios para Veículos","Tuning","849","30","Tier 2 — llevaría a 15.000 items"
"1060155915","Kit 10 Lampada T5 B8.5 D Painel Led Branca Atacado T5 B8.5 Branco 12 Volts","Acessórios para Veículos","Tuning","843","26","Tier 2 — llevaría a 15.000 items"
"4327206133","Kit 20 Lampada T10 8 Led Branca Luz 6000k T10 12 Volts T10 Branco Branco-neutro","Acessórios para Veículos","Tuning","837","20","Tier 2 — llevaría a 15.000 items"
"4087054522","Giroled Giroflex Moto Segurança Alto Brilho Led 10w 12v 24v","Acessórios para Veículos","Tuning","825","88","Tier 2 — llevaría a 15.000 items"
"5393195646","Parafusadeira Furadeira Bateria Gsr120-li Com Kit 15 Brocas Bosch Azul 127/220v","Agro","Ferramentas de Trabalho","1029","392","Tier 2 — llevaría a 15.000 items"
"6253096176","Pulverizador Manual 2 Litros Com Dois Bicos Profissional Borrifador Snow Foam Espuma Chantily Alta Pressão Cor Preto Sayonara","Agro","Ferramentas de Trabalho","1016","39","Tier 2 — llevaría a 15.000 items"
"6503805044","Furadeira Parafusadeira 48v Com 2 Baterias Recarregáveis Maleta Mandril 10mm Torque 32n.m 0-400/0-1400 Rpm Velocidade... Amarelo 127/220v","Agro","Ferramentas de Trabalho","973","114","Tier 2 — llevaría a 15.000 items"
"4430755335","Pulverizador Borrifador Alta Pressão Snow Foam 2l Manual Profissional Com 3 Bicos Espuma Ativa Automotivo Lavagem Carro Moto 3 Em 1 Preto","Agro","Ferramentas de Trabalho","911","37","Tier 2 — llevaría a 15.000 items"
"4170858445","Calcário Filler 3kg 100% Prnt Agro Correção Rápida + Brinde Exclusivo 20-00-20","Agro","Insumos Agrícolas","892","23","Tier 2 — llevaría a 15.000 items"
"4706887272","Kit 2 Farol De Milha Barra Led 120w 9-60v Caminhão Off Road","Agro","Peças Maquinaria Agrícola","844","66","Tier 2 — llevaría a 15.000 items"
"3723093575","Água Mineral Natural Com Gás S. Pellegrino Pack 6x250ml","Alimentos e Bebidas","Bebidas","1097","79","Tier 2 — llevaría a 15.000 items"
"4016125751","Pack De 4 Latas Red Bull Energético, Pomelo, Sem Açúcar, 250ml","Alimentos e Bebidas","Bebidas","1097","32","Tier 2 — llevaría a 15.000 items"
"5800175236","Água Mineral Natural Com Gás São Lourenço Pack 12x300ml","Alimentos e Bebidas","Bebidas","1097","33","Tier 2 — llevaría a 15.000 items"
"2012711650","Vinho Tinto Suave Brasileiro Serra Gaúcha Salton Garrafa 750 Ml Chalise","Alimentos e Bebidas","Bebidas","1096","13","Tier 2 — llevaría a 15.000 items"
"4164342613","Rum Bacardí Carta Blanca 980 Ml","Alimentos e Bebidas","Bebidas","1095","41","Tier 2 — llevaría a 15.000 items"
"4083926976","Vinho Chileno Tinto Santa Loreto Classic Cabernet Sauvignon 750ml","Alimentos e Bebidas","Bebidas","1091","16","Tier 2 — llevaría a 15.000 items"
"4293624971","Suco De Caju Natural One 900ml","Alimentos e Bebidas","Bebidas","1087","11","Tier 2 — llevaría a 15.000 items"
"5732552952","Vinho Dv Catena Zapata Kit 6 Vinhos Tinto Argentino Cabernet Malbec","Alimentos e Bebidas","Bebidas","1084","462","Tier 2 — llevaría a 15.000 items"
"5978546974","Espumante Salton Poética Fleur De Bulles Brut 750ml","Alimentos e Bebidas","Bebidas","1078","27","Tier 2 — llevaría a 15.000 items"
"5828275386","Vinho Chileno Branco Reservado Santa Helena Sauvignon Blanc 750ml","Alimentos e Bebidas","Bebidas","1077","25","Tier 2 — llevaría a 15.000 items"
"6526292160","Gin Tanqueray London Dry 750ml Clássico","Alimentos e Bebidas","Bebidas","1077","68","Tier 2 — llevaría a 15.000 items"
"5094376740","Água De Coco Campo Largo 900ml Natural  Hidratante, Sem Conservantes, Bebida Saudável, Pronta Para Beber","Alimentos e Bebidas","Bebidas","1068","14","Tier 2 — llevaría a 15.000 items"
"5035252078","12 Agua Mineral Sem Gás Lindoya Verao Garrafa 240ml Rosa","Alimentos e Bebidas","Bebidas","1067","14","Tier 2 — llevaría a 15.000 items"
"4231631943","Gin Tanqueray London Dry 750ml Clássico","Alimentos e Bebidas","Bebidas","1056","96","Tier 2 — llevaría a 15.000 items"
"4313796147","Bebida À Base De Arroz Original Risovita Caixa 1l","Alimentos e Bebidas","Bebidas","1055","18","Tier 2 — llevaría a 15.000 items"
"4050597052","Espumante Rosé Brut Casa Perini 750 Ml","Alimentos e Bebidas","Bebidas","1047","42","Tier 2 — llevaría a 15.000 items"
"2678809281","Vinho Chileno Rosé Concha Y Toro Reservado Sweet 750ml","Alimentos e Bebidas","Bebidas","1047","23","Tier 2 — llevaría a 15.000 items"
"4152860639","Suco De Uva Integral Aurora Branco 1,5l","Alimentos e Bebidas","Bebidas","1045","19","Tier 2 — llevaría a 15.000 items"
"4632146690","Suco 100% Maçã Del Valle Litro","Alimentos e Bebidas","Bebidas","1041","12","Tier 2 — llevaría a 15.000 items"
"2771377928","Vinho Chileno - Santa Carolina - Reservado - Merlot - Tinto - 750ml","Alimentos e Bebidas","Bebidas","1035","20","Tier 2 — llevaría a 15.000 items"
"5913599508","Vinho Santa Loreto Classic Terroir Carménère 750ml","Alimentos e Bebidas","Bebidas","1032","20","Tier 2 — llevaría a 15.000 items"
"4034303741","Ballena Licor De Morango Com Tequila 750ml","Alimentos e Bebidas","Bebidas","1029","106","Tier 2 — llevaría a 15.000 items"
"5133088152","Whisky Scotch Blended Reino Unido 1 L Passport","Alimentos e Bebidas","Bebidas","1029","47","Tier 2 — llevaría a 15.000 items"
"6302081850","Vinho Português Branco Esporão Pé 750ml","Alimentos e Bebidas","Bebidas","1025","40","Tier 2 — llevaría a 15.000 items"
"2910377635","Whisky Blended Scotch 12 Anos 1 Litro Grand Old Parr","Alimentos e Bebidas","Bebidas","1020","124","Tier 2 — llevaría a 15.000 items"
"5471934580","Cerveja Antártica Original. Pilsen Lata 269ml 8 U","Alimentos e Bebidas","Bebidas","1017","31","Tier 2 — llevaría a 15.000 items"
"5352219120","Moving Hydro Protein 30g Isotônico Proteína 500ml - Escolha","Alimentos e Bebidas","Bebidas","1017","11","Tier 2 — llevaría a 15.000 items"
"3051736796","Stella Artois Lata 269ml - Pack Com 8 Unidades","Alimentos e Bebidas","Bebidas","1016","30","Tier 2 — llevaría a 15.000 items"
"3838446393","Espumante Brasileiro Rosé Aurora Moscatel Garrafa 750ml","Alimentos e Bebidas","Bebidas","1013","27","Tier 2 — llevaría a 15.000 items"
"6526292160","Gin London Dry 750 Ml Tanqueray Clássico","Alimentos e Bebidas","Bebidas","1012","68","Tier 2 — llevaría a 15.000 items"
"3780526110","Espumante Brasileiro Rosé Garibaldi Moscatel Serra Gaúcha Garrafa 750ml","Alimentos e Bebidas","Bebidas","1011","35","Tier 2 — llevaría a 15.000 items"
"3946731891","Cerveja Heineken Premium Garrafa 6 Long Neck 330ml","Alimentos e Bebidas","Bebidas","1011","39","Tier 2 — llevaría a 15.000 items"
"2775579458","Espumante Rosé Doce Moscatel Monte Paschoal Baby 187ml","Alimentos e Bebidas","Bebidas","1007","16","Tier 2 — llevaría a 15.000 items"
"4008922827","Água Com Gás Saborizada Crystal Sabores Variados 510ml - 6un","Alimentos e Bebidas","Bebidas","1005","25","Tier 2 — llevaría a 15.000 items"
"2919355705","Vodka Smirnoff Red 998ml - Original","Alimentos e Bebidas","Bebidas","1005","31","Tier 2 — llevaría a 15.000 items"
"5575350944","Carménère Tarapacá Cosecha Adega Viña Tarapacá Vinho 750ml","Alimentos e Bebidas","Bebidas","1004","29","Tier 2 — llevaría a 15.000 items"
"5530098022","Cerveja Elementum Ipa The Taste Garrafa 500ml","Alimentos e Bebidas","Bebidas","1003","11","Tier 2 — llevaría a 15.000 items"
"6031382816","Suco Natural One Fresh Pessego 900ml Bebida Mista Ambiente","Alimentos e Bebidas","Bebidas","1002","8","Tier 2 — llevaría a 15.000 items"
"4022748047","Whisky Ballantines Sunshine Abacaxi 700ml","Alimentos e Bebidas","Bebidas","1001","58","Tier 2 — llevaría a 15.000 items"
"4141860989","Cerveja Schornstein Apa 500ml","Alimentos e Bebidas","Bebidas","998","11","Tier 2 — llevaría a 15.000 items"
"4069842357","Bebida Proteica Emana Protein Sabor Cacau Zero Lactose - 250ml","Alimentos e Bebidas","Bebidas","997","7","Tier 2 — llevaría a 15.000 items"
"5761966612","Cerveja Roleta Russa Apa 500ml American Pale Ale Artesanal Garrafa","Alimentos e Bebidas","Bebidas","997","12","Tier 2 — llevaría a 15.000 items"
"4598587543","Cerveja Budweiser Edição Limitada Copa 2026 Kit 6 Unid 330ml","Alimentos e Bebidas","Bebidas","995","72","Tier 2 — llevaría a 15.000 items"
"3694828105","Vinho Esporão Alandra Tinto 750ml","Alimentos e Bebidas","Bebidas","992","34","Tier 2 — llevaría a 15.000 items"
"5531775340","Espumante Branco Chandon Réserve Brut Baby 187ml","Alimentos e Bebidas","Bebidas","992","29","Tier 2 — llevaría a 15.000 items"
"6246831124","Suco De Uva E Maça Natural One Temperatura Ambiente 1.7l","Alimentos e Bebidas","Bebidas","987","19","Tier 2 — llevaría a 15.000 items"
"3528370653","Espumante Francês Veuve Du Vernay Brut 750ml","Alimentos e Bebidas","Bebidas","985","60","Tier 2 — llevaría a 15.000 items"
"4392859918","Vinho Chileno Tinto Perez Cruz Gran Reserva Cabernet Sauvignon 750ml","Alimentos e Bebidas","Bebidas","985","65","Tier 2 — llevaría a 15.000 items"
"5653365586","Vinho Espanhol Pata Negra Oro Rose","Alimentos e Bebidas","Bebidas","984","30","Tier 2 — llevaría a 15.000 items"
"5575483660","Vinho Tarapaca Cosecha Sauvignon Blanc 750ml","Alimentos e Bebidas","Bebidas","983","28","Tier 2 — llevaría a 15.000 items"
"4212154428","Vinho Branco Casillero Del Diablo Chardonnay","Alimentos e Bebidas","Bebidas","981","40","Tier 2 — llevaría a 15.000 items"
"5613298462","Vinho Chileno Santa Carolina Reservado Carménère 750ml","Alimentos e Bebidas","Bebidas","981","18","Tier 2 — llevaría a 15.000 items"
"3858085619","Água Alcalina Ibirá 510ml S/g Ph 10,24 - Fardo 12 Unidades","Alimentos e Bebidas","Bebidas","973","37","Tier 2 — llevaría a 15.000 items"
"3369748413","Gin & Tonic London Dry 275ml Tanqueray Água Tônica Artesanal","Alimentos e Bebidas","Bebidas","973","15","Tier 2 — llevaría a 15.000 items"
"4028488227","Leite Uht Desnatado Leitíssimo Garrafa 1l","Alimentos e Bebidas","Bebidas","972","14","Tier 2 — llevaría a 15.000 items"
"3362892805","Espumante Branco Chandon Réserve Brut Baby 187ml","Alimentos e Bebidas","Bebidas","966","32","Tier 2 — llevaría a 15.000 items"
"5841106580","Cerveja Nortena Lager Garrafa 960ml","Alimentos e Bebidas","Bebidas","965","27","Tier 2 — llevaría a 15.000 items"
"4430502905","Pack Isotônico Gatorade Sabor Laranja 500ml 6 Unidades","Alimentos e Bebidas","Bebidas","964","35","Tier 2 — llevaría a 15.000 items"
"6363894802","Smirnoff Ice Green Apple 275ml","Alimentos e Bebidas","Bebidas","958","6","Tier 2 — llevaría a 15.000 items"
"3824577997","Kit 12 Un Agua Mineral Prata Com Gas Pet 370ml","Alimentos e Bebidas","Bebidas","958","39","Tier 2 — llevaría a 15.000 items"
"5418046636","Cerveja Petra Origem Pilsenclara Lata 269ml 12 U","Alimentos e Bebidas","Bebidas","957","27","Tier 2 — llevaría a 15.000 items"
"6366310830","Smirnoff Ice Tropical 275ml","Alimentos e Bebidas","Bebidas","954","6","Tier 2 — llevaría a 15.000 items"
"2927427414","Whisky Tennesee Honey 1 Litro Jack Daniel's","Alimentos e Bebidas","Bebidas","954","121","Tier 2 — llevaría a 15.000 items"
"4254605605","Gin Tanqueray London Dry 750ml Clássico","Alimentos e Bebidas","Bebidas","950","77","Tier 2 — llevaría a 15.000 items"
"6174498052","Refrigerante Guaraná Antarctica Pet 200ml (12 Unidades)","Alimentos e Bebidas","Bebidas","948","18","Tier 2 — llevaría a 15.000 items"
"4142003933","Cerveja Schornstein Imperial Ipa 473ml","Alimentos e Bebidas","Bebidas","948","13","Tier 2 — llevaría a 15.000 items"
"5417982834","Vinho Chileno Branco Concha Y Toro Reservado Sweet 750ml","Alimentos e Bebidas","Bebidas","943","24","Tier 2 — llevaría a 15.000 items"
"5926292954","Leite Em Pó Ninho Integral Sachê 575g","Alimentos e Bebidas","Bebidas","942","34","Tier 2 — llevaría a 15.000 items"
"6160147352","Skol Beats Senses Lata 269ml - Pack 8 Unidades","Alimentos e Bebidas","Bebidas","940","35","Tier 2 — llevaría a 15.000 items"
"3637541549","Pack De 4 Latas Red Bull Energético, Morango E Pêssego, 250ml","Alimentos e Bebidas","Bebidas","938","32","Tier 2 — llevaría a 15.000 items"
"3830304263","Pack 12 Refrigerante Coca-cola Mini Original Lata 220ml","Alimentos e Bebidas","Bebidas","937","40","Tier 2 — llevaría a 15.000 items"
"6297649662","Vinho Português - Esporão - Pé Tinto - Tinto Seco - 750ml","Alimentos e Bebidas","Bebidas","936","40","Tier 2 — llevaría a 15.000 items"
"3824131517","Espumante Cava Freixenet Cordon Negro Brut 750ml","Alimentos e Bebidas","Bebidas","934","71","Tier 2 — llevaría a 15.000 items"
"3765765283","Gin Brasileiro London Dry 1 Litro Apogee Tradicional","Alimentos e Bebidas","Bebidas","934","42","Tier 2 — llevaría a 15.000 items"
"2919326200","Kit Refrigerante Coca-cola Original Lata 6 Uni 350ml Cada Embalagem Econômica","Alimentos e Bebidas","Bebidas","933","29","Tier 2 — llevaría a 15.000 items"
"2603356995","Espumante Brasileiro Rosé Brut Salton 750ml","Alimentos e Bebidas","Bebidas","930","30","Tier 2 — llevaría a 15.000 items"
"2156433550","Vinho Chileno Tinto Reservado Santa Helena Carménère 750ml","Alimentos e Bebidas","Bebidas","928","24","Tier 2 — llevaría a 15.000 items"
"2109230039","Água Mineral Natural Com Gás S. Pellegrino Garrafa 250ml","Alimentos e Bebidas","Bebidas","925","9","Tier 2 — llevaría a 15.000 items"
"5598362500","Vermute Cinzano Rosso 1000ml","Alimentos e Bebidas","Bebidas","923","35","Tier 2 — llevaría a 15.000 items"
"6229015500","Suco De Laranja Ambiente Natural One 1,7 Litros","Alimentos e Bebidas","Bebidas","922","18","Tier 2 — llevaría a 15.000 items"
"5578206670","Espumante Brasileiro Rosé Brut Chandon Baby Chardonnay Serra Gaúcha Garrafa 187ml","Alimentos e Bebidas","Bebidas","922","34","Tier 2 — llevaría a 15.000 items"
"5133168348","Vodka Sueca Original 1 Litro Absolut","Alimentos e Bebidas","Bebidas","921","68","Tier 2 — llevaría a 15.000 items"
"5151411122","Cerveja Skol Pilsenloira Lata 269ml 15 U","Alimentos e Bebidas","Bebidas","919","40","Tier 2 — llevaría a 15.000 items"
"5451731478","Cerveja Alemã Weissbier Dunkel Garrafa 500ml Paulaner","Alimentos e Bebidas","Bebidas","918","18","Tier 2 — llevaría a 15.000 items"
"4189725789","12 Agua Mineral Sem Gás Lindoya Verao Garrafa 240ml Rosa","Alimentos e Bebidas","Bebidas","914","13","Tier 2 — llevaría a 15.000 items"
"6444350278","Nude Shake Proteico De Aveia Caramelo & Flor De Sal 250ml","Alimentos e Bebidas","Bebidas","910","9","Tier 2 — llevaría a 15.000 items"
"5628932614","Espumante Branco Brut Arte Tradicional Casa Valduga 750ml","Alimentos e Bebidas","Bebidas","907","59","Tier 2 — llevaría a 15.000 items"
"2660487391","Espumante Brasileiro Branco Brut Salton Prosecco Serra Gaúcha Garrafa 750ml","Alimentos e Bebidas","Bebidas","906","26","Tier 2 — llevaría a 15.000 items"
"5720296356","Espumante Brasileiro Branco Doce Moscatel Salton 750ml","Alimentos e Bebidas","Bebidas","906","27","Tier 2 — llevaría a 15.000 items"
"4118220303","Vinho Chile Casa Silva Gran Reserva Cabernet Sauvgnion 750ml","Alimentos e Bebidas","Bebidas","904","66","Tier 2 — llevaría a 15.000 items"
"3375956811","Diablo Black Cabernet Sauvignon Vinho Tinto Meio Seco 750ml","Alimentos e Bebidas","Bebidas","902","62","Tier 2 — llevaría a 15.000 items"
"4141891137","Cerveja Artesanal Unicorn Neipa 473ml Cítrica Turva Origem Brasil","Alimentos e Bebidas","Bebidas","900","12","Tier 2 — llevaría a 15.000 items"
"3884500081","Água Mineral Lindoya Verão Sem Gás Garrafa 300ml Fardo C/12u","Alimentos e Bebidas","Bebidas","900","23","Tier 2 — llevaría a 15.000 items"
"6402686542","Vinho Português Rosé Doce Sweet Casal Mendes 750ml","Alimentos e Bebidas","Bebidas","899","34","Tier 2 — llevaría a 15.000 items"
"4293727241","Suco De Laranja Natural One Ambiente Líquido Sem Glúten 900 Ml","Alimentos e Bebidas","Bebidas","897","12","Tier 2 — llevaría a 15.000 items"
"6545494706","Nude Leite De Aveia Baunilha 1l","Alimentos e Bebidas","Bebidas","894","19","Tier 2 — llevaría a 15.000 items"
"5605521682","6 Agua Mineral Com Gas Legítima Lindoya Verão Garrafa 1250ml","Alimentos e Bebidas","Bebidas","893","18","Tier 2 — llevaría a 15.000 items"
"1925019536","Creme Com Amêndoas 100% Vegetal 200 Gramas Almond Breeze","Alimentos e Bebidas","Bebidas","891","7","Tier 2 — llevaría a 15.000 items"
"4998002126","Pack Refrigerante Sem Açúcar Coca-cola Mini Lata 6 Unidades 220ml Cada","Alimentos e Bebidas","Bebidas","891","21","Tier 2 — llevaría a 15.000 items"
"5015075446","Vinho Tinto Suave Brasileiro Serra Gaúcha Salton Garrafa 750 Ml Chalise","Alimentos e Bebidas","Bebidas","890","11","Tier 2 — llevaría a 15.000 items"
"2868476141","Whisky Jack Daniel's Tennesee Old No. 7 1 Litro","Alimentos e Bebidas","Bebidas","890","130","Tier 2 — llevaría a 15.000 items"
"2861957176","Espumante Brasileiro Moscato Rosé 750ml Salton","Alimentos e Bebidas","Bebidas","889","29","Tier 2 — llevaría a 15.000 items"
"3907694307","12 Água Mineral Com Gás Levíssima Garrafa 510ml Fardo Com Gás","Alimentos e Bebidas","Bebidas","888","27","Tier 2 — llevaría a 15.000 items"
"5481936258","Vinho Brasileiro Branco Seco Chalise Serra Gaúcha Garrafa 750ml","Alimentos e Bebidas","Bebidas","888","14","Tier 2 — llevaría a 15.000 items"
"4022759763","Pack De 4 Latas Red Bull Energético, Amora Edition, Frutas Vermelhas, Sem Açúcar, 250ml","Alimentos e Bebidas","Bebidas","879","33","Tier 2 — llevaría a 15.000 items"
"3421688255","Espumante Rosé Aquarela Moscatel Casa Perini 750ml","Alimentos e Bebidas","Bebidas","877","45","Tier 2 — llevaría a 15.000 items"
"5454495410","Cerveja Brahma Pack Chopp Lager Lata 269ml Kit 15 Unidades Brasil","Alimentos e Bebidas","Bebidas","877","30","Tier 2 — llevaría a 15.000 items"
"5321384928","Gin Rock's Dry 1l Garrafa Vidro 38.5% Álcool Brasil Zimbro","Alimentos e Bebidas","Bebidas","875","29","Tier 2 — llevaría a 15.000 items"
"6433339674","Vinho Francês Rosé Piscine Stripes Garrafa 750ml","Alimentos e Bebidas","Bebidas","874","53","Tier 2 — llevaría a 15.000 items"
"6477672520","Nude Leite De Aveia Cacau 1l","Alimentos e Bebidas","Bebidas","873","19","Tier 2 — llevaría a 15.000 items"
"5352357808","Vinho Chileno Tinto 120 Santa Rita Cabernet Sauvignon 187ml","Alimentos e Bebidas","Bebidas","873","15","Tier 2 — llevaría a 15.000 items"
"4462754706","Pack Refrigerante Sem Açúcar Coca-cola Mini Lata 6 Unidades 220ml Cada","Alimentos e Bebidas","Bebidas","873","22","Tier 2 — llevaría a 15.000 items"
"5295195786","Energético Tropical Baly Garrafa 2l","Alimentos e Bebidas","Bebidas","870","11","Tier 2 — llevaría a 15.000 items"
"5188981438","Pack Agua Minalba S/ Gas 12x310 Ml","Alimentos e Bebidas","Bebidas","870","24","Tier 2 — llevaría a 15.000 items"
"2729320218","Pack Refrigerante Laranja Fanta Mini Lata 6 Unidades 220ml Cada","Alimentos e Bebidas","Bebidas","868","15","Tier 2 — llevaría a 15.000 items"
"5388325934","Pack Água Tônica Antarctica 350ml - 12 Unidades","Alimentos e Bebidas","Bebidas","867","33","Tier 2 — llevaría a 15.000 items"
"3218229999","Água De Coco Esterilizada Mais Coco Caixa 1l","Alimentos e Bebidas","Bebidas","866","9","Tier 2 — llevaría a 15.000 items"
"3621486635","Cerveja Puro Malte Lager Premium Com 8 Latas 269ml Heineken","Alimentos e Bebidas","Bebidas","866","30","Tier 2 — llevaría a 15.000 items"
"4075208126","Espumante Casa Perini Black Edition - 750ml","Alimentos e Bebidas","Bebidas","865","50","Tier 2 — llevaría a 15.000 items"
"4931177110","Aperitivo Bitter Campari 998ml","Alimentos e Bebidas","Bebidas","864","51","Tier 2 — llevaría a 15.000 items"
"3050149156","Água Tônica Zero Antarctica 1l","Alimentos e Bebidas","Bebidas","864","7","Tier 2 — llevaría a 15.000 items"
"2660476671","Espumante Branco Brut Brasileiro 750ml Salton","Alimentos e Bebidas","Bebidas","862","32","Tier 2 — llevaría a 15.000 items"
"5330630838","Pack De 24 Latas Red Bull Energético, Sugar Free, Sem Açúcar, 250 Ml","Alimentos e Bebidas","Bebidas","861","186","Tier 2 — llevaría a 15.000 items"
"3426085739","Vinho Branco Reserva Argentino Branco Malbec 750ml Trivento","Alimentos e Bebidas","Bebidas","861","52","Tier 2 — llevaría a 15.000 items"
"3301463463","Espumante Brasileiro Branco Doce Moscatel Salton 750ml","Alimentos e Bebidas","Bebidas","860","29","Tier 2 — llevaría a 15.000 items"
"5765238626","Suco De Uva E Maça Natural One Temperatura Ambiente 1.7l","Alimentos e Bebidas","Bebidas","857","20","Tier 2 — llevaría a 15.000 items"
"2188084155","Suco De Tomate Integral Superbom 1l","Alimentos e Bebidas","Bebidas","856","24","Tier 2 — llevaría a 15.000 items"
"6449413596","12 Água Mineral Natural Colina Azul Garrafa Pet 510ml Ph8","Alimentos e Bebidas","Bebidas","855","16","Tier 2 — llevaría a 15.000 items"
"5618594032","Cerveja Skol Pilsenloira Lata 269ml 15 U","Alimentos e Bebidas","Bebidas","854","40","Tier 2 — llevaría a 15.000 items"
"4302559203","Vinho Cordero Con Piel De Lobo Malbec 750 Ml","Alimentos e Bebidas","Bebidas","854","50","Tier 2 — llevaría a 15.000 items"
"3193918912","Vinho Espanhol Tinto Garnacha Syrah Esteban Martín 750ml","Alimentos e Bebidas","Bebidas","854","39","Tier 2 — llevaría a 15.000 items"
"2198331200","Espumante Branco Chandon Réserve Brut Baby 187ml","Alimentos e Bebidas","Bebidas","853","35","Tier 2 — llevaría a 15.000 items"
"6193970154","Licor 43 Original Garrafa 700ml","Alimentos e Bebidas","Bebidas","853","143","Tier 2 — llevaría a 15.000 items"
"4419353408","Bebida Chocolate Possible Caixa 1l","Alimentos e Bebidas","Bebidas","850","14","Tier 2 — llevaría a 15.000 items"
"4477244328","Espumante Vinho Moscatel Rosé Fino Di Mallo Suave 750ml","Alimentos e Bebidas","Bebidas","850","25","Tier 2 — llevaría a 15.000 items"
"4108711876","Kit Cerveja Lager Puro Malte 12 Unidades 350ml Cada Amstel","Alimentos e Bebidas","Bebidas","847","36","Tier 2 — llevaría a 15.000 items"
"4530680128","Refrigerante Coca-cola Original Garrafa 2l","Alimentos e Bebidas","Bebidas","843","14","Tier 2 — llevaría a 15.000 items"
"4056503781","Pack Cerveja Corona Cero Sunbrew Long Neck 330ml - 6 Unidade","Alimentos e Bebidas","Bebidas","842","41","Tier 2 — llevaría a 15.000 items"
"6205455974","Água Tônica Antarctica Zero Garrafa 1l","Alimentos e Bebidas","Bebidas","840","10","Tier 2 — llevaría a 15.000 items"
"5459666320","Vinho Alma Negra Mistério 750ml","Alimentos e Bebidas","Bebidas","837","132","Tier 2 — llevaría a 15.000 items"
"2068619808","Vinho Tinto Seco Chileno Carménère 750ml Gato Negro","Alimentos e Bebidas","Bebidas","836","28","Tier 2 — llevaría a 15.000 items"
"5469482366","Cerveja Heineken 0% Álcool Lagerloira Lata 269ml 8 U","Alimentos e Bebidas","Bebidas","836","39","Tier 2 — llevaría a 15.000 items"
"4084566173","Proforce Piracanjuba 15g De Proteínas Sabor Morango Zero Lactose","Alimentos e Bebidas","Bebidas","834","7","Tier 2 — llevaría a 15.000 items"
"3931052455","Gin Inglês Seagers 1l","Alimentos e Bebidas","Bebidas","830","37","Tier 2 — llevaría a 15.000 items"
"4131848647","Combo Cerveja Roleta Russa Easy Ipa Sem Álcool E Sem Glúten - 12un X350ml","Alimentos e Bebidas","Bebidas","829","63","Tier 2 — llevaría a 15.000 items"
"3683520913","Espumante Brasileiro Rosé Brut Salton 750ml","Alimentos e Bebidas","Bebidas","828","29","Tier 2 — llevaría a 15.000 items"
"4003000405","Espumante Brasileiro Branco Demi-sec Vero Garibaldi 750ml","Alimentos e Bebidas","Bebidas","828","29","Tier 2 — llevaría a 15.000 items"
"6258174608","Vinho Chileno - Santa Carolina - Reservado - Merlot - Tinto - 750ml","Alimentos e Bebidas","Bebidas","826","18","Tier 2 — llevaría a 15.000 items"
"4419408134","Vinho Benjamin Nieto Senetiner Torrontés Branco 750ml","Alimentos e Bebidas","Bebidas","826","30","Tier 2 — llevaría a 15.000 items"
"2794158012","Vodka Nacional Orloff 1 Litro","Alimentos e Bebidas","Bebidas","825","26","Tier 2 — llevaría a 15.000 items"
"6001112336","Canelinha Da Rocha Coquetel Canela Gengibre Cachaça 900ml","Alimentos e Bebidas","Bebidas","821","13","Tier 2 — llevaría a 15.000 items"
"5687217758","Suco De Uva Maguary 1 Litro","Alimentos e Bebidas","Bebidas","821","7","Tier 2 — llevaría a 15.000 items"
"3473566797","Creme De Leite Vegetal Notco Notcreme 200g","Alimentos e Bebidas","Frescos","968","6","Tier 2 — llevaría a 15.000 items"
"4068838581","Leite Uht Desnatado Molico Caixa Com Tampa 1l","Alimentos e Bebidas","Frescos","923","8","Tier 2 — llevaría a 15.000 items"
"4083272817","Bebida À Base De Amêndoa Original Zero Açúcar Nuts Caixa 1l","Alimentos e Bebidas","Frescos","877","12","Tier 2 — llevaría a 15.000 items"
"5694915078","Leite Uht Semidesnatado Nestlé Ninho Forti+ Levinho Caixa Com Tampa 1l","Alimentos e Bebidas","Frescos","865","9","Tier 2 — llevaría a 15.000 items"
"6181005370","Yopro Bebida Láctea Uht Baunilha 23g De Proteínas 250ml","Alimentos e Bebidas","Frescos","841","9","Tier 2 — llevaría a 15.000 items"
"4085330719","Kit 12 Bebidas Lacteas Piracanjuba Whey Cacau 23g 250ml","Alimentos e Bebidas","Frescos","834","103","Tier 2 — llevaría a 15.000 items"
"3263264367","Leite Pó Desnatado Pacote De 500g Molico","Alimentos e Bebidas","Frescos","827","34","Tier 2 — llevaría a 15.000 items"
"2796556890","Arroz Branco Tipo 1 Pacote Com 5kg Tio João","Alimentos e Bebidas","Mercearia","1099","34","Tier 2 — llevaría a 15.000 items"
"5451039588","Batata Frita Lisa Clássica Óleo E Sal 115g Lay's","Alimentos e Bebidas","Mercearia","1099","12","Tier 2 — llevaría a 15.000 items"
"5426111378","Molho De Tomate Napoletana Barilla Sem Glúten 400 G","Alimentos e Bebidas","Mercearia","1097","20","Tier 2 — llevaría a 15.000 items"
"5517193172","Vinagre De Álcool Toscano Galão 5 Litros","Alimentos e Bebidas","Mercearia","1094","13","Tier 2 — llevaría a 15.000 items"
"4320250729","Doce De Leite Zero Lactose Zero Acucar São Lourenço 345gr","Alimentos e Bebidas","Mercearia","1091","27","Tier 2 — llevaría a 15.000 items"
"5049035048","Café Torrado E Moído Melitta Sabor Da Fazenda Pacote 500g","Alimentos e Bebidas","Mercearia","1083","32","Tier 2 — llevaría a 15.000 items"
"5409017050","Arroz Branco Tipo 1 Camil Pacote 5kg","Alimentos e Bebidas","Mercearia","1082","25","Tier 2 — llevaría a 15.000 items"
"3343973613","Barra De Cereais Nutry Bolo De Chocolate 24 X 22g - Com 3 Cereais E Cacau","Alimentos e Bebidas","Mercearia","1082","30","Tier 2 — llevaría a 15.000 items"
"4222778248","Chococino Em Cápsula Alpino Nescafé Dolce Gusto Caixa 10 Uni","Alimentos e Bebidas","Mercearia","1076","17","Tier 2 — llevaría a 15.000 items"
"3420564735","Maionese Vegetal Notco Notmayo Pote 450g","Alimentos e Bebidas","Mercearia","1076","13","Tier 2 — llevaría a 15.000 items"
"3497406493","Chá Leão Hortelã Em Sachê 25 G 25 U","Alimentos e Bebidas","Mercearia","1076","8","Tier 2 — llevaría a 15.000 items"
"5471916876","Farinha De Trigo 00 Italiana La Molisana Importada 1kg","Alimentos e Bebidas","Mercearia","1072","16","Tier 2 — llevaría a 15.000 items"
"6191329270","Paçoca Paçoquinha Rolha Cossari Caixa 100 Unidades 15g Cada","Alimentos e Bebidas","Mercearia","1070","21","Tier 2 — llevaría a 15.000 items"
"3701786173","Ketchup Heinz Sachê 7g Caixa Com 144 Unidades","Alimentos e Bebidas","Mercearia","1068","27","Tier 2 — llevaría a 15.000 items"
"3701805351","Amendoim Torrado 1kg Sem Pele","Alimentos e Bebidas","Mercearia","1067","23","Tier 2 — llevaría a 15.000 items"
"3754565585","Doce De Leite Diet 630g - Zero Adicão De Açucar","Alimentos e Bebidas","Mercearia","1061","39","Tier 2 — llevaría a 15.000 items"
"1909949647","Tamara Sem Caroço 1kg Importada Sem Açúcar","Alimentos e Bebidas","Mercearia","1061","30","Tier 2 — llevaría a 15.000 items"
"3492685799","Hemmer Ketchup Tradicional Bisnaga 1kg","Alimentos e Bebidas","Mercearia","1059","14","Tier 2 — llevaría a 15.000 items"
"5173124524","Tempero Páprica Defumada Moída 1kg","Alimentos e Bebidas","Mercearia","1057","18","Tier 2 — llevaría a 15.000 items"
"6063819952","Pringles Importada Honey Mustard Crisps 158g","Alimentos e Bebidas","Mercearia","1056","14","Tier 2 — llevaría a 15.000 items"
"4439811729","Snack De Arroz Queijo E Cebola Kalassi Pacote 100g","Alimentos e Bebidas","Mercearia","1054","12","Tier 2 — llevaría a 15.000 items"
"3925710909","Maionese Hellmann's Tradicional 500g","Alimentos e Bebidas","Mercearia","1048","11","Tier 2 — llevaría a 15.000 items"
"4644762494","Chocolate Ao Leite Lindt Lata Lindor Coracao 50g","Alimentos e Bebidas","Mercearia","1047","39","Tier 2 — llevaría a 15.000 items"
"5532244068","Paçoca Rolha Amendupã Paçoquinha Embrulhada 100un 1,5kgcaixa","Alimentos e Bebidas","Mercearia","1047","28","Tier 2 — llevaría a 15.000 items"
"3908847191","Café Em Cápsula Compatível Com Nespresso Nescafé Farmers Origins Andes 10 Cápsulas","Alimentos e Bebidas","Mercearia","1046","17","Tier 2 — llevaría a 15.000 items"
"3851325263","Alimento Em Pó Soy+ Sem Lactose Original 300g","Alimentos e Bebidas","Mercearia","1045","21","Tier 2 — llevaría a 15.000 items"
"3377152679","Chiclete Trident Hortelã Sem Açúcar - Caixa Com 21 Unid. De 8g","Alimentos e Bebidas","Mercearia","1044","38","Tier 2 — llevaría a 15.000 items"
"3723773403","Café Solúvel Granulado Extraforte Sachê 40g Melitta","Alimentos e Bebidas","Mercearia","1042","7","Tier 2 — llevaría a 15.000 items"
"3890843610","Tomate Pelado Orgânico La Pastina 400g","Alimentos e Bebidas","Mercearia","1042","14","Tier 2 — llevaría a 15.000 items"
"3015539432","Azeite De Oliva Extra Virgem Reserva Português Gallo Vidro 500ml","Alimentos e Bebidas","Mercearia","1041","40","Tier 2 — llevaría a 15.000 items"
"2690986828","Cápsula De Café Espresso Pleno Tres 3 Corações","Alimentos e Bebidas","Mercearia","1040","18","Tier 2 — llevaría a 15.000 items"
"3280492145","Nestlé Chocolate Ao Leite Classic Pacote 80 G","Alimentos e Bebidas","Mercearia","1039","9","Tier 2 — llevaría a 15.000 items"
"4298765879","Azeite Extra Virgem Português Quinta De Viana Vidro 500ml","Alimentos e Bebidas","Mercearia","1037","24","Tier 2 — llevaría a 15.000 items"
"5056733622","Arroz Polido Tipo 1 Solito Pacote 1kg","Alimentos e Bebidas","Mercearia","1035","3","Tier 2 — llevaría a 15.000 items"
"4608272896","Maionese Grill Junior Molho Para Lanche Sem Glúten Em Saco Pouch 1.1 Kg","Alimentos e Bebidas","Mercearia","1035","51","Tier 2 — llevaría a 15.000 items"
"3829076227","Café Torrado E Moído Aviação 500g","Alimentos e Bebidas","Mercearia","1033","44","Tier 2 — llevaría a 15.000 items"
"4502359827","Azeite De Oliva Extra Virgem 500ml Cocinero","Alimentos e Bebidas","Mercearia","1033","24","Tier 2 — llevaría a 15.000 items"
"4152651416","Chá Leão Erva-doce Sachê 25 Unidades Infusão Aromática 50g","Alimentos e Bebidas","Mercearia","1032","8","Tier 2 — llevaría a 15.000 items"
"5571299074","Doce De Leite Rocca Tradicional 400g","Alimentos e Bebidas","Mercearia","1032","25","Tier 2 — llevaría a 15.000 items"
"3464180475","Bala Goma Amendupã Sabor Frutas 1kg Jujuba Gelatina Cores Sortidas","Alimentos e Bebidas","Mercearia","1030","21","Tier 2 — llevaría a 15.000 items"
"5097813516","Fruta Seca Cranberry 1kg Inteira Desidratada Especial 100% Sem Açucar E Sem Aditivos","Alimentos e Bebidas","Mercearia","1030","44","Tier 2 — llevaría a 15.000 items"
"4888047030","Cápsulas Café Gourmet Portinari 8 Gramas 3 Corações 10un","Alimentos e Bebidas","Mercearia","1029","18","Tier 2 — llevaría a 15.000 items"
"3597418493","Chá Leão Água Gelada - Morango E Laranja 10 Sachês","Alimentos e Bebidas","Mercearia","1028","10","Tier 2 — llevaría a 15.000 items"
"3391949609","Bolinho Roll Baunilha Recheio Chocolate Bauducco 510g 15x34g","Alimentos e Bebidas","Mercearia","1023","28","Tier 2 — llevaría a 15.000 items"
"2014799316","Azeite De Oliva Extra Virgem Clássico Português Gallo Vidro 250ml","Alimentos e Bebidas","Mercearia","1021","19","Tier 2 — llevaría a 15.000 items"
"3435862440","Café Em Cápsula Nescafé Dolce Gusto Mochaccino Canela 10 Cápsulas","Alimentos e Bebidas","Mercearia","1020","18","Tier 2 — llevaría a 15.000 items"
"1916649701","Granola De Cereais Zero Açúcar 1kg - Frutas E Castanhas","Alimentos e Bebidas","Mercearia","1019","55","Tier 2 — llevaría a 15.000 items"
"3288789923","Farinha Caputo Italiana 00 Pizzeria 1kg Nota Fiscal Original","Alimentos e Bebidas","Mercearia","1017","23","Tier 2 — llevaría a 15.000 items"
"6239173368","Massa Para Lasanha Com Ovos Barilla 200g","Alimentos e Bebidas","Mercearia","1016","5","Tier 2 — llevaría a 15.000 items"
"2770348702","Caixa Bala Gelatina Mini Fini Caixa C/12 Unidades - Atacado Caixa/sabor Twister","Alimentos e Bebidas","Mercearia","1015","9","Tier 2 — llevaría a 15.000 items"
"5207753866","Café 500g Torrado E Moído Ideal Para O Dia A Dia 3 Corações","Alimentos e Bebidas","Mercearia","1014","36","Tier 2 — llevaría a 15.000 items"
"1916782458","Uva Passa Preta Sem Semente - 1kg","Alimentos e Bebidas","Mercearia","1011","27","Tier 2 — llevaría a 15.000 items"
"4411092148","Kit Toddynho 200ml Caixa 27 Unidades","Alimentos e Bebidas","Mercearia","1010","79","Tier 2 — llevaría a 15.000 items"
"3772234867","Cápsulas Café Pilão Fortíssimo Espresso Compatíveis Nespresso 10 Unidades","Alimentos e Bebidas","Mercearia","1008","18","Tier 2 — llevaría a 15.000 items"
"5179776766","Fleischmann Fermento Biologico 500g Ideal Para Massas Salgadas","Alimentos e Bebidas","Mercearia","1008","23","Tier 2 — llevaría a 15.000 items"
"3862598816","Extrato Própolis Verde 70% 30ml 2.5x + Concentrado Apisflora","Alimentos e Bebidas","Mercearia","1006","39","Tier 2 — llevaría a 15.000 items"
"3747852013","Cocada Cremosa Diet Zero Açúcar 210g - Reserva De Minas","Alimentos e Bebidas","Mercearia","1006","16","Tier 2 — llevaría a 15.000 items"
"3829667504","Eritritol Cristal Puro Adoçante Natural 1 Kg Della Terra","Alimentos e Bebidas","Mercearia","1004","30","Tier 2 — llevaría a 15.000 items"
"2723748540","Farinha Sem Glúten Aminna 500g","Alimentos e Bebidas","Mercearia","1001","14","Tier 2 — llevaría a 15.000 items"
"6256508118","Vinagre Alc. Castelo 6% Concentrado Galão 5 Litros Original","Alimentos e Bebidas","Mercearia","1000","26","Tier 2 — llevaría a 15.000 items"
"5365564746","Biscoito Alemão Bolacha Doce Amanteigado Member's Mark - Baunilha - 400 G","Alimentos e Bebidas","Mercearia","998","22","Tier 2 — llevaría a 15.000 items"
"5512099018","Molho De Tomate Heinz Rústico Oliva Em Vidro 320g","Alimentos e Bebidas","Mercearia","998","11","Tier 2 — llevaría a 15.000 items"
"5524583698","Bala Butter Toffees Recheada Leite Arcor 400g","Alimentos e Bebidas","Mercearia","996","19","Tier 2 — llevaría a 15.000 items"
"4077410649","Café Torrado E Moído Tradicional Melitta Pacote 250g","Alimentos e Bebidas","Mercearia","995","16","Tier 2 — llevaría a 15.000 items"
"3465618163","Café Chocolate Com Avelã Gourmet Torrado E Moído 100% Árabica Aromas Baggio 250gr Pacote","Alimentos e Bebidas","Mercearia","995","36","Tier 2 — llevaría a 15.000 items"
"4091317780","Doce De Leite Cremoso Chup Pacote 40 Sachês De 30gr Oliveira","Alimentos e Bebidas","Mercearia","993","22","Tier 2 — llevaría a 15.000 items"
"2113157130","Cápsula Cappuccino Dolce Gusto Café Italle 30 Und","Alimentos e Bebidas","Mercearia","993","45","Tier 2 — llevaría a 15.000 items"
"4114889725","Massa Com Ovos Fettuccine Barilla 500g","Alimentos e Bebidas","Mercearia","992","5","Tier 2 — llevaría a 15.000 items"
"4201958833","Goiabada Premium Rb Amore Zero Adição De Açúcares Em Pote De Vidro 400 G","Alimentos e Bebidas","Mercearia","990","16","Tier 2 — llevaría a 15.000 items"
"5426186358","Macarrão Barilla Spaghettini No. 3 500g","Alimentos e Bebidas","Mercearia","989","11","Tier 2 — llevaría a 15.000 items"
"4052301864","Leite Pó Instantâneo Integral Zero Lactose Itambé Nolac Pacote 300g","Alimentos e Bebidas","Mercearia","988","22","Tier 2 — llevaría a 15.000 items"
"2777188473","Biscoito Diet Wheyviv Sabor Suspiro Com Whey Protein Sem Açúcar 25g","Alimentos e Bebidas","Mercearia","986","13","Tier 2 — llevaría a 15.000 items"
"4458567789","Leite Pó Instantâneo Integral Zero Lactose La Serenissima Pacote 300g","Alimentos e Bebidas","Mercearia","983","17","Tier 2 — llevaría a 15.000 items"
"3633815985","Macarrão Tipo Espaguete Konjac Massa Mf Sachê 200g Sem Glútem Zero Carboidrato Apenas 9kcal","Alimentos e Bebidas","Mercearia","981","18","Tier 2 — llevaría a 15.000 items"
"3104530598","Chocolate Ao Leite Kit Kat - Caixa Com 24 Unidades De 41,5g","Alimentos e Bebidas","Mercearia","977","85","Tier 2 — llevaría a 15.000 items"
"3936908383","Damasco Turco Inteiro 500g","Alimentos e Bebidas","Mercearia","975","51","Tier 2 — llevaría a 15.000 items"
"5188712094","Mel De Abelha 100% Puro 1 Kg Florada Silvestre Melbras","Alimentos e Bebidas","Mercearia","973","48","Tier 2 — llevaría a 15.000 items"
"4277042349","Biscoito Princesa Vieira Sortido Sem Sal 400g","Alimentos e Bebidas","Mercearia","971","22","Tier 2 — llevaría a 15.000 items"
"3839922003","Hellmann's Maionese 2,8kg","Alimentos e Bebidas","Mercearia","971","44","Tier 2 — llevaría a 15.000 items"
"4020522695","Leite Em Pó Zero Lactose 0% Gorduras E Adição De Açúcar 300g","Alimentos e Bebidas","Mercearia","970","25","Tier 2 — llevaría a 15.000 items"
"3974444691","Café Em Pó Fort 500g 3 Corações","Alimentos e Bebidas","Mercearia","967","28","Tier 2 — llevaría a 15.000 items"
"4232842221","Azeite De Oliva Extra Virgem Premium Chileno 500ml Deleyda","Alimentos e Bebidas","Mercearia","966","56","Tier 2 — llevaría a 15.000 items"
"5229213702","Leite De Coco Em Pó Zero Lactose S/ Químicos 200g Santo Óleo","Alimentos e Bebidas","Mercearia","964","26","Tier 2 — llevaría a 15.000 items"
"4008200093","Pirulito 7 Belo Framboesa Pacote 500g Arcor Jr","Alimentos e Bebidas","Mercearia","964","10","Tier 2 — llevaría a 15.000 items"
"5426224350","Macarrão De Sêmola Espaguete 7 Barilla Caixa 500g","Alimentos e Bebidas","Mercearia","962","10","Tier 2 — llevaría a 15.000 items"
"4296283134","Farinha De Aveia 1 Kg","Alimentos e Bebidas","Mercearia","962","14","Tier 2 — llevaría a 15.000 items"
"4089570359","Mix De Farinha Sem Glutén Urbano 1kg","Alimentos e Bebidas","Mercearia","962","15","Tier 2 — llevaría a 15.000 items"
"4263212960","Pack Adoçante Líquido Sucralose Linea Caixa 150ml 2 Unidades Grátis 50% De Desconto Na 2ª Unidade","Alimentos e Bebidas","Mercearia","960","18","Tier 2 — llevaría a 15.000 items"
"4153353619","Chococino Em Cápsula Alpino Nescafé Dolce Gusto Caixa 10 Uni","Alimentos e Bebidas","Mercearia","959","21","Tier 2 — llevaría a 15.000 items"
"4169409968","Chá Matte Leão Mate Original Em Sachê 40 G 25 U","Alimentos e Bebidas","Mercearia","955","7","Tier 2 — llevaría a 15.000 items"
"5486381308","1kg Mix De Quinoa Branca, Preta E Vermelha Grãos Mundo Nutri","Alimentos e Bebidas","Mercearia","955","36","Tier 2 — llevaría a 15.000 items"
"4612969961","Óleo De Coco Extra Virgem 500ml","Alimentos e Bebidas","Mercearia","954","47","Tier 2 — llevaría a 15.000 items"
"4140491725","Azeite De Oliva Extra Virgem 500ml Cocinero","Alimentos e Bebidas","Mercearia","953","25","Tier 2 — llevaría a 15.000 items"
"2684919503","Gelatina Zero Sabor Tangerina Linea 10g","Alimentos e Bebidas","Mercearia","950","5","Tier 2 — llevaría a 15.000 items"
"3492676325","Arcor Big Big Pirulito Recheio Do Chiclete Morango 500g","Alimentos e Bebidas","Mercearia","950","11","Tier 2 — llevaría a 15.000 items"
"5264099354","Milho Para Pipoca Tipo Mushroom 2,7kg Cianorte","Alimentos e Bebidas","Mercearia","948","89","Tier 2 — llevaría a 15.000 items"
"5840578314","Biscoito Oreo Recheado Pacote 36g Caixa Com 8 Unidades","Alimentos e Bebidas","Mercearia","947","15","Tier 2 — llevaría a 15.000 items"
"1742741545","Chá Mate Gaseificado Baer-mate 350ml Pack 6 Unidades","Alimentos e Bebidas","Mercearia","946","52","Tier 2 — llevaría a 15.000 items"
"4326074660","Paçoca Rolha Santa Helena Paçoquita 50 Unidades Sem Glúten Lactose","Alimentos e Bebidas","Mercearia","946","27","Tier 2 — llevaría a 15.000 items"
"3701773497","Maionese Heinz Sachê 7g Caixa Com 144 Unidades","Alimentos e Bebidas","Mercearia","945","30","Tier 2 — llevaría a 15.000 items"
"5969753714","Cápsulas De Café L'or Sontuoso 10 Unidades Intensidade 8","Alimentos e Bebidas","Mercearia","941","21","Tier 2 — llevaría a 15.000 items"
"5369247784","Kit Geleia Morango + Damasco + 4 Frutas Vermelhas St. Dalfour 28g Cada","Alimentos e Bebidas","Mercearia","939","28","Tier 2 — llevaría a 15.000 items"
"5466817792","Macarrão De Sêmola Grano Duro Rigatoni 89 Barilla Caixa 500g","Alimentos e Bebidas","Mercearia","938","12","Tier 2 — llevaría a 15.000 items"
"4475078571","Café Torrado E Moído Caramelo Baggio Pacote 250g","Alimentos e Bebidas","Mercearia","938","34","Tier 2 — llevaría a 15.000 items"
"3830836871","Chocolate Amargo 60% Cacau Special Dark Hershey's Pacote 85 G","Alimentos e Bebidas","Mercearia","937","12","Tier 2 — llevaría a 15.000 items"
"4239093819","Gelatina Pura Natural Zero Açúcar Incolor - 1kg","Alimentos e Bebidas","Mercearia","936","70","Tier 2 — llevaría a 15.000 items"
"3755996623","Leite Em Pó Ninho Integral Sachê 575g","Alimentos e Bebidas","Mercearia","935","38","Tier 2 — llevaría a 15.000 items"
"4742959164","Castanha De Caju 1kg Torrada Com Sal - P&p","Alimentos e Bebidas","Mercearia","935","69","Tier 2 — llevaría a 15.000 items"
"3270086275","Maionese Grill Junior Cremosa Molho Fast Food - 350g","Alimentos e Bebidas","Mercearia","934","20","Tier 2 — llevaría a 15.000 items"
"4361800851","Cápsulas De Café Espírito Santo 10 Unidades Compatíveis Nespresso 3 Corações","Alimentos e Bebidas","Mercearia","934","16","Tier 2 — llevaría a 15.000 items"
"3511848553","Chocolate Ao Leite Lacta Com Recheio De Oreo 90g","Alimentos e Bebidas","Mercearia","933","8","Tier 2 — llevaría a 15.000 items"
"3208773226","Paçoca Santa Helena Paçoquita Quadrada 50undx20g","Alimentos e Bebidas","Mercearia","933","26","Tier 2 — llevaría a 15.000 items"
"2789131082","Bala Mastigável Azedinha Morango Icekiss Pacote 500g","Alimentos e Bebidas","Mercearia","930","11","Tier 2 — llevaría a 15.000 items"
"1950453131","Semente De Abóbora Crua Sem Casca Natural - 1kg","Alimentos e Bebidas","Mercearia","927","49","Tier 2 — llevaría a 15.000 items"
"3966213721","Chiclete Trident Melancia Sem Açúcar - Caixa Com 21 Unids. De 8g","Alimentos e Bebidas","Mercearia","924","37","Tier 2 — llevaría a 15.000 items"
"5295339044","Arroz Agulhinha Namorado Tipo 1 5kg","Alimentos e Bebidas","Mercearia","924","19","Tier 2 — llevaría a 15.000 items"
"6171792006","Molho De Pimenta Vermelha Original Tabasco Vidro 60ml","Alimentos e Bebidas","Mercearia","923","24","Tier 2 — llevaría a 15.000 items"
"4206414204","Chocolate Lacta Intense Amargo 60% Cacau Café 85g","Alimentos e Bebidas","Mercearia","923","15","Tier 2 — llevaría a 15.000 items"
"1675289088","1kg Farelo De Aveia","Alimentos e Bebidas","Mercearia","921","12","Tier 2 — llevaría a 15.000 items"
"4353186523","Pipoca Pronta Caramelo Zero Açúcar Linea Pacote 50g","Alimentos e Bebidas","Mercearia","919","7","Tier 2 — llevaría a 15.000 items"
"4540827900","Macarrão De Konjac Fettuccine Konjac Massa Mf Sachê 200g Sem Glútem Dieta","Alimentos e Bebidas","Mercearia","917","19","Tier 2 — llevaría a 15.000 items"
"4180287617","Vinagre De Álcool Transparente Castelo 5l Original 4% Acidez","Alimentos e Bebidas","Mercearia","917","19","Tier 2 — llevaría a 15.000 items"
"4107903627","Macarrão De Arroz E Milho Spaghetti Sem Glúten Barilla 500gr","Alimentos e Bebidas","Mercearia","915","8","Tier 2 — llevaría a 15.000 items"
"6259424822","Kit 60 Fini Sortidos Tubes E Mini 15g Bala Fini Sortido, Gelatinas, Tubes, Citrica","Alimentos e Bebidas","Mercearia","914","61","Tier 2 — llevaría a 15.000 items"
"3009308676","Pêssego Em Calda Sem Caroço Schramm 450g","Alimentos e Bebidas","Mercearia","914","10","Tier 2 — llevaría a 15.000 items"
"6442173560","Azeite Italiano De Oliva Extra Virgem Filippo Berio 500ml","Alimentos e Bebidas","Mercearia","913","32","Tier 2 — llevaría a 15.000 items"
"3631989239","Pão De Forma Tradicional Bauducco Pacote 390g","Alimentos e Bebidas","Mercearia","911","8","Tier 2 — llevaría a 15.000 items"
"5470298560","Gergelim Branco Natural 1kg Requena","Alimentos e Bebidas","Mercearia","911","17","Tier 2 — llevaría a 15.000 items"
"3950302133","Arroz De Konjac Massa 270g 9 Calorias - Konjac Mf Massas Arroz","Alimentos e Bebidas","Mercearia","910","20","Tier 2 — llevaría a 15.000 items"
"3836869870","Café Em Pó Torrado E Moído Tradicional 500g 3 Corações","Alimentos e Bebidas","Mercearia","909","32","Tier 2 — llevaría a 15.000 items"
"5170675350","Arroz De Pilão Tipo 1 Albaruska Pacote 1kg","Alimentos e Bebidas","Mercearia","908","6","Tier 2 — llevaría a 15.000 items"
"3723850287","Café Melitta Torrado E Moído Tradicional Caixa 250g","Alimentos e Bebidas","Mercearia","903","16","Tier 2 — llevaría a 15.000 items"
"4835160372","Cápsula De Café Espresso Supremo Tres 10 Unidades 3 Corações","Alimentos e Bebidas","Mercearia","902","19","Tier 2 — llevaría a 15.000 items"
"5581046946","Café Especial 82 Pontos Santa Monica Em Grãos 100% Arábica - 1kg","Alimentos e Bebidas","Mercearia","902","127","Tier 2 — llevaría a 15.000 items"
"3699995239","Cafe Coffee Mais Torrado Em Grãos Arara Torra Media 250 Gramas","Alimentos e Bebidas","Mercearia","902","32","Tier 2 — llevaría a 15.000 items"
"4357533607","Doce De Leite La Serenissima Pote 400g","Alimentos e Bebidas","Mercearia","900","18","Tier 2 — llevaría a 15.000 items"
"3204309398","Semente De Abóbora Sem Casca Crua S/ Sal Natural Premium 1kg","Alimentos e Bebidas","Mercearia","897","59","Tier 2 — llevaría a 15.000 items"
"5709454648","500g Ameixa Seca Sem Caroço Premium Mundo Nutri","Alimentos e Bebidas","Mercearia","897","20","Tier 2 — llevaría a 15.000 items"
"4334184544","1kg Açúcar Mascavo Original Puro Natural | Drasen","Alimentos e Bebidas","Mercearia","897","14","Tier 2 — llevaría a 15.000 items"
"3326943981","Castanhas De Caju Torradas Inteira 1kg Sem Sal Ou Com Sal","Alimentos e Bebidas","Mercearia","895","77","Tier 2 — llevaría a 15.000 items"
"4046120931","Cápsulas De Café Original Nespresso Sabores Intensos - 50 Cápsulas","Alimentos e Bebidas","Mercearia","894","174","Tier 2 — llevaría a 15.000 items"
"5377990136","Filtro De Papel Melitta Nº 2 Cafeteira Elétrica Cônico 30 Unidades","Alimentos e Bebidas","Mercearia","893","4","Tier 2 — llevaría a 15.000 items"
"3900538926","Vinagre De Cereal Arroz Kenko Frasco 750ml","Alimentos e Bebidas","Mercearia","892","7","Tier 2 — llevaría a 15.000 items"
"3844650629","Milho Pipoca Grande Gourmet Cinema/soft Buterfly Branco 685g","Alimentos e Bebidas","Mercearia","892","25","Tier 2 — llevaría a 15.000 items"
"3928277123","Doce Banana Paraibuna Zero Açúcar Caixa 40un Sem Glúten","Alimentos e Bebidas","Mercearia","890","113","Tier 2 — llevaría a 15.000 items"
"4212775245","Pão De Forma Sem Glúten Sem Leite Sem Lactose Belive 400g","Alimentos e Bebidas","Mercearia","888","19","Tier 2 — llevaría a 15.000 items"
"3926486731","Café Torrado E Moído A Vácuo Tradicional Café Brasileiro Pacote 500g","Alimentos e Bebidas","Mercearia","885","27","Tier 2 — llevaría a 15.000 items"
"6432413492","Vinagre De Álcool Transparente Castelo 5 Litros Original","Alimentos e Bebidas","Mercearia","884","15","Tier 2 — llevaría a 15.000 items"
"2791445900","Fini Tubes Sabor Morango Azedinho Balas De Gelatina - Caixa Com 12 Unidades","Alimentos e Bebidas","Mercearia","884","8","Tier 2 — llevaría a 15.000 items"
"5350782082","Arroz Branco Tipo 1 Pacote Com 5kg Tio João","Alimentos e Bebidas","Mercearia","882","29","Tier 2 — llevaría a 15.000 items"
"5659903760","Molho De Tomate Italiano Passata Di Pomodoro Norfoods 680g","Alimentos e Bebidas","Mercearia","882","18","Tier 2 — llevaría a 15.000 items"
"5573587106","Chocolate Solúvel 50% Cacau Nestlé Profissional 1,01kg","Alimentos e Bebidas","Mercearia","881","58","Tier 2 — llevaría a 15.000 items"
"4608884924","Tomate Pelado Sacciali Sem Glúten Em Lata 400g","Alimentos e Bebidas","Mercearia","881","8","Tier 2 — llevaría a 15.000 items"
"5599134106","Chá Leão Frutas Vermelhas Sachê 10 Unidades 16g","Alimentos e Bebidas","Mercearia","878","11","Tier 2 — llevaría a 15.000 items"
"5338692290","Cobertura Fracionada Em Moedas Ao Leite Hersheys 1,01kg","Alimentos e Bebidas","Mercearia","878","41","Tier 2 — llevaría a 15.000 items"
"4551727763","Caixa De Bombom Sortido Nestlé Especialidades 220g","Alimentos e Bebidas","Mercearia","875","14","Tier 2 — llevaría a 15.000 items"
"2107999044","Biscoito Recheado Oreo Original Multipack 144g","Alimentos e Bebidas","Mercearia","875","7","Tier 2 — llevaría a 15.000 items"
"5099584728","Cápsula De Chocolate Dolce Gusto Café Italle 10 Und","Alimentos e Bebidas","Mercearia","875","20","Tier 2 — llevaría a 15.000 items"
"3886983534","Macarrão Italiano Divella Linguine Grano Duro 500g + Nota","Alimentos e Bebidas","Mercearia","871","10","Tier 2 — llevaría a 15.000 items"
"4908294526","Cápsula De Latte Macchiato Tres 3 Corações","Alimentos e Bebidas","Mercearia","870","18","Tier 2 — llevaría a 15.000 items"
"4654753094","Lemon Pepper Tempero 1kg Premium Alta Qualidade","Alimentos e Bebidas","Mercearia","870","29","Tier 2 — llevaría a 15.000 items"
"2635242288","Paçoquinha Paçoquita Diet Zero Quadrada Doce De Amendoim432g","Alimentos e Bebidas","Mercearia","867","39","Tier 2 — llevaría a 15.000 items"
"4365061937","Biscoito Stroopwafels Daelmans Waffle Recheado Com Caramelo Autêntico Holandês 230g","Alimentos e Bebidas","Mercearia","867","29","Tier 2 — llevaría a 15.000 items"
"5360928444","Biscoito Leite Maltado Tostines 160g","Alimentos e Bebidas","Mercearia","865","5","Tier 2 — llevaría a 15.000 items"
"6650336412","Azeite De Oliva Extra Virgem Andorinha 500ml","Alimentos e Bebidas","Mercearia","865","18","Tier 2 — llevaría a 15.000 items"
"4884159716","Ketchup Hellmann's Tradicional 380 G","Alimentos e Bebidas","Mercearia","859","11","Tier 2 — llevaría a 15.000 items"
"5500763114","Macarrão De Sêmola De Trigo Grano Duro Risoni 26 Barilla Caixa 500g","Alimentos e Bebidas","Mercearia","858","11","Tier 2 — llevaría a 15.000 items"
"5261460322","Orégano Peruano 1kg Premium  Sabor Intenso, Alta Qualidade","Alimentos e Bebidas","Mercearia","857","28","Tier 2 — llevaría a 15.000 items"
"3582846687","Adoçante Culinária Com Stevia Lowçucar - 1kg","Alimentos e Bebidas","Mercearia","854","33","Tier 2 — llevaría a 15.000 items"
"5263594508","Propomax Extrato Aquoso De Própolis S/ Álcool 30ml Apisflora","Alimentos e Bebidas","Mercearia","853","25","Tier 2 — llevaría a 15.000 items"
"5370221284","Castanha Caju Torrada Inteira W1 Sem Sal Ou Salgada - 1kg","Alimentos e Bebidas","Mercearia","853","91","Tier 2 — llevaría a 15.000 items"
"5518064180","Queijo Parmesão Ralado Président 50g","Alimentos e Bebidas","Mercearia","852","8","Tier 2 — llevaría a 15.000 items"
"4583392314","Óleo De Coco Extravirgem Copra Pote De Vidro 500 Ml","Alimentos e Bebidas","Mercearia","852","41","Tier 2 — llevaría a 15.000 items"
"4721925520","Barra De Chocolate Ao Leite Nestlé Choco Trio Com Biscoito E Baunilha 90g","Alimentos e Bebidas","Mercearia","852","8","Tier 2 — llevaría a 15.000 items"
"5068940680","Balas Mentos Kiss Fruit Sabor Morango Sem Açúcar 105g","Alimentos e Bebidas","Mercearia","852","26","Tier 2 — llevaría a 15.000 items"
"4004267769","Batata Palha Ouro Safra 900g Sequinha Crocante Sem Glúten","Alimentos e Bebidas","Mercearia","851","18","Tier 2 — llevaría a 15.000 items"
"4089058809","Alga Nori Temaki Silver 140g 50 Folhas Importada","Alimentos e Bebidas","Mercearia","851","30","Tier 2 — llevaría a 15.000 items"
"2636601349","Chá De Erva Doce Twinings 20g - 10 Sachês","Alimentos e Bebidas","Mercearia","850","20","Tier 2 — llevaría a 15.000 items"
"3816552834","Atum Sólido Yellowfin - Azeite De Oliva - 170g - Gomes Da Costa","Alimentos e Bebidas","Mercearia","850","17","Tier 2 — llevaría a 15.000 items"
"4060854763","Leite Em Pó A2 Vit. Piracanjuba 380 G Lata","Alimentos e Bebidas","Mercearia","849","30","Tier 2 — llevaría a 15.000 items"
"4010212354","Biscoito Recheado Sabor Chocolate 126g Trakinas","Alimentos e Bebidas","Mercearia","848","4","Tier 2 — llevaría a 15.000 items"
"6288665194","Zeelandia Desmoldante Unta Forma Carlex Spray 600ml","Alimentos e Bebidas","Mercearia","848","46","Tier 2 — llevaría a 15.000 items"
"2685541843","Grão De Bico Madoxx Importado Qualidade Especial Premium 1kg","Alimentos e Bebidas","Mercearia","848","10","Tier 2 — llevaría a 15.000 items"
"4651468802","Canela Em Pau 6cm 500g Premium","Alimentos e Bebidas","Mercearia","847","31","Tier 2 — llevaría a 15.000 items"
"3272988867","Chocolate Prestigio Nestlé Caixa Com 30 Unidades De 33g","Alimentos e Bebidas","Mercearia","845","75","Tier 2 — llevaría a 15.000 items"
"5573576500","Café Torrado E Moído Tradicional Pilão Pacote 500g","Alimentos e Bebidas","Mercearia","845","32","Tier 2 — llevaría a 15.000 items"
"5056277934","1kg Café Torrado Em Grãos Torra Média Gourmet Selecionado 100% Arábica - Origem Pequenos Produtores, Sul De Minas.","Alimentos e Bebidas","Mercearia","845","87","Tier 2 — llevaría a 15.000 items"
"5426198592","Macarrão De Sêmola De Grano Duro Linguine Bavette 13 Barilla Caixa 500g","Alimentos e Bebidas","Mercearia","844","11","Tier 2 — llevaría a 15.000 items"
"3856407232","Pirulito Mini Psicodélico Festa Pacote C/50 - Santa Rita","Alimentos e Bebidas","Mercearia","843","14","Tier 2 — llevaría a 15.000 items"
"5035365934","1 Kg De Grão De Bico - Alimentos","Alimentos e Bebidas","Mercearia","843","11","Tier 2 — llevaría a 15.000 items"
"5286751762","1kg Castanha Do Para Inteira  - Safra 2026 Promoção","Alimentos e Bebidas","Mercearia","841","100","Tier 2 — llevaría a 15.000 items"
"3178499986","Granola Tradicional Mãe Terra Zero Açúcares 800g","Alimentos e Bebidas","Mercearia","841","22","Tier 2 — llevaría a 15.000 items"
"5799795264","Leite Condensado Diet São Lourenço 335g","Alimentos e Bebidas","Mercearia","841","25","Tier 2 — llevaría a 15.000 items"
"3995544587","Sal Marinho Br Spices Integral Fino Pouch 1kg","Alimentos e Bebidas","Mercearia","840","16","Tier 2 — llevaría a 15.000 items"
"2671037587","Azeite Bom Dia Lata Português Tipo Único 500ml","Alimentos e Bebidas","Mercearia","840","31","Tier 2 — llevaría a 15.000 items"
"5409907624","Azeite De Oliva Tipo Único Portugal Vidro 500ml Andorinha","Alimentos e Bebidas","Mercearia","839","31","Tier 2 — llevaría a 15.000 items"
"4471377238","Café Instantâneo Cappuccino 3 Corações Cappuccino Classic Sem Glúten Caixa 200g","Alimentos e Bebidas","Mercearia","837","18","Tier 2 — llevaría a 15.000 items"
"4353398777","Achocolatado Pó Alpino Nestlé Pacote 1kg","Alimentos e Bebidas","Mercearia","837","26","Tier 2 — llevaría a 15.000 items"
"3488158318","Chocolate Meio Amargo Garoto Pacote 80 G","Alimentos e Bebidas","Mercearia","836","8","Tier 2 — llevaría a 15.000 items"
"2843776406","Arroz Branco Tipo 1 Pacote Com 5kg Tio João","Alimentos e Bebidas","Mercearia","835","30","Tier 2 — llevaría a 15.000 items"
"3959066355","Molho De Shoyu Tradicional Sakura Sem Glúten Em Garrafa 1 L","Alimentos e Bebidas","Mercearia","834","22","Tier 2 — llevaría a 15.000 items"
"3344634820","Barra De Castanhas Enjoy Joy 12 Und - Todos Sabores - &joy","Alimentos e Bebidas","Mercearia","834","38","Tier 2 — llevaría a 15.000 items"
"2986727251","1 Kg Café Gourmet Em Grão Ouro Da Mogiana","Alimentos e Bebidas","Mercearia","833","94","Tier 2 — llevaría a 15.000 items"
"2757457477","Cápsula De Café Filtrado Gourmet Tres 3 Corações 10 Unid","Alimentos e Bebidas","Mercearia","833","19","Tier 2 — llevaría a 15.000 items"
"3638529965","Farinha De Aveia Sem Glúten 1kg Alta Qualidade Premium","Alimentos e Bebidas","Mercearia","832","26","Tier 2 — llevaría a 15.000 items"
"2983056956","Amendoim Japonês Assado Original 1kg Mendorato Santa Helena","Alimentos e Bebidas","Mercearia","831","23","Tier 2 — llevaría a 15.000 items"
"3604580443","Farinha Láctea Original Pacote 210g Nestlé","Alimentos e Bebidas","Mercearia","831","8","Tier 2 — llevaría a 15.000 items"
"3541458749","Achocolatado Em Pó 550g Nescau","Alimentos e Bebidas","Mercearia","830","17","Tier 2 — llevaría a 15.000 items"
"3602593818","Azeite Espanhol Extra Virgem Borges 500ml","Alimentos e Bebidas","Mercearia","829","30","Tier 2 — llevaría a 15.000 items"
"3582870857","Sal Moído Integral Marinho Mossoro 2un X1kg = 2kg Sem Iodo","Alimentos e Bebidas","Mercearia","828","25","Tier 2 — llevaría a 15.000 items"
"4028774583","Leite Semidesnatado Zero Lactose Leitíssimo 1l","Alimentos e Bebidas","Mercearia","828","15","Tier 2 — llevaría a 15.000 items"
"3709645700","Feijão Vermelho Tipo 1 500g Meu Biju","Alimentos e Bebidas","Mercearia","828","10","Tier 2 — llevaría a 15.000 items"
"3821022212","Nutella Creme De Avelã 1 Uni 140g","Alimentos e Bebidas","Mercearia","826","12","Tier 2 — llevaría a 15.000 items"
"3542318557","Fécula De Batata | 1kg | Drasen Food","Alimentos e Bebidas","Mercearia","824","14","Tier 2 — llevaría a 15.000 items"
"4209979887","Açúcar Orgânico Cristal Native 1kg","Alimentos e Bebidas","Mercearia","823","7","Tier 2 — llevaría a 15.000 items"
"3749228706","Nescafé Dolce Gusto Caffè Matinal 10caps","Alimentos e Bebidas","Mercearia","821","15","Tier 2 — llevaría a 15.000 items"
"3961315023","Kit Decant Adaptador E Seringa 24pçs Tranferência De Perfume 24 Peças","Antiguidades e Coleções","Antiguidades","1012","28","Tier 2 — llevaría a 15.000 items"
"3907694441","Medalha Acrílico Cristal Redonda Lisa Kit 50 Un 8cm 2mm","Antiguidades e Coleções","Cédulas e Moedas","952","47","Tier 2 — llevaría a 15.000 items"
"3916438771","Sc Ceramix Cera Ecologica Soja Parafina Velas Lentilhada 1kg","Arte, Papelaria e Armarinho","Arte e Trabalhos Manuais","1089","48","Tier 2 — llevaría a 15.000 items"
"4632496816","Cera De Coco (1kg)  Para Velas 100% Vegana Vegetal T-02","Arte, Papelaria e Armarinho","Arte e Trabalhos Manuais","992","39","Tier 2 — llevaría a 15.000 items"
"2645557884","10 Caixas Para Presente Com Tampa S/ Visor - 20x20x7cm","Arte, Papelaria e Armarinho","Arte e Trabalhos Manuais","981","29","Tier 2 — llevaría a 15.000 items"
"4505144317","Resina Epóxi Baixa Viscosidade Uv 1kg Arte Mesa Vip Resinas Transparente","Arte, Papelaria e Armarinho","Arte e Trabalhos Manuais","915","116","Tier 2 — llevaría a 15.000 items"
"5214553138","Caixa De Presente Premium Rígida C/ Laço Imã 20x18x8cm Luxo","Arte, Papelaria e Armarinho","Arte e Trabalhos Manuais","879","35","Tier 2 — llevaría a 15.000 items"
"5068446134","Caixa Porta Lenço De Papel, Máscara, Luvas, Toucas","Arte, Papelaria e Armarinho","Arte e Trabalhos Manuais","876","35","Tier 2 — llevaría a 15.000 items"
"3270609731","1 Barbante Barroco Fio 6 Maxcolor 200g -escolha Sua Cor","Arte, Papelaria e Armarinho","Artigos de Armarinho","1084","29","Tier 2 — llevaría a 15.000 items"
"3594682561","Kit Miçangas Para Fazer Pulseira Infantil Bijuteria 1800 Pçs","Arte, Papelaria e Armarinho","Artigos de Armarinho","1059","50","Tier 2 — llevaría a 15.000 items"
"4135242987","Fio De Malha Extra Premium Fischer  25 Mm (140 M)  Stretch","Arte, Papelaria e Armarinho","Artigos de Armarinho","1056","27","Tier 2 — llevaría a 15.000 items"
"5451013240","Barbante Soberano Eco Brasil 1kg Fio 6 - Cores","Arte, Papelaria e Armarinho","Artigos de Armarinho","1042","38","Tier 2 — llevaría a 15.000 items"
"3643445089","1kg Bastão De Cola Quente Grosso 11,2mm  Rendicolla","Arte, Papelaria e Armarinho","Artigos de Armarinho","1036","38","Tier 2 — llevaría a 15.000 items"
"2083285752","Kit Pistola Revolver Cola Quente + 7 Bastões Bivolt 110 220 Preto 127/220v","Arte, Papelaria e Armarinho","Artigos de Armarinho","993","23","Tier 2 — llevaría a 15.000 items"
"5480342132","Fita Cetim 10mm 10 Metros Várias Cores Costura Artesanato N2","Arte, Papelaria e Armarinho","Artigos de Armarinho","986","13","Tier 2 — llevaría a 15.000 items"
"2036758072","Fio De Malha Premium Cores Variadas Para Crochê 25mm 140m","Arte, Papelaria e Armarinho","Artigos de Armarinho","975","30","Tier 2 — llevaría a 15.000 items"
"4583364462","Kit 3 Tesoura Grande Mundial Costura Escritório Artes 21cm Azul","Arte, Papelaria e Armarinho","Artigos de Armarinho","972","57","Tier 2 — llevaría a 15.000 items"
"5899118072","Sílica Gel Branca Desumidificante 1-3mm Quimpack Pct C/1kg","Arte, Papelaria e Armarinho","Artigos de Armarinho","971","38","Tier 2 — llevaría a 15.000 items"
"1901604145","Cadarço Elástico Para Tênis - Corrida E Triathlon Cool Lace","Arte, Papelaria e Armarinho","Artigos de Armarinho","953","23","Tier 2 — llevaría a 15.000 items"
"1959709739","Barbante Euroroma N6 Colorido 1kg","Arte, Papelaria e Armarinho","Artigos de Armarinho","948","39","Tier 2 — llevaría a 15.000 items"
"3106428718","Kit 10 Unid. Argola Articulada Mosquetão 2,5cm Ext. - Cores","Arte, Papelaria e Armarinho","Artigos de Armarinho","935","28","Tier 2 — llevaría a 15.000 items"
"3529538045","Kit Bastidores Completo Bordado Ponto Cruz - Iniciantes Nybc","Arte, Papelaria e Armarinho","Artigos de Armarinho","915","70","Tier 2 — llevaría a 15.000 items"
"4927943748","Revolver Pistola Cola Quente 20w 12 Bastões Ltj Utilidades 127v/220v Bivolt Preto 127/220v","Arte, Papelaria e Armarinho","Artigos de Armarinho","900","24","Tier 2 — llevaría a 15.000 items"
"3813199121","Fio Cordão Náutico 100% Poliéster5mm 500g Crochê Artesanatos","Arte, Papelaria e Armarinho","Artigos de Armarinho","900","31","Tier 2 — llevaría a 15.000 items"
"5316667394","Bastão Refil Cola Quente Bastão Fino 1kg Transparente Make","Arte, Papelaria e Armarinho","Artigos de Armarinho","892","36","Tier 2 — llevaría a 15.000 items"
"6506655422","Tesoura Profissional Alfaiate 10 Polegadas 25,4 Cm Costura Preto Gurumania","Arte, Papelaria e Armarinho","Artigos de Armarinho","884","40","Tier 2 — llevaría a 15.000 items"
"6483028296","Velcro Adesivo Bolinha 1,5cm 100 Pares Cola Forte Premium Branco","Arte, Papelaria e Armarinho","Artigos de Armarinho","866","20","Tier 2 — llevaría a 15.000 items"
"4423302220","Bastidores De Madeira N°20-5","Arte, Papelaria e Armarinho","Artigos de Armarinho","857","61","Tier 2 — llevaría a 15.000 items"
"5362074996","Corante Tecido Tingir Roupa Cores Kit C/ 2un + Fixador Tupy","Arte, Papelaria e Armarinho","Artigos de Armarinho","853","23","Tier 2 — llevaría a 15.000 items"
"4226361907","Par Cadarço Achatado Flat Air Force 1 adidas 140cm Branco Branco","Arte, Papelaria e Armarinho","Artigos de Armarinho","853","19","Tier 2 — llevaría a 15.000 items"
"5295006948","Kit De Costura Completo Linha E Agulha 229 Peças","Arte, Papelaria e Armarinho","Artigos de Armarinho","848","67","Tier 2 — llevaría a 15.000 items"
"1429864947","Silica Gel 1g Pacote 1000uni Antimofo Umidade Atacado Oferta","Arte, Papelaria e Armarinho","Artigos de Armarinho","847","59","Tier 2 — llevaría a 15.000 items"
"4563626643","Pistola De Cola Quente Bivolt Profissional 80w Bastão G 11mm Azul 127/220v","Arte, Papelaria e Armarinho","Artigos de Armarinho","844","50","Tier 2 — llevaría a 15.000 items"
"6225396600","Kit 4 Marcadores Permanente Ponta Longa Marca Furo Madeira! Mix","Arte, Papelaria e Armarinho","Materiais Escolares","1099","21","Tier 2 — llevaría a 15.000 items"
"6582597244","Kit Canetas 120 Cores Para Colorir Ponta Dupla Canetinhas Colorida Touch Caneta Coloridas Canetinha Variadas Marcador Artístico Colorido Conjunto Maleta Bolsa Estojo Desenho Escolar Livro","Arte, Papelaria e Armarinho","Materiais Escolares","1090","40","Tier 2 — llevaría a 15.000 items"
"5324166276","Tinta Guache 12 Cores 15 Ml Não Tóxica Acrilex + 2 Pincéis 12 Cores","Arte, Papelaria e Armarinho","Materiais Escolares","1088","25","Tier 2 — llevaría a 15.000 items"
"3861933169","Marcador Permanente Para Retroprojetor Pilot 2mm Preto - 12 Unidades","Arte, Papelaria e Armarinho","Materiais Escolares","1087","57","Tier 2 — llevaría a 15.000 items"
"4088840249","Conjunto Canetas Marcador Canetinha Ponta Dupla 168cores Kit","Arte, Papelaria e Armarinho","Materiais Escolares","1077","74","Tier 2 — llevaría a 15.000 items"
"5879834532","Kit Canetas Fofas 20 Uni Modelos Diferentes Gel Kawaii 20 Uni Azul/preto","Arte, Papelaria e Armarinho","Materiais Escolares","1071","30","Tier 2 — llevaría a 15.000 items"
"4148902713","Verniz Acrílico Brilhante Acrilex 100ml Incolor","Arte, Papelaria e Armarinho","Materiais Escolares","1069","20","Tier 2 — llevaría a 15.000 items"
"4518838709","Cola Para Acrílico S320 Sinteglas 1l Profissional Secagem Ultrarrápida Transparente","Arte, Papelaria e Armarinho","Materiais Escolares","1065","62","Tier 2 — llevaría a 15.000 items"
"6470001472","Kit Canetinhas 60 Cores Bobbie Goods Ponta Dupla Colorir","Arte, Papelaria e Armarinho","Materiais Escolares","1059","25","Tier 2 — llevaría a 15.000 items"
"6511589272","Cola Acrílico Poliestireno S-320 Ultra Sinteglas Policarbonato Transparente","Arte, Papelaria e Armarinho","Materiais Escolares","1047","69","Tier 2 — llevaría a 15.000 items"
"5656539388","3m Fita Dupla Face 24mm X 2m Scotch 5kg Extrema Fixa Forte Cinza Liso","Arte, Papelaria e Armarinho","Materiais Escolares","1041","31","Tier 2 — llevaría a 15.000 items"
"4340985365","Kit Estojo Escolar + 12 Lápis Volta Aulas Material Escolares","Arte, Papelaria e Armarinho","Materiais Escolares","1040","28","Tier 2 — llevaría a 15.000 items"
"5519316198","Papel Foto 230g A4 100 Folhas Brilhante - Masterprint Branco","Arte, Papelaria e Armarinho","Materiais Escolares","1035","33","Tier 2 — llevaría a 15.000 items"
"4473096551","Caneta Esferográfica Bic Cristal Preta - Caixa 50 Unidades Transparente Midnight Black","Arte, Papelaria e Armarinho","Materiais Escolares","1032","37","Tier 2 — llevaría a 15.000 items"
"3555185283","Saco Plástico Transparente Pp Celofane 25x35 50 Unidades","Arte, Papelaria e Armarinho","Materiais Escolares","1030","20","Tier 2 — llevaría a 15.000 items"
"6658556034","Caneta Esferográfica Bic Cristal Media Azul 50 Unidades Cristal Azul","Arte, Papelaria e Armarinho","Materiais Escolares","1028","33","Tier 2 — llevaría a 15.000 items"
"5385220612","Kit Livro De Colorir + Canetinhas Touch 24 Cores Ponta Dupla","Arte, Papelaria e Armarinho","Materiais Escolares","1019","19","Tier 2 — llevaría a 15.000 items"
"4207119251","Kit 2 Etiquetas Térmicas Rolo 15x30mm Niimbot D110 D11 D101 Branco","Arte, Papelaria e Armarinho","Materiais Escolares","1018","77","Tier 2 — llevaría a 15.000 items"
"4360223233","5 Rolos Adegraf Etiquetas 10x15 100x150 Térmica Serrilha Branco","Arte, Papelaria e Armarinho","Materiais Escolares","1015","59","Tier 2 — llevaría a 15.000 items"
"4104256367","Cola Super Bonder Flexível Extraforte Flex Gel Precisão Control Loctite Henkel 3g Transparente","Arte, Papelaria e Armarinho","Materiais Escolares","1015","26","Tier 2 — llevaría a 15.000 items"
"5773055802","Tinta Para Ferro E Madeira Brilhante Base Solvente 900ml","Arte, Papelaria e Armarinho","Materiais Escolares","1015","29","Tier 2 — llevaría a 15.000 items"
"5323147844","Kit Pacote 5 Fitas Adesiva Transparente Larga P/ Embalagens","Arte, Papelaria e Armarinho","Materiais Escolares","1013","19","Tier 2 — llevaría a 15.000 items"
"4474511816","Papel Offset A4 Branco 180g 250 Folhas Fosco Jato De Tinta Laser","Arte, Papelaria e Armarinho","Materiais Escolares","1012","55","Tier 2 — llevaría a 15.000 items"
"6233916546","Bobina Térmica 80mm X 40m Directpaper Kit 30 Impressora Comerciais Branco","Arte, Papelaria e Armarinho","Materiais Escolares","1008","126","Tier 2 — llevaría a 15.000 items"
"4456546778","Fita Dupla Face Extra Forte 12mm X 20 Metros Transparente","Arte, Papelaria e Armarinho","Materiais Escolares","1005","25","Tier 2 — llevaría a 15.000 items"
"5046313008","Bobina Pdv 80x80 Caixa Com 16 Unidades Branco","Arte, Papelaria e Armarinho","Materiais Escolares","1004","118","Tier 2 — llevaría a 15.000 items"
"4068835509","Caixa 30 Un Bobina Cupom Pdv 80mm X 30metros Térmico Amarelo Caixa 30 Unidades Fiscal E Senha Papaléguas Etiquetas","Arte, Papelaria e Armarinho","Materiais Escolares","996","77","Tier 2 — llevaría a 15.000 items"
"5322818094","Tinta Acrílica Fosca Art Teen 6 Potes 03506 Acrilex","Arte, Papelaria e Armarinho","Materiais Escolares","993","25","Tier 2 — llevaría a 15.000 items"
"4105500585","Papel Seda 100 Folhas Estampado Coração Rosa E Preto 30x50cm","Arte, Papelaria e Armarinho","Materiais Escolares","978","28","Tier 2 — llevaría a 15.000 items"
"4212323691","Adesivo Reparo Reparador Calçados Forte Para Tênis E Couro","Arte, Papelaria e Armarinho","Materiais Escolares","977","22","Tier 2 — llevaría a 15.000 items"
"4291879989","Kit 10 Canetas Ponta Longa Marcador Permanente Furo Madeira! Mix","Arte, Papelaria e Armarinho","Materiais Escolares","973","35","Tier 2 — llevaría a 15.000 items"
"4321759313","Kit De Canetas Marcador Lupita Ponta Dupla Para Desenho E Pintura (60 Cores)","Arte, Papelaria e Armarinho","Materiais Escolares","970","12","Tier 2 — llevaría a 15.000 items"
"5458571098","Caneta Bic Azul Esferográfica Cristal 50 Unidades 1.0 Mm Cx Cor Do Exterior Transparente","Arte, Papelaria e Armarinho","Materiais Escolares","967","39","Tier 2 — llevaría a 15.000 items"
"4139393745","Kit De Canetas Marcador Lupita Ponta Dupla Para Desenho E Pintura (60 Cores)","Arte, Papelaria e Armarinho","Materiais Escolares","966","19","Tier 2 — llevaría a 15.000 items"
"1791833841","10 Rolos De Fita Adesiva Transparente 45mm X 100 Metros","Arte, Papelaria e Armarinho","Materiais Escolares","966","56","Tier 2 — llevaría a 15.000 items"
"3967614613","Fita Adesiva Silver Tape Ultra Fitas 50 Metros Preto","Arte, Papelaria e Armarinho","Materiais Escolares","961","36","Tier 2 — llevaría a 15.000 items"
"4018183229","10 Un Fitas Adesivas Largas Transparentes 500m Transparente Lisa","Arte, Papelaria e Armarinho","Materiais Escolares","961","94","Tier 2 — llevaría a 15.000 items"
"6449304018","Papel Sublimático A4 100g 100 Folhas Resinado Jojo Rosa","Arte, Papelaria e Armarinho","Materiais Escolares","960","41","Tier 2 — llevaría a 15.000 items"
"5826169694","1000 Etiquetas Lacre Segurança Delivery Ifood Vermelho Vermelho","Arte, Papelaria e Armarinho","Materiais Escolares","956","24","Tier 2 — llevaría a 15.000 items"
"2939827550","Kit 3 Caixa Grampo 26/6 Grampeador Galvanizado 15.000 Unid Prateado","Arte, Papelaria e Armarinho","Materiais Escolares","950","27","Tier 2 — llevaría a 15.000 items"
"3683088977","Caderno Universitário 10 Matérias Zip Preto Tilibra Escolar","Arte, Papelaria e Armarinho","Materiais Escolares","950","26","Tier 2 — llevaría a 15.000 items"
"5199257426","9mm X 20m - Fita Dupla Face Extra Forte Transparente Verde-claro Liso","Arte, Papelaria e Armarinho","Materiais Escolares","943","25","Tier 2 — llevaría a 15.000 items"
"5661124414","Prancheta A4 Pasta Organizadora Prendedor Metal Fichario","Arte, Papelaria e Armarinho","Materiais Escolares","941","32","Tier 2 — llevaría a 15.000 items"
"5831246620","3m Fita Crepe 101la 48mm X 50m Kit 2 Rolos Largo Cor Branco Liso","Arte, Papelaria e Armarinho","Materiais Escolares","940","28","Tier 2 — llevaría a 15.000 items"
"4209277719","Papel Sulfite Profissional Sustentável Chamex A4 75g 210x297mm - Pacote 500 Folhas Premium Branco","Arte, Papelaria e Armarinho","Materiais Escolares","939","33","Tier 2 — llevaría a 15.000 items"
"4134079865","Papel Glossy 180g Fotográfico Branco 100 Folhas A4 Papel Branco","Arte, Papelaria e Armarinho","Materiais Escolares","935","31","Tier 2 — llevaría a 15.000 items"
"4931271752","Kit 2 Caneta Para Tecido Permanente Acrilpen Acrilex Preta","Arte, Papelaria e Armarinho","Materiais Escolares","934","21","Tier 2 — llevaría a 15.000 items"
"5568760844","Kit Marcador 48 Cores Ponta Dupla Caneta Canetinha Colorid Preto","Arte, Papelaria e Armarinho","Materiais Escolares","930","20","Tier 2 — llevaría a 15.000 items"
"4880236798","Papel A4 Sulfite Cor Branco 75g 500 Folhas Premium Resma","Arte, Papelaria e Armarinho","Materiais Escolares","921","31","Tier 2 — llevaría a 15.000 items"
"4625370194","Papel Fotográfico Adesivo A4 Glossy 115g 100 Un. Masterprint Branco","Arte, Papelaria e Armarinho","Materiais Escolares","914","50","Tier 2 — llevaría a 15.000 items"
"3392665651","100 Sacos Grandes Com Zip Lock Hermético N11 30x40","Arte, Papelaria e Armarinho","Materiais Escolares","903","59","Tier 2 — llevaría a 15.000 items"
"5508675080","Cimento Queimado Rústico Cinza Elefante Masterfix 4kg Parede Interno Externo","Arte, Papelaria e Armarinho","Materiais Escolares","901","58","Tier 2 — llevaría a 15.000 items"
"4530791002","50 Bobinas Térmicas Brancas 57x16mm - Autopel Maquininhas De Cartão Branco","Arte, Papelaria e Armarinho","Materiais Escolares","898","73","Tier 2 — llevaría a 15.000 items"
"4176724805","1000 Etiqueta Térmica Sem Rolo 10x15 /100x150 Formato Resma Cor Branco Carecam Pro","Arte, Papelaria e Armarinho","Materiais Escolares","898","38","Tier 2 — llevaría a 15.000 items"
"4139393745","Canetinhas Touch Coloridas Caneta Marca Texto Ponta Dupla Estojo 60 Cores Kit Bolsa Estojo Para Colorir Conjunto Bolsa De Canetas Marcadores Permanente Pintura Desenho Profissional","Arte, Papelaria e Armarinho","Materiais Escolares","897","19","Tier 2 — llevaría a 15.000 items"
"2718194732","Fita Adesivas Transparente Durex 18mmx50mts-pacote C/ 26rls  Transparente","Arte, Papelaria e Armarinho","Materiais Escolares","894","38","Tier 2 — llevaría a 15.000 items"
"4062773201","10 Mil Etiquetas 10x15 100x150 Térmica Serrilha Resma Branco","Arte, Papelaria e Armarinho","Materiais Escolares","883","339","Tier 2 — llevaría a 15.000 items"
"6361986286","Livro Caderno Bobbie Goods + 24 Canetinhas Colorir Dupla Cor Rosa","Arte, Papelaria e Armarinho","Materiais Escolares","874","27","Tier 2 — llevaría a 15.000 items"
"3669376377","Adegraf Etiquetas 80x30 Bobina Térmica Branca Pdv Cupom Fiscal - Total 30 Bobinas Branco","Arte, Papelaria e Armarinho","Materiais Escolares","873","82","Tier 2 — llevaría a 15.000 items"
"6250776874","Papel Fotográfico Foto 180g Masterprint A4 Glossy 100 Folhas Cor Branco","Arte, Papelaria e Armarinho","Materiais Escolares","873","34","Tier 2 — llevaría a 15.000 items"
"4321759313","Canetinhas Touch Coloridas Caneta Marca Texto Ponta Dupla Estojo 60 Cores Kit Bolsa Estojo Para Colorir Conjunto Bolsa De Canetas Marcadores Permanente Pintura Desenho Profissional Pop Imports","Arte, Papelaria e Armarinho","Materiais Escolares","871","19","Tier 2 — llevaría a 15.000 items"
"5078923374","Kit 2 Grampeadores Metal Preto 25 Folhas Escritório 11,5cm","Arte, Papelaria e Armarinho","Materiais Escolares","868","27","Tier 2 — llevaría a 15.000 items"
"4200734465","Pasta Organizadora Documentos A4 Com 24 Divisórias Colorida Preto","Arte, Papelaria e Armarinho","Materiais Escolares","867","46","Tier 2 — llevaría a 15.000 items"
"6067968236","Kit 20 Cenários 3d Livro Ambientes Infantil Diy Fofa Adesivo Rosa","Arte, Papelaria e Armarinho","Materiais Escolares","866","25","Tier 2 — llevaría a 15.000 items"
"5762814826","Planner Agenda Semanal A5 Executivo Couro Sintético","Arte, Papelaria e Armarinho","Materiais Escolares","866","26","Tier 2 — llevaría a 15.000 items"
"4716140566","Fita Dupla Face Ultrabond Fixa Forte 19mmx20m Transparente Liso","Arte, Papelaria e Armarinho","Materiais Escolares","863","38","Tier 2 — llevaría a 15.000 items"
"1631544136","Verniz Polisten Stain Premium Mogno/imbuia 900ml Sayerlack","Arte, Papelaria e Armarinho","Materiais Escolares","862","60","Tier 2 — llevaría a 15.000 items"
"5578216838","Adesivo Cola Contato Cascola 195g Sapateiro Marceneiro Incolor","Arte, Papelaria e Armarinho","Materiais Escolares","862","32","Tier 2 — llevaría a 15.000 items"
"3197190982","Kit 3 Canetas Marcador Pilot - P/quadro Branco Recarregável","Arte, Papelaria e Armarinho","Materiais Escolares","855","52","Tier 2 — llevaría a 15.000 items"
"3509692599","Pasta Catálogo A4 Dac Preta Pvc Com Visor 100 Envelopes Plástico","Arte, Papelaria e Armarinho","Materiais Escolares","845","28","Tier 2 — llevaría a 15.000 items"
"5539953474","Kit Acrilex Caneta Permanente Para Tecido Acrilpen Preta 3 Unidades","Arte, Papelaria e Armarinho","Materiais Escolares","843","22","Tier 2 — llevaría a 15.000 items"
"4884346172","Stain Osmocolor Montana Uv Deck 3,6lt Castanho Acabamento Acetinado","Arte, Papelaria e Armarinho","Materiais Escolares","841","199","Tier 2 — llevaría a 15.000 items"
"3807055217","Adesivos Vinil Jato De Tinta Branco Brilhante A4 20 Folhas Mecolour","Arte, Papelaria e Armarinho","Materiais Escolares","840","35","Tier 2 — llevaría a 15.000 items"
"4249909405","Papel Fotográfico Adesivo A4 Glossy 115g 100 Un. Premium Cor Branco","Arte, Papelaria e Armarinho","Materiais Escolares","840","47","Tier 2 — llevaría a 15.000 items"
"4256116071","Papel Sulfite A4 75g 500 Folhas Branco Report Alta Performance","Arte, Papelaria e Armarinho","Materiais Escolares","838","33","Tier 2 — llevaría a 15.000 items"
"5188725936","Papel Fotográfico Adesivo 130g A4 Glossy Masterprint 100 Fls Cor Branco","Arte, Papelaria e Armarinho","Materiais Escolares","832","48","Tier 2 — llevaría a 15.000 items"
"4175868731","Kit Completo 10 Pincéis Para Arte Acrílica, Óleo E Aquarela","Arte, Papelaria e Armarinho","Materiais Escolares","830","20","Tier 2 — llevaría a 15.000 items"
"3505365807","Carimbo Automatico Personalizado 14x38mm Nykon 302 Preto","Arte, Papelaria e Armarinho","Materiais Escolares","829","21","Tier 2 — llevaría a 15.000 items"
"5519317084","Potes Tinta Tempera Guache 15ml Escolar 12 Cores Acrilex Multicolorido","Arte, Papelaria e Armarinho","Materiais Escolares","828","19","Tier 2 — llevaría a 15.000 items"
"2165136066","Barbante Sisal 3mm Rolo 500 Metros Artesanato Fio Amarração","Arte, Papelaria e Armarinho","Outros","821","39","Tier 2 — llevaría a 15.000 items"
"4172094293","Mamadeira Petala 260ml Transparente Philips Avent Scy903/01 Na","Bebês","Alimentação e Amamentação","1099","73","Tier 2 — llevaría a 15.000 items"
"5439086110","Bomba De Tirar Leite Materno Mãos Livres Bombinha Extratora Elétrica Digital Mamadeira Portátil Armazenamento Amamentação Comica","Bebês","Alimentação e Amamentação","1099","71","Tier 2 — llevaría a 15.000 items"
"4580467821","Mamadeira Pétala Avent 3.0 Transparente 330ml 6m+ Philips Avent Branco","Bebês","Alimentação e Amamentação","1009","77","Tier 2 — llevaría a 15.000 items"
"3217420087","Mamadeira Avent Pétala 125ml 0m+ Bico N°2 Rn Recém Nascido Transparente Sem Desenhos","Bebês","Alimentação e Amamentação","985","79","Tier 2 — llevaría a 15.000 items"
"5399670384","Coletor De Leite Materno Manual De Silicone 100% Silicone","Bebês","Alimentação e Amamentação","971","27","Tier 2 — llevaría a 15.000 items"
"4302648619","Kit Alimentação Bebê Infantil Refeição Silicone Cores Cor Rosa-claro","Bebês","Alimentação e Amamentação","963","35","Tier 2 — llevaría a 15.000 items"
"4601817757","Bomba Elétrica Materno Coleta Armazenamento Leve E Compacto Sutiã Display Led Extratora Elétrica Amametação Marca Kateluo","Bebês","Alimentação e Amamentação","936","47","Tier 2 — llevaría a 15.000 items"
"5124792258","Garrafa Garrafinha De Aluminio Buba Com Canudo Em Silicone","Bebês","Alimentação e Amamentação","926","58","Tier 2 — llevaría a 15.000 items"
"4048077843","Mamadeira Easy Flow Nuvem 330ml Anticólica Buba Cor Rosa","Bebês","Alimentação e Amamentação","897","34","Tier 2 — llevaría a 15.000 items"
"4148919655","Buba, Copo De Transição Em Silicone Com Alça 120ml - Azul Liso","Bebês","Alimentação e Amamentação","877","33","Tier 2 — llevaría a 15.000 items"
"4653151726","Bomba Manual Tira Leite Materno Rpg Imports Silicone Livre Bpa","Bebês","Alimentação e Amamentação","873","31","Tier 2 — llevaría a 15.000 items"
"3611865457","Copo Com Alça Removível 250ml Azul Buba","Bebês","Alimentação e Amamentação","870","28","Tier 2 — llevaría a 15.000 items"
"3363352347","Escova C/ Esponja Reforçada Prática Lavar Mamadeira Garrafa","Bebês","Alimentação e Amamentação","848","20","Tier 2 — llevaría a 15.000 items"
"4435517964","Fórmula Infantil Nan Comfor Hmo De 0 A 6 Meses 800g Sem Sabor","Bebês","Alimentos para Bebês","1032","67","Tier 2 — llevaría a 15.000 items"
"4598586568","Fórmula Infantil Em Pó Sem Glúten Danone Aptamil Proexpert Pepti 800gr","Bebês","Alimentos para Bebês","1016","183","Tier 2 — llevaría a 15.000 items"
"3704327439","Fórmula Infantil Ninho Primeira Infância Para Idade De 1 A 3 Anos Lata 1,2 Kg","Bebês","Alimentos para Bebês","1005","65","Tier 2 — llevaría a 15.000 items"
"3077435377","Fórmula Infantil Para Lactentes Nanlac Comfor Lata 800g Tradicional","Bebês","Alimentos para Bebês","864","69","Tier 2 — llevaría a 15.000 items"
"3291595989","Composto Lácteo Forti+ Zero Lactose Em Lata De 380g Ninho Leite","Bebês","Alimentos para Bebês","835","22","Tier 2 — llevaría a 15.000 items"
"5244008366","Andador Empurrador Infantil Musical Educativo Rosa Yuupi Yphe0811","Bebês","Andadores e Mini Veículos","1076","105","Tier 2 — llevaría a 15.000 items"
"3953540909","Andador Empurrador Didático Infantil Educativo Musical Bebê Cor Azul","Bebês","Andadores e Mini Veículos","977","106","Tier 2 — llevaría a 15.000 items"
"6224610934","Toalha De Bebe Infantil Macia Com Capuz Grande Forrada","Bebês","Banho do Bebê","924","33","Tier 2 — llevaría a 15.000 items"
"4294609118","Caranguejo Brinquedo Fujão Sensor Dança E Som Eletrônico Top","Bebês","Brinquedos para Bebês","1073","23","Tier 2 — llevaría a 15.000 items"
"4316073993","Kit Chocalho Mordedor Bebê Brinquedo Sensorial Musical 06pcs Sortidas Variados","Bebês","Brinquedos para Bebês","1069","33","Tier 2 — llevaría a 15.000 items"
"3802166483","Bola Brinquedo Bebê Chocalho Sensorial Mordedor Massageador","Bebês","Brinquedos para Bebês","1058","29","Tier 2 — llevaría a 15.000 items"
"3814536355","Móbile Para Carrinho E Berço Com Chocalho Spring - Maxi Baby Colorido","Bebês","Brinquedos para Bebês","999","77","Tier 2 — llevaría a 15.000 items"
"5981243130","Kit 3 Jogos Brinquedos Educativos Numeros Letras Alfabeto Colorido","Bebês","Brinquedos para Bebês","968","39","Tier 2 — llevaría a 15.000 items"
"4516734861","Kit 8 Pcs Chocalho Bebe Mordedor Macio Sensorial Criança Colorido Diversão","Bebês","Brinquedos para Bebês","905","26","Tier 2 — llevaría a 15.000 items"
"6254678588","Mesa Infantil Mesinha Didática Divertida Brinquedo Crianças Educacional Bebê Atividades De Montar Interativa Educativa Clube Educativo Rosa","Bebês","Brinquedos para Bebês","821","55","Tier 2 — llevaría a 15.000 items"
"5359999168","Lenços Pampers Cuidado De Bebê 48 Unidades","Bebês","Higiene e Cuidados com o Bebê","1079","11","Tier 2 — llevaría a 15.000 items"
"3301720417","Fralda Pampers Pants Ajuste Total Xxg 60 Unidades","Bebês","Higiene e Cuidados com o Bebê","1077","110","Tier 2 — llevaría a 15.000 items"
"4267526705","Fralda Pampers Premium Care Pants Tamanho Xxxg 80 Unidades","Bebês","Higiene e Cuidados com o Bebê","1077","186","Tier 2 — llevaría a 15.000 items"
"4099139659","Kit C/12 Toalhas Umedecidas Turma Da Alegria C/140 Unidades","Bebês","Higiene e Cuidados com o Bebê","1058","65","Tier 2 — llevaría a 15.000 items"
"4577601868","Sabonete Líquido Nutritivo Derma Protect 200ml Johnson's Baby","Bebês","Higiene e Cuidados com o Bebê","1049","38","Tier 2 — llevaría a 15.000 items"
"4555612514","Huggies Fralda Pants Roupinha Proteção Acolchoada G - 70 Un","Bebês","Higiene e Cuidados com o Bebê","1044","94","Tier 2 — llevaría a 15.000 items"
"3503578205","Lenços Umedecidos Pampers Cuidado De Bebê 192un","Bebês","Higiene e Cuidados com o Bebê","1038","36","Tier 2 — llevaría a 15.000 items"
"4089958568","Kit 10 Pct Lenço Umedecido Baby Free Caixa 1000un Full","Bebês","Higiene e Cuidados com o Bebê","987","49","Tier 2 — llevaría a 15.000 items"
"2743080088","Fralda Pampers Premium Care Tamanho P 40 Unidades","Bebês","Higiene e Cuidados com o Bebê","974","60","Tier 2 — llevaría a 15.000 items"
"1810010696","Kit 6 Pcts Com 140 Toalhas Umedecidas Lenços Atacado Barato","Bebês","Higiene e Cuidados com o Bebê","957","44","Tier 2 — llevaría a 15.000 items"
"5005771126","Mustela Cicastela Creme Reparador Hidratante 40ml","Bebês","Higiene e Cuidados com o Bebê","947","74","Tier 2 — llevaría a 15.000 items"
"3863809312","Darrow Actine Sabonete Dermatológico Em Barra 70g","Bebês","Higiene e Cuidados com o Bebê","947","32","Tier 2 — llevaría a 15.000 items"
"2670221595","Toalhas Umedecidas Johnson's Recem Nacido 48 U Pacote X 1","Bebês","Higiene e Cuidados com o Bebê","937","15","Tier 2 — llevaría a 15.000 items"
"2010901132","Fraldas Pampers Recém-nascido Tamanho Rn+ 36 Unidades Sem Gênero","Bebês","Higiene e Cuidados com o Bebê","913","59","Tier 2 — llevaría a 15.000 items"
"3128085562","Fralda Pampers Premium Care Pants Tamanho G 68 Unidades","Bebês","Higiene e Cuidados com o Bebê","887","112","Tier 2 — llevaría a 15.000 items"
"3689744815","Água De Colônia Mamãe E Bebê Natura 100 Ml","Bebês","Higiene e Cuidados com o Bebê","883","55","Tier 2 — llevaría a 15.000 items"
"3400377400","Fralda Pampers Premium Care Tamanho M 80 Unidades","Bebês","Higiene e Cuidados com o Bebê","880","121","Tier 2 — llevaría a 15.000 items"
"5361201678","Fralda Pampers Confort Sec Tamanho Xxg 88 Unidades","Bebês","Higiene e Cuidados com o Bebê","875","132","Tier 2 — llevaría a 15.000 items"
"4564416183","Pomada Bepantol Baby 120g Creme Preventivo Assaduras Hipoalergênico","Bebês","Higiene e Cuidados com o Bebê","874","48","Tier 2 — llevaría a 15.000 items"
"1434456663","Fralda De Pano Estampada Comum 100% Algodão Kit Com 5","Bebês","Higiene e Cuidados com o Bebê","852","50","Tier 2 — llevaría a 15.000 items"
"2790397775","Kit 10 Pacotes Toalha Umedecida Lippy (500 Toalhas)","Bebês","Higiene e Cuidados com o Bebê","849","36","Tier 2 — llevaría a 15.000 items"
"2777942746","Condicionador Para Bebê Johnson's Baby De Glicerina 400ml","Bebês","Higiene e Cuidados com o Bebê","847","28","Tier 2 — llevaría a 15.000 items"
"5831861886","Kit Com 2 Cremes Pomada De Assadura 120gr Cada - Bepantol","Bebês","Higiene e Cuidados com o Bebê","826","97","Tier 2 — llevaría a 15.000 items"
"4038830833","Capa Tapa Sol Automotivo Proteção Vidro Lateral Janela Bebê","Bebês","Passeio do Bebê","879","25","Tier 2 — llevaría a 15.000 items"
"4371078969","Bolsa Canguru Carregador Ergonômico Até 25kg Assento Aiebao Cor Cinza","Bebês","Passeio do Bebê","841","112","Tier 2 — llevaría a 15.000 items"
"4070563111","Bebê Travesseiro Anti Refluxo Rampa Berço Carrinho 2 Fronhas Branco","Bebês","Quarto do Bebê","1099","26","Tier 2 — llevaría a 15.000 items"
"1578842076","Kit Berço Completo Coroinha Menino Azul Promoção","Bebês","Quarto do Bebê","1015","100","Tier 2 — llevaría a 15.000 items"
"3952862403","Trocador De Fralda Impermeável Dobrável Lindas Estampas Safári Marinho Azul-marinho","Bebês","Quarto do Bebê","894","23","Tier 2 — llevaría a 15.000 items"
"3761301817","Cobertor Saida Maternidade Coberdrom Bebê Manta Sherpa","Bebês","Quarto do Bebê","876","29","Tier 2 — llevaría a 15.000 items"
"3952841375","Trocador De Fralda Impermeável Dobrável Lindas Estampas Nuvem Rosa","Bebês","Quarto do Bebê","827","22","Tier 2 — llevaría a 15.000 items"
"5424466548","Aparelho De Som Bebês Ninar Relaxante Dormir Para Quarto Amarelo","Bebês","Quarto do Bebê","824","69","Tier 2 — llevaría a 15.000 items"
"5522616598","Kit 15 Peças Roupas Bebê Body Calça Touca Enxoval Completo","Bebês","Roupas de Bebê","1086","69","Tier 2 — llevaría a 15.000 items"
"6405219618","Saída De Maternidade Em Tricô Menino Verde Oliva Verde Oliva 0 A 3 Meses","Bebês","Roupas de Bebê","1012","151","Tier 2 — llevaría a 15.000 items"
"4209767555","Body Temático Bebê Super Herói Mesversário + Acessório Festa","Bebês","Roupas de Bebê","972","31","Tier 2 — llevaría a 15.000 items"
"5541761078","Kit Enxoval 30 Peças Roupinha De Bebê Body Calça Algodão","Bebês","Roupas de Bebê","897","123","Tier 2 — llevaría a 15.000 items"
"5279643936","Kit 4 Peças Moletom Infantil Menino Com Capuz E Zíper","Bebês","Roupas de Bebê","891","68","Tier 2 — llevaría a 15.000 items"
"6218486040","Kit Bebê 6 Peças Moletom Peluciado Infantil Menina Inverno","Bebês","Roupas de Bebê","877","75","Tier 2 — llevaría a 15.000 items"
"2804365423","Kit 5 Macacão Em Malha Com Pé - (masculino E Feminino)","Bebês","Roupas de Bebê","821","70","Tier 2 — llevaría a 15.000 items"
"4543716117","144 Adesivo Repelente Infantil Bebê Sai Dai Mosquito Dengue Pernilongo Muriçocas Proteção 48h Citronela Natural Contra Insetos Colorido Divertido","Bebês","Saúde do Bebê","1060","27","Tier 2 — llevaría a 15.000 items"
"3937235319","Sugador Aspirador Nasal Elétrico Nariz Ouvido Bebê Criança","Bebês","Saúde do Bebê","1002","45","Tier 2 — llevaría a 15.000 items"
"6025117166","Sugador Aspirador Nasal Bebê Higiene Sucção Nariz Criança","Bebês","Saúde do Bebê","913","31","Tier 2 — llevaría a 15.000 items"
"5339971142","Adesivo Repelente Repellik 12und Contra Picada Inseto Likluc","Bebês","Saúde do Bebê","867","30","Tier 2 — llevaría a 15.000 items"
"5909623100","Aspirador Nasal Transparente Sucção Para Nariz Entupido Bebe","Bebês","Saúde do Bebê","865","30","Tier 2 — llevaría a 15.000 items"
"3972215179","Zabcon 10 Trava Gaveta Armário Segurança Protetor Bebe Transparente","Bebês","Segurança para Bebê","1006","41","Tier 2 — llevaría a 15.000 items"
"4256929551","12 Protetor Tomada Bebê Segurança Contra Choque Livenza","Bebês","Segurança para Bebê","910","19","Tier 2 — llevaría a 15.000 items"
"6250547022","Trava De Geladeira E Gavetas Armários Para Segurança De Crianças Bebes Infantil Com Adesivo Alta Fixação Lock Proteção Branco","Bebês","Segurança para Bebê","883","19","Tier 2 — llevaría a 15.000 items"
"4460001905","Babá Eletrônica Abm600 Câmera Semfio Visão Noturna 20h 3.5'' Lcd Tela Grande De Alta Definição Multifuncional Alarme Com Microfone 127/220v Branco","Bebês","Segurança para Bebê","859","251","Tier 2 — llevaría a 15.000 items"
"5385157814","Câmera Baba Eletrônica Wifi Sem Fio Visão Noturna Áudio 360° 127/220v Branco","Bebês","Segurança para Bebê","839","68","Tier 2 — llevaría a 15.000 items"
"4935535334","Taiff Black Ion Secador De Cabelo Profissional 2000w Cor Preto 127v","Beleza e Cuidado Pessoal","Artefatos para Cabelo","1098","210","Tier 2 — llevaría a 15.000 items"
"4305171087","Chapinha De Cabelo Taiff Style Pro Titanium Preta Cor Preto 127/220v","Beleza e Cuidado Pessoal","Artefatos para Cabelo","1096","171","Tier 2 — llevaría a 15.000 items"
"5687319818","Maquininha Barbear Barba Para Homens  Barbeador Elétrico, Conjunto Para Cabelo, 3 Em 1, Cortador Sem Fio, Trimmer De Precisão  Presente Para Homens, Maridos E Pais Preto 127/220v","Beleza e Cuidado Pessoal","Artefatos para Cabelo","1067","115","Tier 2 — llevaría a 15.000 items"
"3630523369","Prancha Alisadora By Juliette, Mondial 60w - P-ju-03 Violeta 127/220v","Beleza e Cuidado Pessoal","Artefatos para Cabelo","1056","147","Tier 2 — llevaría a 15.000 items"
"2184351127","Secador De Cabelo Taiff Style Profissional Azul 2000w Iônico Silencioso 127v","Beleza e Cuidado Pessoal","Artefatos para Cabelo","1046","195","Tier 2 — llevaría a 15.000 items"
"3796994849","Maquina De Cortar Cabelo Barbear Profissional Com Visor Dourado-escuro 127/220v","Beleza e Cuidado Pessoal","Artefatos para Cabelo","1040","57","Tier 2 — llevaría a 15.000 items"
"6524649486","Chapinha Profissional Titanium Prancha Cabelo Para 127/220v Rosa 127/220v","Beleza e Cuidado Pessoal","Artefatos para Cabelo","1038","108","Tier 2 — llevaría a 15.000 items"
"5370537254","Escova Alisadora Black Rose, Mondial, 36w - Ea-07 Preto/rose 127/220v","Beleza e Cuidado Pessoal","Artefatos para Cabelo","1036","109","Tier 2 — llevaría a 15.000 items"
"3575313331","Secador De Cabelos Mondial 2000w - Scn-11 Grafine/rose 127v","Beleza e Cuidado Pessoal","Artefatos para Cabelo","1033","116","Tier 2 — llevaría a 15.000 items"
"4418883088","Maquina De Cortar Cabelo Profissional Turbo Sem Fio Original Dourado-escuro 110v/220v","Beleza e Cuidado Pessoal","Artefatos para Cabelo","1030","145","Tier 2 — llevaría a 15.000 items"
"4047414387","Escova Alisadora Qu4tro Elementos By Juliette Mondial Ea-ju- Cor Azul/rosa 127/220v","Beleza e Cuidado Pessoal","Artefatos para Cabelo","1012","120","Tier 2 — llevaría a 15.000 items"
"5351483120","Aparador Pelo Íntimo Masculino Kemei Km-1838 Prova D'água Preto Bivolt","Beleza e Cuidado Pessoal","Artefatos para Cabelo","1010","99","Tier 2 — llevaría a 15.000 items"
"3881715203","Maquina Maquininha De Barbear Cortar Cabelo Acabamento Dourada Potente Marca Kamufla Dourado","Beleza e Cuidado Pessoal","Artefatos para Cabelo","1009","24","Tier 2 — llevaría a 15.000 items"
"4184327547","Aparador De Pelos Elétrico Lecom Prova D'água Bivolt Barbear E Depilar Preto 127/220v","Beleza e Cuidado Pessoal","Artefatos para Cabelo","1001","74","Tier 2 — llevaría a 15.000 items"
"5552052604","Barbeador Elétrico Prova D'água Kemei Azul 127/220v","Beleza e Cuidado Pessoal","Artefatos para Cabelo","987","66","Tier 2 — llevaría a 15.000 items"
"3853728817","Chapinha De Cabelo Taiff Style Pro Titanium Preta Cor Preto 127/220v","Beleza e Cuidado Pessoal","Artefatos para Cabelo","984","182","Tier 2 — llevaría a 15.000 items"
"5402594624","Maquina Maquininha Aparador Depilador Intimo Pelos Masculino Dourado-escuro 127/220v","Beleza e Cuidado Pessoal","Artefatos para Cabelo","980","26","Tier 2 — llevaría a 15.000 items"
"3853660257","Secador De Cabelos Taiff New Tourmaline Ion 2100w Preto Pro 127v","Beleza e Cuidado Pessoal","Artefatos para Cabelo","970","283","Tier 2 — llevaría a 15.000 items"
"4448293937","Prancha Cerâmica Taiff Profissional 180° Preto","Beleza e Cuidado Pessoal","Artefatos para Cabelo","963","119","Tier 2 — llevaría a 15.000 items"
"4218354821","Aparador De Pelos Kemei Km-1845 Preto Resistente Água Bateria Recarregável 127/220v","Beleza e Cuidado Pessoal","Artefatos para Cabelo","958","92","Tier 2 — llevaría a 15.000 items"
"5966735918","Maquina Maquininha Dragão De Cortar Cabelo Profissional Majolevi Barbeador Eletrico Aparador De Pelos Trimmer Acabamento Metal Recarregavel Usb Dourado 127/220v","Beleza e Cuidado Pessoal","Artefatos para Cabelo","958","23","Tier 2 — llevaría a 15.000 items"
"4360307903","Maquina De Barbear 3 Em 1 Barbeador Depilador Elétrico Sem Fio Mateiro Aparador De Pelos Masculino Acabamento Corporal... Preto 127/220v","Beleza e Cuidado Pessoal","Artefatos para Cabelo","958","69","Tier 2 — llevaría a 15.000 items"
"4533546236","Escova Secadora Keratin, Mondial, 1300w - Es-11-bi Rosa-claro 127/220v","Beleza e Cuidado Pessoal","Artefatos para Cabelo","956","134","Tier 2 — llevaría a 15.000 items"
"3986748081","Secador Com Difusor Cachos Philco Super Potênte 2200w Oferta Rosa 110v/220v","Beleza e Cuidado Pessoal","Artefatos para Cabelo","942","177","Tier 2 — llevaría a 15.000 items"
"6526654944","Aparador De Pelos 4 Em 1 Kit Limpeza Masculino Cor Preto 127/220v","Beleza e Cuidado Pessoal","Artefatos para Cabelo","926","38","Tier 2 — llevaría a 15.000 items"
"4448137723","Taiff Prancha Profissional Cerâmica 180° Chapinha Cor Preto 127/220v","Beleza e Cuidado Pessoal","Artefatos para Cabelo","926","114","Tier 2 — llevaría a 15.000 items"
"6203861370","Prancha Chapinha Eleganza Plus 210°c Gama Bivolt Preto 127/220v","Beleza e Cuidado Pessoal","Artefatos para Cabelo","923","87","Tier 2 — llevaría a 15.000 items"
"5575158922","Secador De Cabelo Gama Italy Eleganza Plus 2100w Ceramic Ion Preto Profissional 220v","Beleza e Cuidado Pessoal","Artefatos para Cabelo","922","132","Tier 2 — llevaría a 15.000 items"
"4803658086","Escova Secadora Philco Pes19sg 3 Acessórios 1300w Cor Prata 127/220v","Beleza e Cuidado Pessoal","Artefatos para Cabelo","918","166","Tier 2 — llevaría a 15.000 items"
"5907839436","Escova Secadora Philco Pes19sg 3 Acessórios 1300w Cor Prata 127/220v","Beleza e Cuidado Pessoal","Artefatos para Cabelo","910","176","Tier 2 — llevaría a 15.000 items"
"4039445285","Secador De Cabelos 2200w Psc2300 Motor Dc Philco Cor Vermelho 127/220v","Beleza e Cuidado Pessoal","Artefatos para Cabelo","870","120","Tier 2 — llevaría a 15.000 items"
"4448085827","Prancha Cerâmica Profissional Classic 180° Taiff Bivolt Preto 127/220v","Beleza e Cuidado Pessoal","Artefatos para Cabelo","867","106","Tier 2 — llevaría a 15.000 items"
"3910906947","Barbeador Aparador Cortador Kemei 3 Em 1 Km-6558 Recarregável Preto 127/220v","Beleza e Cuidado Pessoal","Artefatos para Cabelo","865","55","Tier 2 — llevaría a 15.000 items"
"5610971808","Maquina De Cortar Cabelo Kamufla Barbeador Eletrico Acabamento Dragão Com 6 Pentes Recarregável Sem Fio Dourada 127/220v","Beleza e Cuidado Pessoal","Artefatos para Cabelo","863","23","Tier 2 — llevaría a 15.000 items"
"5223312412","Secador Taiff Tourmaline Íon 2100w  Alta Performance Preto 127v","Beleza e Cuidado Pessoal","Artefatos para Cabelo","859","308","Tier 2 — llevaría a 15.000 items"
"4513056610","Prancha Alisadora By Juliette Mondial Verde Oliva Bivolt P-ju-02 127/220v","Beleza e Cuidado Pessoal","Artefatos para Cabelo","852","146","Tier 2 — llevaría a 15.000 items"
"4516263697","Kemei Profissional De Cortar Cabelo Km-1550 Cinza-escuro 127/220v","Beleza e Cuidado Pessoal","Artefatos para Cabelo","851","99","Tier 2 — llevaría a 15.000 items"
"4458339701","Chapinha Nano Titanium Profissional Prancha Bivolt Azul 127/220v","Beleza e Cuidado Pessoal","Artefatos para Cabelo","848","58","Tier 2 — llevaría a 15.000 items"
"3868636425","Prancha Cerâmica Taiff Profissional 180° Preto","Beleza e Cuidado Pessoal","Artefatos para Cabelo","844","118","Tier 2 — llevaría a 15.000 items"
"3968164117","Secador De Cabelos Philco Psa3250 Íons Tourmaline 2100w Cor Preto 220v","Beleza e Cuidado Pessoal","Artefatos para Cabelo","840","124","Tier 2 — llevaría a 15.000 items"
"5575159060","Secador De Cabelo Gama Italy Babosa Ceramic Ion 2100w 127v","Beleza e Cuidado Pessoal","Artefatos para Cabelo","838","154","Tier 2 — llevaría a 15.000 items"
"5263383098","Secador De Cabelo By Juliette Mondial 1200w - Sct-ju-03 Azul/rosa 127/220v","Beleza e Cuidado Pessoal","Artefatos para Cabelo","838","86","Tier 2 — llevaría a 15.000 items"
"4094622811","Escova Secadora Alisadora Elgin Agile Glossy Roxo","Beleza e Cuidado Pessoal","Artefatos para Cabelo","834","79","Tier 2 — llevaría a 15.000 items"
"5346878282","Secador De Cabelo Bsc21a Viih Tube Britânia 2100w Bivolt Rosa 127/220v","Beleza e Cuidado Pessoal","Artefatos para Cabelo","831","156","Tier 2 — llevaría a 15.000 items"
"4064737509","Máquina De Cortar Cabelo Profissional Sem Fio Com Visor Led Lâmina De Titânio Com Alavanca De Regulagem Dourado 127/220v","Beleza e Cuidado Pessoal","Artefatos para Cabelo","823","100","Tier 2 — llevaría a 15.000 items"
"4371511753","Kit 10 Escovas Mágicas Desembaraçadora Profissional Atacado Sortidas/aleatorias","Beleza e Cuidado Pessoal","Artigos para Cabeleireiros","1083","33","Tier 2 — llevaría a 15.000 items"
"4578923240","Pente Escova De Cabelo Raquete Flex Desembaraçadora Mágica","Beleza e Cuidado Pessoal","Artigos para Cabeleireiros","1077","19","Tier 2 — llevaría a 15.000 items"
"3537525839","Kit 12 Presilhas Prendedor De Cabelo Bico Jacaré Crocodilo Arte Sedução Presilha Cabeleireiro Penteado Preto","Beleza e Cuidado Pessoal","Artigos para Cabeleireiros","1055","24","Tier 2 — llevaría a 15.000 items"
"4404258185","Conjunto Escova Onda Fitagem 2 Pecas Borrifador Spray Cabelo Multicolorido","Beleza e Cuidado Pessoal","Artigos para Cabeleireiros","1054","25","Tier 2 — llevaría a 15.000 items"
"5790722470","Escova Profissional De Cabelo Térmica Cerdas Javali/nylon 12 Rosa","Beleza e Cuidado Pessoal","Artigos para Cabeleireiros","1043","29","Tier 2 — llevaría a 15.000 items"
"5108051664","Kit Gypsy 4 Cabelo 2 Jumbo 400 Gramas +2 Nina Softex + Anéis","Beleza e Cuidado Pessoal","Artigos para Cabeleireiros","1025","67","Tier 2 — llevaría a 15.000 items"
"4469972561","4 Touca Nero Cabelo Com Barra Dormir Wig Alisa Cabelo Trança Preto","Beleza e Cuidado Pessoal","Artigos para Cabeleireiros","1022","19","Tier 2 — llevaría a 15.000 items"
"6581216538","Tesoura Cortar Cabelo Cabeleireiro Laser Descanso Dedo Inox Prateado","Beleza e Cuidado Pessoal","Artigos para Cabeleireiros","998","25","Tier 2 — llevaría a 15.000 items"
"4211471215","Escova De Madeira Natural Tecnologia Anti Frizz Bactericida Bambu Anti Frizz Quadrada","Beleza e Cuidado Pessoal","Artigos para Cabeleireiros","993","38","Tier 2 — llevaría a 15.000 items"
"1327960958","Fita Protese Capilar Ultra Gold 20m X 2,5cm - Dupla Face","Beleza e Cuidado Pessoal","Artigos para Cabeleireiros","986","60","Tier 2 — llevaría a 15.000 items"
"4228553069","Escova Profissional De Cabelo Térmica Cerdas Javali/nylon 10 Rosa","Beleza e Cuidado Pessoal","Artigos para Cabeleireiros","961","26","Tier 2 — llevaría a 15.000 items"
"6246843904","Kit 3 Toucas De Cetim Seda Hidratação Noturna Protege Fios Dormir Toca Antifrizz Tocas Sem Frizz Touca Cabelo Cabelos Cachos Cacheados Não Embaraça Anti Embaraçamento Aumenta Brilho Luxo","Beleza e Cuidado Pessoal","Artigos para Cabeleireiros","939","19","Tier 2 — llevaría a 15.000 items"
"5248878270","Escova Fina Para Acabamento E Penteado - Proart","Beleza e Cuidado Pessoal","Artigos para Cabeleireiros","936","26","Tier 2 — llevaría a 15.000 items"
"6189012336","Kit 2 Touca De Cetim Com Faixa Anti Frizz Hidratação Luxo Lf Rosa/preto Cetim Simples","Beleza e Cuidado Pessoal","Artigos para Cabeleireiros","931","24","Tier 2 — llevaría a 15.000 items"
"5066918214","Frascos Borrifador Pulverizador 500ml Spray 5 Unid","Beleza e Cuidado Pessoal","Artigos para Cabeleireiros","911","22","Tier 2 — llevaría a 15.000 items"
"4449624521","Cabelo French Cul 5x 400g Tranças Ondulado Cherey 60cm","Beleza e Cuidado Pessoal","Artigos para Cabeleireiros","902","45","Tier 2 — llevaría a 15.000 items"
"3307739634","Fita Dupla Face Royal Tape Gold Pro 20m Prótese Capilar 25mm","Beleza e Cuidado Pessoal","Artigos para Cabeleireiros","901","61","Tier 2 — llevaría a 15.000 items"
"4445460083","Kit 5 Escovas Raquete Polvo Magica Massageador Touca Cetim Rosa","Beleza e Cuidado Pessoal","Artigos para Cabeleireiros","890","28","Tier 2 — llevaría a 15.000 items"
"4140739197","Touca De Dormir Grande Cetim Dupla Face Ajustável","Beleza e Cuidado Pessoal","Artigos para Cabeleireiros","884","24","Tier 2 — llevaría a 15.000 items"
"3635405853","Kit 10 Pentes Guia Profissional Bahwolf Para Kemei E Wahl Cinza-escuro","Beleza e Cuidado Pessoal","Artigos para Cabeleireiros","876","27","Tier 2 — llevaría a 15.000 items"
"4543581007","Escova Massageadora Capilar Cabelo 4 Em 1 Led Terapêutica Preto","Beleza e Cuidado Pessoal","Artigos para Cabeleireiros","873","39","Tier 2 — llevaría a 15.000 items"
"6228804694","Tesoura Cortar Cabelo Cabeleireiro Descanso Dedo Inox 17cm Aspe Shop","Beleza e Cuidado Pessoal","Artigos para Cabeleireiros","868","24","Tier 2 — llevaría a 15.000 items"
"6365714946","Escova Massageadora Capilar 4 Em 1 Led Terapêutica Cabelo Preto","Beleza e Cuidado Pessoal","Artigos para Cabeleireiros","867","45","Tier 2 — llevaría a 15.000 items"
"4353894386","2 Frascos Borrifador Pulverizador 500ml Spray Me","Beleza e Cuidado Pessoal","Artigos para Cabeleireiros","857","25","Tier 2 — llevaría a 15.000 items"
"4431684769","Fita Adesiva Gold Original 20m  Para Prótese Capilar Peruca","Beleza e Cuidado Pessoal","Artigos para Cabeleireiros","842","71","Tier 2 — llevaría a 15.000 items"
"4259018535","Kit Tesoura Profissional Cabeleireiro Barbeiro Fio Navalha Dourado","Beleza e Cuidado Pessoal","Artigos para Cabeleireiros","841","48","Tier 2 — llevaría a 15.000 items"
"4230745039","Aparador Pelos Íntimos Cabelo Barba Sem Fio Clipper Max Pro Preto 127/220v","Beleza e Cuidado Pessoal","Barbearia","1091","160","Tier 2 — llevaría a 15.000 items"
"3719315028","Kit Navalhete Profissional + 10 Lâminas Aço Inox Rosto","Beleza e Cuidado Pessoal","Barbearia","1080","20","Tier 2 — llevaría a 15.000 items"
"3956829721","Lâmina Wilkinson Barbear Aço Cartela 60 Unidades","Beleza e Cuidado Pessoal","Barbearia","1078","31","Tier 2 — llevaría a 15.000 items"
"4481743393","Tônico Poderoso Antiqueda Crescimento Cabelo E Barba 120ml Hortelã","Beleza e Cuidado Pessoal","Barbearia","1034","30","Tier 2 — llevaría a 15.000 items"
"5897103140","Desmatador 2.0 - Aparador Elétrico De Pelos - Manclub Preto 127/220v","Beleza e Cuidado Pessoal","Barbearia","1025","385","Tier 2 — llevaría a 15.000 items"
"1340959088","Aparelho De Barbear Bic Sensitive Shaver Pacote 56 Unidades","Beleza e Cuidado Pessoal","Barbearia","1009","56","Tier 2 — llevaría a 15.000 items"
"4498079174","Cartucho De Lamina Gillette Proshield Com 5 Lâminas Para Barbear 4 Unidades","Beleza e Cuidado Pessoal","Barbearia","1006","75","Tier 2 — llevaría a 15.000 items"
"4220852911","Produto Potente Acaba Falhas Nos Fios Contra Alopecia Calvo Frete Grátis","Beleza e Cuidado Pessoal","Barbearia","1005","31","Tier 2 — llevaría a 15.000 items"
"5558570502","Kemei Km-1910 Barbeador Elétrico Sem Fio Laranja Com Pentes Usb 3w 127/220v","Beleza e Cuidado Pessoal","Barbearia","987","66","Tier 2 — llevaría a 15.000 items"
"5019786792","Barberpro Íntimus Aparador De Pelos A Prova Dágua  Ultrapro Preto 127/220v","Beleza e Cuidado Pessoal","Barbearia","981","183","Tier 2 — llevaría a 15.000 items"
"3343493431","Carga Para Aparelho De Depilação Corporal Gillette Venus Ultra Comfort Spa, 4 Unidades","Beleza e Cuidado Pessoal","Barbearia","972","50","Tier 2 — llevaría a 15.000 items"
"4587526347","Carga Aparelho De Barbear Gillette Mach3 Sensitive Com Aloe 16 Unidades","Beleza e Cuidado Pessoal","Barbearia","957","52","Tier 2 — llevaría a 15.000 items"
"4269379719","Aparador De Pelos Íntimos E Cabelo Bivolt Sem Fio Ipx7 Preto 127/220v","Beleza e Cuidado Pessoal","Barbearia","876","192","Tier 2 — llevaría a 15.000 items"
"2670032399","Aparelho De Barbear Mach3 Sensitive + 1 Carga Gillette","Beleza e Cuidado Pessoal","Barbearia","873","20","Tier 2 — llevaría a 15.000 items"
"6175555378","Tônico Capilar Duo-xidil Homme Barba E Cabelo 100ml Fortlife Sem Fragrância","Beleza e Cuidado Pessoal","Barbearia","873","62","Tier 2 — llevaría a 15.000 items"
"4655010811","Gillette Mach3 Carga Para Aparelho 16 Uds","Beleza e Cuidado Pessoal","Barbearia","828","50","Tier 2 — llevaría a 15.000 items"
"4128752321","Lâmina De Barbear Lord Saloon Azul Metade Caixa Com 100 Und","Beleza e Cuidado Pessoal","Barbearia","823","22","Tier 2 — llevaría a 15.000 items"
"3985713457","Luvas De Silicone Avon Care Creme Protetor Para As Mãos 75g Fragância Suave","Beleza e Cuidado Pessoal","Cuidados com a Pele","1098","11","Tier 2 — llevaría a 15.000 items"
"4436520437","Hidratante Multi Com Rosa Mosqueta Bepantol Derma 20g Todo Tipo De Pele Dia/noite","Beleza e Cuidado Pessoal","Cuidados com a Pele","1094","35","Tier 2 — llevaría a 15.000 items"
"4454364643","Principia Sérum 10% Niacinamida + 1% Zinco Pca Nc-10 30 Ml Todo Tipo De Pele Dia/noite","Beleza e Cuidado Pessoal","Cuidados com a Pele","1091","53","Tier 2 — llevaría a 15.000 items"
"1847358557","Nivea Loção Hidratante Firmador Q10 + Vitamina C 200ml, Bbb 26, Hidratação Intensa 48h, Pele Firme E Elasticidade, Corporal, Todos Os Tipos De Pele","Beleza e Cuidado Pessoal","Cuidados com a Pele","1083","25","Tier 2 — llevaría a 15.000 items"
"6419346114","Gel Clínico Condutor Multigel 5000ml Solúvel Em Água Neutra","Beleza e Cuidado Pessoal","Cuidados com a Pele","1083","28","Tier 2 — llevaría a 15.000 items"
"4013726737","Bioré Protetor Solar Facial Uv Perfect Milk Fps 50 - 40ml","Beleza e Cuidado Pessoal","Cuidados com a Pele","1076","62","Tier 2 — llevaría a 15.000 items"
"2688942705","Nivea Hidratante Labial Cereja Shine 4,8g, Bbb 26, Hidratação Intensa 24h, Cor Suave, Brilho Delicado, Cuidado Diário, Manteiga De Karité","Beleza e Cuidado Pessoal","Cuidados com a Pele","1075","19","Tier 2 — llevaría a 15.000 items"
"3848604513","Kit Protetor Solar Sundown Praia Piscina Fps50 200ml + 100ml","Beleza e Cuidado Pessoal","Cuidados com a Pele","1070","56","Tier 2 — llevaría a 15.000 items"
"6470323828","Aparelho Cuphead Ch-1265 Estética Alta Frequência Portátil Facial Capilar Limpeza Pele Eletroterapia Skin Care Profissional Anti Rugas 127/220v Branco","Beleza e Cuidado Pessoal","Cuidados com a Pele","1062","70","Tier 2 — llevaría a 15.000 items"
"3319698939","Protetor Solar Antioleosidade Fps 60 1.0 Solar Expertise L'oréal Paris 40g","Beleza e Cuidado Pessoal","Cuidados com a Pele","1061","41","Tier 2 — llevaría a 15.000 items"
"5784318774","Principia Gel De Limpeza Facial Gl-01 200g","Beleza e Cuidado Pessoal","Cuidados com a Pele","1052","43","Tier 2 — llevaría a 15.000 items"
"4080484043","Gel K-med 2 Em 1 Para Massagem E Lubrificante Íntimo Cimed Neutra","Beleza e Cuidado Pessoal","Cuidados com a Pele","1051","28","Tier 2 — llevaría a 15.000 items"
"4595634151","Kit Facial Kokeshi Completo 3 Passos Hidratação E Colágeno","Beleza e Cuidado Pessoal","Cuidados com a Pele","1048","80","Tier 2 — llevaría a 15.000 items"
"4075852567","Creme Barreira De Pele Comfeel Coloplast 4720 Neutra","Beleza e Cuidado Pessoal","Cuidados com a Pele","1042","44","Tier 2 — llevaría a 15.000 items"
"4188271181","Adesivos P/ Acne Espinhas Estrela Coloridas 200 Hidrocoloide Acneica Dia/noite","Beleza e Cuidado Pessoal","Cuidados com a Pele","1039","20","Tier 2 — llevaría a 15.000 items"
"5374483112","Oleo Essencial Lavanda Via Aroma 10ml Puro E Natural","Beleza e Cuidado Pessoal","Cuidados com a Pele","1034","23","Tier 2 — llevaría a 15.000 items"
"2108117249","Nivea Men Creme 4 Em 1 75g - Hidratação Intensa, Evita Ressecamento, Com Vitamina E, Textura Creme, Rápida Absorção","Beleza e Cuidado Pessoal","Cuidados com a Pele","1026","27","Tier 2 — llevaría a 15.000 items"
"3863810316","Gel De Limpeza Facial Darrow Actine Pele Oleosa E Acneica Refil 300g","Beleza e Cuidado Pessoal","Cuidados com a Pele","1023","49","Tier 2 — llevaría a 15.000 items"
"5397483290","Gel De Limpeza Creamy Skincare Antioleosidade 200ml","Beleza e Cuidado Pessoal","Cuidados com a Pele","1015","61","Tier 2 — llevaría a 15.000 items"
"3138789171","Eucerin Creme De Mãos Clareador De Manchas 75ml, Anti-pigment, Antimanchas, Thiamidol Neutra","Beleza e Cuidado Pessoal","Cuidados com a Pele","1010","124","Tier 2 — llevaría a 15.000 items"
"5950905524","O Boticário Kit Presente Lily Soleil (3 Itens)","Beleza e Cuidado Pessoal","Cuidados com a Pele","1008","168","Tier 2 — llevaría a 15.000 items"
"4186648429","Principia Kit Protetor Solar Facial Ps-01 Fps60","Beleza e Cuidado Pessoal","Cuidados com a Pele","1001","86","Tier 2 — llevaría a 15.000 items"
"5370772462","Dove Sérum Hidratante Corporal Niacinamida + Uniformizador 380 Ml Suave","Beleza e Cuidado Pessoal","Cuidados com a Pele","991","37","Tier 2 — llevaría a 15.000 items"
"3111508490","Cerave Creme Renovador Para Os Pés 88g Neutra","Beleza e Cuidado Pessoal","Cuidados com a Pele","989","85","Tier 2 — llevaría a 15.000 items"
"4592229277","Garnier Hidratante Hialurônico Toque Seco 85g Todo Tipo De Pele Dia/noite","Beleza e Cuidado Pessoal","Cuidados com a Pele","986","38","Tier 2 — llevaría a 15.000 items"
"5546056512","Creamy Skincare Calming Cream 40g | Acalma A Pele Sensibilizada, Alívio Rápido Em Casos De Vermelhidão, Rápida Absorção | Todos Os Tipos De Pele, Especialmente Sensíveis Todo Tipo De Pele Dia/noite","Beleza e Cuidado Pessoal","Cuidados com a Pele","983","51","Tier 2 — llevaría a 15.000 items"
"4013936253","Sabonete Facial Em Espuma Bioré Marshmallow Whip Para Todos Os Tipos De Pele Todo Tipo De Pele Dia/noite","Beleza e Cuidado Pessoal","Cuidados com a Pele","981","40","Tier 2 — llevaría a 15.000 items"
"5742656828","Hidratante Multi Com Rosa Mosqueta Bepantol Derma 20g Momento De Aplicação Dia/noite Tipo De Pele Todo Tipo De Pele","Beleza e Cuidado Pessoal","Cuidados com a Pele","980","36","Tier 2 — llevaría a 15.000 items"
"4038063916","Óleo De Banho Higiene Hidratante Diária Atoderm 1l Bioderma Perfume Ligeiro","Beleza e Cuidado Pessoal","Cuidados com a Pele","974","196","Tier 2 — llevaría a 15.000 items"
"4190276359","Sérum Facial Antirugas Noturno Com Retinol Puro L'oréal Paris Revitalift 30ml Todo Tipo De Pele Noite","Beleza e Cuidado Pessoal","Cuidados com a Pele","971","99","Tier 2 — llevaría a 15.000 items"
"4116433667","Principia Kit Gl-02 + Gh-01 + Ps-01 Todo Tipo De Pele Dia/noite","Beleza e Cuidado Pessoal","Cuidados com a Pele","969","125","Tier 2 — llevaría a 15.000 items"
"5259700044","Protetor Solar Em Bastão Com Cor Fps 95 #30","Beleza e Cuidado Pessoal","Cuidados com a Pele","964","138","Tier 2 — llevaría a 15.000 items"
"2695718730","Sérum Facial Fortalecedor Com Ácido Hialurônico Puro E Minerais Para Hidratação Intensa E Proteção Da Barreira Cutânea Para Todos Tipos De Peles Vichy Minéral 89 30ml Todo Tipo De Pele Dia/noite","Beleza e Cuidado Pessoal","Cuidados com a Pele","963","116","Tier 2 — llevaría a 15.000 items"
"3962415507","Protetor Solar Bastão Fps90 Com Cor 3 15g Sallve","Beleza e Cuidado Pessoal","Cuidados com a Pele","959","82","Tier 2 — llevaría a 15.000 items"
"3106612626","Creme Hidratante Para Pele Seca E Extra Seca Com 3 Ceramidas E Ácido Hialurônico Hidratação 48h Cerave 200g","Beleza e Cuidado Pessoal","Cuidados com a Pele","959","71","Tier 2 — llevaría a 15.000 items"
"3375186547","Nivea Água Micelar Solução De Limpeza 7 Em 1 Efeito Matte 200ml, Demaquila, Limpa Profundamente, Controla Oleosidade, Cuidado Facial, Pele Mista E Oleosa","Beleza e Cuidado Pessoal","Cuidados com a Pele","956","24","Tier 2 — llevaría a 15.000 items"
"4206315685","Máscara Modeladora Facial V-line Lifting Definição Do Rosto Todo Tipo De Pele","Beleza e Cuidado Pessoal","Cuidados com a Pele","955","22","Tier 2 — llevaría a 15.000 items"
"2753261314","1 Gel Barriga Seca Em 5 Dias Alta Tecnologia Termogênica Antigo 500g Cânfora","Beleza e Cuidado Pessoal","Cuidados com a Pele","943","39","Tier 2 — llevaría a 15.000 items"
"4376802748","Gel De Limpeza Facial Intensivo, Para Pele Oleosa E Acneica, Com Ingredientes De Origem Natural, Remove Oleosidade, Reduz Acne E Previne Reaparecimento, Normaderm Phytosolution Vichy 300g","Beleza e Cuidado Pessoal","Cuidados com a Pele","942","89","Tier 2 — llevaría a 15.000 items"
"3539246756","Cicaplast Baume B5+ Creme Hidrata Repara 40ml La Roche-posay Todo Tipo De Pele Dia/noite","Beleza e Cuidado Pessoal","Cuidados com a Pele","941","65","Tier 2 — llevaría a 15.000 items"
"2743036874","Nivea Gel Esfoliante Facial Blueberry 75g, Limpeza Profunda, Renovação Celular, Esfoliante Natural, Pele Normal E Seca Normal A Seca Dia/noite","Beleza e Cuidado Pessoal","Cuidados com a Pele","940","23","Tier 2 — llevaría a 15.000 items"
"3001428629","Pomada Reparadora Intensiva Aquaphor Pele Extrasseca 2x10ml Eucerin Neutra","Beleza e Cuidado Pessoal","Cuidados com a Pele","934","74","Tier 2 — llevaría a 15.000 items"
"2913763373","Loção De Limpeza Hidratante Para Pele Normal A Seca Cerave 473ml Não Possui","Beleza e Cuidado Pessoal","Cuidados com a Pele","933","87","Tier 2 — llevaría a 15.000 items"
"6538257020","Sérum Nivea Sun 2 Em 1 Primer Daily Uv Fps70 - 30ml","Beleza e Cuidado Pessoal","Cuidados com a Pele","932","47","Tier 2 — llevaría a 15.000 items"
"3750827561","Nivea Mousse De Limpeza Facial Refrescante 150ml, Limpa Profundamente, Remove Impurezas, Pele Macia, Uso Diário","Beleza e Cuidado Pessoal","Cuidados com a Pele","931","28","Tier 2 — llevaría a 15.000 items"
"4016776677","O Boticário Nativa Spa Óleo Corporal Uva Merlot 200ml","Beleza e Cuidado Pessoal","Cuidados com a Pele","931","53","Tier 2 — llevaría a 15.000 items"
"4566381839","Sérum Facial Mix 02 5% Cafeína + 3% Tranexâmico + Ferúlico Skincare Anti Olheiras E Manchas Com 30ml Principia Todo Tipo De Pele Dia/noite","Beleza e Cuidado Pessoal","Cuidados com a Pele","929","51","Tier 2 — llevaría a 15.000 items"
"4898878462","Adcos Protetor Solar Stick Tonalizante Fps 80 Beige 17g","Beleza e Cuidado Pessoal","Cuidados com a Pele","921","147","Tier 2 — llevaría a 15.000 items"
"3729175809","Água Micelar Purificante 5 Em 1, Limpa, Demaquila, Purifica, Suaviza E Reequilibra, Para Todos Os Tipos De Pele, Dermo Expertise L'oréal Paris, 400ml Todo Tipo De Pele Dia/noite","Beleza e Cuidado Pessoal","Cuidados com a Pele","918","37","Tier 2 — llevaría a 15.000 items"
"6600838718","Nivea Luminous 630® Sérum Óleo Corporal Antiestrias 100ml, Reduz Marcas De Estrias, Hidratação Profunda 48h, Pele Uniforme Neutra","Beleza e Cuidado Pessoal","Cuidados com a Pele","916","23","Tier 2 — llevaría a 15.000 items"
"3709755412","Protetor Solar Facial Com Base Fps 60, Ação Clareadora Antibrilho, Previne Manchas Solares, Efeito Matte Toque Seco, Cor Clara, Clarify Capital Soleil Vichy 40g","Beleza e Cuidado Pessoal","Cuidados com a Pele","913","80","Tier 2 — llevaría a 15.000 items"
"3329816757","Nivea Esfoliante Facial Acne Control 75ml, Esfoliação Suave, Desobstrui Os Poros, Reduz Acne, Pele Com Tendência A Acne Oleosa Dia/noite","Beleza e Cuidado Pessoal","Cuidados com a Pele","912","28","Tier 2 — llevaría a 15.000 items"
"2791692060","Água Micelar Antioleosidade Vitamina C 400ml Garnier","Beleza e Cuidado Pessoal","Cuidados com a Pele","908","38","Tier 2 — llevaría a 15.000 items"
"6203393460","Kit Skin Care 5 Itens Vitamina C Clareador Facial","Beleza e Cuidado Pessoal","Cuidados com a Pele","907","40","Tier 2 — llevaría a 15.000 items"
"4360241557","Face Clean Gel 100%original,mancha,melasma,acne,sarda+brind","Beleza e Cuidado Pessoal","Cuidados com a Pele","907","106","Tier 2 — llevaría a 15.000 items"
"3945720361","Sérum Antirrugas Vitamin C12 Oil Control 30ml La Roche-posay Oleosa Dia/noite","Beleza e Cuidado Pessoal","Cuidados com a Pele","902","222","Tier 2 — llevaría a 15.000 items"
"3967741065","Nivea Lenços De Limpeza Facial Ação Hidratante 3 Em 1 25 Un., Limpeza Facial, Remove Maquiagem, Sensação De Hidratação, Pró-vitamina B5, Pele Seca","Beleza e Cuidado Pessoal","Cuidados com a Pele","899","23","Tier 2 — llevaría a 15.000 items"
"6196874546","Principia Sérum Retinol 0,3% + Vitamina E - Rn-0,3 Todo Tipo De Pele Noite","Beleza e Cuidado Pessoal","Cuidados com a Pele","898","52","Tier 2 — llevaría a 15.000 items"
"4278528492","Hidrante Corporal Epidrat Corpo Intensivo Com 450ml Mantecorp","Beleza e Cuidado Pessoal","Cuidados com a Pele","897","84","Tier 2 — llevaría a 15.000 items"
"3884301345","Ollie Pó Translúcido Facial Fps 30","Beleza e Cuidado Pessoal","Cuidados com a Pele","897","119","Tier 2 — llevaría a 15.000 items"
"3403937897","Hidratante Facial Epidrat Acqua 50ml Mantecorp Skincare Todo Tipo De Pele Dia/noite","Beleza e Cuidado Pessoal","Cuidados com a Pele","894","80","Tier 2 — llevaría a 15.000 items"
"3930806327","Principia Kit Anti-oleosidade Ps","Beleza e Cuidado Pessoal","Cuidados com a Pele","889","130","Tier 2 — llevaría a 15.000 items"
"4376802748","Gel De Limpeza Facial Intensivo, Para Pele Oleosa E Acneica, Com Ingredientes De Origem Natural, Remove Oleosidade, Reduz Acne E Previne Reaparecimento, Normaderm Vichy 300g Dia/noite","Beleza e Cuidado Pessoal","Cuidados com a Pele","885","89","Tier 2 — llevaría a 15.000 items"
"4434389465","Anasol Protetor Solar Facial Clareador Fps 70","Beleza e Cuidado Pessoal","Cuidados com a Pele","884","46","Tier 2 — llevaría a 15.000 items"
"5284393570","Protetor Solar 2 Em 1 Avon Invisível En Crema Fps50 200g","Beleza e Cuidado Pessoal","Cuidados com a Pele","880","39","Tier 2 — llevaría a 15.000 items"
"2716074299","Sérum Facial Hidratante Com Ácido Hialurônico E Minerais, Fortalece E Hidrata A Pele Textura Gel Absorção Rápida, Minéral 89 Vichy 50ml Todo Tipo De Pele Dia/noite","Beleza e Cuidado Pessoal","Cuidados com a Pele","872","168","Tier 2 — llevaría a 15.000 items"
"3402020171","Elimina Verrugas Hpv E Condilomas Elimina Á Raiz Sem Retorno","Beleza e Cuidado Pessoal","Cuidados com a Pele","864","29","Tier 2 — llevaría a 15.000 items"
"3829149376","Protetor Solar Facial Com Cor Média Fps60 Previne Manchas Clareia E Uniformiza A Pele Textura Toque Seco Anti-brilho Capital Soleil Clarify Vichy 40g","Beleza e Cuidado Pessoal","Cuidados com a Pele","862","86","Tier 2 — llevaría a 15.000 items"
"4293475716","Clareador Corporal Para Áreas Íntimas E Sensíveis Bioderma Pigmentbio Sensitive Areas 75ml Sem Fragrância","Beleza e Cuidado Pessoal","Cuidados com a Pele","860","143","Tier 2 — llevaría a 15.000 items"
"3699523030","Mantecorp Gel Rejuvenescedor Facial Ivy C Aox 30g Todo Tipo De Pele Noite","Beleza e Cuidado Pessoal","Cuidados com a Pele","857","170","Tier 2 — llevaría a 15.000 items"
"4478238857","Mascara Modeladora Rosto Lifting Skin Care Papada Antirrugas Gurumania Todo Tipo De Pele","Beleza e Cuidado Pessoal","Cuidados com a Pele","857","25","Tier 2 — llevaría a 15.000 items"
"4059704415","Rosa Mosqueta Rubiginosa Óleo Vegetal 100% Puro E Natural Clareador E Antimanchas - 30ml Neutra","Beleza e Cuidado Pessoal","Cuidados com a Pele","851","27","Tier 2 — llevaría a 15.000 items"
"3858222959","120un Máscara Descartável Desidratada Limpeza Facial Normal","Beleza e Cuidado Pessoal","Cuidados com a Pele","846","29","Tier 2 — llevaría a 15.000 items"
"3397840013","Darrow Actine Gel De Limpeza Dermatológico Facial 140g","Beleza e Cuidado Pessoal","Cuidados com a Pele","844","39","Tier 2 — llevaría a 15.000 items"
"6228011448","Principia Sérum Antissinais 10% Peptídeos Matryxil","Beleza e Cuidado Pessoal","Cuidados com a Pele","843","52","Tier 2 — llevaría a 15.000 items"
"4223888019","Nivea Luminous630 Skin Glow Sérum 15ml, Pele Uniforme, Glow Instantâneo, Reduz Manchas E Poros, Hidrata, Cuidado Facial Diário Todo Tipo De Pele Dia/noite","Beleza e Cuidado Pessoal","Cuidados com a Pele","841","59","Tier 2 — llevaría a 15.000 items"
"4560979211","Eucerin Sérum Facial Anti-idade Epigenetic 30ml, Antirrugas, Epicelline, Ácido Hialurônico, Antissinais, Pele Madura Todo Tipo De Pele Dia/noite","Beleza e Cuidado Pessoal","Cuidados com a Pele","839","315","Tier 2 — llevaría a 15.000 items"
"4118419341","200x Adesivos P/ Acne Seca Espinha Inflamada - Estrelas","Beleza e Cuidado Pessoal","Cuidados com a Pele","829","22","Tier 2 — llevaría a 15.000 items"
"6242762384","Celimax Retinal Shot Tightening Booster 15ml Pele Corean Todo Tipo De Pele Dia/noite","Beleza e Cuidado Pessoal","Cuidados com a Pele","828","183","Tier 2 — llevaría a 15.000 items"
"4406315759","Serum Fortalecedor Facial Mineral 89 Vichy 50ml Todo Tipo De Pele Dia/noite","Beleza e Cuidado Pessoal","Cuidados com a Pele","822","121","Tier 2 — llevaría a 15.000 items"
"4365040559","Emulsão Cetaphil Corporal Kit Cetaphil Loção Hidratante Corporal E Facial En Dispensador 473ml Neutra - Kit X 2 Unidades","Beleza e Cuidado Pessoal","Cuidados com a Pele","821","159","Tier 2 — llevaría a 15.000 items"
"3603431687","Avène Cleanance Gel Intense 400g Pele Oleosa Ou Com Tendência A Acne Dia/noite","Beleza e Cuidado Pessoal","Cuidados com a Pele","821","82","Tier 2 — llevaría a 15.000 items"
"3010427425","Shampoo Purificante Para Cabelos Oleosos, Limpeza Profunda Sem Ressecar Os Fios, Fórmula Com Ácido Salicílico E Zinco Pca, Oil-correction Vichy Dercos 300ml","Beleza e Cuidado Pessoal","Cuidados com o Cabelo","1097","110","Tier 2 — llevaría a 15.000 items"
"3644822877","Máscara De Hidratação Morte Súbita 450g Lola Cosmetics","Beleza e Cuidado Pessoal","Cuidados com o Cabelo","1091","32","Tier 2 — llevaría a 15.000 items"
"6207469098","Kit Completo Elseve Collagen Lifter 5 Produtos L`oréal Paris","Beleza e Cuidado Pessoal","Cuidados com o Cabelo","1091","153","Tier 2 — llevaría a 15.000 items"
"4526110763","Shampoo Cobre Cabelos Grisalhos De Corantes Natural 125g","Beleza e Cuidado Pessoal","Cuidados com o Cabelo","1087","48","Tier 2 — llevaría a 15.000 items"
"4457566396","Pomada Em Pó Masculina Fox For Men Efeito Matte 7g","Beleza e Cuidado Pessoal","Cuidados com o Cabelo","1085","30","Tier 2 — llevaría a 15.000 items"
"2743234439","Máscara Ultra Hidratante Forever Liss Btx Zero 250g","Beleza e Cuidado Pessoal","Cuidados com o Cabelo","1084","50","Tier 2 — llevaría a 15.000 items"
"2787296531","Shampoo Anticaspa Sensível Acalma Couro Cabeludo E Remove A Caspa Desde O Primeiro Uso Com Ação Antirrecidiva 6 Semanas Sem Sulfato Dercos Vichy 200ml","Beleza e Cuidado Pessoal","Cuidados com o Cabelo","1077","96","Tier 2 — llevaría a 15.000 items"
"3272797429","Clear Men Shampoo Anticaspa Limpeza Diária 2 Em 1 400ml","Beleza e Cuidado Pessoal","Cuidados com o Cabelo","1072","25","Tier 2 — llevaría a 15.000 items"
"4780755026","Óleo Nutritivo 3 Em 1 Ox Nutre 120ml","Beleza e Cuidado Pessoal","Cuidados com o Cabelo","1071","29","Tier 2 — llevaría a 15.000 items"
"5449246432","Gel Fixador Dagua Natural Hair 750g Sem Álcool Vitamina B5","Beleza e Cuidado Pessoal","Cuidados com o Cabelo","1067","30","Tier 2 — llevaría a 15.000 items"
"4421926051","Leave-in Finalizador Seca Sem Frizz Amend Essencial 180ml","Beleza e Cuidado Pessoal","Cuidados com o Cabelo","1058","35","Tier 2 — llevaría a 15.000 items"
"3397864567","Shampoo Anticaspa Intensivo Doctar Plus 240ml Darrow","Beleza e Cuidado Pessoal","Cuidados com o Cabelo","1051","94","Tier 2 — llevaría a 15.000 items"
"6153159434","Kit Pós-química 250ml E Reconstrutor 210ml Bio Extratus","Beleza e Cuidado Pessoal","Cuidados com o Cabelo","1050","131","Tier 2 — llevaría a 15.000 items"
"5909815602","Creme De Pentear Waves 500ml Cabelos Cacheados E Ondulados Definição Hidratante Controle De Frizz Brilho Intenso Biotina D-pantenol Karité Óleo De Coco Uso Diário","Beleza e Cuidado Pessoal","Cuidados com o Cabelo","1049","72","Tier 2 — llevaría a 15.000 items"
"3655183003","Pomada Modeladora  Incolor Ultra Fixação 500g  Alpha Hair","Beleza e Cuidado Pessoal","Cuidados com o Cabelo","1046","31","Tier 2 — llevaría a 15.000 items"
"4117971907","Óleo De Rícino Prensado A Frio 100% Puro 500ml","Beleza e Cuidado Pessoal","Cuidados com o Cabelo","1043","36","Tier 2 — llevaría a 15.000 items"
"5358120494","Wella Professionals Oil Reflections Luminous Reveal Restaure","Beleza e Cuidado Pessoal","Cuidados com o Cabelo","1037","168","Tier 2 — llevaría a 15.000 items"
"5383262598","Lola Rapunzel Kit Completo Cronograma De Crescimento","Beleza e Cuidado Pessoal","Cuidados com o Cabelo","1033","128","Tier 2 — llevaría a 15.000 items"
"5540405926","Maquiagem Pó Capilar Em 4g Retoque Cabelo Branco E Calvície","Beleza e Cuidado Pessoal","Cuidados com o Cabelo","1030","35","Tier 2 — llevaría a 15.000 items"
"4120313700","Coloração Capilar Itallian Color | Escolha A Cor","Beleza e Cuidado Pessoal","Cuidados com o Cabelo","1027","26","Tier 2 — llevaría a 15.000 items"
"4663006272","Creme Pentear Cachinhos Kids Cheirinho Uva Salon Line 1kg","Beleza e Cuidado Pessoal","Cuidados com o Cabelo","1021","36","Tier 2 — llevaría a 15.000 items"
"6087655744","Gelatina #todecacho Definição Natural 550g Salon Line","Beleza e Cuidado Pessoal","Cuidados com o Cabelo","1019","26","Tier 2 — llevaría a 15.000 items"
"3641332787","Leave-in De Tratamento Com Reparação Imediata 10 Em 1 E Proteção Térmica Elseve Cicatri Renov L'oréal Paris 100ml","Beleza e Cuidado Pessoal","Cuidados com o Cabelo","1015","28","Tier 2 — llevaría a 15.000 items"
"2907774555","Condicionador Reparador Para Cabelos Danificados E Com Química Ação Antifrizz E Hidratação Kera Solutions Dercos Vichy 200ml","Beleza e Cuidado Pessoal","Cuidados com o Cabelo","1010","98","Tier 2 — llevaría a 15.000 items"
"5259607986","Kit Progressiva Prohall Selagem 300ml Capilar Select On Selante Com 8 Items","Beleza e Cuidado Pessoal","Cuidados com o Cabelo","1004","95","Tier 2 — llevaría a 15.000 items"
"4024142171","Coloração Premium Illumina Color 60ml Wella Todas As Cores","Beleza e Cuidado Pessoal","Cuidados com o Cabelo","1000","43","Tier 2 — llevaría a 15.000 items"
"5408662004","Kit Terapia Capilar Óleo De Alecrim + Tônico Poderoso Rícino","Beleza e Cuidado Pessoal","Cuidados com o Cabelo","994","52","Tier 2 — llevaría a 15.000 items"
"3846551717","Tônico Rapunzel Lola Cosmetics 250ml","Beleza e Cuidado Pessoal","Cuidados com o Cabelo","993","38","Tier 2 — llevaría a 15.000 items"
"6235757186","Tonalizante Capilar Nouê Camuflage Light 140ml Loiro Loiro","Beleza e Cuidado Pessoal","Cuidados com o Cabelo","981","127","Tier 2 — llevaría a 15.000 items"
"4644886882","Kit Igora Royal Coloração Tinta Schwarzkopf + Ox 20 Vol 60ml","Beleza e Cuidado Pessoal","Cuidados com o Cabelo","978","46","Tier 2 — llevaría a 15.000 items"
"6523096540","Oil Reflections - Óleo Capilar 100ml Wella","Beleza e Cuidado Pessoal","Cuidados com o Cabelo","974","96","Tier 2 — llevaría a 15.000 items"
"3767497317","Condicionador Pantene Pro-v Miracles Colágeno Hidrata & Resgata","Beleza e Cuidado Pessoal","Cuidados com o Cabelo","966","63","Tier 2 — llevaría a 15.000 items"
"4592621698","Sérum Fortalecedor Anti Queda Génesis | 90ml | Kérastase Génesis","Beleza e Cuidado Pessoal","Cuidados com o Cabelo","963","360","Tier 2 — llevaría a 15.000 items"
"4592621694","Máscara Com Ação Anti-porosidade Para Cabelos Coloridos Sensíveis Ou Danificados De Médios A Grossos, Nutre E Protege A Cor, Chroma Absolu Chroma Filler, Kérastase, 200ml","Beleza e Cuidado Pessoal","Cuidados com o Cabelo","962","322","Tier 2 — llevaría a 15.000 items"
"5484415670","Adequado Para Shampoo De Cabelo Preto Polygonum Multiflorum","Beleza e Cuidado Pessoal","Cuidados com o Cabelo","949","48","Tier 2 — llevaría a 15.000 items"
"6222861052","Cera Modeladora Para Cabelos Efeito Brilho - Zacca 70g Luxo","Beleza e Cuidado Pessoal","Cuidados com o Cabelo","949","70","Tier 2 — llevaría a 15.000 items"
"4656927044","Tintura Grecin 5 Gel Barba E Bigode 28g Preto Preto","Beleza e Cuidado Pessoal","Cuidados com o Cabelo","948","55","Tier 2 — llevaría a 15.000 items"
"6552474902","Mirra Repair Évanes 60ml","Beleza e Cuidado Pessoal","Cuidados com o Cabelo","948","42","Tier 2 — llevaría a 15.000 items"
"6033746274","Progressiva Alisei Alisamento 250ml","Beleza e Cuidado Pessoal","Cuidados com o Cabelo","946","207","Tier 2 — llevaría a 15.000 items"
"2670279604","Clareador Hidratante Capilar Cabelos Sun In Phytoervas 120ml","Beleza e Cuidado Pessoal","Cuidados com o Cabelo","937","16","Tier 2 — llevaría a 15.000 items"
"1321662415","Kit Truss Miracle Duo (2 Produtos) Única","Beleza e Cuidado Pessoal","Cuidados com o Cabelo","932","154","Tier 2 — llevaría a 15.000 items"
"4140697175","Pomada Para Cabelo Masculino Efeito Seco Matte Mister James","Beleza e Cuidado Pessoal","Cuidados com o Cabelo","927","33","Tier 2 — llevaría a 15.000 items"
"5715906048","Tonico Turbo Crescimento Capilar 100ml","Beleza e Cuidado Pessoal","Cuidados com o Cabelo","926","20","Tier 2 — llevaría a 15.000 items"
"4764444772","Pasta Fox For Men Efeito Seco Modeladora 80g Escolha O Tipo","Beleza e Cuidado Pessoal","Cuidados com o Cabelo","923","19","Tier 2 — llevaría a 15.000 items"
"4313810955","Eximia Fortalize Pro 30 Comprimidos","Beleza e Cuidado Pessoal","Cuidados com o Cabelo","915","167","Tier 2 — llevaría a 15.000 items"
"5765640374","Spray Reconstrutor Uso Indispensável Beuse Bioextratus 210ml","Beleza e Cuidado Pessoal","Cuidados com o Cabelo","911","64","Tier 2 — llevaría a 15.000 items"
"3506213191","Shampoo Anticaspa Head & Shoulders Menta Ice 650 Ml","Beleza e Cuidado Pessoal","Cuidados com o Cabelo","897","30","Tier 2 — llevaría a 15.000 items"
"3780650009","Pomada Para Cabelo Brilho Super Heavy Hold - Red Nek 70g","Beleza e Cuidado Pessoal","Cuidados com o Cabelo","893","49","Tier 2 — llevaría a 15.000 items"
"4096138676","Shampoo Anticaspa Head & Shoulders Anticoceira 650 Ml","Beleza e Cuidado Pessoal","Cuidados com o Cabelo","892","32","Tier 2 — llevaría a 15.000 items"
"3939696987","Leave-in Finalizador Seca Sem Frizz Amend Essencial 180ml","Beleza e Cuidado Pessoal","Cuidados com o Cabelo","889","35","Tier 2 — llevaría a 15.000 items"
"4469938807","Gold Spell Tonico Poderoso Laranja 120ml Preenche Falhas","Beleza e Cuidado Pessoal","Cuidados com o Cabelo","888","71","Tier 2 — llevaría a 15.000 items"
"4007630231","Ducray Anaphase+ Shampoo Antiqueda Fortalecedor 400ml","Beleza e Cuidado Pessoal","Cuidados com o Cabelo","888","122","Tier 2 — llevaría a 15.000 items"
"3741131311","Acidificante Widi Care Acidificando A Juba 500ml","Beleza e Cuidado Pessoal","Cuidados com o Cabelo","883","45","Tier 2 — llevaría a 15.000 items"
"3479933437","Tintura Surya Brasil Creme Henna Creme 15 Tonalidades","Beleza e Cuidado Pessoal","Cuidados com o Cabelo","880","44","Tier 2 — llevaría a 15.000 items"
"4120303638","Leave-in Renovador De Pontas Para Cabelos Danificados, Antifrizz E Proteção Térmica, Dercos Kera Solutions, Vichy, 50ml","Beleza e Cuidado Pessoal","Cuidados com o Cabelo","877","81","Tier 2 — llevaría a 15.000 items"
"4060902315","Pomada Para Cabelo Masculino Fox 80g Todos Os Tipos","Beleza e Cuidado Pessoal","Cuidados com o Cabelo","873","19","Tier 2 — llevaría a 15.000 items"
"2824583976","Reconstrutor Sos Antiemborrachamento 300ml Forever Liss","Beleza e Cuidado Pessoal","Cuidados com o Cabelo","872","43","Tier 2 — llevaría a 15.000 items"
"3778630504","Shampoo Repositor Repara Cabelos Danificados, Reduz Os Danos Ação Antifrizz Por 48h Com Pro-keratin Complex Kera-solutions Vichy Dercos 200ml","Beleza e Cuidado Pessoal","Cuidados com o Cabelo","871","66","Tier 2 — llevaría a 15.000 items"
"4315472997","Kit Wella Pro Invigo Enrich Shampoo 1l + Condicionador 1l","Beleza e Cuidado Pessoal","Cuidados com o Cabelo","869","290","Tier 2 — llevaría a 15.000 items"
"6512546596","Shampoo Tonalizante Preto Grande 500 Ml Kaissara - Tintura 1 Preto","Beleza e Cuidado Pessoal","Cuidados com o Cabelo","869","25","Tier 2 — llevaría a 15.000 items"
"6470202720","Wella Oil Reflections - Óleo Capilar 100ml","Beleza e Cuidado Pessoal","Cuidados com o Cabelo","868","118","Tier 2 — llevaría a 15.000 items"
"3544922893","Tresemmé Shampoo Detox Capilar 650ml","Beleza e Cuidado Pessoal","Cuidados com o Cabelo","863","30","Tier 2 — llevaría a 15.000 items"
"5930152138","Shampoo Redutor De Grisalhos Control Gx Grecin - Kit C/2un","Beleza e Cuidado Pessoal","Cuidados com o Cabelo","855","153","Tier 2 — llevaría a 15.000 items"
"5926319666","Óleo Sérum Definição Natural 200ml Salon Line Toque Macio","Beleza e Cuidado Pessoal","Cuidados com o Cabelo","854","31","Tier 2 — llevaría a 15.000 items"
"6601251290","Truss Uso Obrigatório Reconstrutor Capilar 260ml","Beleza e Cuidado Pessoal","Cuidados com o Cabelo","853","77","Tier 2 — llevaría a 15.000 items"
"2664982497","Tônico Poderoso 250ml Gold Spell - Original","Beleza e Cuidado Pessoal","Cuidados com o Cabelo","852","137","Tier 2 — llevaría a 15.000 items"
"2894184590","Gummy Hair Vitamin Tutti-frutti Cabelo Pele E Unhas Original","Beleza e Cuidado Pessoal","Cuidados com o Cabelo","846","76","Tier 2 — llevaría a 15.000 items"
"4189655045","Truss Uso Obrigatório 260ml  Reconstrutor Capilar Multifuncional | Com Proteção Térmica, Brilho E Força Instantânea","Beleza e Cuidado Pessoal","Cuidados com o Cabelo","837","77","Tier 2 — llevaría a 15.000 items"
"4418037123","Kit Shampoo 1l + Condicionador 1l Collagen Karssellé","Beleza e Cuidado Pessoal","Cuidados com o Cabelo","836","41","Tier 2 — llevaría a 15.000 items"
"3767529601","Shampoo Pantene Pro-v Miracles Equilíbrio Limpa E Hidrata 1l","Beleza e Cuidado Pessoal","Cuidados com o Cabelo","835","56","Tier 2 — llevaría a 15.000 items"
"3678290903","Escova Progressiva 300g - Fashion Gold","Beleza e Cuidado Pessoal","Cuidados com o Cabelo","832","197","Tier 2 — llevaría a 15.000 items"
"4583046254","Lola Rapunzel Kit Completo Cronograma De Crescimento","Beleza e Cuidado Pessoal","Cuidados com o Cabelo","828","133","Tier 2 — llevaría a 15.000 items"
"5303913124","Óleo 10 Em 1 L'oréal Professionnel Absolut Repair 90ml","Beleza e Cuidado Pessoal","Cuidados com o Cabelo","827","158","Tier 2 — llevaría a 15.000 items"
"4736631342","Fluído Reparador Essential Braé Hair Repair Spray 260ml","Beleza e Cuidado Pessoal","Cuidados com o Cabelo","823","68","Tier 2 — llevaría a 15.000 items"
"6250650904","Creme Depila Sem Dor E Creme Clarear Axila Virilha E Pernas","Beleza e Cuidado Pessoal","Depilação","971","28","Tier 2 — llevaría a 15.000 items"
"5873384486","Kit Caneta Depiladora Sobrancelha + Batom Depilador Facial Eletrico Recarregavel - Crowley Branco 127/220v","Beleza e Cuidado Pessoal","Depilação","958","30","Tier 2 — llevaría a 15.000 items"
"4069995681","Rolo Aquecedor De Cera Quente Rolon Depilador Termocera","Beleza e Cuidado Pessoal","Depilação","902","30","Tier 2 — llevaría a 15.000 items"
"3632275901","Cera Depilação Corpo Chocolate Branco Pérola Depil Bella 1kg","Beleza e Cuidado Pessoal","Depilação","865","57","Tier 2 — llevaría a 15.000 items"
"5905399422","Álcool Antibactericida Tupi 70% 4 Unidades - Neutra","Beleza e Cuidado Pessoal","Farmácia","1070","59","Tier 2 — llevaría a 15.000 items"
"3840058229","Camisinha Preservativos Lubrificado Prudence 32 Un - Kit 4x8","Beleza e Cuidado Pessoal","Farmácia","961","48","Tier 2 — llevaría a 15.000 items"
"4501387295","Percarbonato De Sódio 100% Puro Tira Manchas Alvejante 1kg","Beleza e Cuidado Pessoal","Farmácia","879","20","Tier 2 — llevaría a 15.000 items"
"4179902097","Tira Manchas Em Pó Percarbonato De Sódio 100% Puro Remove 99,9% Das Manchas Alvejante Sem Cloro Para Roupas Brancas E Coloridas Marca- Key Paper","Beleza e Cuidado Pessoal","Farmácia","851","25","Tier 2 — llevaría a 15.000 items"
"6209973498","Percarbonato De Sódio 100% Puro Removedor De Manchas 2kg","Beleza e Cuidado Pessoal","Farmácia","834","28","Tier 2 — llevaría a 15.000 items"
"4130554810","Kit De Escovas De Dentes Colgate Slim Soft Black Com 4 Unidades Cores Sortidas","Beleza e Cuidado Pessoal","Higiene Pessoal","1099","28","Tier 2 — llevaría a 15.000 items"
"5459603326","Absorvente Externo Sempre Livre Adapt Com Abas Suave 32 Un","Beleza e Cuidado Pessoal","Higiene Pessoal","1096","14","Tier 2 — llevaría a 15.000 items"
"3394917417","Refil Para Escova Elétrica Oral-b Advanced Clean 2 Unidades Branco/azul","Beleza e Cuidado Pessoal","Higiene Pessoal","1082","43","Tier 2 — llevaría a 15.000 items"
"2111484959","Nivea Sabonete Líquido Frangipani & Oil 250ml, Limpeza Corporal, Pele Macia, Óleos E Vitaminas, Equilíbrio Com O Ph, Sensação Refrescante","Beleza e Cuidado Pessoal","Higiene Pessoal","1080","17","Tier 2 — llevaría a 15.000 items"
"6601101412","Smile White Roxa 10 Fita Clareador Branqueador Dental 5sache","Beleza e Cuidado Pessoal","Higiene Pessoal","1079","32","Tier 2 — llevaría a 15.000 items"
"5383645490","Irrigador Oral Elétrico Ex Decor Portátil Com 4 Bicos E 3 Modos Premium Prata 127/220v","Beleza e Cuidado Pessoal","Higiene Pessoal","1074","39","Tier 2 — llevaría a 15.000 items"
"4014696077","Kangli Sorb Curativo Alginato De Cálcio 10x10 - 10 Unidades Vitamedical","Beleza e Cuidado Pessoal","Higiene Pessoal","1067","63","Tier 2 — llevaría a 15.000 items"
"5429444374","Limpador Prótese Protocolo Jato Água Fixa Móvel Oral Premium","Beleza e Cuidado Pessoal","Higiene Pessoal","1066","104","Tier 2 — llevaría a 15.000 items"
"2732589690","Protetores Diários Carefree Tododia Protetor Diario Regular 80 U","Beleza e Cuidado Pessoal","Higiene Pessoal","1059","20","Tier 2 — llevaría a 15.000 items"
"1784477108","Desodorante Boni Natural Melaleuca E Toranja 120ml","Beleza e Cuidado Pessoal","Higiene Pessoal","1056","24","Tier 2 — llevaría a 15.000 items"
"3154170410","Protetor De Colchão Lençol Descartável Geriatrico Higifral G","Beleza e Cuidado Pessoal","Higiene Pessoal","1052","26","Tier 2 — llevaría a 15.000 items"
"6256267902","Irrigador Limpador Bucal Oral Elétrico Portátil Premium Jato Agua Com 4 Bicos E 3 Modos Preto - Crowley 127/220v","Beleza e Cuidado Pessoal","Higiene Pessoal","1046","63","Tier 2 — llevaría a 15.000 items"
"3278821650","Nivea Sabonete Facial Em Gel Purificante Efeito Matte 150g, Limpeza Profunda, Controla Oleosidade, Poros Limpos, Pele Mista E Oleosa","Beleza e Cuidado Pessoal","Higiene Pessoal","1036","25","Tier 2 — llevaría a 15.000 items"
"1491968003","Sabonete Líquido Íntimo Suave 250ml Nivea","Beleza e Cuidado Pessoal","Higiene Pessoal","1025","17","Tier 2 — llevaría a 15.000 items"
"4454087384","Creme Dental Para Sensibilidade Elmex Sensitive 75g","Beleza e Cuidado Pessoal","Higiene Pessoal","1022","18","Tier 2 — llevaría a 15.000 items"
"5872084644","Escova De Dentes Elétrica Sônica Recarregável Usb 4 Cabeça Preto","Beleza e Cuidado Pessoal","Higiene Pessoal","1014","20","Tier 2 — llevaría a 15.000 items"
"3005914046","Papel Higiênico Personal Vip Folha Dupla 30m Leve 16 Pag 15","Beleza e Cuidado Pessoal","Higiene Pessoal","1009","20","Tier 2 — llevaría a 15.000 items"
"4302941889","Irrigador Oral Elétrico Usb Portátil Limpeza Dental Bivolt","Beleza e Cuidado Pessoal","Higiene Pessoal","1008","29","Tier 2 — llevaría a 15.000 items"
"5453902462","Ziva Sérum Íntimo Ozonizado 30ml Odor Clareamento Foliculite","Beleza e Cuidado Pessoal","Higiene Pessoal","998","180","Tier 2 — llevaría a 15.000 items"
"3273575151","Desodorante Antitranspirante Secret Gel Lavanda 45 G","Beleza e Cuidado Pessoal","Higiene Pessoal","985","20","Tier 2 — llevaría a 15.000 items"
"2625110960","Sabonete Facial Effaclar Concentrado Para Pele Oleosa E Acneica Em Barra 70g La Roche-posay","Beleza e Cuidado Pessoal","Higiene Pessoal","981","53","Tier 2 — llevaría a 15.000 items"
"3743478877","Dove Desodorante Antitranspirante Creme Sérum Previne Escurecimento 50g Na","Beleza e Cuidado Pessoal","Higiene Pessoal","970","14","Tier 2 — llevaría a 15.000 items"
"5340157498","Kit 3 Kg - Base Glicerina Hipoalergênica Quimiz - V&g","Beleza e Cuidado Pessoal","Higiene Pessoal","968","77","Tier 2 — llevaría a 15.000 items"
"6555797140","Fitas Clareadoras Dental Roxa Sorriso Brilante 14 Unidades","Beleza e Cuidado Pessoal","Higiene Pessoal","957","38","Tier 2 — llevaría a 15.000 items"
"2111391249","Nivea Sabonete Facial Em Gel Equilíbrio Nutritivo 150g, Limpeza Profunda, Remove Impurezas, Vitamina E, Pele Normal E Seca","Beleza e Cuidado Pessoal","Higiene Pessoal","957","24","Tier 2 — llevaría a 15.000 items"
"4453043923","Irrigador Oral Portátil Ipx7 De 400ml Com Jato Forte Pulsado 8 Modos, 5 Bicos,bivolt Para Limpeza Bucal E Prótese Dentária Preto 127/220v","Beleza e Cuidado Pessoal","Higiene Pessoal","956","186","Tier 2 — llevaría a 15.000 items"
"3051205914","Absorvente Adultcare Unissex Com 20 Absorventes","Beleza e Cuidado Pessoal","Higiene Pessoal","956","22","Tier 2 — llevaría a 15.000 items"
"5572953730","Teeth White - 14x Fitas Adesivas Clareadoras Dental Original","Beleza e Cuidado Pessoal","Higiene Pessoal","955","41","Tier 2 — llevaría a 15.000 items"
"4088134835","Kit Creme Dental Colgate Tripla Ação Menta Original Pacote Com 4 Unidades 360g","Beleza e Cuidado Pessoal","Higiene Pessoal","951","20","Tier 2 — llevaría a 15.000 items"
"3568836965","Sabonete Em Barra Palmolive Nutrição Karité E Vitamina E 85g","Beleza e Cuidado Pessoal","Higiene Pessoal","951","17","Tier 2 — llevaría a 15.000 items"
"5449526832","Kit 4 Creme Dental Colgate Máxima Proteção Anticáries 90g","Beleza e Cuidado Pessoal","Higiene Pessoal","934","22","Tier 2 — llevaría a 15.000 items"
"6174757806","Irrigador Bucal Oral Limpador Waterpik Prótese Jato De Água","Beleza e Cuidado Pessoal","Higiene Pessoal","933","82","Tier 2 — llevaría a 15.000 items"
"3579881323","Waterpulse Flosser Irrigador Oral Dental Wp62- Elétrico Bocal Jato Limpador De Língua Água Dentes Boca Gengiva Mangueira 10 Modos Pressão Potente Silencioso 145 Psi 600ml 8 Bicos Blue 127/220v","Beleza e Cuidado Pessoal","Higiene Pessoal","930","197","Tier 2 — llevaría a 15.000 items"
"5971103798","Rexona Men Antitranspirante Aerossol V8 250ml Notas Verdes E Amadeiradas","Beleza e Cuidado Pessoal","Higiene Pessoal","929","22","Tier 2 — llevaría a 15.000 items"
"3687466584","Desodorante Antitranspirante Roll-on Dove Original 50ml Fragrância Clássica E Delicada","Beleza e Cuidado Pessoal","Higiene Pessoal","925","12","Tier 2 — llevaría a 15.000 items"
"4085086915","Desodorante Secret Em Gel Invisível Antitranspirante Lavanda 73g","Beleza e Cuidado Pessoal","Higiene Pessoal","922","28","Tier 2 — llevaría a 15.000 items"
"3071295298","Papel Higiênico Vip Leve 24 E Pague 22 Personal","Beleza e Cuidado Pessoal","Higiene Pessoal","920","33","Tier 2 — llevaría a 15.000 items"
"2137480577","Sabonete Gerânio Bourbon 100g Phebo","Beleza e Cuidado Pessoal","Higiene Pessoal","916","7","Tier 2 — llevaría a 15.000 items"
"4049148635","Curativo Adesivo Filme Transparente Rolo 10cm X 10m Pharma","Beleza e Cuidado Pessoal","Higiene Pessoal","914","41","Tier 2 — llevaría a 15.000 items"
"3813396439","Kit Sabonete Barra Giorno Bagno Flor De Laranjeira 3x100g","Beleza e Cuidado Pessoal","Higiene Pessoal","914","39","Tier 2 — llevaría a 15.000 items"
"3871989658","Cabeça Redonda De Reposição Para Escova Elétrica Oral-b Precision Clean, 4 Unidades Branco","Beleza e Cuidado Pessoal","Higiene Pessoal","911","72","Tier 2 — llevaría a 15.000 items"
"2054101566","Nivea Sabonete Líquido Waterlily & Oil 250ml, Limpeza Corporal, Pele Macia, Óleos E Vitaminas, Equilíbrio Com O Ph, Sensação Refrescante","Beleza e Cuidado Pessoal","Higiene Pessoal","911","18","Tier 2 — llevaría a 15.000 items"
"3640064735","Sabonete Líquido Erva Doce 5l","Beleza e Cuidado Pessoal","Higiene Pessoal","907","19","Tier 2 — llevaría a 15.000 items"
"4835364200","Escova Dental Colgate Zigzag Carvão 4 Unidades","Beleza e Cuidado Pessoal","Higiene Pessoal","906","19","Tier 2 — llevaría a 15.000 items"
"4133961367","Sabonete Líquido Facial Glycare 150ml Mantecorp Skincare","Beleza e Cuidado Pessoal","Higiene Pessoal","899","50","Tier 2 — llevaría a 15.000 items"
"6012047948","Kangli Sorb Curativo Alginato De Cálcio 10x10 - 10 Unidades Vitamedical","Beleza e Cuidado Pessoal","Higiene Pessoal","894","62","Tier 2 — llevaría a 15.000 items"
"3534077769","Desodorante Roll-on Vegano Lavanda Coco 55ml Boni Natural Sem Alumínio","Beleza e Cuidado Pessoal","Higiene Pessoal","892","22","Tier 2 — llevaría a 15.000 items"
"3343422603","Lux Botanicals Sabonete Em Barra Orquídea Negra 85g","Beleza e Cuidado Pessoal","Higiene Pessoal","891","4","Tier 2 — llevaría a 15.000 items"
"3189547416","Absorvente Interno O.b. Sempre Livre Procomfort Super Fluxo Intenso 16 Unidades","Beleza e Cuidado Pessoal","Higiene Pessoal","891","16","Tier 2 — llevaría a 15.000 items"
"3423411577","Colgate Natural Extracts Detox Pasta De Dente Em Gel Natural Extracts Detox 90g","Beleza e Cuidado Pessoal","Higiene Pessoal","890","11","Tier 2 — llevaría a 15.000 items"
"2172089160","Antisséptico Bucal Cool Mint Zero Álcool Refrescância Suave 1,5l Listerine","Beleza e Cuidado Pessoal","Higiene Pessoal","888","41","Tier 2 — llevaría a 15.000 items"
"3984544431","Sabonete Líquido De Glicerina Granado Bebê Tradicional 500ml","Beleza e Cuidado Pessoal","Higiene Pessoal","886","36","Tier 2 — llevaría a 15.000 items"
"3154661457","Papel Higiênico Personal Vip Folha Dupla 30m - 4 Rolos","Beleza e Cuidado Pessoal","Higiene Pessoal","883","7","Tier 2 — llevaría a 15.000 items"
"5379530002","Pasta De Dente Oral-b 3d White Branqueadora, 3 Unidades De 70 G","Beleza e Cuidado Pessoal","Higiene Pessoal","883","21","Tier 2 — llevaría a 15.000 items"
"4260668137","Curativo Transparente Rolo Filme 10cm X 10 Metros Pharma","Beleza e Cuidado Pessoal","Higiene Pessoal","879","38","Tier 2 — llevaría a 15.000 items"
"3694288383","Rexona Men Antitranspirante Aerossol Invisible 250ml Perfume","Beleza e Cuidado Pessoal","Higiene Pessoal","878","22","Tier 2 — llevaría a 15.000 items"
"3294845261","Creme Dental Colgate Natural Extracts Reinforced Defense 140g Especial","Beleza e Cuidado Pessoal","Higiene Pessoal","870","14","Tier 2 — llevaría a 15.000 items"
"5537903932","Sabonete Barra Vegetal Natural Hipoalergênico 85g Positiva","Beleza e Cuidado Pessoal","Higiene Pessoal","869","9","Tier 2 — llevaría a 15.000 items"
"2622546999","Creme Dental Para Branqueamento Colgate Total 12 Whitening 90g","Beleza e Cuidado Pessoal","Higiene Pessoal","868","9","Tier 2 — llevaría a 15.000 items"
"5687280032","Riohex Clorexidina 2% Solução Degermante 100ml - 3 Unidades","Beleza e Cuidado Pessoal","Higiene Pessoal","866","21","Tier 2 — llevaría a 15.000 items"
"4071980659","Kit 3 Lenço De Papel Kleenex Descartável Folha Dupla Toalha Branco","Beleza e Cuidado Pessoal","Higiene Pessoal","860","32","Tier 2 — llevaría a 15.000 items"
"3826910667","Raspador Limpador De Língua Cobre Com Estojo Inox Cobre","Beleza e Cuidado Pessoal","Higiene Pessoal","860","41","Tier 2 — llevaría a 15.000 items"
"5302436992","100un Fio Dental Individual Descartavel Com Haste Floss Pick","Beleza e Cuidado Pessoal","Higiene Pessoal","856","15","Tier 2 — llevaría a 15.000 items"
"3863810318","Darrow Suavié Sabonete Líquido Dermatológico Para Pele Sensível 140ml","Beleza e Cuidado Pessoal","Higiene Pessoal","855","59","Tier 2 — llevaría a 15.000 items"
"6282395690","Desodorante Rollon Antitranspirante Natura Fragrância Kaiak Masculino Tradicional","Beleza e Cuidado Pessoal","Higiene Pessoal","854","20","Tier 2 — llevaría a 15.000 items"
"2142875331","Papel Higiênico Folha Dupla Com 24 Rolos De 30m Mimmo","Beleza e Cuidado Pessoal","Higiene Pessoal","847","30","Tier 2 — llevaría a 15.000 items"
"3172004030","Rexona Men Antitranspirante Roll On Invisible 50ml","Beleza e Cuidado Pessoal","Higiene Pessoal","846","11","Tier 2 — llevaría a 15.000 items"
"4263578833","Kit 3 Cremes Dentais De Menta & Melaleuca 90gr Vegano","Beleza e Cuidado Pessoal","Higiene Pessoal","845","47","Tier 2 — llevaría a 15.000 items"
"3568836967","Protex Cream Sabonete Líquido Antibacteriano 650ml","Beleza e Cuidado Pessoal","Higiene Pessoal","839","22","Tier 2 — llevaría a 15.000 items"
"5739369438","Nivea Desodorante Antitranspirante Roll-on Derma Control Restaura 50ml, Bbb 26, Proteção 72h, Previne Irritações, Ácido Hialurônico, Peles Sensíveis Fragrância Suave","Beleza e Cuidado Pessoal","Higiene Pessoal","837","8","Tier 2 — llevaría a 15.000 items"
"4808286570","Fixodent Original - 68g","Beleza e Cuidado Pessoal","Higiene Pessoal","836","51","Tier 2 — llevaría a 15.000 items"
"5275341270","Nivea Desodorante Antitranspirante Aerossol Pearl & Beauty 200ml, Proteção 72h, Previne Irritações, Contra Suor E Odores, Axilas Suaves Fragrância Duradoura","Beleza e Cuidado Pessoal","Higiene Pessoal","831","15","Tier 2 — llevaría a 15.000 items"
"3974924825","Sabonete Em Barra Natura Tododia Algodão 5un 90g","Beleza e Cuidado Pessoal","Higiene Pessoal","827","28","Tier 2 — llevaría a 15.000 items"
"4351537831","Alicate De Corte Unha Profissional Unhas Manicure Pedicure","Beleza e Cuidado Pessoal","Manicure e Pedicure","1064","19","Tier 2 — llevaría a 15.000 items"
"6434393424","Esterilizador Elétrico Manicure Tesoura Alicate Bivolt 200°c Preto","Beleza e Cuidado Pessoal","Manicure e Pedicure","1056","46","Tier 2 — llevaría a 15.000 items"
"3939327841","Envelope Autoclave Esterilização Manicure 9cm X 23cm 200 Un Saquinho Para Alicate De Cutícula Prateado","Beleza e Cuidado Pessoal","Manicure e Pedicure","1046","39","Tier 2 — llevaría a 15.000 items"
"3777226591","Esmalte Em Gel Refletivo Glitter Olho De Gato 10ml Real Love","Beleza e Cuidado Pessoal","Manicure e Pedicure","1026","25","Tier 2 — llevaría a 15.000 items"
"4129743329","Kit Esmalte Francesinha 30ml Gel Helen Color Uv Led Manicure","Beleza e Cuidado Pessoal","Manicure e Pedicure","1024","37","Tier 2 — llevaría a 15.000 items"
"5318487884","Kit 3 Cutilagem Europeia Removedor E Esfoliante E Hidratante","Beleza e Cuidado Pessoal","Manicure e Pedicure","1015","44","Tier 2 — llevaría a 15.000 items"
"5442814372","Anita - Ferias De Inverno Kit 7 Esmaltes Nova Coleção Tons Terrosos","Beleza e Cuidado Pessoal","Manicure e Pedicure","984","52","Tier 2 — llevaría a 15.000 items"
"3659513029","Kit Alongamento De Unha Polygel Cabine Gel Molde F1 Aleatório","Beleza e Cuidado Pessoal","Manicure e Pedicure","977","32","Tier 2 — llevaría a 15.000 items"
"6222272308","Kit Unhas Polygel Cabine Sun Mini Presilha Lixa + Lixadeira Rosa","Beleza e Cuidado Pessoal","Manicure e Pedicure","974","52","Tier 2 — llevaría a 15.000 items"
"6011942702","Kit Alicate + Palito + Empurrador Inox De Cutícula Professional 778ep Mundial Personal Care Cinza","Beleza e Cuidado Pessoal","Manicure e Pedicure","963","51","Tier 2 — llevaría a 15.000 items"
"4158907250","Endurecedor De Unhas Com Formol Kit 4 Top Beauty","Beleza e Cuidado Pessoal","Manicure e Pedicure","958","29","Tier 2 — llevaría a 15.000 items"
"5100801606","Creme Para Mãos Natura Ekos Castanha 75 G Hidratação Antirressecamento","Beleza e Cuidado Pessoal","Manicure e Pedicure","920","37","Tier 2 — llevaría a 15.000 items"
"5373901654","Kit 4 Esmaltes Impala Perolado Tendência Tons Da Moda Rosa","Beleza e Cuidado Pessoal","Manicure e Pedicure","919","29","Tier 2 — llevaría a 15.000 items"
"6218147756","Mini Cabine Portatil Cartel Barber Shop Usb Lanterna Led Uv Secagem Gel Mesa Cor Preto 127/220v","Beleza e Cuidado Pessoal","Manicure e Pedicure","898","27","Tier 2 — llevaría a 15.000 items"
"4462242096","Kit 3 Pincéis 2 Pontas Unhas Gel Acrigel Decoração Nail Art Manicure Acabamento Profissional Ponta Dupla Preto","Beleza e Cuidado Pessoal","Manicure e Pedicure","886","19","Tier 2 — llevaría a 15.000 items"
"5304137046","Cortador De Unha Mundial Grande Classic Aço Cromado 121 Bl Prateado","Beleza e Cuidado Pessoal","Manicure e Pedicure","883","19","Tier 2 — llevaría a 15.000 items"
"5404511930","Alicate De Cuticula Profissional Classic 522 Mundial Afiado Prateado","Beleza e Cuidado Pessoal","Manicure e Pedicure","877","24","Tier 2 — llevaría a 15.000 items"
"6074698090","Kit Cutilagem Europeia Manicure Remove Cuticula Sem Alicate Profissional Cora","Beleza e Cuidado Pessoal","Manicure e Pedicure","871","32","Tier 2 — llevaría a 15.000 items"
"4145102723","Alicate Profissional Inox Style Care Curvo Corte Unha Encravada 12cm Prateado","Beleza e Cuidado Pessoal","Manicure e Pedicure","871","20","Tier 2 — llevaría a 15.000 items"
"4447904673","Creme De Ureia 10% 500ml | Kit Com 2 Unidades","Beleza e Cuidado Pessoal","Manicure e Pedicure","870","37","Tier 2 — llevaría a 15.000 items"
"6191412828","Kit 10 Brocas Diamatadas Cutilagem Russa Unhas Gel Acrigel","Beleza e Cuidado Pessoal","Manicure e Pedicure","865","28","Tier 2 — llevaría a 15.000 items"
"3465001019","Kit Base Crescimento Endurecedor Top Beauty Formol 7ml Unhas Fortes","Beleza e Cuidado Pessoal","Manicure e Pedicure","864","19","Tier 2 — llevaría a 15.000 items"
"4512873492","Removedor De Cutículas Expresso Gel Kinq 100ml Sem Alicate","Beleza e Cuidado Pessoal","Manicure e Pedicure","859","19","Tier 2 — llevaría a 15.000 items"
"5326662756","Molde F1 6 Formatos 144 Peças - Kaisa Diversi Rosa-pálido","Beleza e Cuidado Pessoal","Manicure e Pedicure","857","29","Tier 2 — llevaría a 15.000 items"
"5557620830","Adeforte Ampola Turbo Biotina Vitaminas Ade Cabelo Pele Unha","Beleza e Cuidado Pessoal","Manicure e Pedicure","840","56","Tier 2 — llevaría a 15.000 items"
"4002746685","Kit Hemoliq + Aplicadores - Estanca Sangue Para Manicures","Beleza e Cuidado Pessoal","Manicure e Pedicure","836","30","Tier 2 — llevaría a 15.000 items"
"3069198462","Kit Manicure Unhas De Gel Lixadeira Elétrica Cabine Sun Lixa","Beleza e Cuidado Pessoal","Manicure e Pedicure","835","143","Tier 2 — llevaría a 15.000 items"
"6374422542","Batom Matte Natura Faces 3,5g Marsala","Beleza e Cuidado Pessoal","Maquiagem","1083","18","Tier 2 — llevaría a 15.000 items"
"5339780680","Kit 200 Escovinhas Extensao Alongamento Cilios Sobrancelhas Diversos 10 Cm 2.5 Mm","Beleza e Cuidado Pessoal","Maquiagem","1071","21","Tier 2 — llevaría a 15.000 items"
"1688585530","Caneta Microblading Impermeável Sobrancelha Perfeita","Beleza e Cuidado Pessoal","Maquiagem","1068","22","Tier 2 — llevaría a 15.000 items"
"4186814125","Organizador De Maquiagem Acrílico Giratório 360º Cosméticos Transparente","Beleza e Cuidado Pessoal","Maquiagem","1050","40","Tier 2 — llevaría a 15.000 items"
"4599592518","Pó Facial Translúcido Light Medium Petrizi - 15g","Beleza e Cuidado Pessoal","Maquiagem","1027","111","Tier 2 — llevaría a 15.000 items"
"4297963919","Maleta Dos Sonhos Maquiagem Infantil Teen Skv 120021 Fenzza Cor Rosa","Beleza e Cuidado Pessoal","Maquiagem","1026","124","Tier 2 — llevaría a 15.000 items"
"3854039897","Caixa Com 5 Pares De Cílios Postiços De Cantinho - Fox Eyes","Beleza e Cuidado Pessoal","Maquiagem","994","23","Tier 2 — llevaría a 15.000 items"
"4053619475","21 Organizador Acrílico Gavetas Organizador De Maquiagem Porta Talheres Sob Medida Separador Transparente","Beleza e Cuidado Pessoal","Maquiagem","994","74","Tier 2 — llevaría a 15.000 items"
"5335208076","Escovas Para Maquiagem Peças Profissional Ouro Rosa Kit 15 Ouro/rosa","Beleza e Cuidado Pessoal","Maquiagem","990","34","Tier 2 — llevaría a 15.000 items"
"4452595907","Kit Emilly Vick  Gloss + Body Splash","Beleza e Cuidado Pessoal","Maquiagem","990","109","Tier 2 — llevaría a 15.000 items"
"1613132121","Base Líquida Chill Média Cobertura Catharine Hill (escolha)","Beleza e Cuidado Pessoal","Maquiagem","975","51","Tier 2 — llevaría a 15.000 items"
"4351611069","Super Cola Salon Pro 30 Second Hair Bonding Glue 30 Ml Cor Preto","Beleza e Cuidado Pessoal","Maquiagem","967","19","Tier 2 — llevaría a 15.000 items"
"5226794470","Cílios João Da Beleza W 5d Curvatura M - Mix Preto M 78910111.2 Cm 0.07 Mm","Beleza e Cuidado Pessoal","Maquiagem","962","60","Tier 2 — llevaría a 15.000 items"
"4490951931","Gloss Franboesa By Franciny Ehlke Vermelho","Beleza e Cuidado Pessoal","Maquiagem","960","56","Tier 2 — llevaría a 15.000 items"
"6600960836","Blush Stick Cinnamon Canela Marrom Bastão Original Vegano Vizzela","Beleza e Cuidado Pessoal","Maquiagem","954","60","Tier 2 — llevaría a 15.000 items"
"4293696219","Blush Mágico Cristal 3 Em 1 Pele Natural Coradinha Labranche","Beleza e Cuidado Pessoal","Maquiagem","950","20","Tier 2 — llevaría a 15.000 items"
"4387842317","Pó Translúcido Facial Solto Fenzza Selar Maquiagem Branco","Beleza e Cuidado Pessoal","Maquiagem","945","19","Tier 2 — llevaría a 15.000 items"
"4407019365","Cílios 5d W 0,07 Fadvan - Volume Egípcio - Mix E Individual","Beleza e Cuidado Pessoal","Maquiagem","915","39","Tier 2 — llevaría a 15.000 items"
"4819739144","Kit 30 Agulhas Easy Click 1 Ponta Dermografo Micro 0.30mm Bmed Agulha 1 Ponta","Beleza e Cuidado Pessoal","Maquiagem","908","32","Tier 2 — llevaría a 15.000 items"
"4189075700","Kit Maquiagem Infantil Maleta + Batom Sombra Unha Gloss","Beleza e Cuidado Pessoal","Maquiagem","895","50","Tier 2 — llevaría a 15.000 items"
"4127609859","Batom Matte Faces 3,5g Cor-  Cookie Nude Cookie Nude","Beleza e Cuidado Pessoal","Maquiagem","883","19","Tier 2 — llevaría a 15.000 items"
"4682977324","Cílios Decemars Y Mix Tamanho Único 0.07 D Volume Brasileiro","Beleza e Cuidado Pessoal","Maquiagem","871","26","Tier 2 — llevaría a 15.000 items"
"4078926035","Cílios New Show Multi Pack Tufo Lash 30p Mix 9-14 Comprimento 9.14 Mm Cor Preto Espessura 0.07 Mm Tipo De Curvatura D","Beleza e Cuidado Pessoal","Maquiagem","866","28","Tier 2 — llevaría a 15.000 items"
"5510359594","Cílios Decemars Yy - D 0.07 Volume Brasileiro Único/mix'","Beleza e Cuidado Pessoal","Maquiagem","858","25","Tier 2 — llevaría a 15.000 items"
"6249196358","Kit 3 Lip Gloss Bobbi Rara Brilho Labial Colecionável Pocket 3 Tons","Beleza e Cuidado Pessoal","Maquiagem","852","35","Tier 2 — llevaría a 15.000 items"
"4479956413","New Show Cílios 12p/20p/30p40p Tufo Mix 9-14mm 1 Pinça 1cola Pinça Cola P9-14mix Preto D 91.4 Cm 1 Mm","Beleza e Cuidado Pessoal","Maquiagem","836","35","Tier 2 — llevaría a 15.000 items"
"4204211795","Cartela Com 5 Pares De Cilios Postiços Naturais - E08 Mini","Beleza e Cuidado Pessoal","Maquiagem","834","22","Tier 2 — llevaría a 15.000 items"
"5290695592","Organizador De Maquiagem Giratório 360, Organizador De Cosméticos Transparente","Beleza e Cuidado Pessoal","Maquiagem","824","40","Tier 2 — llevaría a 15.000 items"
"3897276789","Kit De Pinceis Maquiagem 10pcs Com Portátil Travelbag Estojo","Beleza e Cuidado Pessoal","Maquiagem","823","26","Tier 2 — llevaría a 15.000 items"
"5662789662","Cherry Lash One Advance Black Glue 3ml Para Extensão De Cílios Cor Preto","Beleza e Cuidado Pessoal","Maquiagem","821","66","Tier 2 — llevaría a 15.000 items"
"4350649805","Perfume Masculino Arabe Salvo Eua De Parfum Alhmabra 100ml Original C/ Nf","Beleza e Cuidado Pessoal","Perfumes","1097","180","Tier 2 — llevaría a 15.000 items"
"5526480656","Perfume Árabe Masculino Arabic Fragrance Eau De Parfum Talal 100 Ml","Beleza e Cuidado Pessoal","Perfumes","1090","61","Tier 2 — llevaría a 15.000 items"
"3998743869","Perfume Asad Lataffa 100ml Eau De Parfum Original Edp","Beleza e Cuidado Pessoal","Perfumes","1074","208","Tier 2 — llevaría a 15.000 items"
"6100181566","Fragrancia Masculina Ralph Lauren Polo Sport 100 Ml","Beleza e Cuidado Pessoal","Perfumes","1073","268","Tier 2 — llevaría a 15.000 items"
"6304048060","O Boticário Celebre Sua Força Kit Presente","Beleza e Cuidado Pessoal","Perfumes","1070","120","Tier 2 — llevaría a 15.000 items"
"4157540733","Perfume Empire Sport Masculino Hinode 100ml","Beleza e Cuidado Pessoal","Perfumes","1068","97","Tier 2 — llevaría a 15.000 items"
"4341286945","O Boticário Calendário Do Advento 2025 Kit 12 Itens","Beleza e Cuidado Pessoal","Perfumes","1051","300","Tier 2 — llevaría a 15.000 items"
"4418529714","Perfume Calvin Klein Ck One 200ml","Beleza e Cuidado Pessoal","Perfumes","1047","306","Tier 2 — llevaría a 15.000 items"
"6297550136","Kit Body Splash Masculino Adventus E Enigma 200ml","Beleza e Cuidado Pessoal","Perfumes","1046","87","Tier 2 — llevaría a 15.000 items"
"4485680099","Body Splash Árabe Masculino Kit C/4 Perfumes De Alta Fixação Soul Cosméticos 200ml","Beleza e Cuidado Pessoal","Perfumes","1042","77","Tier 2 — llevaría a 15.000 items"
"5971002534","O Melhor Perfume Para Homens Polo Green Classico Lacrado","Beleza e Cuidado Pessoal","Perfumes","1034","106","Tier 2 — llevaría a 15.000 items"
"4404114893","Natura Deo Parfum Essencial Tradicional Masculino 100ml","Beleza e Cuidado Pessoal","Perfumes","1022","145","Tier 2 — llevaría a 15.000 items"
"5107710694","Perfume Masculino Eau De Toilette Azzaro - Azzaro Pour Homme 50 Ml","Beleza e Cuidado Pessoal","Perfumes","1019","180","Tier 2 — llevaría a 15.000 items"
"5015281832","Essencial Oud Feminino Natura Deo Parfum Perfume Original 100ml","Beleza e Cuidado Pessoal","Perfumes","1018","165","Tier 2 — llevaría a 15.000 items"
"6041598388","Deo Parfum Natura Una Celebrar 75ml","Beleza e Cuidado Pessoal","Perfumes","1017","161","Tier 2 — llevaría a 15.000 items"
"6048993686","Perfume Masculino Al Wataniah Attar Al Wesal 100ml Original","Beleza e Cuidado Pessoal","Perfumes","1014","179","Tier 2 — llevaría a 15.000 items"
"4297787263","Body Splash Afrodite Garden Hinode By Jade Picon 200ml","Beleza e Cuidado Pessoal","Perfumes","1000","70","Tier 2 — llevaría a 15.000 items"
"2929718357","Malbec Ultra Bleu O Boticário - Desodorante Colônia Masculino 10ml","Beleza e Cuidado Pessoal","Perfumes","989","16","Tier 2 — llevaría a 15.000 items"
"3661484783","Perfume Silver Sce Touti Vip 04 Alta Fixacao Marcante Especial Spray 01 Unidade","Beleza e Cuidado Pessoal","Perfumes","986","45","Tier 2 — llevaría a 15.000 items"
"4523651861","Perfume Masculino Natura Essencial Único Deo Parfum 90ml","Beleza e Cuidado Pessoal","Perfumes","986","180","Tier 2 — llevaría a 15.000 items"
"1483358153","Carolina Herrera 212 Vip Men Black - Body Spray 250ml Blz Única","Beleza e Cuidado Pessoal","Perfumes","985","169","Tier 2 — llevaría a 15.000 items"
"5552534350","Deo Parfum Essencial Natura Masculino 100 Ml","Beleza e Cuidado Pessoal","Perfumes","980","161","Tier 2 — llevaría a 15.000 items"
"4315768175","Perfume Desodorante Colônia Feminina Hello Kitty Apaixonada 25ml Jequiti","Beleza e Cuidado Pessoal","Perfumes","978","26","Tier 2 — llevaría a 15.000 items"
"4372838929","Body Splash My Sweet Delight - Barbour's Beauty - Cedro Peônia Líchia -200ml","Beleza e Cuidado Pessoal","Perfumes","958","43","Tier 2 — llevaría a 15.000 items"
"4843405614","O Boticário Cuide-se Bem Deleite Splash 200ml Para Feminino","Beleza e Cuidado Pessoal","Perfumes","936","79","Tier 2 — llevaría a 15.000 items"
"4050171685","Colônia Turma Da Mônica Cebolinha Jequiti 25ml","Beleza e Cuidado Pessoal","Perfumes","936","23","Tier 2 — llevaría a 15.000 items"
"4404115053","Deo Parfum Natura Essencial Oud Masculino 100ml","Beleza e Cuidado Pessoal","Perfumes","920","153","Tier 2 — llevaría a 15.000 items"
"4469042949","Presente Menino Kit Cebolinha + Chico Bento 2 Colônias 25ml Jequiti","Beleza e Cuidado Pessoal","Perfumes","914","47","Tier 2 — llevaría a 15.000 items"
"2685633662","Perfume Kaiak Pulso Masculino Natura 100ml","Beleza e Cuidado Pessoal","Perfumes","907","101","Tier 2 — llevaría a 15.000 items"
"6188060900","Perfume Masculino Emporio Armani Stronger With You Edt 100ml","Beleza e Cuidado Pessoal","Perfumes","907","441","Tier 2 — llevaría a 15.000 items"
"3880739461","O Boticário Floratta Red Deo-colônia 75ml Feminino","Beleza e Cuidado Pessoal","Perfumes","904","144","Tier 2 — llevaría a 15.000 items"
"6477962856","Body Splash My Sweet Delight - Barbour's Beauty - 200 Ml - Spray","Beleza e Cuidado Pessoal","Perfumes","902","45","Tier 2 — llevaría a 15.000 items"
"4902875952","Egeo Bomb Black Desodorante Colônia 90ml","Beleza e Cuidado Pessoal","Perfumes","896","121","Tier 2 — llevaría a 15.000 items"
"5255643562","Perfume Patriota Intenso 100ml - Eau De Parfum","Beleza e Cuidado Pessoal","Perfumes","891","66","Tier 2 — llevaría a 15.000 items"
"6170035876","Perfume Masculino Silver Sent 100ml Parfum Amadeirado Oriental Spray","Beleza e Cuidado Pessoal","Perfumes","887","113","Tier 2 — llevaría a 15.000 items"
"6222004448","Perfume Asad Parfum Isabelle La Belle 100ml","Beleza e Cuidado Pessoal","Perfumes","886","93","Tier 2 — llevaría a 15.000 items"
"6188172306","Armani Beauty Perfume Feminino My Way Eau De Parfum, Refilável 90ml","Beleza e Cuidado Pessoal","Perfumes","884","656","Tier 2 — llevaría a 15.000 items"
"4846182558","Perfume Billion Exclusive Edition Paris Elysees 100ml","Beleza e Cuidado Pessoal","Perfumes","872","77","Tier 2 — llevaría a 15.000 items"
"5294621092","Clash Colônia Masculina O Boticário 100 Ml","Beleza e Cuidado Pessoal","Perfumes","868","126","Tier 2 — llevaría a 15.000 items"
"4586882757","Combo Floratta Rose Sucrée: Eau De Parfum 75ml + Creme Hidratante Desodorante Corporal 200g","Beleza e Cuidado Pessoal","Perfumes","867","240","Tier 2 — llevaría a 15.000 items"
"5456870742","Perfume Carolina Herrera 212 Vip Black Eau De Parfum 100 Ml Masculino","Beleza e Cuidado Pessoal","Perfumes","864","473","Tier 2 — llevaría a 15.000 items"
"4451429605","Body Splash Natura Tododia Ameixa E Flor De Baunilha 200ml","Beleza e Cuidado Pessoal","Perfumes","861","50","Tier 2 — llevaría a 15.000 items"
"5922472592","Kit Body Splash Masculino Barbarius E Midtown 200ml By Primacial","Beleza e Cuidado Pessoal","Perfumes","853","85","Tier 2 — llevaría a 15.000 items"
"3123949628","Perfume Eterna Tradicional Deo Colônia Feminino Hinode 100ml","Beleza e Cuidado Pessoal","Perfumes","848","75","Tier 2 — llevaría a 15.000 items"
"4281410449","Perfume Masculino Natura Essencial Único Deo Parfum 90ml","Beleza e Cuidado Pessoal","Perfumes","847","192","Tier 2 — llevaría a 15.000 items"
"5826877562","Perfume Ez Lalac Legacy Eau De Parfum Masculino Amadeirado 100ml","Beleza e Cuidado Pessoal","Perfumes","834","41","Tier 2 — llevaría a 15.000 items"
"4303483763","Body Splash Masculino Adventus 200ml - Primacial Perfume Amadeirado","Beleza e Cuidado Pessoal","Perfumes","833","43","Tier 2 — llevaría a 15.000 items"
"6139188922","Perfume Biografia Inspire Natura Feminino 100ml","Beleza e Cuidado Pessoal","Perfumes","830","101","Tier 2 — llevaría a 15.000 items"
"5646234004","Perfume Colônia Cebolinha Deo Jequiti Turma Da Mônica 25ml","Beleza e Cuidado Pessoal","Perfumes","828","22","Tier 2 — llevaría a 15.000 items"
"3191659894","Paris Elysees Night Caviar 100ml","Beleza e Cuidado Pessoal","Perfumes","827","99","Tier 2 — llevaría a 15.000 items"
"2950368538","Perfume Eau De Parfum La Rive Her Choice 100ml Floral Feminino","Beleza e Cuidado Pessoal","Perfumes","827","95","Tier 2 — llevaría a 15.000 items"
"3822716709","Perfume Feminino Eau De Parfum Fragrância Floral Gourmand Inebriante Com Notas De Íris Nobre, Baunilha E Pralinê La Vie Est Belle Lancôme, Frasco Com 50ml","Beleza e Cuidado Pessoal","Perfumes","824","496","Tier 2 — llevaría a 15.000 items"
"3807660181","Essencial Oud Masculino Natura Deo Parfum Perfume Original 100ml","Beleza e Cuidado Pessoal","Perfumes","823","161","Tier 2 — llevaría a 15.000 items"
"3479506555","Egeo Red Desodorante Colônia 90ml Oboticário","Beleza e Cuidado Pessoal","Perfumes","822","81","Tier 2 — llevaría a 15.000 items"
"4171168267","Dermaroller 540 Original Tratamento Profissional 0,50mm","Beleza e Cuidado Pessoal","Tratamentos de Beleza","1099","19","Tier 2 — llevaría a 15.000 items"
"3971174627","Kit 12 Ventosas Com Bomba Ventosaterapia Massoterapia Chines","Beleza e Cuidado Pessoal","Tratamentos de Beleza","1090","33","Tier 2 — llevaría a 15.000 items"
"5511648774","Combo Poderoso (shampoo+cond+tônico) Original","Beleza e Cuidado Pessoal","Tratamentos de Beleza","1054","137","Tier 2 — llevaría a 15.000 items"
"5546548884","Massageador Facial Led Lift Anti Rugas Rejuvenescedor 127/220v Aleatória","Beleza e Cuidado Pessoal","Tratamentos de Beleza","1029","38","Tier 2 — llevaría a 15.000 items"
"4245578407","Kit 10 Cartuchos 36 Agulhas Ponteiras Dermapen Bmed","Beleza e Cuidado Pessoal","Tratamentos de Beleza","1006","40","Tier 2 — llevaría a 15.000 items"
"3634714905","Smart Rolo Derma Roller 540 Agulhas 0.50 Mm Microagulhamento Smart Gr","Beleza e Cuidado Pessoal","Tratamentos de Beleza","891","27","Tier 2 — llevaría a 15.000 items"
"3407437391","Kit Com 4 Extrator Cravos Espinhas Cureta Tira Acne Limpeza","Beleza e Cuidado Pessoal","Tratamentos de Beleza","880","19","Tier 2 — llevaría a 15.000 items"
"4229013591","Kit 10 Microcânulas 22g X 50mm Com 10 Agulhas Para Pertuito","Beleza e Cuidado Pessoal","Tratamentos de Beleza","860","68","Tier 2 — llevaría a 15.000 items"
"5520935080","Kit 20 Squishy Mochi Bichinhos De Apertar Macios Antiestresse Brinquedo Sensorial Relaxante Diversão Garantida Para Crianças E Adultos Sucesso Entre Colecionadores Brasiliana Tech","Brinquedos e Hobbies","Anti-stress e Engenho","985","26","Tier 2 — llevaría a 15.000 items"
"5514041756","50 Squish Mochi Bichinho Macio De Apertar Squishies Tiktok","Brinquedos e Hobbies","Anti-stress e Engenho","944","48","Tier 2 — llevaría a 15.000 items"
"6166814882","Cubo Mágico Profissional 3x3x3 Moyu Giro Rápido Suave Anti Travamento Quebra-cabeça Raciocínio Lógico Speedcubing Treino... Colorido","Brinquedos e Hobbies","Anti-stress e Engenho","830","19","Tier 2 — llevaría a 15.000 items"
"4437514953","Lousa Mágica Infantil Digital Educativa Interativa Tablet Desenho Escrever Rosa Claro Homeroarte","Brinquedos e Hobbies","Artes e Atividades","1048","20","Tier 2 — llevaría a 15.000 items"
"2214022974","Slime Massinha Puxapuxa Caixa 12 Un. Revenda Atacado Festa  Colorido","Brinquedos e Hobbies","Artes e Atividades","997","39","Tier 2 — llevaría a 15.000 items"
"5604713488","Kit 24 Massinha De Modelar Escolar Infantil Atóxico 12 Cores Colorido","Brinquedos e Hobbies","Artes e Atividades","963","22","Tier 2 — llevaría a 15.000 items"
"3802748755","Sunny Boneco Patrulha Canina 1342 Skye Focos","Brinquedos e Hobbies","Bonecos e Bonecas","1004","94","Tier 2 — llevaría a 15.000 items"
"3516089683","Laptop Infantil Educativo Bilíngue Barbie Candide","Brinquedos e Hobbies","Brinquedos Eletrônicos","1028","60","Tier 2 — llevaría a 15.000 items"
"4068688177","Laptop Infantil Candide Da Patrulha Canina - Bilingue","Brinquedos e Hobbies","Brinquedos Eletrônicos","964","66","Tier 2 — llevaría a 15.000 items"
"4304557837","Kit 192 Blocos Imã Magnéticos Construção Tipo Minecraft Montar Empilhamento Cubo Infantil Brinquedo Educativo Covei Toys Blocos De Construção","Brinquedos e Hobbies","Brinquedos de Montar","1051","141","Tier 2 — llevaría a 15.000 items"
"5648370548","Spray De Peido Pum Fedorento Trolagem Pegadinha Brincadeira Perfume Fedido Amigo Da Onça Shengke Marrom-escuro","Brinquedos e Hobbies","Brinquedos de Pegadinhas","899","19","Tier 2 — llevaría a 15.000 items"
"6030772670","Kit 24 Bolha De Sabão Bolhinha Lembrancinha Aniversário Fazedor De Bolhas De Sabão Lança Bolha Gigante Criança Infantil Kit Brinquedos Atacado Babuu Brinquedos Educativos Colorido","Brinquedos e Hobbies","Brinquedos de Praia e Piscina","1050","48","Tier 2 — llevaría a 15.000 items"
"5926631298","Tapete Infantil Sortido Eva 36 Peças - Tatame Números Letras","Brinquedos e Hobbies","Brinquedos para Bebês","824","38","Tier 2 — llevaría a 15.000 items"
"4752208368","Tech Deck Kit 6 Skate Para Dedos Com Acessórios Original","Brinquedos e Hobbies","Fantoches e Marionetas","895","48","Tier 2 — llevaría a 15.000 items"
"3784170947","Kit 6 Jogos Quebra Cabeça Infantil Em Madeira Mdf Safari","Brinquedos e Hobbies","Jogos de Tabuleiro e Cartas","1094","24","Tier 2 — llevaría a 15.000 items"
"3569798017","Jogo Pula Macaco Entretenimento E Diversão Estrela Português","Brinquedos e Hobbies","Jogos de Tabuleiro e Cartas","1065","37","Tier 2 — llevaría a 15.000 items"
"5167051620","Jogo De Xadrex Madeira Dobrável Tabuleiro Profissional","Brinquedos e Hobbies","Jogos de Tabuleiro e Cartas","1059","63","Tier 2 — llevaría a 15.000 items"
"6637088258","Blister Equilíbrio Perfeito Mega Evolução 10375 - Copag Makuhita Português","Brinquedos e Hobbies","Jogos de Tabuleiro e Cartas","1040","30","Tier 2 — llevaría a 15.000 items"
"6405182648","Central Shield Básico 400 Sleeves 65x90mm Pokémon Tcg Magic Pokémon Tcg","Brinquedos e Hobbies","Jogos de Tabuleiro e Cartas","959","48","Tier 2 — llevaría a 15.000 items"
"6275895972","Pokémon Tcg Blister Quádruplo Copag Equilíbrio Perfeito Chikorita Me03 Português","Brinquedos e Hobbies","Jogos de Tabuleiro e Cartas","956","39","Tier 2 — llevaría a 15.000 items"
"6655140492","Cartas Pokémon Equilíbrio Perfeito Chikorita 25 Cards Copag Português","Brinquedos e Hobbies","Jogos de Tabuleiro e Cartas","915","40","Tier 2 — llevaría a 15.000 items"
"4776543502","100 Cartas Pokémon Com 20 Brilhantes E 1 Ultra Rara Copag Pokémon Português","Brinquedos e Hobbies","Jogos de Tabuleiro e Cartas","880","78","Tier 2 — llevaría a 15.000 items"
"3544942779","Jogo Tapa Certo Estrela - Estrela","Brinquedos e Hobbies","Jogos de Tabuleiro e Cartas","873","32","Tier 2 — llevaría a 15.000 items"
"5185040966","Jogo De Dominó Profissional 28 Peças Em Osso De 8mm Pedras Grandes Com Maleta Luxo Premium De Couro E Trava De Segurança Portátil","Brinquedos e Hobbies","Jogos de Tabuleiro e Cartas","869","43","Tier 2 — llevaría a 15.000 items"
"5836281538","Blister Quadruplo Pokémon Mega Evolução Golduck - Pokémon Português","Brinquedos e Hobbies","Jogos de Tabuleiro e Cartas","858","33","Tier 2 — llevaría a 15.000 items"
"4858732010","Kit Jogos Quebra Gelo Pinguim +pula Pirata Barril +crocodilo","Brinquedos e Hobbies","Jogos de Tabuleiro e Cartas","835","60","Tier 2 — llevaría a 15.000 items"
"6442156796","Tabuleiro Xadrez Magnético 32x32cm Preto E Branco","Brinquedos e Hobbies","Jogos de Tabuleiro e Cartas","829","53","Tier 2 — llevaría a 15.000 items"
"4303354855","Munição Bolinhas 100.000 Mil Bolinha Gel 7-8mm Arma Elétrica","Brinquedos e Hobbies","Lançadores de Brinquedo","881","27","Tier 2 — llevaría a 15.000 items"
"2714124018","Kit Com 12 Cartelas De Espoleta Para Revolver De Espoleta Preto","Brinquedos e Hobbies","Lançadores de Brinquedo","849","68","Tier 2 — llevaría a 15.000 items"
"4311357247","Xuxão Apoio Banguela Fúria Da Noite Gigante 110cm Pelúcia Preto","Brinquedos e Hobbies","Pelúcias","1022","129","Tier 2 — llevaría a 15.000 items"
"4090728781","Cacto Dançante Caquito Falante Musica Dança Repete Brinquedo","Brinquedos e Hobbies","Pelúcias","982","26","Tier 2 — llevaría a 15.000 items"
"5573844930","Capivara Filó Pelúcia Gigante Antialérgica Bichinho De Pelúcia Macio Brinquedo Infantil E Adulto Decoração Quarto Presente Criativo Confortável Seguro Alta Qualidade Brasiliana Tech Marrom","Brinquedos e Hobbies","Pelúcias","928","32","Tier 2 — llevaría a 15.000 items"
"3301275490","Ursinho Apaixonado Com Coração 20cm Anti-alérgico  Eu Te Amo","Brinquedos e Hobbies","Pelúcias","899","43","Tier 2 — llevaría a 15.000 items"
"3258321997","Urso Sansão 58 Cm Coelho Da Turma Da Mônica Original Azul","Brinquedos e Hobbies","Pelúcias","876","38","Tier 2 — llevaría a 15.000 items"
"4220840007","Boneco Pelúcia Sonic 50cm Grande Envio Imediato Infantil Top Azul","Brinquedos e Hobbies","Pelúcias","874","44","Tier 2 — llevaría a 15.000 items"
"6175606784","Toyota Celica 1977: Hot Wheels Car Culture, Miniatura 7 Cm. Hot Wheels Car Culture Multicolor","Brinquedos e Hobbies","Veículos de Brinquedo","956","45","Tier 2 — llevaría a 15.000 items"
"4463969725","Carrinho Pirueta Quick Run 360° Com Led Para Crianças Azul","Brinquedos e Hobbies","Veículos de Brinquedo","886","70","Tier 2 — llevaría a 15.000 items"
"3910664047","Hot Wheels Cartela De Carrinhos Com 5 Mattel - O Kit Cor Multicolor","Brinquedos e Hobbies","Veículos de Brinquedo","840","70","Tier 2 — llevaría a 15.000 items"
"4516519121","Carro Vira Robo Som Luz Carrinho Bmw Brinquedo Menino Pilha Camaro Robô","Brinquedos e Hobbies","Veículos de Brinquedo","834","29","Tier 2 — llevaría a 15.000 items"
"4647721373","Kit Album Copa Do Mundo Fifa 2026 Capa Mole + Figurinhas 70","Brinquedos e Hobbies","Álbuns e Figurinhas","1068","123","Tier 2 — llevaría a 15.000 items"
"6693081390","Kit Copa Do Mundo 2026 Álbum + 42 Figurinhas Fifa World Cup","Brinquedos e Hobbies","Álbuns e Figurinhas","1058","79","Tier 2 — llevaría a 15.000 items"
"6688784012","Kit Álbum Copa Do Mundo Fifa 2026 + 84 Figurinhas Panini","Brinquedos e Hobbies","Álbuns e Figurinhas","983","138","Tier 2 — llevaría a 15.000 items"
"4642971397","Álbum Oficial Copa Do Mundo 2026 Brochura + 70 Figurinhas","Brinquedos e Hobbies","Álbuns e Figurinhas","983","141","Tier 2 — llevaría a 15.000 items"
"6582778326","Kit Com 10 Envelopes (70 Cromos) - Copa Do Mundo Fifa 2026","Brinquedos e Hobbies","Álbuns e Figurinhas","860","75","Tier 2 — llevaría a 15.000 items"
"5761367632","Óculos Com Grau Para Leitura Descanso Perto Redondo Farmacia","Calçados, Roupas e Bolsas","Acessórios de Moda","1079","48","Tier 2 — llevaría a 15.000 items"
"4739849646","Cinto Feminino Completo Estilo Country Moda Boiadeira","Calçados, Roupas e Bolsas","Acessórios de Moda","1078","30","Tier 2 — llevaría a 15.000 items"
"5446443288","100 Argolas Para Chaveiro C/corrente 25mm","Calçados, Roupas e Bolsas","Acessórios de Moda","1073","25","Tier 2 — llevaría a 15.000 items"
"4033735567","Óculos De Leitura Grau Perto Emborrachado Masculino Feminino","Calçados, Roupas e Bolsas","Acessórios de Moda","1067","40","Tier 2 — llevaría a 15.000 items"
"3033827265","Bandana Colorida Varias Cores Lenço Promocao Moda","Calçados, Roupas e Bolsas","Acessórios de Moda","1065","16","Tier 2 — llevaría a 15.000 items"
"4405264825","Óculos Para Grau Oval Saint Germain Feminino Siena Tartaruga Cor Marrom","Calçados, Roupas e Bolsas","Acessórios de Moda","1054","77","Tier 2 — llevaría a 15.000 items"
"5826731212","Lenço Feminino Cetim Seda Echarpe Estampas 90x90cm","Calçados, Roupas e Bolsas","Acessórios de Moda","1040","29","Tier 2 — llevaría a 15.000 items"
"2133765704","Cinto Masculino Couro Legítimo Ferracini Verona Fc 565","Calçados, Roupas e Bolsas","Acessórios de Moda","1038","75","Tier 2 — llevaría a 15.000 items"
"6251667886","Gravata Tradicional Masculina Premium Casamento Padrinhos Congresso Seda Semi Slim Várias Cores Verde Oliva Listras 140 Cm","Calçados, Roupas e Bolsas","Acessórios de Moda","1034","20","Tier 2 — llevaría a 15.000 items"
"5476914854","Chapeu Natanzinho Original Caminhoneiro Cata Ovo Aba Mole Preto Un Lisa","Calçados, Roupas e Bolsas","Acessórios de Moda","996","30","Tier 2 — llevaría a 15.000 items"
"4326787270","Kit 2 Cintos Social Masculino Sintético Dupla Face 120 Cm Preto Liso 120","Calçados, Roupas e Bolsas","Acessórios de Moda","996","28","Tier 2 — llevaría a 15.000 items"
"6224730066","Óculos Anti Luz Azul Computador Celular Proteção Gamer Pc Proteção Tela Descanso Preto Anti Fadiga 145mm","Calçados, Roupas e Bolsas","Acessórios de Moda","994","54","Tier 2 — llevaría a 15.000 items"
"6106945780","Kit 2 Boné Básico Liso Aba Curva Ajustável Unissex Poliéster","Calçados, Roupas e Bolsas","Acessórios de Moda","994","36","Tier 2 — llevaría a 15.000 items"
"4246897551","Boné Brooklyn New York Ny Aba Curva Fitão Unissex Blogueira","Calçados, Roupas e Bolsas","Acessórios de Moda","980","30","Tier 2 — llevaría a 15.000 items"
"3465039067","100 Corrente De Bolinha Ferro Com Canoa 10cm Tag Chaveiro Js","Calçados, Roupas e Bolsas","Acessórios de Moda","973","28","Tier 2 — llevaría a 15.000 items"
"3892047511","Cinto Country Masculino Medalha São Bento Fivela Removivel","Calçados, Roupas e Bolsas","Acessórios de Moda","969","72","Tier 2 — llevaría a 15.000 items"
"3833524416","Boné Lacoste Sport Croco Lateral Cap Original","Calçados, Roupas e Bolsas","Acessórios de Moda","962","318","Tier 2 — llevaría a 15.000 items"
"4214941259","Boné Five Panel Corrida Performance Airtech Preto Aba Curta Esportivo Dust Company Strapback Ajustável Ultraleve Ventilado Un Liso","Calçados, Roupas e Bolsas","Acessórios de Moda","943","187","Tier 2 — llevaría a 15.000 items"
"1238330580","Óculos De Sol Feminino Viale Original Quadrado Luxo","Calçados, Roupas e Bolsas","Acessórios de Moda","936","34","Tier 2 — llevaría a 15.000 items"
"4487703745","Boné Básico Liso Aba Curva Ajuste Unissex Masculino Baseball Preto Ajustável","Calçados, Roupas e Bolsas","Acessórios de Moda","933","30","Tier 2 — llevaría a 15.000 items"
"5429068786","Kit Gravata E Suspensório Infantil Varias Cores","Calçados, Roupas e Bolsas","Acessórios de Moda","930","19","Tier 2 — llevaría a 15.000 items"
"5314534218","Boina Italiana Masculina Peaky Blinders Outono Inverno","Calçados, Roupas e Bolsas","Acessórios de Moda","923","27","Tier 2 — llevaría a 15.000 items"
"5324863690","Cinto Feminino Couro Moda Sertanejo Pampa´s Floral Country","Calçados, Roupas e Bolsas","Acessórios de Moda","919","72","Tier 2 — llevaría a 15.000 items"
"5284493786","Chapéu Caminhoneiro Cata Ovo Estilo Natanzinho Lima Frases","Calçados, Roupas e Bolsas","Acessórios de Moda","915","42","Tier 2 — llevaría a 15.000 items"
"3957207199","Óculos De Sol Transparente Redondo Casual Luxo Praia Uv400","Calçados, Roupas e Bolsas","Acessórios de Moda","911","29","Tier 2 — llevaría a 15.000 items"
"2729959954","Boné Lacoste Big Croc Em Promoção Original","Calçados, Roupas e Bolsas","Acessórios de Moda","899","168","Tier 2 — llevaría a 15.000 items"
"4175069979","Óculos De Sol Masculino Quadrado Bambu Impresso Madeira Liso Preto Bambu","Calçados, Roupas e Bolsas","Acessórios de Moda","894","20","Tier 2 — llevaría a 15.000 items"
"5105354646","Viseira Sol Praia Verão Esporte Volei Feminina Varias Cores","Calçados, Roupas e Bolsas","Acessórios de Moda","888","21","Tier 2 — llevaría a 15.000 items"
"6215646562","Boné Trucker Preto Liso Aba Curva Simples Rede/tela Tamanho Un","Calçados, Roupas e Bolsas","Acessórios de Moda","880","20","Tier 2 — llevaría a 15.000 items"
"3231841275","Kit 3 Oculos Para Leitura Emborrachados De +1.00 Ate +4.00","Calçados, Roupas e Bolsas","Acessórios de Moda","880","77","Tier 2 — llevaría a 15.000 items"
"2154204231","Argola Italiana Chaveiro Corrente 25mm Elo 8mm 50 Pçs Níquel","Calçados, Roupas e Bolsas","Acessórios de Moda","876","26","Tier 2 — llevaría a 15.000 items"
"4240886141","Boné Ayrton Senna Aba Curva Nacional Azul Fórmula 1 Retrô","Calçados, Roupas e Bolsas","Acessórios de Moda","875","48","Tier 2 — llevaría a 15.000 items"
"5814744424","Guarda Chuva Abre E Fecha Automático Reforçado Contra Vento Cor Azul Desenho Do Tecido Liso","Calçados, Roupas e Bolsas","Acessórios de Moda","872","34","Tier 2 — llevaría a 15.000 items"
"5187112342","Boné Preto Liso Básico Aba Curva Leve Ajuste Em Velcro Preto Un","Calçados, Roupas e Bolsas","Acessórios de Moda","865","20","Tier 2 — llevaría a 15.000 items"
"5266427678","Cinto Country Couro Floral Cowgirl Feminino Com Fivela Stras","Calçados, Roupas e Bolsas","Acessórios de Moda","865","90","Tier 2 — llevaría a 15.000 items"
"5680754858","Óculos De Sol Clássico Preto Hexagonal Harbor Black Uv400 Desenho Espelho","Calçados, Roupas e Bolsas","Acessórios de Moda","864","78","Tier 2 — llevaría a 15.000 items"
"6163978442","Kit 2 Cinto Feminino Plus Size Fino Couro Sintético Leve Lua","Calçados, Roupas e Bolsas","Acessórios de Moda","860","29","Tier 2 — llevaría a 15.000 items"
"5374296380","Chapéu Country Sertanejo Unissex Aba Larga Rodeio Formado","Calçados, Roupas e Bolsas","Acessórios de Moda","859","34","Tier 2 — llevaría a 15.000 items"
"6623086540","Chapéu Pescador Camping Australiano Proteção Nuca Pescoço Uv Azul-marinho Un","Calçados, Roupas e Bolsas","Acessórios de Moda","853","20","Tier 2 — llevaría a 15.000 items"
"6016966886","Melhor Presente Envio Imediato Cinto E Carteira Qualidade","Calçados, Roupas e Bolsas","Acessórios de Moda","852","20","Tier 2 — llevaría a 15.000 items"
"5428956726","Cinto Com Fivela De Engate Rapido Sem Metal Nailon Regulavel Cor Preto Tamanho 125","Calçados, Roupas e Bolsas","Acessórios de Moda","848","19","Tier 2 — llevaría a 15.000 items"
"3394182357","Armação De Grau Óculos Descanso Metal Molinha Lupa Vilão","Calçados, Roupas e Bolsas","Acessórios de Moda","843","77","Tier 2 — llevaría a 15.000 items"
"3342699695","Kit 10 Pares Prendedor De Óculos Gancho De Silicone Suporte","Calçados, Roupas e Bolsas","Acessórios de Moda","840","24","Tier 2 — llevaría a 15.000 items"
"4034359909","Oculos Sol Polarizado Masculino Pesca Esportivo Uv400 + Case","Calçados, Roupas e Bolsas","Acessórios de Moda","839","61","Tier 2 — llevaría a 15.000 items"
"5410050138","Kit 12 Bandanas Lenço Algodão Quadrado Cores Variada Atacado Sortidas/aleatoria Padrão","Calçados, Roupas e Bolsas","Acessórios de Moda","838","34","Tier 2 — llevaría a 15.000 items"
"3883241477","Boné Liso Cores De Sarja Unissex Aba Curvada Com Regulagem","Calçados, Roupas e Bolsas","Acessórios de Moda","837","40","Tier 2 — llevaría a 15.000 items"
"4100117841","Óculos De Leitura Com Grau Para Perto Metal Aço Descanso","Calçados, Roupas e Bolsas","Acessórios de Moda","823","47","Tier 2 — llevaría a 15.000 items"
"5504124166","Moletom Com Ziper, Masculino E Feminino, Confortável .liso","Calçados, Roupas e Bolsas","Agasalhos","1094","67","Tier 2 — llevaría a 15.000 items"
"1908061747","Conjunto Moletom Feminino Flanelado Branco Preto Cinza Moda","Calçados, Roupas e Bolsas","Agasalhos","1087","100","Tier 2 — llevaría a 15.000 items"
"4918838286","Blusa Moletom Infantil Liso Com Capuz E Bolso Canguru","Calçados, Roupas e Bolsas","Agasalhos","1087","53","Tier 2 — llevaría a 15.000 items"
"5383434492","Blusa Térmica Feminina Flanelada Peluciada Frio Inverno","Calçados, Roupas e Bolsas","Agasalhos","1080","35","Tier 2 — llevaría a 15.000 items"
"3383765063","Blazer Feminino Alfaiataria Terninho Social Com Botões","Calçados, Roupas e Bolsas","Agasalhos","1058","56","Tier 2 — llevaría a 15.000 items"
"4062635165","Jaqueta Corta Vento Masculina Impermeável Com Capuz Forrado","Calçados, Roupas e Bolsas","Agasalhos","1052","56","Tier 2 — llevaría a 15.000 items"
"3482047960","Jaqueta De Couro Masculino Slim Resistente","Calçados, Roupas e Bolsas","Agasalhos","1040","157","Tier 2 — llevaría a 15.000 items"
"6250904188","Jaqueta De Couro Masculino Slim Inverno Frio Sem Capuz Preto Gg Liso","Calçados, Roupas e Bolsas","Agasalhos","1026","122","Tier 2 — llevaría a 15.000 items"
"4007284511","Kit 2 Casaco Teddy Curto Blusa Feminino Cropped Pelucia Frio","Calçados, Roupas e Bolsas","Agasalhos","1016","66","Tier 2 — llevaría a 15.000 items"
"875500317","Moletom Liso Masculino E Feminino Blusa De Frio Canguru","Calçados, Roupas e Bolsas","Agasalhos","1009","48","Tier 2 — llevaría a 15.000 items"
"4063613843","Jaqueta Bobojaco Forrado Peluciado Frio Inverno Impermeável","Calçados, Roupas e Bolsas","Agasalhos","1006","221","Tier 2 — llevaría a 15.000 items"
"4114232071","Jaqueta Bobojaco Impermeável Forrado Peluciado Frio Inverno","Calçados, Roupas e Bolsas","Agasalhos","1003","186","Tier 2 — llevaría a 15.000 items"
"5029998018","Blusa Moletom Gola Redonda Masculino Adulto Plus Size","Calçados, Roupas e Bolsas","Agasalhos","1000","50","Tier 2 — llevaría a 15.000 items"
"5393255220","Suéter Masculino Lã Tricot Blusa De Frio Social Manga Longa","Calçados, Roupas e Bolsas","Agasalhos","995","76","Tier 2 — llevaría a 15.000 items"
"4089042439","Bobojaco Masculino Forrado Térmico Capuz Impermeável","Calçados, Roupas e Bolsas","Agasalhos","993","92","Tier 2 — llevaría a 15.000 items"
"4426257567","Jaqueta Jeans Feminina Plus Size Casaco Lycra","Calçados, Roupas e Bolsas","Agasalhos","975","103","Tier 2 — llevaría a 15.000 items"
"3987668835","Casaco Cardigan Feminino Manga Longa Tricot Elegante Inverno","Calçados, Roupas e Bolsas","Agasalhos","968","42","Tier 2 — llevaría a 15.000 items"
"4998044928","Jaqueta Rock Saints Masculina Corta Vento Uv Térmica","Calçados, Roupas e Bolsas","Agasalhos","967","49","Tier 2 — llevaría a 15.000 items"
"4153099051","Jaqueta Masculina Bomber Chimpa Com Zíper E Bolsos","Calçados, Roupas e Bolsas","Agasalhos","960","62","Tier 2 — llevaría a 15.000 items"
"4300163519","Jaqueta Bomber Courino Masculina Com Zíper E Bolso","Calçados, Roupas e Bolsas","Agasalhos","957","91","Tier 2 — llevaría a 15.000 items"
"3757346157","Corta Vento Plus Size Jaqueta Masculina Impermeável Aspen","Calçados, Roupas e Bolsas","Agasalhos","945","57","Tier 2 — llevaría a 15.000 items"
"2672784724","Conjunto Feminino  De Frio 2 Peças Moderno Confortável","Calçados, Roupas e Bolsas","Agasalhos","944","72","Tier 2 — llevaría a 15.000 items"
"5264249132","Conjunto De Moletom Infantil Urso Qualidade Varias Cores","Calçados, Roupas e Bolsas","Agasalhos","940","75","Tier 2 — llevaría a 15.000 items"
"6219921466","Bobojaco Masculino Impermeável Térmico Corta Vento Capuz Preto Gg Lisa","Calçados, Roupas e Bolsas","Agasalhos","917","85","Tier 2 — llevaría a 15.000 items"
"3936395543","Moletom Infantil Blusa Conjunto Menina Canguru Bicho Azul","Calçados, Roupas e Bolsas","Agasalhos","915","77","Tier 2 — llevaría a 15.000 items"
"5335813966","Max Cardigan Tricô Detalhado Casaco Blusa De Frio La Inverno","Calçados, Roupas e Bolsas","Agasalhos","898","59","Tier 2 — llevaría a 15.000 items"
"5484556666","Jaqueta Feminina Corta Vento Com Capuz Semi Forrada Elastano","Calçados, Roupas e Bolsas","Agasalhos","896","53","Tier 2 — llevaría a 15.000 items"
"5311691200","Moletom Masculino Zíper Hugo Jobs Blusa Aberta Com Capuz","Calçados, Roupas e Bolsas","Agasalhos","889","69","Tier 2 — llevaría a 15.000 items"
"4445985312","Casaco Fit Blusa Treino Proteção Solar Uv Corrida Academia","Calçados, Roupas e Bolsas","Agasalhos","889","35","Tier 2 — llevaría a 15.000 items"
"3948762013","Jaqueta Feminina Iz Corta Vento Ultra Leve Com Capuz 2025","Calçados, Roupas e Bolsas","Agasalhos","887","48","Tier 2 — llevaría a 15.000 items"
"1587595670","Blusa Trico Basica De Frio Feminina Decote V Manga Longa","Calçados, Roupas e Bolsas","Agasalhos","871","38","Tier 2 — llevaría a 15.000 items"
"6525055976","Moletom Paris Unissex Estampa Minimalista Flanelado Algodão G Preto","Calçados, Roupas e Bolsas","Agasalhos","866","48","Tier 2 — llevaría a 15.000 items"
"4052989261","Blusa Moletom Unissex Canguru Com Capuz","Calçados, Roupas e Bolsas","Agasalhos","865","59","Tier 2 — llevaría a 15.000 items"
"1908152284","Colete Social Masculino Original Alcapone Mega Oferta","Calçados, Roupas e Bolsas","Agasalhos","861","33","Tier 2 — llevaría a 15.000 items"
"6244152264","Jaqueta Puffer Bobojaco Térmico Corta Vento Impermeável Frio Preto G Lisa","Calçados, Roupas e Bolsas","Agasalhos","857","85","Tier 2 — llevaría a 15.000 items"
"3788444518","Casaco Suéter Masculino Lã Com Zíper Trico Blusa De Frio","Calçados, Roupas e Bolsas","Agasalhos","853","58","Tier 2 — llevaría a 15.000 items"
"6230515472","Jaqueta Corta Vento Masculina Impermeável Capuz Zíper Bolso Preto M Lisa","Calçados, Roupas e Bolsas","Agasalhos","850","48","Tier 2 — llevaría a 15.000 items"
"4482836835","Jaqueta Feminina Iz Corta Vento Ultra Leve Com Capuz 2026 Preto G Lisa","Calçados, Roupas e Bolsas","Agasalhos","848","48","Tier 2 — llevaría a 15.000 items"
"3814895861","Casaquinho Com Ziper E Bolso Blusa Teddy De Pelinho Inverno","Calçados, Roupas e Bolsas","Agasalhos","845","49","Tier 2 — llevaría a 15.000 items"
"5674737698","Conjunto Feminino Calça E Colete Liso  Alfaiataria Social","Calçados, Roupas e Bolsas","Agasalhos","839","183","Tier 2 — llevaría a 15.000 items"
"6230515474","Jaqueta Corta Vento Masculina Impermeável Capuz Zíper Bolso Preto G Lisa","Calçados, Roupas e Bolsas","Agasalhos","838","54","Tier 2 — llevaría a 15.000 items"
"6228072574","Moletom Adulto Colorido Unissex Pequenos Defeitos Aleatorio","Calçados, Roupas e Bolsas","Agasalhos","834","27","Tier 2 — llevaría a 15.000 items"
"5102666280","Corta Vento Jaqueta Masculino Lisa Com Capuz E Bolso E Ziper","Calçados, Roupas e Bolsas","Agasalhos","826","36","Tier 2 — llevaría a 15.000 items"
"4477758081","Jaqueta Bobojaco Feminina Puffer Impermeável Inverno Térmica Preto 40 A 42 Lisa","Calçados, Roupas e Bolsas","Agasalhos","822","121","Tier 2 — llevaría a 15.000 items"
"4319915563","Short Jeans Mom Feminino Boyfriend Bordado Cintura Alta 100%","Calçados, Roupas e Bolsas","Bermudas e Shorts","1090","60","Tier 2 — llevaría a 15.000 items"
"4187726311","Kit 2 Bermuda Masculina Moletom Moletinho Treino Academia","Calçados, Roupas e Bolsas","Bermudas e Shorts","1089","63","Tier 2 — llevaría a 15.000 items"
"5185005318","Kit 2 Short De Linho Masculino Básico Mauricinho Premium","Calçados, Roupas e Bolsas","Bermudas e Shorts","1086","45","Tier 2 — llevaría a 15.000 items"
"5881676578","Bermuda Infantil Jeans Com Lycra, Menino Tecido Premium!","Calçados, Roupas e Bolsas","Bermudas e Shorts","1069","48","Tier 2 — llevaría a 15.000 items"
"4012203365","Bermuda Masculina Adulto Sarja Brim Short Diversas Cores","Calçados, Roupas e Bolsas","Bermudas e Shorts","1059","38","Tier 2 — llevaría a 15.000 items"
"5927035348","Kit 4 Short Tactel Masculino Casual Praia Bermuda Bolso","Calçados, Roupas e Bolsas","Bermudas e Shorts","1055","66","Tier 2 — llevaría a 15.000 items"
"4191996493","Shorts Feminino Cintura Alta Meia Coxa Alfaiataria Social","Calçados, Roupas e Bolsas","Bermudas e Shorts","1050","37","Tier 2 — llevaría a 15.000 items"
"3655550463","Short Mauricinho Sarja Brim Bermuda Masculina Colorida.","Calçados, Roupas e Bolsas","Bermudas e Shorts","1043","63","Tier 2 — llevaría a 15.000 items"
"6072991760","Kit 4 Bermuda Shorts Tactel Sandrini Elastano Academia Praia Sortidos Liso G","Calçados, Roupas e Bolsas","Bermudas e Shorts","1030","79","Tier 2 — llevaría a 15.000 items"
"3591334869","Kit 3 Shortinho Feminino Moda Praia Piscina Short Tactel","Calçados, Roupas e Bolsas","Bermudas e Shorts","988","64","Tier 2 — llevaría a 15.000 items"
"4930586574","Bermuda Tectel Masculino Leve Fresca Bolsos Frontais","Calçados, Roupas e Bolsas","Bermudas e Shorts","980","33","Tier 2 — llevaría a 15.000 items"
"3879196517","Bermuda Jeans Feminina Comprida Jorts Cintura Alta Casual","Calçados, Roupas e Bolsas","Bermudas e Shorts","966","74","Tier 2 — llevaría a 15.000 items"
"4233000469","Short Jeans Feminino Cintura Alta Com Lycra Cargo Hot Pant","Calçados, Roupas e Bolsas","Bermudas e Shorts","964","43","Tier 2 — llevaría a 15.000 items"
"3959855893","Bermuda Feminina De Linho Plus Size Cintura Alta Com Cordão","Calçados, Roupas e Bolsas","Bermudas e Shorts","958","34","Tier 2 — llevaría a 15.000 items"
"5663242126","Short De Linho Masculino Bermuda Leve Praia Verão Voker","Calçados, Roupas e Bolsas","Bermudas e Shorts","957","37","Tier 2 — llevaría a 15.000 items"
"4474684308","Bermuda Masculina Sarja Lisa Alta Qualidade Cadarço","Calçados, Roupas e Bolsas","Bermudas e Shorts","926","70","Tier 2 — llevaría a 15.000 items"
"3404872829","Bermuda Moletom Masculina Algodão Com Bolso Faca E Cordão","Calçados, Roupas e Bolsas","Bermudas e Shorts","918","30","Tier 2 — llevaría a 15.000 items"
"4819773090","Kit 3 Bermudas Moletom Masculino 2 Bolsos Lateral Com Ziper","Calçados, Roupas e Bolsas","Bermudas e Shorts","891","91","Tier 2 — llevaría a 15.000 items"
"6037755716","Kit 4 Short Praia Masculino Bermuda Tactel Verão Academia 1 De Cada Cor P","Calçados, Roupas e Bolsas","Bermudas e Shorts","886","76","Tier 2 — llevaría a 15.000 items"
"4267342525","Kit 2 Bermudas Masculino Slim Premium C/ Lycra  Rasgada","Calçados, Roupas e Bolsas","Bermudas e Shorts","885","97","Tier 2 — llevaría a 15.000 items"
"4000556395","Short Saia Jeans Feminino Cintura Alta Com Lycra Stillger","Calçados, Roupas e Bolsas","Bermudas e Shorts","884","50","Tier 2 — llevaría a 15.000 items"
"6072991762","Kit 4 Bermuda Shorts Tactel Sandrini Elastano Academia Praia Sortidos Liso Gg","Calçados, Roupas e Bolsas","Bermudas e Shorts","883","78","Tier 2 — llevaría a 15.000 items"
"5498706842","Kit 3 Shorts Linho Bermuda Masculina Estilo Urbano Cadarço","Calçados, Roupas e Bolsas","Bermudas e Shorts","877","82","Tier 2 — llevaría a 15.000 items"
"3651480961","Kit 4 Bermuda Infantil Juvenil Tactel Mauricinho Moda Praia","Calçados, Roupas e Bolsas","Bermudas e Shorts","871","60","Tier 2 — llevaría a 15.000 items"
"3895415663","Short Feminino Social Cinto Alfaiataria Tendência Atual","Calçados, Roupas e Bolsas","Bermudas e Shorts","856","33","Tier 2 — llevaría a 15.000 items"
"3912492455","Bermudas Masculino Jeans Sarja Short Jeans Masculina","Calçados, Roupas e Bolsas","Bermudas e Shorts","853","40","Tier 2 — llevaría a 15.000 items"
"1792401285","Short Academia Bermuda Dry Masculino Futebol Plus Size Elite","Calçados, Roupas e Bolsas","Bermudas e Shorts","846","40","Tier 2 — llevaría a 15.000 items"
"5266370362","Bermuda De Linho Plus Size Cintura Alta Com Cordão","Calçados, Roupas e Bolsas","Bermudas e Shorts","841","35","Tier 2 — llevaría a 15.000 items"
"3908259641","Short Jeans Cargo Feminino Bolsos Laterais Barra Feita Lycra","Calçados, Roupas e Bolsas","Bermudas e Shorts","835","45","Tier 2 — llevaría a 15.000 items"
"6072991758","Kit 4 Bermuda Shorts Tactel Sandrini Elastano Academia Praia Sortidos Liso M","Calçados, Roupas e Bolsas","Bermudas e Shorts","830","73","Tier 2 — llevaría a 15.000 items"
"3137260957","Bermuda Suplex Ciclista Bolso Lateral Cós Alta","Calçados, Roupas e Bolsas","Bermudas e Shorts","828","33","Tier 2 — llevaría a 15.000 items"
"4186625639","Kit 4 Blusas Feminina Fitness Dry Fit  Camiseta Academia","Calçados, Roupas e Bolsas","Blusas","1086","59","Tier 2 — llevaría a 15.000 items"
"5681509360","Kit 3 Camisetas Feminina Blusa Gola Semialta Algodão Premium","Calçados, Roupas e Bolsas","Blusas","1071","78","Tier 2 — llevaría a 15.000 items"
"5954976002","Blusa Decote Quadrado Manga Curta Feminina Básico Suplex","Calçados, Roupas e Bolsas","Blusas","1053","26","Tier 2 — llevaría a 15.000 items"
"5978921452","Blusa Feminina Plus Size Leve Confortavel Elegante Despojada","Calçados, Roupas e Bolsas","Blusas","1039","42","Tier 2 — llevaría a 15.000 items"
"6234750996","Blusa Feminina Gringa Halter Cropped Decote Frente Única","Calçados, Roupas e Bolsas","Blusas","1035","30","Tier 2 — llevaría a 15.000 items"
"4302752631","Blusa Feminina Social Elegante Crepe Manga Curta Decote Gota","Calçados, Roupas e Bolsas","Blusas","1032","43","Tier 2 — llevaría a 15.000 items"
"3964009553","Blusa Feminina T-shirt Manga Curta Simples Casual","Calçados, Roupas e Bolsas","Blusas","1026","25","Tier 2 — llevaría a 15.000 items"
"5489349220","Blusa Soltinha Manga Curta Tapa Bumbum Academia Viscolycra","Calçados, Roupas e Bolsas","Blusas","1018","27","Tier 2 — llevaría a 15.000 items"
"3855120711","Blusa Feminina Camiseta Gola Alta T-shirt Algodão","Calçados, Roupas e Bolsas","Blusas","1009","25","Tier 2 — llevaría a 15.000 items"
"5273859666","Kit 6 Blusa Femininas Manga Curta Gola Redonda Básica Casual","Calçados, Roupas e Bolsas","Blusas","988","76","Tier 2 — llevaría a 15.000 items"
"4429672591","Blusa Tule Feminina Manga Longa Luxo","Calçados, Roupas e Bolsas","Blusas","987","27","Tier 2 — llevaría a 15.000 items"
"5407178002","Blusa Termica Flanelada Feminina Gola Alta Manga Longa Frio","Calçados, Roupas e Bolsas","Blusas","969","31","Tier 2 — llevaría a 15.000 items"
"3712276635","Blusa Feminina Alça Regulável Blusinha Alcinha Básica Crepe","Calçados, Roupas e Bolsas","Blusas","966","34","Tier 2 — llevaría a 15.000 items"
"5960183686","Regata Feminina Decote Quadrado Suplex Blusa Alça Larga P063","Calçados, Roupas e Bolsas","Blusas","946","25","Tier 2 — llevaría a 15.000 items"
"3817788874","Blusinha  Feminina Blusa Basica Manga Curta Soltinha Shocker","Calçados, Roupas e Bolsas","Blusas","940","34","Tier 2 — llevaría a 15.000 items"
"4219225712","Kit 6 Blusa Feminina Malha 100% Algodão Premium Atacado Lote","Calçados, Roupas e Bolsas","Blusas","937","76","Tier 2 — llevaría a 15.000 items"
"3506140161","Kit 2 Regata Muscle Tee Feminina Confortável Camiseta Machão","Calçados, Roupas e Bolsas","Blusas","929","49","Tier 2 — llevaría a 15.000 items"
"4027405979","Blusa Tule Feminina Manga Longa Tendência Moda Inverno","Calçados, Roupas e Bolsas","Blusas","903","28","Tier 2 — llevaría a 15.000 items"
"4398022261","Blusa Feminina Manga Bufante 3/4 Gola V Crepe Alfaiataria","Calçados, Roupas e Bolsas","Blusas","886","29","Tier 2 — llevaría a 15.000 items"
"5599189736","Blusa Feminina Algodão Social Elegante Tshirt Camiseta Solta","Calçados, Roupas e Bolsas","Blusas","874","39","Tier 2 — llevaría a 15.000 items"
"2730176559","Blusinha Evangélica Crepinho Social Feminina Cores Lisas","Calçados, Roupas e Bolsas","Blusas","865","36","Tier 2 — llevaría a 15.000 items"
"4140342063","Blusa Manga Curta Feminina Tshirt Decote Quadrado Social","Calçados, Roupas e Bolsas","Blusas","854","29","Tier 2 — llevaría a 15.000 items"
"4136459371","Blusa Regatinha Feminina Gola 2 Em 1 Drapeada Casual Premium","Calçados, Roupas e Bolsas","Blusas","852","40","Tier 2 — llevaría a 15.000 items"
"4217160651","Blusa Plus Size Feminina Manga Curta Verão Camisa Fresquinha","Calçados, Roupas e Bolsas","Blusas","850","37","Tier 2 — llevaría a 15.000 items"
"5578319392","Blusa Feminina T-shirt Canelada Premium Camiseta  Gola Polo","Calçados, Roupas e Bolsas","Blusas","841","36","Tier 2 — llevaría a 15.000 items"
"3836291195","Blusa Feminino Muscle Tee Regata Viscolycra Comfy Soltinha","Calçados, Roupas e Bolsas","Blusas","836","26","Tier 2 — llevaría a 15.000 items"
"3700379361","Blusa Plus Size Feminina Suede Canelado Manga Flare","Calçados, Roupas e Bolsas","Blusas","835","24","Tier 2 — llevaría a 15.000 items"
"5643613760","Blusa Feminina Blusinha Manga Curta Canelada Princesa","Calçados, Roupas e Bolsas","Blusas","830","26","Tier 2 — llevaría a 15.000 items"
"4693936152","Sandália Feminina Salto Baixo Tres Tiras Bico Quadrado Moda","Calçados, Roupas e Bolsas","Calçados","1096","52","Tier 2 — llevaría a 15.000 items"
"4078899593","Tênis Masculino Mercedes Petronas Amg Mapf1 Corrida Promoção","Calçados, Roupas e Bolsas","Calçados","1095","72","Tier 2 — llevaría a 15.000 items"
"3943719166","Havaianas Top Fashion Original Lançamento","Calçados, Roupas e Bolsas","Calçados","1095","52","Tier 2 — llevaría a 15.000 items"
"2675205135","Tênis Colegial Infantil Kidy Usefull College Promoção","Calçados, Roupas e Bolsas","Calçados","1088","79","Tier 2 — llevaría a 15.000 items"
"4453771457","Bota Montaria Clássica Cano Longo Feminina Coturno Confort","Calçados, Roupas e Bolsas","Calçados","1088","90","Tier 2 — llevaría a 15.000 items"
"4455798801","Tênis Olympikus Perfect Academia Treino Preto Branco Oferta","Calçados, Roupas e Bolsas","Calçados","1081","80","Tier 2 — llevaría a 15.000 items"
"6181890320","Chinelo Modare Ortopédico Tamanco Palmilha Massageadora","Calçados, Roupas e Bolsas","Calçados","1080","66","Tier 2 — llevaría a 15.000 items"
"5477527702","Sandália Ortopédica Boaonda Adventure Super Leve  Conforto","Calçados, Roupas e Bolsas","Calçados","1080","120","Tier 2 — llevaría a 15.000 items"
"4447577717","Kit 2 Tênis Infantil Calce Fácil Menino Sola Antiderrapante","Calçados, Roupas e Bolsas","Calçados","1079","68","Tier 2 — llevaría a 15.000 items"
"3379527067","Tênis Esportivo Masculino Delta Olympikus Preto 42 Br","Calçados, Roupas e Bolsas","Calçados","1078","155","Tier 2 — llevaría a 15.000 items"
"2648692528","Chinelo Havaianas Dual Masculino Adulto Slide","Calçados, Roupas e Bolsas","Calçados","1076","56","Tier 2 — llevaría a 15.000 items"
"5277374430","Chinelo Sliper Masculino Legitimo Promoçao","Calçados, Roupas e Bolsas","Calçados","1075","45","Tier 2 — llevaría a 15.000 items"
"4966211100","Tênis Ramarim Feminino Chunky Dad Sneaker Casual Lançamento","Calçados, Roupas e Bolsas","Calçados","1072","133","Tier 2 — llevaría a 15.000 items"
"5330020602","Tênis Reserva Masculino Casual Cano Baixo Antiderrapante","Calçados, Roupas e Bolsas","Calçados","1072","283","Tier 2 — llevaría a 15.000 items"
"4342628905","Tênis Feminino Vl Court 3.0 adidas Ftwwht/cblack/greone Lisa 36 Br","Calçados, Roupas e Bolsas","Calçados","1065","298","Tier 2 — llevaría a 15.000 items"
"4268032471","Chinelo Ortopédico Top Comfort Yogui","Calçados, Roupas e Bolsas","Calçados","1063","145","Tier 2 — llevaría a 15.000 items"
"3939662033","Tênis Casual Feminino Moleca Floather Classic Original","Calçados, Roupas e Bolsas","Calçados","1063","58","Tier 2 — llevaría a 15.000 items"
"4169693789","Sapatilha Infantil Meninas Conforto Laço Festa Estilo Moda","Calçados, Roupas e Bolsas","Calçados","1063","48","Tier 2 — llevaría a 15.000 items"
"4218786400","Sandália Feminina Salto Bloco Quadrado Novidade Fashion Moda","Calçados, Roupas e Bolsas","Calçados","1062","65","Tier 2 — llevaría a 15.000 items"
"3954769519","Bota Texana Feminina Flores Bege Country Em Couro Sola Jump","Calçados, Roupas e Bolsas","Calçados","1061","179","Tier 2 — llevaría a 15.000 items"
"3794274033","Kit 2 Pares Tênis Air Boost Sneakers Casual Unissex Force","Calçados, Roupas e Bolsas","Calçados","1059","99","Tier 2 — llevaría a 15.000 items"
"1473971415","Tênis Feminino Esportivo Academia Caminhada Corrida Macio","Calçados, Roupas e Bolsas","Calçados","1057","88","Tier 2 — llevaría a 15.000 items"
"5274667260","Sandália Infantil Menina Feminina Laço Brilho Espelhado","Calçados, Roupas e Bolsas","Calçados","1057","40","Tier 2 — llevaría a 15.000 items"
"3651666833","Texana Infantil Jeca Western Rodeio Campo Fazenda Meninas","Calçados, Roupas e Bolsas","Calçados","1055","105","Tier 2 — llevaría a 15.000 items"
"6004938070","Tênis Masculino Osklen Casual Sneaker Despojado Original","Calçados, Roupas e Bolsas","Calçados","1053","236","Tier 2 — llevaría a 15.000 items"
"4961198980","Kit Sapato Masculino Oxiford Classico + Relógio + Cinto","Calçados, Roupas e Bolsas","Calçados","1053","99","Tier 2 — llevaría a 15.000 items"
"1841391510","Tênis Masculino Academia Rixxon Leve Promoção Barato","Calçados, Roupas e Bolsas","Calçados","1052","54","Tier 2 — llevaría a 15.000 items"
"3913663623","Tênis Infantil Menino Casual Confortável Lançamento Temshoes","Calçados, Roupas e Bolsas","Calçados","1049","70","Tier 2 — llevaría a 15.000 items"
"4626125138","Sandália Feminina Elástico Ortopédica Anabela Anatômica","Calçados, Roupas e Bolsas","Calçados","1047","42","Tier 2 — llevaría a 15.000 items"
"3793462633","Kit Sapato Social Masculino Preto Fosco + Cinto + Relógio","Calçados, Roupas e Bolsas","Calçados","1045","79","Tier 2 — llevaría a 15.000 items"
"3975784365","Kit Tênis Infantil Light Meninos + Boné + Óculos E Relógio","Calçados, Roupas e Bolsas","Calçados","1034","55","Tier 2 — llevaría a 15.000 items"
"4100613663","Rasteirinha Papete Feminina Com Nó Brilhante Estilizado","Calçados, Roupas e Bolsas","Calçados","1033","35","Tier 2 — llevaría a 15.000 items"
"3135487231","Chinelo Havaianas Top Adulto - Primavera/verão","Calçados, Roupas e Bolsas","Calçados","1027","34","Tier 2 — llevaría a 15.000 items"
"6305559412","Promoção Tênis Esportivo New Balance 9060 Unissex","Calçados, Roupas e Bolsas","Calçados","1027","188","Tier 2 — llevaría a 15.000 items"
"4992565962","Tenis Casual Branco Star Feminino Original Confortável All","Calçados, Roupas e Bolsas","Calçados","1025","63","Tier 2 — llevaría a 15.000 items"
"5633752188","Bota Texana Infantil Unissex Couro Várias Cores Kapell","Calçados, Roupas e Bolsas","Calçados","1023","135","Tier 2 — llevaría a 15.000 items"
"4381427913","Sapatênis Masculino Casual Slip On Iate Conforto Sintético","Calçados, Roupas e Bolsas","Calçados","1021","69","Tier 2 — llevaría a 15.000 items"
"4382072864","Tênis Tela Com Elástico Infantil Calce Fácil","Calçados, Roupas e Bolsas","Calçados","1018","27","Tier 2 — llevaría a 15.000 items"
"3513790568","Tênis De Treino Unissex Under Armour Tribase Reps","Calçados, Roupas e Bolsas","Calçados","1018","293","Tier 2 — llevaría a 15.000 items"
"4019252171","Bota Feminina Gigil Cano Alto Salto Bloco Detalhe Metalizado","Calçados, Roupas e Bolsas","Calçados","1018","131","Tier 2 — llevaría a 15.000 items"
"4068322863","Tênis Feminino Meia Ortopédico Calce Fácil Caminhada Confort","Calçados, Roupas e Bolsas","Calçados","1015","45","Tier 2 — llevaría a 15.000 items"
"3844755977","Sandália Tamanco Feminino Flatform Confortável Juta","Calçados, Roupas e Bolsas","Calçados","1014","97","Tier 2 — llevaría a 15.000 items"
"4347506473","Tênis Unissex Casual O2x Original Para Caminha Academia","Calçados, Roupas e Bolsas","Calçados","1013","50","Tier 2 — llevaría a 15.000 items"
"3266032657","Chinelo Masculino Rider Street Slide Macio Leve Confortavel","Calçados, Roupas e Bolsas","Calçados","1012","43","Tier 2 — llevaría a 15.000 items"
"3852714963","Tenis Infantil Menino Casual Escolar Confortavel Calce Facil","Calçados, Roupas e Bolsas","Calçados","1012","39","Tier 2 — llevaría a 15.000 items"
"3791308351","Tênis Nike Air Max Nuaxis Masculino","Calçados, Roupas e Bolsas","Calçados","1011","392","Tier 2 — llevaría a 15.000 items"
"5447129254","Tênis Infantil Menina 3f Casual Escolar Fadinha Confortável","Calçados, Roupas e Bolsas","Calçados","1011","55","Tier 2 — llevaría a 15.000 items"
"4232149261","Tênis Feminino Academia Corrida Esporte Promoção Barato Leve","Calçados, Roupas e Bolsas","Calçados","1010","57","Tier 2 — llevaría a 15.000 items"
"4006047479","Scarpin Feminino Gigil Slingback Salto Fino Casual Clássico","Calçados, Roupas e Bolsas","Calçados","1007","67","Tier 2 — llevaría a 15.000 items"
"3274580283","Sandália Feminina Rasteira Casual Confortável Promoção","Calçados, Roupas e Bolsas","Calçados","1001","43","Tier 2 — llevaría a 15.000 items"
"1815507746","Sandália Crocs Bayaband Clog Black/white","Calçados, Roupas e Bolsas","Calçados","998","320","Tier 2 — llevaría a 15.000 items"
"3629145917","Tênis Nike Downshifter 13 Feminino","Calçados, Roupas e Bolsas","Calçados","996","323","Tier 2 — llevaría a 15.000 items"
"5267223166","Tênis Slip On Iate Masculino Couro Confortável","Calçados, Roupas e Bolsas","Calçados","995","113","Tier 2 — llevaría a 15.000 items"
"3958710753","Chinelo Havaianas Color Essential Promoção Original*nf*","Calçados, Roupas e Bolsas","Calçados","995","30","Tier 2 — llevaría a 15.000 items"
"4626610296","Kit Tênis Infantil Led Meninas Sereia Chinelo Óculos Relógio","Calçados, Roupas e Bolsas","Calçados","992","76","Tier 2 — llevaría a 15.000 items"
"5489876528","Chinelo Havaianas Masculino Power 2.0 Anatômica Massageadora","Calçados, Roupas e Bolsas","Calçados","988","61","Tier 2 — llevaría a 15.000 items"
"4160515655","Tênis Chunky Feminino Casual Marrom Sola Tratorada Dia A Dia","Calçados, Roupas e Bolsas","Calçados","986","115","Tier 2 — llevaría a 15.000 items"
"5504948360","Kit Tênis Infantil Stitch Menina Casual + Chinelo Infantil","Calçados, Roupas e Bolsas","Calçados","985","53","Tier 2 — llevaría a 15.000 items"
"4197872351","Babuche Feminina Kit Botons Correntinha Sandália Estilo","Calçados, Roupas e Bolsas","Calçados","983","48","Tier 2 — llevaría a 15.000 items"
"4224560029","Papete Feminina Anatômica | Chinelo Leve, Macio E Estiloso","Calçados, Roupas e Bolsas","Calçados","981","28","Tier 2 — llevaría a 15.000 items"
"5271182088","Tênis Meia Calce Fácil Ortopédico Jsr Confortável Leve Macio","Calçados, Roupas e Bolsas","Calçados","978","46","Tier 2 — llevaría a 15.000 items"
"2095897388","Tênis Infantil Led Botinha Dinossauro Velcro Meninos Luzinha","Calçados, Roupas e Bolsas","Calçados","977","52","Tier 2 — llevaría a 15.000 items"
"3889939367","Bota Coturno Adventure Masculina Palmilha Em Gel Impermeável","Calçados, Roupas e Bolsas","Calçados","970","119","Tier 2 — llevaría a 15.000 items"
"3324061253","Chinelo Babuche Cre Luiza Paula 100% Eva Leve Antiderrapante","Calçados, Roupas e Bolsas","Calçados","968","49","Tier 2 — llevaría a 15.000 items"
"2861248973","Sandália Feminina Brilho Salto Alto Bloco Vinil Transparente","Calçados, Roupas e Bolsas","Calçados","966","61","Tier 2 — llevaría a 15.000 items"
"6160147580","Tênis Feminino Couro Legítimo Casual Clássico Retrô Offwhite","Calçados, Roupas e Bolsas","Calçados","965","138","Tier 2 — llevaría a 15.000 items"
"4009678175","Scarpin Feminino Lumiss Bico Fino Salto Alto Metalizado","Calçados, Roupas e Bolsas","Calçados","964","119","Tier 2 — llevaría a 15.000 items"
"3809352680","Tênis Esportivo Masculino Delta Olympikus Preto 40 Br","Calçados, Roupas e Bolsas","Calçados","963","155","Tier 2 — llevaría a 15.000 items"
"5288004008","Tênis Asics Dynablast 5 Feminino Corrida - Caminhada","Calçados, Roupas e Bolsas","Calçados","963","410","Tier 2 — llevaría a 15.000 items"
"6224371174","Pantufa Forrada Dois Riscos Chinelo Confortável By-625","Calçados, Roupas e Bolsas","Calçados","963","47","Tier 2 — llevaría a 15.000 items"
"3853545859","Botina Bota Masculina Sola Pneu Mateira Toda Em Couro Barata","Calçados, Roupas e Bolsas","Calçados","962","49","Tier 2 — llevaría a 15.000 items"
"3336804971","Kit Tenis Infantil Casual Meninos Meninas + Óculos E Relógio","Calçados, Roupas e Bolsas","Calçados","962","52","Tier 2 — llevaría a 15.000 items"
"3199313997","Tênis Nike Court Legacy Lift Feminino","Calçados, Roupas e Bolsas","Calçados","957","382","Tier 2 — llevaría a 15.000 items"
"3360542533","Tamanco Dijean 282 Feminino Confortável Eva 2022","Calçados, Roupas e Bolsas","Calçados","957","47","Tier 2 — llevaría a 15.000 items"
"3727024627","Sapato Feminino Scarpin Slingback Bico Fino Retrô Moda Festa","Calçados, Roupas e Bolsas","Calçados","954","68","Tier 2 — llevaría a 15.000 items"
"4431234394","Combo 3 Sapatênis  Macio Zíper Calce Facil Conforto Leve","Calçados, Roupas e Bolsas","Calçados","952","157","Tier 2 — llevaría a 15.000 items"
"3517110747","Scarpin Feminino Salto Baixo Verniz Bico Fino Elegante Moda","Calçados, Roupas e Bolsas","Calçados","951","58","Tier 2 — llevaría a 15.000 items"
"3880826797","Chinelo Havaianas Antiderrapante Top Max Comfort Original","Calçados, Roupas e Bolsas","Calçados","950","48","Tier 2 — llevaría a 15.000 items"
"5298002126","Tênis Masculino Meia S/ Cadarço Slip On Fácil Calça Academia","Calçados, Roupas e Bolsas","Calçados","950","73","Tier 2 — llevaría a 15.000 items"
"5857391588","Tênis Masculino Olimp Esportivo Super Leve","Calçados, Roupas e Bolsas","Calçados","946","100","Tier 2 — llevaría a 15.000 items"
"4097800183","Chinelo Alfa Nuvem Ortopédica Unissex Sandália Macia","Calçados, Roupas e Bolsas","Calçados","946","23","Tier 2 — llevaría a 15.000 items"
"4589872372","Chinelo Adulto Masculino Feminino Frete Grátis!","Calçados, Roupas e Bolsas","Calçados","946","94","Tier 2 — llevaría a 15.000 items"
"4219042859","Sandália Franciscana Ortopédica Couro Legítimo Conforto Leve","Calçados, Roupas e Bolsas","Calçados","945","55","Tier 2 — llevaría a 15.000 items"
"4684624362","Sapatilha Feminina Mary Jane Boneca Bico Redondo Moda","Calçados, Roupas e Bolsas","Calçados","944","60","Tier 2 — llevaría a 15.000 items"
"4254719339","Babuche Corfly Original Eva Leve Unissex Antiderrapante Orto","Calçados, Roupas e Bolsas","Calçados","944","40","Tier 2 — llevaría a 15.000 items"
"3897879003","Tênis Fila Progress Lite Masculino Corrida - Caminhada","Calçados, Roupas e Bolsas","Calçados","943","261","Tier 2 — llevaría a 15.000 items"
"3653735469","Kit Calçado Masculino + Relógio Clássico + Cinto + Carteira","Calçados, Roupas e Bolsas","Calçados","943","69","Tier 2 — llevaría a 15.000 items"
"4106318377","Chinelo Havaianas Elegance Print Feminino Original","Calçados, Roupas e Bolsas","Calçados","943","38","Tier 2 — llevaría a 15.000 items"
"5338973100","Rasteira Tamanco Feminina Vizzano Modelo H Fashion","Calçados, Roupas e Bolsas","Calçados","942","54","Tier 2 — llevaría a 15.000 items"
"5354112560","Chinelo Feminino Tamanco Ortopedica Confort Massageadora","Calçados, Roupas e Bolsas","Calçados","942","30","Tier 2 — llevaría a 15.000 items"
"5478945400","Tênis Feminino Vizzano Original Confortável Leve Basico","Calçados, Roupas e Bolsas","Calçados","941","97","Tier 2 — llevaría a 15.000 items"
"4193781171","Tênis Infantil Menino Homem Aranha Casual De Led Super Macio","Calçados, Roupas e Bolsas","Calçados","937","56","Tier 2 — llevaría a 15.000 items"
"3916460945","Kit Tenis Feminino + Relogio + Meia Treino Academia Corrida","Calçados, Roupas e Bolsas","Calçados","937","58","Tier 2 — llevaría a 15.000 items"
"3670578339","Tenis Preto Feminino Ramarim Versatil Dia A Dia Confortavel","Calçados, Roupas e Bolsas","Calçados","937","132","Tier 2 — llevaría a 15.000 items"
"3936443365","Chinelo Masculino Rider Feel Slide Lançamento Flexível","Calçados, Roupas e Bolsas","Calçados","934","39","Tier 2 — llevaría a 15.000 items"
"4186548903","Babuche Sandália Confortável Ventilado 100% Eva Unissex","Calçados, Roupas e Bolsas","Calçados","933","42","Tier 2 — llevaría a 15.000 items"
"4048461091","Tenis De Corrida Maxxi Lite Fila Feminino Alto Amortecimento","Calçados, Roupas e Bolsas","Calçados","933","283","Tier 2 — llevaría a 15.000 items"
"2919601533","Sandália Antiderrapant Feminina Rasteira Elástico Leve Papet","Calçados, Roupas e Bolsas","Calçados","931","40","Tier 2 — llevaría a 15.000 items"
"4556150447","Tênis Asics Revelation Original Leve  Caminhada Garantia","Calçados, Roupas e Bolsas","Calçados","930","88","Tier 2 — llevaría a 15.000 items"
"3649503953","Sapatilha Infantil Menina Boneca Sapato Feminino Social","Calçados, Roupas e Bolsas","Calçados","929","49","Tier 2 — llevaría a 15.000 items"
"4028488413","Sandália Feminina Papete Elástico Modare Leve Ultra Conforto","Calçados, Roupas e Bolsas","Calçados","925","76","Tier 2 — llevaría a 15.000 items"
"4451615753","Scarpin Feminino Slingback Sapato Salto Fino Taça Fivela","Calçados, Roupas e Bolsas","Calçados","923","75","Tier 2 — llevaría a 15.000 items"
"5661392330","Tênis Feminino Repplay Esportivo Academia Treino Caminhada","Calçados, Roupas e Bolsas","Calçados","920","81","Tier 2 — llevaría a 15.000 items"
"5691750272","Sandália Feminina Rasteirinha Femmy 01 - Conforto E Estilo","Calçados, Roupas e Bolsas","Calçados","919","28","Tier 2 — llevaría a 15.000 items"
"3582874245","Sapato Masculino Social Casual Derby Conforto Couro Ecológic","Calçados, Roupas e Bolsas","Calçados","917","63","Tier 2 — llevaría a 15.000 items"
"4201132041","Tênis Feminino Olympikus Acqua Treino Caminhada Confortável","Calçados, Roupas e Bolsas","Calçados","917","212","Tier 2 — llevaría a 15.000 items"
"2634402435","Botina Chelsea Masculina Camurça Cano Médio Casual Conforto","Calçados, Roupas e Bolsas","Calçados","916","154","Tier 2 — llevaría a 15.000 items"
"4124448153","Tênis Feminino Kolosh Zíper Original Confortável Casual Leve","Calçados, Roupas e Bolsas","Calçados","916","175","Tier 2 — llevaría a 15.000 items"
"5443285180","Botina De Segurança Bota Ipi Para Trabalho Obra Civil Com Ca","Calçados, Roupas e Bolsas","Calçados","915","49","Tier 2 — llevaría a 15.000 items"
"5243410578","Kit Tênis Botinha Infantil Borboleta Menina + Oculos Relogio","Calçados, Roupas e Bolsas","Calçados","911","64","Tier 2 — llevaría a 15.000 items"
"4347476563","Tênis Masculino Academia Branco O2x Original Promoção","Calçados, Roupas e Bolsas","Calçados","911","53","Tier 2 — llevaría a 15.000 items"
"4044253750","Sandália Rasteira Feminina Conforto Slide - 40","Calçados, Roupas e Bolsas","Calçados","910","39","Tier 2 — llevaría a 15.000 items"
"4159187643","Tênis Esportivo Treino Academia Tribase Reps 2 Under Armour","Calçados, Roupas e Bolsas","Calçados","909","338","Tier 2 — llevaría a 15.000 items"
"3333712039","Sandalia Ortopedica Feminina Modare Ultra Conforto Dry Tech","Calçados, Roupas e Bolsas","Calçados","908","79","Tier 2 — llevaría a 15.000 items"
"5462977222","Havaianas Slim Square Logo Metallic Feminina Original","Calçados, Roupas e Bolsas","Calçados","905","50","Tier 2 — llevaría a 15.000 items"
"1241660949","Tênis Esportivo Feminino Academia Caminhada Promoção Barato","Calçados, Roupas e Bolsas","Calçados","904","51","Tier 2 — llevaría a 15.000 items"
"3657880468","Bota Feminina Strass Bico Fino Salto Alto Grosso Confortável","Calçados, Roupas e Bolsas","Calçados","902","122","Tier 2 — llevaría a 15.000 items"
"5939013396","Chinelo Havaianas Masculino Power 2.0 Anatômica Massageadora","Calçados, Roupas e Bolsas","Calçados","902","66","Tier 2 — llevaría a 15.000 items"
"4623842789","Tênis Asics Academia Corrida Barato Promoção Envio Imediato","Calçados, Roupas e Bolsas","Calçados","901","100","Tier 2 — llevaría a 15.000 items"
"1217390442","Coturno Salto Alto Bota Macia Tratorada Feminina Cano Curto","Calçados, Roupas e Bolsas","Calçados","901","42","Tier 2 — llevaría a 15.000 items"
"4068611063","Tênis Infantil Botinha Personagem Fofo Escola Casual Passeio","Calçados, Roupas e Bolsas","Calçados","901","58","Tier 2 — llevaría a 15.000 items"
"2015307703","Tenis Infantil Feminino Tenis Menina Volta As Aulas Escolar","Calçados, Roupas e Bolsas","Calçados","899","75","Tier 2 — llevaría a 15.000 items"
"4071075609","Bota Infantil Menina Chuva Galocha Feminina Capivara Macia","Calçados, Roupas e Bolsas","Calçados","899","50","Tier 2 — llevaría a 15.000 items"
"4534217165","Sandalia Ortopedica Massageadora Para Dores Esporão Macia","Calçados, Roupas e Bolsas","Calçados","898","42","Tier 2 — llevaría a 15.000 items"
"5429123536","Chinelo Masculino Kivah Pro Line Lançamento 2025 Macio Leve","Calçados, Roupas e Bolsas","Calçados","897","107","Tier 2 — llevaría a 15.000 items"
"4241980949","Papete Ortopédica Feminina Confortável Antiderrapante Verão","Calçados, Roupas e Bolsas","Calçados","892","37","Tier 2 — llevaría a 15.000 items"
"5363653174","Sandália Infantil Menina Tiras De Brilho Laço Confortavel","Calçados, Roupas e Bolsas","Calçados","890","46","Tier 2 — llevaría a 15.000 items"
"4884468522","Sandália Chinelo Birken Nuvem Tira Dupla Anatômica Confort","Calçados, Roupas e Bolsas","Calçados","890","58","Tier 2 — llevaría a 15.000 items"
"4339278985","Sandália Feminina Rasteira Confortável Com Pingente Vizzano","Calçados, Roupas e Bolsas","Calçados","889","74","Tier 2 — llevaría a 15.000 items"
"4467493299","Tênis Casual Feminino E Masculino Confortavel Academia","Calçados, Roupas e Bolsas","Calçados","886","60","Tier 2 — llevaría a 15.000 items"
"4454291778","Sapatilha Sapato Feminino Boneca Mary Jane Apliques Gigil","Calçados, Roupas e Bolsas","Calçados","886","48","Tier 2 — llevaría a 15.000 items"
"4012799319","Sandália Papete Feminina Birken Brilho Strass Ajustável","Calçados, Roupas e Bolsas","Calçados","885","48","Tier 2 — llevaría a 15.000 items"
"4529698929","Pantufa Capivara De Pelúcia Super Quente Com Sola Grossa","Calçados, Roupas e Bolsas","Calçados","885","61","Tier 2 — llevaría a 15.000 items"
"6200323688","Capa De Chuva Tênis Sapato Silicone Antiderrapante - A770","Calçados, Roupas e Bolsas","Calçados","884","29","Tier 2 — llevaría a 15.000 items"
"3515046161","Tênis Feminino Chunky Sneaker Casual Blogueira Plataforma","Calçados, Roupas e Bolsas","Calçados","883","64","Tier 2 — llevaría a 15.000 items"
"3491216669","Sandália Feminina Brilho Salto Alto Confortável Original ","Calçados, Roupas e Bolsas","Calçados","881","82","Tier 2 — llevaría a 15.000 items"
"4302192163","Chinelo Havaianas Slim Square Glitter Contour Quadradinha","Calçados, Roupas e Bolsas","Calçados","878","67","Tier 2 — llevaría a 15.000 items"
"4427753501","Sapato Social Oxford Masculino Moderno Qualidade Confortável","Calçados, Roupas e Bolsas","Calçados","877","75","Tier 2 — llevaría a 15.000 items"
"4423594907","Chinelo Havaianas Minecraft Meninos Infantil Lançamento","Calçados, Roupas e Bolsas","Calçados","876","44","Tier 2 — llevaría a 15.000 items"
"3964887081","Tênis Masculino Sapatênis Casual Confortável Estiloso","Calçados, Roupas e Bolsas","Calçados","876","76","Tier 2 — llevaría a 15.000 items"
"5762840356","Tênis Moleca Feminino Moda Casual Básico Passeio Confortável","Calçados, Roupas e Bolsas","Calçados","875","61","Tier 2 — llevaría a 15.000 items"
"4085412799","Chinelo Masculino Cartago Arizona Original Confortável","Calçados, Roupas e Bolsas","Calçados","872","42","Tier 2 — llevaría a 15.000 items"
"4476777251","Chinelo Birken Sandália Nuvem Unissex Ortopédico Confortável","Calçados, Roupas e Bolsas","Calçados","872","47","Tier 2 — llevaría a 15.000 items"
"4032166893","Tênis Feminino Anacapri Casual Leve Macio Confortável","Calçados, Roupas e Bolsas","Calçados","869","166","Tier 2 — llevaría a 15.000 items"
"5107912110","Tênis Challenge Fitness Unissex Treino Academia E Caminhada","Calçados, Roupas e Bolsas","Calçados","865","73","Tier 2 — llevaría a 15.000 items"
"1816616659","Sandália Crocs Baya Clog Navy","Calçados, Roupas e Bolsas","Calçados","864","259","Tier 2 — llevaría a 15.000 items"
"4042033875","Bota Feminina Montaria Cano Curto Salto Grosso Moleca 5346","Calçados, Roupas e Bolsas","Calçados","863","157","Tier 2 — llevaría a 15.000 items"
"3753579476","Babuche Boaonda Safe Palmilha Ortopédica Conforto Enfermagem","Calçados, Roupas e Bolsas","Calçados","861","102","Tier 2 — llevaría a 15.000 items"
"6225180604","Pantufa Aconchegante Coração Com Letra A Inverno By-627","Calçados, Roupas e Bolsas","Calçados","861","47","Tier 2 — llevaría a 15.000 items"
"5323738938","Sandália Chinelo Feminino Ortopédico Leve Macio Promoção","Calçados, Roupas e Bolsas","Calçados","861","30","Tier 2 — llevaría a 15.000 items"
"5772571654","Tênis Feminino Esportivo Academia Esporte Promoção Barato","Calçados, Roupas e Bolsas","Calçados","860","54","Tier 2 — llevaría a 15.000 items"
"3832155571","Chinelo Tamanco Feminino Anabela Plataforma Alto Confortável","Calçados, Roupas e Bolsas","Calçados","858","76","Tier 2 — llevaría a 15.000 items"
"4164095157","Sandália Chinelo Kenner Nk6 Pro Lançamento Original","Calçados, Roupas e Bolsas","Calçados","856","131","Tier 2 — llevaría a 15.000 items"
"1867894348","Chinelo Feminino Anatomico Boaonda Ortopédico Lily 1319","Calçados, Roupas e Bolsas","Calçados","853","69","Tier 2 — llevaría a 15.000 items"
"5053478770","Sapato Feminino Slingback Scarpin Social Salto Grosso Baixo","Calçados, Roupas e Bolsas","Calçados","851","72","Tier 2 — llevaría a 15.000 items"
"1841385279","Tênis Feminino Academia Caminhada Promoção Barato Corrida","Calçados, Roupas e Bolsas","Calçados","851","54","Tier 2 — llevaría a 15.000 items"
"2764340553","Bota Trabalho Cano Baixo Antiderrapante Leve A Prova De Água","Calçados, Roupas e Bolsas","Calçados","850","102","Tier 2 — llevaría a 15.000 items"
"5980219652","Tênis On Running Cloud Macio Leve Oferta Black Friday Hoje","Calçados, Roupas e Bolsas","Calçados","849","165","Tier 2 — llevaría a 15.000 items"
"5546084278","Babuche Infantil Menina Papete Feminina Borboleta Flor Fofa","Calçados, Roupas e Bolsas","Calçados","849","35","Tier 2 — llevaría a 15.000 items"
"6170464734","Chinelo Sandalia Havaianas Kids Menino E Menina Infantil","Calçados, Roupas e Bolsas","Calçados","847","37","Tier 2 — llevaría a 15.000 items"
"6175335288","Chinelo Havaianas Slim Pets Feminina Gato Cachorro Original Bege Cachorro 37-38 Br","Calçados, Roupas e Bolsas","Calçados","847","33","Tier 2 — llevaría a 15.000 items"
"5997436986","Tênis Feminino Vl Court 3.0 adidas Ftwwht/cblack/greone Lisa 37 Br","Calçados, Roupas e Bolsas","Calçados","847","318","Tier 2 — llevaría a 15.000 items"
"3971902719","S-l Slide Confortável Unissex Casual Têxtil Eva 2025","Calçados, Roupas e Bolsas","Calçados","846","73","Tier 2 — llevaría a 15.000 items"
"3666130713","Scarpin Vizzano Feminino Salto Baixo Fino Macio Original","Calçados, Roupas e Bolsas","Calçados","846","100","Tier 2 — llevaría a 15.000 items"
"3923396227","Chinelo Havaianas Brasil Unissex Listras Original","Calçados, Roupas e Bolsas","Calçados","842","56","Tier 2 — llevaría a 15.000 items"
"3943763909","Tênis Casual Feminino Masculino Saymon Street 2.0 Original X","Calçados, Roupas e Bolsas","Calçados","842","92","Tier 2 — llevaría a 15.000 items"
"4347194557","Tenis Modare Napa Feminino Plataforma Alta Casual Chunky","Calçados, Roupas e Bolsas","Calçados","841","141","Tier 2 — llevaría a 15.000 items"
"3651858095","Sandália  Feminina Anabela Plataforma Salto Alto Confortável","Calçados, Roupas e Bolsas","Calçados","839","53","Tier 2 — llevaría a 15.000 items"
"4332530833","Tênis On Cloud Unissex Corrida Caminhada Academia Treino","Calçados, Roupas e Bolsas","Calçados","839","165","Tier 2 — llevaría a 15.000 items"
"4235426581","Babuche Sandália Em Eva 33 Ao 44 Leve E Antiderrapante","Calçados, Roupas e Bolsas","Calçados","837","40","Tier 2 — llevaría a 15.000 items"
"4609470209","Tênis De Corrida Para Homens E Mulheres Com Fibra De Carbono","Calçados, Roupas e Bolsas","Calçados","837","141","Tier 2 — llevaría a 15.000 items"
"5167278028","Tênis Masculino New Speed R Sport Academia Crossfit","Calçados, Roupas e Bolsas","Calçados","837","172","Tier 2 — llevaría a 15.000 items"
"5408593708","Tênis Casual Kappa Zenit Masculino","Calçados, Roupas e Bolsas","Calçados","836","112","Tier 2 — llevaría a 15.000 items"
"5665433522","Tênis Infantil Kids Meninos Casual Carrapicho Confortável","Calçados, Roupas e Bolsas","Calçados","833","48","Tier 2 — llevaría a 15.000 items"
"4131922519","Tênis Mormaii Urban Smash Skatista Masculino Casual Original","Calçados, Roupas e Bolsas","Calçados","833","148","Tier 2 — llevaría a 15.000 items"
"2610938188","Kit 2 Par Tênis Hyperball Masculino Academia Corrida Padrão","Calçados, Roupas e Bolsas","Calçados","832","99","Tier 2 — llevaría a 15.000 items"
"3294354371","Sapatilha Aquática Tênis Praia Piscina Pesca Híbrido As367","Calçados, Roupas e Bolsas","Calçados","831","68","Tier 2 — llevaría a 15.000 items"
"1948439952","Sapato  Enfermagem Tênis  Antiderrapante Mameluko  Softworks","Calçados, Roupas e Bolsas","Calçados","831","100","Tier 2 — llevaría a 15.000 items"
"6601403498","Tênis Asics Corrida Macio Original Garantia","Calçados, Roupas e Bolsas","Calçados","829","97","Tier 2 — llevaría a 15.000 items"
"3682539055","Combo Bota Feminina Infantil E Bolsa Infantil Menina Modinha","Calçados, Roupas e Bolsas","Calçados","828","65","Tier 2 — llevaría a 15.000 items"
"4100617899","Chinelo Crocs Crocband Flip Black/slate Grey","Calçados, Roupas e Bolsas","Calçados","825","199","Tier 2 — llevaría a 15.000 items"
"3423338329","Sandália Infantil Menina Laço Coração Moda Casual 16 Ao 27","Calçados, Roupas e Bolsas","Calçados","824","43","Tier 2 — llevaría a 15.000 items"
"3792127628","Combo 3 Pares Sapatênis , Leve De  Zíper Super Conforto","Calçados, Roupas e Bolsas","Calçados","823","166","Tier 2 — llevaría a 15.000 items"
"4160389685","Calça Social Masculina Oxford Premium Tradicional  Elegante","Calçados, Roupas e Bolsas","Calças","1097","65","Tier 2 — llevaría a 15.000 items"
"6233725672","Calça Jeans Wide Leg Feminina Cintura Alta Pantalona Jeans Marmorizado Liso 36","Calçados, Roupas e Bolsas","Calças","1091","60","Tier 2 — llevaría a 15.000 items"
"4018711641","Calça Cargo Wide Leg Boca Larga Jeans 100%  Infantil Juvenil","Calçados, Roupas e Bolsas","Calças","1089","60","Tier 2 — llevaría a 15.000 items"
"6564523058","Calça Masculina Tactel Jogger Esportiva Academia Slim Treino Preto Gg 44/48","Calçados, Roupas e Bolsas","Calças","1084","56","Tier 2 — llevaría a 15.000 items"
"5664626340","Calça Jeans Feminina Cargo Levanta Bumbum Cintura Alta Lycra","Calçados, Roupas e Bolsas","Calças","1084","68","Tier 2 — llevaría a 15.000 items"
"4112463347","Calça Pantalona Alfaiataria Premium Wide Leg Elegante","Calçados, Roupas e Bolsas","Calças","1081","66","Tier 2 — llevaría a 15.000 items"
"4471726755","Kit 3 Calças Flaneladas Infantil Juvenil | Com Bolsos","Calçados, Roupas e Bolsas","Calças","1081","60","Tier 2 — llevaría a 15.000 items"
"4050342567","Kit 2 Calças Pantalona Wide Leg Feminino Cintura Alta","Calçados, Roupas e Bolsas","Calças","1080","82","Tier 2 — llevaría a 15.000 items"
"6248539012","Calça Wide Leg Jeans Pantalona Lançamento","Calçados, Roupas e Bolsas","Calças","1079","63","Tier 2 — llevaría a 15.000 items"
"3944521413","Calça Balão Calca Jeans Baggy Masculina Bag Larga Streetwear","Calçados, Roupas e Bolsas","Calças","1071","68","Tier 2 — llevaría a 15.000 items"
"6000669620","Calça Jeans Feminina Preta Cós Alto Elastano Lycra Skinny","Calçados, Roupas e Bolsas","Calças","1062","55","Tier 2 — llevaría a 15.000 items"
"3683329319","Flare Preta Jeans Feminina Com Elastano Plus Size","Calçados, Roupas e Bolsas","Calças","1057","70","Tier 2 — llevaría a 15.000 items"
"3470488361","Calça Feminina Pantalona Duna Wide Leg Cintura Alta","Calçados, Roupas e Bolsas","Calças","1039","30","Tier 2 — llevaría a 15.000 items"
"3206549120","Kit 3 Calças Country Masculina Tradicional Elastano Rodeio","Calçados, Roupas e Bolsas","Calças","1030","199","Tier 2 — llevaría a 15.000 items"
"5538382542","Conjunto Linho Feminino Camisa E Short Linha Premium","Calçados, Roupas e Bolsas","Calças","1030","65","Tier 2 — llevaría a 15.000 items"
"4465154033","Calça Balão Jeans Masculina Grafite Algodão Baggy Boca Larga","Calçados, Roupas e Bolsas","Calças","1021","66","Tier 2 — llevaría a 15.000 items"
"5974785120","Calça Country Masculina Jeans Western Cowboy Rodeio Elastano","Calçados, Roupas e Bolsas","Calças","1019","67","Tier 2 — llevaría a 15.000 items"
"2216806020","Calça Alfaiataria Masculina Skinny Premium Bengaline","Calçados, Roupas e Bolsas","Calças","1019","57","Tier 2 — llevaría a 15.000 items"
"3406962973","Calça Preta Feminina Cintura Alta Com Elastano Empina Bumbum","Calçados, Roupas e Bolsas","Calças","1017","70","Tier 2 — llevaría a 15.000 items"
"5274696390","Conjunto Calça Elastico Regata Feminino Alfaiataria Verão","Calçados, Roupas e Bolsas","Calças","1008","60","Tier 2 — llevaría a 15.000 items"
"2632011519","Kit 3 Calça Infantil Juvenil Moletom Punho Menina - Boa!","Calçados, Roupas e Bolsas","Calças","1007","79","Tier 2 — llevaría a 15.000 items"
"3655245595","Calca Feminina Wide Leg Cargo Preta Elastano Plus Size","Calçados, Roupas e Bolsas","Calças","1003","77","Tier 2 — llevaría a 15.000 items"
"4998359238","Calças Femininas Hot Pants Flare Cintura Alta Empina Bumbum","Calçados, Roupas e Bolsas","Calças","1001","57","Tier 2 — llevaría a 15.000 items"
"4057718073","Calça Feminina Social Estilo Alfaiataria Pantalona Fashion","Calçados, Roupas e Bolsas","Calças","1000","51","Tier 2 — llevaría a 15.000 items"
"6238886478","Calça Feminina Alfaiataria Wide Leg Social Pantalona Preta P","Calçados, Roupas e Bolsas","Calças","999","31","Tier 2 — llevaría a 15.000 items"
"2632705468","Calça Cargo Sarja Real Masculina Casual 4 Bolsos","Calçados, Roupas e Bolsas","Calças","996","58","Tier 2 — llevaría a 15.000 items"
"4059882393","Calça Moletom Masculina Academia Fitnes Treino Frio Inverno","Calçados, Roupas e Bolsas","Calças","990","63","Tier 2 — llevaría a 15.000 items"
"2800042156","Calça Pantalona Alfaiataria Wide Leg Social Cintura Alta","Calçados, Roupas e Bolsas","Calças","979","79","Tier 2 — llevaría a 15.000 items"
"2932929137","Calça Masculina Country Delave Linha Premium","Calçados, Roupas e Bolsas","Calças","971","67","Tier 2 — llevaría a 15.000 items"
"3979655509","Calça Skinny Feminina Cintura Alta Empina O Bumbum Camarote","Calçados, Roupas e Bolsas","Calças","970","58","Tier 2 — llevaría a 15.000 items"
"6230514520","Calça Jeans Ideal Trabalho Pesado Reforçada Elastano Lycra Azul-escuro Geométrico 44","Calçados, Roupas e Bolsas","Calças","968","51","Tier 2 — llevaría a 15.000 items"
"2607104447","Calça Moletom Kyly Flanelada Infantil Punho 4/8 Kit 4 Peças","Calçados, Roupas e Bolsas","Calças","966","136","Tier 2 — llevaría a 15.000 items"
"3780729339","Calça Skinny Branca Jeans Plus Size Elastano Moda Premium","Calçados, Roupas e Bolsas","Calças","965","66","Tier 2 — llevaría a 15.000 items"
"5320667236","Calça Jeans Feminina Skinny Cós Alta Elastano Marmorizada","Calçados, Roupas e Bolsas","Calças","962","50","Tier 2 — llevaría a 15.000 items"
"3814296233","Calça Wide Leg Feminina Plus Size Sarja Cores Cós Alto","Calçados, Roupas e Bolsas","Calças","953","77","Tier 2 — llevaría a 15.000 items"
"3761545061","Calça Masculina Jeans Escura Plus Size Com Lycra","Calçados, Roupas e Bolsas","Calças","948","61","Tier 2 — llevaría a 15.000 items"
"3761456397","Calça Masculina Jeans Preta Plus Size Com Lycra Confort","Calçados, Roupas e Bolsas","Calças","947","59","Tier 2 — llevaría a 15.000 items"
"4167371105","Calça Jeans Branca Feminina Skinny Cós Alto Com Lycra","Calçados, Roupas e Bolsas","Calças","946","64","Tier 2 — llevaría a 15.000 items"
"4464925365","Calça Jeans Wide Leg Feminina Cintura Alta Pantalona Preto Black Marmo Liso 34","Calçados, Roupas e Bolsas","Calças","946","60","Tier 2 — llevaría a 15.000 items"
"3989004903","Calça Social Feminino Alfaiataria Trabalho Casual Fashion","Calçados, Roupas e Bolsas","Calças","944","58","Tier 2 — llevaría a 15.000 items"
"5677424812","Kit 3 Calça Jeans Feminina Cintura Alta Skinny Premium","Calçados, Roupas e Bolsas","Calças","943","144","Tier 2 — llevaría a 15.000 items"
"5284900276","Calça Wide Leg Jeans Lançamento Cintura Alta 100% Algodão","Calçados, Roupas e Bolsas","Calças","940","61","Tier 2 — llevaría a 15.000 items"
"4025941313","Calça Jeans Feminina Country Flare Cós Alto Com Elastano","Calçados, Roupas e Bolsas","Calças","937","62","Tier 2 — llevaría a 15.000 items"
"3584017097","Calça Jeans Infantil Jogger Menino Juvenil  2 Ao 16 Elastico","Calçados, Roupas e Bolsas","Calças","936","49","Tier 2 — llevaría a 15.000 items"
"1712430752","Calça Brim Preta Uniforme Profissional Envio Imediato","Calçados, Roupas e Bolsas","Calças","936","55","Tier 2 — llevaría a 15.000 items"
"3918286261","Calça Mom Jeans Feminina Cós Alto Com Pregas Levanta Bumbum","Calçados, Roupas e Bolsas","Calças","936","75","Tier 2 — llevaría a 15.000 items"
"6079957408","Kit 3 Calças Jeans Masculina Modelo Slim Envio Imediato Kit 3 Calças Premium 44","Calçados, Roupas e Bolsas","Calças","929","141","Tier 2 — llevaría a 15.000 items"
"4935850060","Calça Masculino Jeans Preta Slim Com Elastano Lycra Estica","Calçados, Roupas e Bolsas","Calças","928","58","Tier 2 — llevaría a 15.000 items"
"5727828792","Kit 2 Calças Jeans Masculina Com Elastano Premium Nf","Calçados, Roupas e Bolsas","Calças","926","86","Tier 2 — llevaría a 15.000 items"
"6238886522","Calça Feminina Alfaiataria Wide Leg Social Pantalona Marrom-escuro Gg","Calçados, Roupas e Bolsas","Calças","924","31","Tier 2 — llevaría a 15.000 items"
"4693724962","Calça De Sarja Infantil E Juvenil Esporte Fino Look Moderno","Calçados, Roupas e Bolsas","Calças","924","71","Tier 2 — llevaría a 15.000 items"
"5290612168","Conjunto Feminino Calça E Colete Liso Social Alfaiataria","Calçados, Roupas e Bolsas","Calças","922","134","Tier 2 — llevaría a 15.000 items"
"6167226418","Calça Jeans Masculina Azul Escuro Slim Com Elastano","Calçados, Roupas e Bolsas","Calças","921","65","Tier 2 — llevaría a 15.000 items"
"5336471206","Calça Jeans 100% Cargo Wide Legue Menina Infantil Juvenil","Calçados, Roupas e Bolsas","Calças","910","62","Tier 2 — llevaría a 15.000 items"
"6244112290","Kit 2 Regata Plus + Calça Wide Leg Pantalona Bolsos Feminino","Calçados, Roupas e Bolsas","Calças","909","112","Tier 2 — llevaría a 15.000 items"
"4424486883","Kit 3 Calças Jeans Skinny Masculina Com Lycra Estica Bem Nf Azul Claro Cinza Preta 42","Calçados, Roupas e Bolsas","Calças","901","136","Tier 2 — llevaría a 15.000 items"
"985833843","Calça Jogger Masculina Sarja E Jeans Com Lycra","Calçados, Roupas e Bolsas","Calças","893","54","Tier 2 — llevaría a 15.000 items"
"1483232688","Calça Moletom Masculina Plus Size Ate G6 Extra Grande","Calçados, Roupas e Bolsas","Calças","891","55","Tier 2 — llevaría a 15.000 items"
"5449300582","Calça Feminina Godê Pantacourt Pantalona Duna Larga","Calçados, Roupas e Bolsas","Calças","890","52","Tier 2 — llevaría a 15.000 items"
"1585602561","Calça Social Feminina K2b Original Elastano Poliéster","Calçados, Roupas e Bolsas","Calças","890","78","Tier 2 — llevaría a 15.000 items"
"4211543231","Calça Pantalona Juvenil Infantil Menina Em Moletinho Feminin","Calçados, Roupas e Bolsas","Calças","890","45","Tier 2 — llevaría a 15.000 items"
"4196938477","Calça Slim Feminina Pantalona Confortável E Casual 36 Ao 48","Calçados, Roupas e Bolsas","Calças","886","37","Tier 2 — llevaría a 15.000 items"
"5196523340","Calça Masculina Jeans Preta Com Puído E Used Modelo Slim","Calçados, Roupas e Bolsas","Calças","886","61","Tier 2 — llevaría a 15.000 items"
"4058058448","Calça Moletom Masculina Reta Regular Felpada Flanelada Bolso","Calçados, Roupas e Bolsas","Calças","883","62","Tier 2 — llevaría a 15.000 items"
"5375472694","Calça Moletom De Lã Grossa - Pronta Entrega","Calçados, Roupas e Bolsas","Calças","881","84","Tier 2 — llevaría a 15.000 items"
"4973493856","Calça Feminina Wide Leg Cargo Infantil Juvenil Moda Menina","Calçados, Roupas e Bolsas","Calças","878","86","Tier 2 — llevaría a 15.000 items"
"3616550217","Calça Jeans Barata Reforçada Tradicional Sem Elastano","Calçados, Roupas e Bolsas","Calças","877","46","Tier 2 — llevaría a 15.000 items"
"6230514522","Calça Jeans Ideal Trabalho Pesado Reforçada Elastano Lycra Azul-escuro Geométrico 46","Calçados, Roupas e Bolsas","Calças","874","51","Tier 2 — llevaría a 15.000 items"
"2724144481","Kit 2 Calças Masculinas Esporte Fino Brim Sport Fino","Calçados, Roupas e Bolsas","Calças","862","168","Tier 2 — llevaría a 15.000 items"
"3397433687","Calça Masculina Sarja Chino Alfaiataria Bolso Embutido","Calçados, Roupas e Bolsas","Calças","861","55","Tier 2 — llevaría a 15.000 items"
"3639313985","Kit 3 Calça Infantil Menino Moletom Estampada Lote Roupa","Calçados, Roupas e Bolsas","Calças","860","57","Tier 2 — llevaría a 15.000 items"
"6233820694","Calça Jeans Wide Leg Feminina Cintura Alta Pantalona Jeans Marmorizado Liso 34","Calçados, Roupas e Bolsas","Calças","856","60","Tier 2 — llevaría a 15.000 items"
"5278856206","Calça Masculina Tactel Com Elastano Esportiva Academia Slim","Calçados, Roupas e Bolsas","Calças","854","52","Tier 2 — llevaría a 15.000 items"
"2901769388","Kit 3 Calças Pantalona Feminina Cintura Alta Tendência Moda","Calçados, Roupas e Bolsas","Calças","850","100","Tier 2 — llevaría a 15.000 items"
"5157616220","Kit 3 Calça Feminina Jeans Flare Levanta Bumbum Cintura Alta","Calçados, Roupas e Bolsas","Calças","849","159","Tier 2 — llevaría a 15.000 items"
"4198331871","Calça Plus Size Feminina Pantalona Alfaiataria Social","Calçados, Roupas e Bolsas","Calças","848","60","Tier 2 — llevaría a 15.000 items"
"5266210438","Kit 2 Calça Country Muladeira Carpinteira  Masculina Rodeios","Calçados, Roupas e Bolsas","Calças","847","163","Tier 2 — llevaría a 15.000 items"
"2199621732","Calça Moletom Juvenil Com Punho Menino Menina Kyly 10 Ao 16","Calçados, Roupas e Bolsas","Calças","843","38","Tier 2 — llevaría a 15.000 items"
"5454218800","Kit Calça Jeans Feminina Skinny Cintura Alta Modeladora Top","Calçados, Roupas e Bolsas","Calças","840","149","Tier 2 — llevaría a 15.000 items"
"5699563694","Kit Com 3 Calças Jeans Masculina Skinny Corte Tradicional","Calçados, Roupas e Bolsas","Calças","838","132","Tier 2 — llevaría a 15.000 items"
"3084518148","Calça Uniforme Trabalho Oxford Unissex Profissional","Calçados, Roupas e Bolsas","Calças","836","34","Tier 2 — llevaría a 15.000 items"
"3736917035","Calça Jeans Ideal Trabalho Pesado Reforçada Elastano Lycra","Calçados, Roupas e Bolsas","Calças","836","48","Tier 2 — llevaría a 15.000 items"
"3646903427","Calça Jeans Plus Size Masculina Grande Tradicional Com Lycra","Calçados, Roupas e Bolsas","Calças","830","68","Tier 2 — llevaría a 15.000 items"
"4143305915","Calça Jeans Feminina Cargo Levanta Bumbum Cintura Alta","Calçados, Roupas e Bolsas","Calças","822","80","Tier 2 — llevaría a 15.000 items"
"5041254884","Camisa Polo Feminina Camiseta Gola Atacado Uniforme Básica","Calçados, Roupas e Bolsas","Camisas","1079","39","Tier 2 — llevaría a 15.000 items"
"4202894381","Camisa Social Listrada Botão Gola Manga Longa Tendência","Calçados, Roupas e Bolsas","Camisas","1068","48","Tier 2 — llevaría a 15.000 items"
"1346110309","Camisa Social Slim Fit  Masculina Qualidade 1a. Linha!","Calçados, Roupas e Bolsas","Camisas","1049","57","Tier 2 — llevaría a 15.000 items"
"5429583080","Camisa Social Masculina Viscolinho Manga Curta Não Amassa","Calçados, Roupas e Bolsas","Camisas","1037","48","Tier 2 — llevaría a 15.000 items"
"5257508662","Camisa Social Slim Masculino Executiva Alto Padrão","Calçados, Roupas e Bolsas","Camisas","1031","60","Tier 2 — llevaría a 15.000 items"
"5815749158","Camisa Social Masculina Slim Fit Premium Passa Facil Azul-marinho Liso M","Calçados, Roupas e Bolsas","Camisas","1024","59","Tier 2 — llevaría a 15.000 items"
"4026229665","Kit 3 Camisas Manga Longa 100% Algodão Slim Comprida Punho","Calçados, Roupas e Bolsas","Camisas","1016","79","Tier 2 — llevaría a 15.000 items"
"5815749180","Camisa Social Masculina Slim Fit Premium Passa Facil Branco Liso Gg","Calçados, Roupas e Bolsas","Camisas","1010","59","Tier 2 — llevaría a 15.000 items"
"4304455897","Camisa Feminina Colarinho Manga Longa Leve Liso - Maxma 2019","Calçados, Roupas e Bolsas","Camisas","1002","40","Tier 2 — llevaría a 15.000 items"
"5815749164","Camisa Social Masculina Slim Fit Premium Passa Facil Preto Liso P","Calçados, Roupas e Bolsas","Camisas","951","59","Tier 2 — llevaría a 15.000 items"
"5159320406","Camisa Social Masculina Manga Curta Slim Fit","Calçados, Roupas e Bolsas","Camisas","928","44","Tier 2 — llevaría a 15.000 items"
"4187581129","Camisa Polo Tricot Masculina Elegante Clássica Old Money","Calçados, Roupas e Bolsas","Camisas","920","49","Tier 2 — llevaría a 15.000 items"
"5815749160","Camisa Social Masculina Slim Fit Premium Passa Facil Azul-marinho Liso G","Calçados, Roupas e Bolsas","Camisas","898","59","Tier 2 — llevaría a 15.000 items"
"3351776221","Camisa Agro Proteção Uv Masculina Camiseta Fazenda Pecuaria","Calçados, Roupas e Bolsas","Camisas","897","44","Tier 2 — llevaría a 15.000 items"
"4121406173","Camisa Quadriculada Social Botão Gola Manga Longa Masculina","Calçados, Roupas e Bolsas","Camisas","893","85","Tier 2 — llevaría a 15.000 items"
"3429059645","Polo Masculina Piquet Básica Lisa Confortável Mirante","Calçados, Roupas e Bolsas","Camisas","891","61","Tier 2 — llevaría a 15.000 items"
"5479293828","Camisa Masculina Manga Longa Modelo Country Gola Americana","Calçados, Roupas e Bolsas","Camisas","871","76","Tier 2 — llevaría a 15.000 items"
"4094580107","Camisa Social Infantil Manga Longa Menino","Calçados, Roupas e Bolsas","Camisas","857","59","Tier 2 — llevaría a 15.000 items"
"4447070855","Camisa Feminina Social De Manga Longa Elegante Com Bolsos","Calçados, Roupas e Bolsas","Camisas","850","56","Tier 2 — llevaría a 15.000 items"
"5751972718","Camiseta Masculina Reserva Básica 100% Algodão Casual","Calçados, Roupas e Bolsas","Camisetas e Regatas","1091","35","Tier 2 — llevaría a 15.000 items"
"4332262201","Kit 2 Regatas Americana Canelada Masculina Justa Moda Treino","Calçados, Roupas e Bolsas","Camisetas e Regatas","1083","50","Tier 2 — llevaría a 15.000 items"
"4324226006","Camiseta Gola Polo Com Bolso Algodão Fio 30 Estilo Plus Size","Calçados, Roupas e Bolsas","Camisetas e Regatas","1082","29","Tier 2 — llevaría a 15.000 items"
"5840032276","Kit 4 Camisa Regatas Adulto Basica Lisa Dry Fit Treino","Calçados, Roupas e Bolsas","Camisetas e Regatas","1070","73","Tier 2 — llevaría a 15.000 items"
"4291715729","Camiseta Polo Masculina Manga Longa  Para Todas As Ocasiões.","Calçados, Roupas e Bolsas","Camisetas e Regatas","1052","61","Tier 2 — llevaría a 15.000 items"
"4230366741","Kit 3 Camisetas Paris Masculinas Luxo Camisa Algodão Premium","Calçados, Roupas e Bolsas","Camisetas e Regatas","1040","62","Tier 2 — llevaría a 15.000 items"
"2758557259","Kit 3 Camisetas  Masculina Lisa Básica 100% Algodão","Calçados, Roupas e Bolsas","Camisetas e Regatas","1040","58","Tier 2 — llevaría a 15.000 items"
"3306421992","Camiseta Feminina Básica 100% Algodão Camisa Lisa Varias Cor","Calçados, Roupas e Bolsas","Camisetas e Regatas","1039","28","Tier 2 — llevaría a 15.000 items"
"3911973638","Camiseta Masculina  Polo Masculina Malwee Original Algodão","Calçados, Roupas e Bolsas","Camisetas e Regatas","1037","60","Tier 2 — llevaría a 15.000 items"
"6228167818","Kit Com 2 Camisas Polo Básicas Masculinas Em Piquet Hering","Calçados, Roupas e Bolsas","Camisetas e Regatas","1029","122","Tier 2 — llevaría a 15.000 items"
"3895989177","Kit 5 Camisas Camiseta Gola Polo Masculina Premium Basica","Calçados, Roupas e Bolsas","Camisetas e Regatas","1028","121","Tier 2 — llevaría a 15.000 items"
"5528313268","Conjunto Camiseta + Short Moletom Estampado Milano Itália","Calçados, Roupas e Bolsas","Camisetas e Regatas","1011","60","Tier 2 — llevaría a 15.000 items"
"6039859208","Kit 5 Camisetas Básicas Masculina Dry Fit Lisa Tradicional  Variado Gg","Calçados, Roupas e Bolsas","Camisetas e Regatas","1009","58","Tier 2 — llevaría a 15.000 items"
"3806347175","Kit5 Camisa Polo Lisa Piquet Masculino Varias Cores","Calçados, Roupas e Bolsas","Camisetas e Regatas","1006","148","Tier 2 — llevaría a 15.000 items"
"6200876698","Camiseta Polo Masculina Malwee Original Algodão","Calçados, Roupas e Bolsas","Camisetas e Regatas","1005","59","Tier 2 — llevaría a 15.000 items"
"3904792113","Camiseta Masculina Camiseta Básica Algodão Malha Peruana","Calçados, Roupas e Bolsas","Camisetas e Regatas","1004","45","Tier 2 — llevaría a 15.000 items"
"6188503530","Camiseta Masculina Fé Camisa Gospel Blusa Cruz Lançamento","Calçados, Roupas e Bolsas","Camisetas e Regatas","1003","37","Tier 2 — llevaría a 15.000 items"
"5277197312","Kit 2 Camisetas Polo Manga Curta Ziper Masculina Canelada","Calçados, Roupas e Bolsas","Camisetas e Regatas","1001","62","Tier 2 — llevaría a 15.000 items"
"5872149794","Camiseta Brasil Infantil Algodão Personalizada Nome E Número","Calçados, Roupas e Bolsas","Camisetas e Regatas","998","34","Tier 2 — llevaría a 15.000 items"
"4219039257","Camiseta 100% Algodão Gospel Leão De Judá Yeshua","Calçados, Roupas e Bolsas","Camisetas e Regatas","993","29","Tier 2 — llevaría a 15.000 items"
"788635518","Cinta Modeladora Masculina Colete Redutor Postura Reforço","Calçados, Roupas e Bolsas","Camisetas e Regatas","993","35","Tier 2 — llevaría a 15.000 items"
"3935684641","Camiseta Gola Média Masculina Slim Premium Básica Elegante","Calçados, Roupas e Bolsas","Camisetas e Regatas","993","44","Tier 2 — llevaría a 15.000 items"
"5520242158","Kit 3 Camisetas Treino Dry Fit Masculina Fitness Academia","Calçados, Roupas e Bolsas","Camisetas e Regatas","989","66","Tier 2 — llevaría a 15.000 items"
"5556430056","Camiseta Modal Masculina Básica Loja Mirante","Calçados, Roupas e Bolsas","Camisetas e Regatas","979","88","Tier 2 — llevaría a 15.000 items"
"3860454305","Tech T-shirt Insider Heavy Slim Masculino","Calçados, Roupas e Bolsas","Camisetas e Regatas","969","120","Tier 2 — llevaría a 15.000 items"
"5289060358","Kit Camiseta Masculina E Short Reserva Moletinho + Brinde","Calçados, Roupas e Bolsas","Camisetas e Regatas","965","66","Tier 2 — llevaría a 15.000 items"
"4421908155","Kit 3 Camisetas Masculinas Polo Wear Sortido 2 G Lisa","Calçados, Roupas e Bolsas","Camisetas e Regatas","958","99","Tier 2 — llevaría a 15.000 items"
"4277169175","Kit 3 Camisetas Masculina Canelada Americana Gola Careca","Calçados, Roupas e Bolsas","Camisetas e Regatas","958","66","Tier 2 — llevaría a 15.000 items"
"4141650119","Camiseta Basica Modal Masculina Algodão Malha Peruana","Calçados, Roupas e Bolsas","Camisetas e Regatas","953","51","Tier 2 — llevaría a 15.000 items"
"4230787699","Kit 2 Camisetas Oversized Masculina Texturizado Premium","Calçados, Roupas e Bolsas","Camisetas e Regatas","948","78","Tier 2 — llevaría a 15.000 items"
"5456914076","Kit 3 Camisas Camisetas Tps Texas Country Masculina","Calçados, Roupas e Bolsas","Camisetas e Regatas","944","94","Tier 2 — llevaría a 15.000 items"
"4079133292","Kit Camiseta Masculina Basica Algodão 4 Unidades Premium Fit","Calçados, Roupas e Bolsas","Camisetas e Regatas","938","64","Tier 2 — llevaría a 15.000 items"
"2885649867","Kit 3 Camisas Gola Polo, Original Camisetas Blusas Qualidade","Calçados, Roupas e Bolsas","Camisetas e Regatas","936","119","Tier 2 — llevaría a 15.000 items"
"4120039822","Camiseta Oversized Estampada Dmuniz Camisa Premium","Calçados, Roupas e Bolsas","Camisetas e Regatas","933","84","Tier 2 — llevaría a 15.000 items"
"4486290011","Camiseta Masculina Básica Slim Algodão - Várias Cores Ogochi","Calçados, Roupas e Bolsas","Camisetas e Regatas","929","49","Tier 2 — llevaría a 15.000 items"
"4582996670","4 Camisetas Masculina Dry Fit Premium Camisa Academia Kit","Calçados, Roupas e Bolsas","Camisetas e Regatas","925","97","Tier 2 — llevaría a 15.000 items"
"5517834490","Kit 2 Regata Americana Masculina Canelada","Calçados, Roupas e Bolsas","Camisetas e Regatas","917","57","Tier 2 — llevaría a 15.000 items"
"2664646660","Camiseta Masculina Malwee Algodão Gola Redonda","Calçados, Roupas e Bolsas","Camisetas e Regatas","908","39","Tier 2 — llevaría a 15.000 items"
"4618845202","Camisa Polo Unissex Personalizada Sua Logo Uniforme Empresa","Calçados, Roupas e Bolsas","Camisetas e Regatas","899","65","Tier 2 — llevaría a 15.000 items"
"4268178349","Camiseta Masculina Dryfit Lupo Premium Academia E Exercícios","Calçados, Roupas e Bolsas","Camisetas e Regatas","897","57","Tier 2 — llevaría a 15.000 items"
"4035717523","Kit 5 Camisetas Básica Masculina Dry Fit Esporte Treino Lisa","Calçados, Roupas e Bolsas","Camisetas e Regatas","890","66","Tier 2 — llevaría a 15.000 items"
"6252669080","Camiseta Branca Unissex 100% Algodão Premium Camisa Básica Branco Gg Liso","Calçados, Roupas e Bolsas","Camisetas e Regatas","888","28","Tier 2 — llevaría a 15.000 items"
"4401056425","Camiseta Branca Feminina Baby Look Basica Algodao Lisa Cores","Calçados, Roupas e Bolsas","Camisetas e Regatas","888","26","Tier 2 — llevaría a 15.000 items"
"4091563809","Camiseta Infantil Básica Lisa 100% Algodão Menino E Menina","Calçados, Roupas e Bolsas","Camisetas e Regatas","885","22","Tier 2 — llevaría a 15.000 items"
"1623859717","Kit 10  Camisas Camisetas Masculinas Atacado Envio Imediato","Calçados, Roupas e Bolsas","Camisetas e Regatas","881","196","Tier 2 — llevaría a 15.000 items"
"5219480466","Kit 4 Camisetas Masculinas Dry Lobo Alpha","Calçados, Roupas e Bolsas","Camisetas e Regatas","873","122","Tier 2 — llevaría a 15.000 items"
"4484499505","Kit 5 Camisetas Básicas Masculina Dry Fit Lisa Tradicional Cor-1 G","Calçados, Roupas e Bolsas","Camisetas e Regatas","873","53","Tier 2 — llevaría a 15.000 items"
"5577774286","Camiseta Polo Masculina Piquet Confortável","Calçados, Roupas e Bolsas","Camisetas e Regatas","873","35","Tier 2 — llevaría a 15.000 items"
"4320460239","Camisa Camiseta Masculina 100% Algodão Básica Blusa Oferta","Calçados, Roupas e Bolsas","Camisetas e Regatas","865","40","Tier 2 — llevaría a 15.000 items"
"5336910120","Camiseta Manga Longa Com Faixa Refletiva Malha Fria Trabalho","Calçados, Roupas e Bolsas","Camisetas e Regatas","865","42","Tier 2 — llevaría a 15.000 items"
"3962605955","Kit 2 Camisetas Canelada Americana Justa Estilo Rapper Drip","Calçados, Roupas e Bolsas","Camisetas e Regatas","860","47","Tier 2 — llevaría a 15.000 items"
"4998061672","Kit 3 Camisetas Masculina Plus Size Lisa Algodão Premium Ssb","Calçados, Roupas e Bolsas","Camisetas e Regatas","860","77","Tier 2 — llevaría a 15.000 items"
"5287712290","Camiseta Masculina Blessed 100% Algodão Streetwear Fio30.1","Calçados, Roupas e Bolsas","Camisetas e Regatas","855","32","Tier 2 — llevaría a 15.000 items"
"4138707102","Camiseta Infantil Menina 100% Algodão Manga Curta","Calçados, Roupas e Bolsas","Camisetas e Regatas","850","20","Tier 2 — llevaría a 15.000 items"
"4178445051","Camiseta Tommy Hilfiger Masculina Logo Est 1985 Essencial","Calçados, Roupas e Bolsas","Camisetas e Regatas","850","124","Tier 2 — llevaría a 15.000 items"
"5546180590","Kit 3 Camiseta Feminina Blusa Lisa 100 % Algodão Uniforme","Calçados, Roupas e Bolsas","Camisetas e Regatas","848","69","Tier 2 — llevaría a 15.000 items"
"4291653425","Kit 3 Camisetas Dry Fit Academia Exercícios Plus Size Treino","Calçados, Roupas e Bolsas","Camisetas e Regatas","848","63","Tier 2 — llevaría a 15.000 items"
"5745185298","Camiseta Camisa Infantil Emily Vick Katlen Void Leozin Rato","Calçados, Roupas e Bolsas","Camisetas e Regatas","837","29","Tier 2 — llevaría a 15.000 items"
"2815611908","Kit 6 Camisetas Masculinas Lisa Basica 100% Algodão Premium","Calçados, Roupas e Bolsas","Camisetas e Regatas","835","103","Tier 2 — llevaría a 15.000 items"
"5380390176","Camiseta Manga Longa Infantil Menino E Menina Confortável","Calçados, Roupas e Bolsas","Camisetas e Regatas","833","24","Tier 2 — llevaría a 15.000 items"
"5378012480","Kit 3 Camisetas Masculina Blusa Fio 30.1 Camisa 100% Algodão","Calçados, Roupas e Bolsas","Camisetas e Regatas","828","79","Tier 2 — llevaría a 15.000 items"
"4271649631","Camiseta Aramis Crewneck Basic Lisa Preta","Calçados, Roupas e Bolsas","Camisetas e Regatas","822","128","Tier 2 — llevaría a 15.000 items"
"4238654425","Kit 2 Calça Brim Uniforme Trabalho Reforçado Faixa Refletiva","Calçados, Roupas e Bolsas","Indumentária Laboral e Escolar","1095","126","Tier 2 — llevaría a 15.000 items"
"6002475954","Calça Cargo Tática 6 Bolsos Poly Rip Stop Airsoft Reforçada","Calçados, Roupas e Bolsas","Indumentária Laboral e Escolar","1093","98","Tier 2 — llevaría a 15.000 items"
"4291559202","Scrubs Blusa Bata Acinturada Pijama Cirurgico Hospitalar Vet","Calçados, Roupas e Bolsas","Indumentária Laboral e Escolar","1082","29","Tier 2 — llevaría a 15.000 items"
"1967380267","Calça Brim Trabalho Pesado Uniforme Pedreiro Mecânico Obra","Calçados, Roupas e Bolsas","Indumentária Laboral e Escolar","1073","47","Tier 2 — llevaría a 15.000 items"
"1959364326","Calça Para Trabalho Masculina Tradicional Barata  Promoção","Calçados, Roupas e Bolsas","Indumentária Laboral e Escolar","1051","44","Tier 2 — llevaría a 15.000 items"
"4305420219","Jaleco Branco 3 Bolso Manga Longa Masculino Enfermagem","Calçados, Roupas e Bolsas","Indumentária Laboral e Escolar","1040","47","Tier 2 — llevaría a 15.000 items"
"3321850321","Calça Jamil Uniformes Profissional Masculina Brim Pesado","Calçados, Roupas e Bolsas","Indumentária Laboral e Escolar","1038","63","Tier 2 — llevaría a 15.000 items"
"1342239594","Calça Em Oxford - Açougue Frigorífico Cozinha Uniforme","Calçados, Roupas e Bolsas","Indumentária Laboral e Escolar","1032","39","Tier 2 — llevaría a 15.000 items"
"5874051910","Pijama Cirúrgico Uniforme Unissex Scrub Hospitalar","Calçados, Roupas e Bolsas","Indumentária Laboral e Escolar","1029","54","Tier 2 — llevaría a 15.000 items"
"3953993273","Bota Militar Coturno Masculino Tático Zíper Palmilha Confort","Calçados, Roupas e Bolsas","Indumentária Laboral e Escolar","995","161","Tier 2 — llevaría a 15.000 items"
"4022792735","Calça De Uniforme Brim Grosso Com Faixa Refletiva Trabalho","Calçados, Roupas e Bolsas","Indumentária Laboral e Escolar","990","62","Tier 2 — llevaría a 15.000 items"
"3147422422","Calça Para Trabalho Pesado Uniforme Pedreiro Reforçada Obra","Calçados, Roupas e Bolsas","Indumentária Laboral e Escolar","989","48","Tier 2 — llevaría a 15.000 items"
"5677747662","Lanterna Cabeça Recarregável 3 Led Luz Branca 4 Modos Ajustável Camping Trilha Corrida Trabalho Mãos Livres Bateria Recarregável Cabo Incluso Preta","Calçados, Roupas e Bolsas","Indumentária Laboral e Escolar","959","34","Tier 2 — llevaría a 15.000 items"
"3545153343","Jaleco Feminino Acinturado Oxford Manga Longa Gola Padre","Calçados, Roupas e Bolsas","Indumentária Laboral e Escolar","931","58","Tier 2 — llevaría a 15.000 items"
"5110113496","Calça Cargo Masculina Brim Fardamento Com Faixa Refletiva","Calçados, Roupas e Bolsas","Indumentária Laboral e Escolar","908","69","Tier 2 — llevaría a 15.000 items"
"4112685703","Calça Masculina Jeans Azul Para Trabalho Pesado Tradicional","Calçados, Roupas e Bolsas","Indumentária Laboral e Escolar","882","50","Tier 2 — llevaría a 15.000 items"
"2893818869","Conjunto Uniforme Babá Domestica Camareira Copeira Empregada","Calçados, Roupas e Bolsas","Indumentária Laboral e Escolar","879","79","Tier 2 — llevaría a 15.000 items"
"4115055007","Calça Ideal Para Trabalho Reforçada 4 Bolsos Com Refletivo","Calçados, Roupas e Bolsas","Indumentária Laboral e Escolar","867","62","Tier 2 — llevaría a 15.000 items"
"1089275374","Calça De Brim Masculina Profissional Pesado Resistente","Calçados, Roupas e Bolsas","Indumentária Laboral e Escolar","865","47","Tier 2 — llevaría a 15.000 items"
"6207662734","Luva Airsoft Tática Meio Dedo Paintball Militar Esporte Ação Preto Unico","Calçados, Roupas e Bolsas","Indumentária Laboral e Escolar","851","29","Tier 2 — llevaría a 15.000 items"
"4050620054","Calça Trabalho Brim Uniforme Pedreiro Soldador E Mecânico","Calçados, Roupas e Bolsas","Indumentária Laboral e Escolar","842","62","Tier 2 — llevaría a 15.000 items"
"3880990019","Japona Térmica Jaqueta Câmara Fria Frigorífico -35°c Epi Ca","Calçados, Roupas e Bolsas","Indumentária Laboral e Escolar","838","120","Tier 2 — llevaría a 15.000 items"
"4430984628","Calça Brim Uniforme Profissional Com Faixa Refletiva","Calçados, Roupas e Bolsas","Indumentária Laboral e Escolar","825","65","Tier 2 — llevaría a 15.000 items"
"5997222320","Calça Uniforme Cozinheiro Chef Xadrez Gastronomia Pied Poule","Calçados, Roupas e Bolsas","Indumentária Laboral e Escolar","821","50","Tier 2 — llevaría a 15.000 items"
"5317452754","Kit 4 Peças Roupa Infantil Capuz E Zíper Menina Moletom","Calçados, Roupas e Bolsas","Kits de Conjuntos de Roupa","1079","68","Tier 2 — llevaría a 15.000 items"
"5420597784","Kit 2 Conjuntos Térmicos Infantil Blusa E Calça Peluciada","Calçados, Roupas e Bolsas","Kits de Conjuntos de Roupa","1078","57","Tier 2 — llevaría a 15.000 items"
"3513778227","Kit 6 Peças Menina Roupa Infantil Shorts Verão","Calçados, Roupas e Bolsas","Kits de Conjuntos de Roupa","1054","49","Tier 2 — llevaría a 15.000 items"
"5619684650","Kit 8 Peças Conjunto De Roupas Sortida Infantil Verão Menina","Calçados, Roupas e Bolsas","Kits de Conjuntos de Roupa","966","66","Tier 2 — llevaría a 15.000 items"
"3410868339","Roupa Infantil Menino Aranha Verão Kit Camisa + Bermuda Top","Calçados, Roupas e Bolsas","Kits de Conjuntos de Roupa","958","47","Tier 2 — llevaría a 15.000 items"
"6223187194","Kit 10 Peças Conjunto Infantil Verão Menina 5 Blusas+5 Short","Calçados, Roupas e Bolsas","Kits de Conjuntos de Roupa","900","70","Tier 2 — llevaría a 15.000 items"
"4462031729","Kit 6 Peças Roupa Infantil Menino Masculino Verão 2 Ao 14","Calçados, Roupas e Bolsas","Kits de Conjuntos de Roupa","887","60","Tier 2 — llevaría a 15.000 items"
"4320247359","Kit 2 Leggings Suplex Casual Ou Academia Sem Transparência","Calçados, Roupas e Bolsas","Leggings","1084","47","Tier 2 — llevaría a 15.000 items"
"5784207312","Calça Legging Flare Feminina Modelo Bailarina Cós Alto","Calçados, Roupas e Bolsas","Leggings","1045","29","Tier 2 — llevaría a 15.000 items"
"3920866647","Kit 3 Calças Legging Legg Grossa Zero Transparência Promoção","Calçados, Roupas e Bolsas","Leggings","1003","70","Tier 2 — llevaría a 15.000 items"
"894446569","Calça Legging Flare Cós Super Alto Plus Size Modela 48 A 66","Calçados, Roupas e Bolsas","Leggings","932","56","Tier 2 — llevaría a 15.000 items"
"4060760397","Kit 3 Legging Cotton Lisa Infantil Juvenil Algodão","Calçados, Roupas e Bolsas","Leggings","927","63","Tier 2 — llevaría a 15.000 items"
"5368652934","Calça Legging Com Bolso Academia Zero Transparência Atletyca","Calçados, Roupas e Bolsas","Leggings","927","47","Tier 2 — llevaría a 15.000 items"
"2036723891","Calça Legging K2b Cós Alto 7 Cm Original Grossa Feminina Leg","Calçados, Roupas e Bolsas","Leggings","913","72","Tier 2 — llevaría a 15.000 items"
"1521017005","Calça Legging Feminina Preta Grossa Dia A Dia Valor De Ataca","Calçados, Roupas e Bolsas","Leggings","894","29","Tier 2 — llevaría a 15.000 items"
"5459402890","Calça Legging Leg Flare Bailarina Boca De Sino Plus Size","Calçados, Roupas e Bolsas","Leggings","852","50","Tier 2 — llevaría a 15.000 items"
"5039179504","Calça Legging Feminina Grossa Reforçada Compressão Academia","Calçados, Roupas e Bolsas","Leggings","831","33","Tier 2 — llevaría a 15.000 items"
"6210061078","Macaquinho Short-saia Feminino Lastex Nas Costas E Amarração","Calçados, Roupas e Bolsas","Macacão","1088","84","Tier 2 — llevaría a 15.000 items"
"4233032521","Macaquinho Feminino Plus Size Curto Babado Alça Larga Verão","Calçados, Roupas e Bolsas","Macacão","1047","57","Tier 2 — llevaría a 15.000 items"
"3932828456","Macaquinho Fitness Academia Zero Transparencia Shorts","Calçados, Roupas e Bolsas","Macacão","1007","51","Tier 2 — llevaría a 15.000 items"
"4189660265","Macacão Feminino Longo Chique Pantalona Festa Diversas Cores","Calçados, Roupas e Bolsas","Macacão","955","76","Tier 2 — llevaría a 15.000 items"
"3967096331","Macacão Feminino Longo Acinturado Regata Duna Linha Premium","Calçados, Roupas e Bolsas","Macacão","906","77","Tier 2 — llevaría a 15.000 items"
"5143190942","Macaquinho Short Saia Curto Verao Soltinho Vestido Feminino","Calçados, Roupas e Bolsas","Macacão","904","48","Tier 2 — llevaría a 15.000 items"
"3650097809","Macaquinho Feminino Curto Em Camadas Com Zíper Na Costas","Calçados, Roupas e Bolsas","Macacão","895","76","Tier 2 — llevaría a 15.000 items"
"5733782806","Macaquinho Feminino Curto Uma Manga Estiloso Suplex","Calçados, Roupas e Bolsas","Macacão","889","48","Tier 2 — llevaría a 15.000 items"
"3966904405","Macacão Longo Feminino Laço Transpassado Duna Lastex Luxo","Calçados, Roupas e Bolsas","Macacão","872","79","Tier 2 — llevaría a 15.000 items"
"4025551319","Macacão Longo Feminino Pantalona Alfaiataria Premium Social","Calçados, Roupas e Bolsas","Macacão","871","110","Tier 2 — llevaría a 15.000 items"
"6231554114","Kit Bolsas Feminina Sacola Transversal Tira Colo Carteira Cor Amendoa Liso Ouro Bege","Calçados, Roupas e Bolsas","Malas e Bolsas","1093","104","Tier 2 — llevaría a 15.000 items"
"6231088920","Mochila Notebook 17 Impermeável Usb Reforçada Grande Masculina Escolar Trabalho Rincostar Preta Preto Liso","Calçados, Roupas e Bolsas","Malas e Bolsas","1086","52","Tier 2 — llevaría a 15.000 items"
"5132763300","Bolsa Ombro Shopbag Transversal Vegas Média","Calçados, Roupas e Bolsas","Malas e Bolsas","1079","39","Tier 2 — llevaría a 15.000 items"
"4211227527","Capa Protetora De Mala Personalizada Inicial Do Nome Premium","Calçados, Roupas e Bolsas","Malas e Bolsas","1070","47","Tier 2 — llevaría a 15.000 items"
"6068808182","Kit 4 Frascos Pote Silicone Viagem 90ml Porta Shampoo Creme Multicolorido","Calçados, Roupas e Bolsas","Malas e Bolsas","1067","21","Tier 2 — llevaría a 15.000 items"
"1772630079","Pochete Esportiva De Corrida Slim Impermeável Celular Bike Preto Lisa","Calçados, Roupas e Bolsas","Malas e Bolsas","1064","30","Tier 2 — llevaría a 15.000 items"
"6154141834","Bolsa De Ombro Baguete Com Alça De Corrente Lançamento","Calçados, Roupas e Bolsas","Malas e Bolsas","1056","29","Tier 2 — llevaría a 15.000 items"
"5996731642","Bolsa Feminina Baguete Espaçosa De Ombro Estilosa Casual","Calçados, Roupas e Bolsas","Malas e Bolsas","1042","35","Tier 2 — llevaría a 15.000 items"
"4198131333","Bolsa Masculina Impermeável Antifurto Cadeado Transversal","Calçados, Roupas e Bolsas","Malas e Bolsas","1031","45","Tier 2 — llevaría a 15.000 items"
"5298077614","Bolsa Moleca Transversal Feminina Preto Leve Tira Colo","Calçados, Roupas e Bolsas","Malas e Bolsas","1017","50","Tier 2 — llevaría a 15.000 items"
"3998630191","Almofada De Pescoço Encosto Para Viagem Confortável Macio","Calçados, Roupas e Bolsas","Malas e Bolsas","1000","30","Tier 2 — llevaría a 15.000 items"
"5402528008","Bolsa De Ombro Transversal Pochete Grande Unissex Tiracolo","Calçados, Roupas e Bolsas","Malas e Bolsas","994","34","Tier 2 — llevaría a 15.000 items"
"4179384475","Bolsa Térmica Para Marmita Lancheira Isotérmica Com Alça Transversal Removível Azul Ecomixshop","Calçados, Roupas e Bolsas","Malas e Bolsas","983","39","Tier 2 — llevaría a 15.000 items"
"3860435511","Carteira Feminina Pequena C/ Zíper Porta Moedas Cartão Couro","Calçados, Roupas e Bolsas","Malas e Bolsas","976","20","Tier 2 — llevaría a 15.000 items"
"5060593228","Necessaire Brick Masculina Alça Trabalho Viagem Impermeável","Calçados, Roupas e Bolsas","Malas e Bolsas","972","40","Tier 2 — llevaría a 15.000 items"
"5191499856","Bolsa Necessaire Porta Maquiagem Higiene Organizador Viagem Trabalho Faculdade Academia Unissex Feminino Moda Blogueira Marca Lemon Shark Cor Preta","Calçados, Roupas e Bolsas","Malas e Bolsas","968","21","Tier 2 — llevaría a 15.000 items"
"5848300952","Kit Necessáires Feminina Maquiagem Cosméticos Viagem Praia Camping Cor Preto Loja Infor Desenho Do Tecido Lisa Liso","Calçados, Roupas e Bolsas","Malas e Bolsas","966","24","Tier 2 — llevaría a 15.000 items"
"3808509003","Almofada Travesseiro Pescoço Kit Viagem Com Máscar E Earplug","Calçados, Roupas e Bolsas","Malas e Bolsas","944","53","Tier 2 — llevaría a 15.000 items"
"4039598061","Capa Mala Luxo Malha Canelada Elástica Protetor Bordo P M G","Calçados, Roupas e Bolsas","Malas e Bolsas","937","49","Tier 2 — llevaría a 15.000 items"
"4552987298","Pochete Impermeável Bolsa Cintura Multiuso Masculino Unissex","Calçados, Roupas e Bolsas","Malas e Bolsas","928","30","Tier 2 — llevaría a 15.000 items"
"4058908775","Kit Bolsa Media Feminina Transversal E De Mão Com Carteira Acambamento Dos Ferragens Ouro Cor Preto Desenho Do Tecido Lisa Liso","Calçados, Roupas e Bolsas","Malas e Bolsas","923","61","Tier 2 — llevaría a 15.000 items"
"5585706416","Bolsa Isotérmica Térmica Lancheira Marmita Sacola Para Academia Trabalho Escola E Passeios Alça Removivel Tche Amo Cinza","Calçados, Roupas e Bolsas","Malas e Bolsas","916","29","Tier 2 — llevaría a 15.000 items"
"3688401657","Bolsa Feminina Transversal Tote Media Com Carteira Feminina Preta Preto Liso Ouro","Calçados, Roupas e Bolsas","Malas e Bolsas","904","60","Tier 2 — llevaría a 15.000 items"
"4548323701","Mochila Grande Notebook 17 Impermeável 40 Litros Reforçada Executiva Viagem Trabalho Rincostar Preta Preto Liso","Calçados, Roupas e Bolsas","Malas e Bolsas","902","32","Tier 2 — llevaría a 15.000 items"
"3678374981","Bolsa Feminina Transversal E Alça De Mão E Selten Cor Preto Liso Ouro","Calçados, Roupas e Bolsas","Malas e Bolsas","900","60","Tier 2 — llevaría a 15.000 items"
"4207048163","Kit 2 Pochete Doleira Porta Notas Viagem Antifurto Invisível Preto Lisa","Calçados, Roupas e Bolsas","Malas e Bolsas","899","29","Tier 2 — llevaría a 15.000 items"
"3761891927","Bolsa Feminina Transversal Média Baú Tiracolo Promoção Preta","Calçados, Roupas e Bolsas","Malas e Bolsas","896","70","Tier 2 — llevaría a 15.000 items"
"5215136222","Mochila Escolar Trabalho Reforçada Bolsa Feminina Passeio","Calçados, Roupas e Bolsas","Malas e Bolsas","896","58","Tier 2 — llevaría a 15.000 items"
"6235697378","Bolsa Transversal Pochete Kingbr Impermeável Unissex Para Carnaval Shows Festivais E Viagens Shoulder Bag Tiracolo Reforçada Antifurto 3 Bolsos Alça Ajustável Estilo Streetwear Moda Premium Preto Lisa","Calçados, Roupas e Bolsas","Malas e Bolsas","895","31","Tier 2 — llevaría a 15.000 items"
"4295464641","3 Peças Bolsa Transversal Feminina Mochila De Mão Carterira","Calçados, Roupas e Bolsas","Malas e Bolsas","889","123","Tier 2 — llevaría a 15.000 items"
"4225703515","Necessaire Organizadora Malas Viagem Maquiagem Higiene Preto Notnull","Calçados, Roupas e Bolsas","Malas e Bolsas","886","26","Tier 2 — llevaría a 15.000 items"
"3517178679","Mochila Nike Elemental Unissex Preto","Calçados, Roupas e Bolsas","Malas e Bolsas","871","192","Tier 2 — llevaría a 15.000 items"
"5352436146","Bolsa Feminina Washbag Impermiável Com 2 Compartimentos","Calçados, Roupas e Bolsas","Malas e Bolsas","869","21","Tier 2 — llevaría a 15.000 items"
"5322475796","Bolsa De Viagem Extra Grande 90l Sacola Egg Enorme Gigante","Calçados, Roupas e Bolsas","Malas e Bolsas","866","50","Tier 2 — llevaría a 15.000 items"
"4419971003","Hiper Kit 50 Porta Cartão Feminino Masculino Slim Basico","Calçados, Roupas e Bolsas","Malas e Bolsas","856","64","Tier 2 — llevaría a 15.000 items"
"5410812804","Pochete Doleira Preto Impermeável 2 Compartimentos Liso","Calçados, Roupas e Bolsas","Malas e Bolsas","854","19","Tier 2 — llevaría a 15.000 items"
"3916996779","Carteira Masculina De Couro Legitimo Modelo L/slim Porta Cnh","Calçados, Roupas e Bolsas","Malas e Bolsas","831","36","Tier 2 — llevaría a 15.000 items"
"3779293325","Necessaire Feminina Grande Maquiagem Cosméticos Bolsa Viagem Cor Rosa Desenho Do Tecido Liso Miran","Calçados, Roupas e Bolsas","Malas e Bolsas","828","20","Tier 2 — llevaría a 15.000 items"
"4182433093","Calça Legging Zero Transparência Forrada Academia Cós Alto","Calçados, Roupas e Bolsas","Moda Fitness","1098","31","Tier 2 — llevaría a 15.000 items"
"4201658523","Conjunto Feminino Fitness Compact Top E Legging - Arm","Calçados, Roupas e Bolsas","Moda Fitness","1096","104","Tier 2 — llevaría a 15.000 items"
"5618874816","Kit 4 Bermudas Tactel Academia Praia Shorts Elastano Bolsos","Calçados, Roupas e Bolsas","Moda Fitness","1093","62","Tier 2 — llevaría a 15.000 items"
"3893806713","Kit 3 Shorts Masculino Academia Praia Tactel C Lycra Bermuda","Calçados, Roupas e Bolsas","Moda Fitness","1079","66","Tier 2 — llevaría a 15.000 items"
"5577840318","Kit 2 Macaquinho Curto Fitness Poli Academia","Calçados, Roupas e Bolsas","Moda Fitness","1067","97","Tier 2 — llevaría a 15.000 items"
"6037749234","Short Academia Feminino Poliamida Selene Zero Transparência Preto Short Fitness Short Esportivo Short Legging Short Selene Short Poliamida Shortinho M Short Zero Transparência","Calçados, Roupas e Bolsas","Moda Fitness","1066","48","Tier 2 — llevaría a 15.000 items"
"4199297926","Shorts 2 Em 1 Térmico De Compressão Bolso Secreto Academia","Calçados, Roupas e Bolsas","Moda Fitness","1059","32","Tier 2 — llevaría a 15.000 items"
"6259190904","Shorts Feminino Tactel Elastano Leve Praia Piscina Academia","Calçados, Roupas e Bolsas","Moda Fitness","1058","21","Tier 2 — llevaría a 15.000 items"
"3348154986","Kit 4 Top Feminino Plus Size Academia Fitness Treino Suplex","Calçados, Roupas e Bolsas","Moda Fitness","1046","47","Tier 2 — llevaría a 15.000 items"
"4874931438","Camisa Térmica Proteção Solar Uv + Frio E Calor Manga Longa","Calçados, Roupas e Bolsas","Moda Fitness","1043","21","Tier 2 — llevaría a 15.000 items"
"3778423848","Conjunto Segunda Pele Térmica Flanelado Frio Intenso Preto","Calçados, Roupas e Bolsas","Moda Fitness","1039","54","Tier 2 — llevaría a 15.000 items"
"1417358615","Sapatilha Meia Ponta Ballet Ballet Dança Strech Glove Foot","Calçados, Roupas e Bolsas","Moda Fitness","1033","54","Tier 2 — llevaría a 15.000 items"
"6042554474","Conjunto Feminino Fitness Top+short Compressão Para Academia","Calçados, Roupas e Bolsas","Moda Fitness","1027","36","Tier 2 — llevaría a 15.000 items"
"4357164089","Shorts De Compressão Feminino Para Corrida Cós Alto 4 Bolsos","Calçados, Roupas e Bolsas","Moda Fitness","1009","47","Tier 2 — llevaría a 15.000 items"
"4479025271","Jaqueta Corta Vento Resistente Capuz Bolso Leve Academia Zíp","Calçados, Roupas e Bolsas","Moda Fitness","1008","50","Tier 2 — llevaría a 15.000 items"
"4223661377","Top Com Calça Academia Feminino Fitness Legging Conjunto","Calçados, Roupas e Bolsas","Moda Fitness","1004","74","Tier 2 — llevaría a 15.000 items"
"4288153189","Kit 2 Blusas Fitness Feminina Regata Básica Dry Fit Treino","Calçados, Roupas e Bolsas","Moda Fitness","1000","43","Tier 2 — llevaría a 15.000 items"
"3711935811","Bermuda Shorts Térmico Sem Costura Anti Assadura Puma","Calçados, Roupas e Bolsas","Moda Fitness","995","60","Tier 2 — llevaría a 15.000 items"
"2831461576","Kit 5 Camisetas Dry  Fit Anti Suor - Linha Premium Uv 889","Calçados, Roupas e Bolsas","Moda Fitness","989","111","Tier 2 — llevaría a 15.000 items"
"3376693886","Kit Conjunto Fitness Feminino Roupa Academia Legging Cropped","Calçados, Roupas e Bolsas","Moda Fitness","987","71","Tier 2 — llevaría a 15.000 items"
"3743520264","Blusa De Tule Transparente Fitness","Calçados, Roupas e Bolsas","Moda Fitness","987","23","Tier 2 — llevaría a 15.000 items"
"5780865050","Conjunto De Academia Feminino Roupa De Ginástica Blackout","Calçados, Roupas e Bolsas","Moda Fitness","981","36","Tier 2 — llevaría a 15.000 items"
"1521017005","Calça Legging Feminina Preta Grossa Dia A Dia Valor De Ataca","Calçados, Roupas e Bolsas","Moda Fitness","980","27","Tier 2 — llevaría a 15.000 items"
"5874068358","Kit 2 Blusa Feminina Fitness Academia T-shirt Tule","Calçados, Roupas e Bolsas","Moda Fitness","980","44","Tier 2 — llevaría a 15.000 items"
"5982813812","Kit 3 Conjunto Top Short Academia Plus Size Feminino","Calçados, Roupas e Bolsas","Moda Fitness","977","83","Tier 2 — llevaría a 15.000 items"
"3420749755","Kit 2 Regata Feminina Academia Blusa Fitness Detalhe Tela","Calçados, Roupas e Bolsas","Moda Fitness","972","47","Tier 2 — llevaría a 15.000 items"
"3667543839","Cinta Camisa Modeladora Térmica Efeito Academia Colete Sauna","Calçados, Roupas e Bolsas","Moda Fitness","969","55","Tier 2 — llevaría a 15.000 items"
"6138193450","Calça Feminina Elastano Esportiva Fitness Slim Fit Jogger","Calçados, Roupas e Bolsas","Moda Fitness","968","50","Tier 2 — llevaría a 15.000 items"
"5306268454","Kit 3 Conjunto Dry Fit Masculino Academia Fitness Lisa Malha","Calçados, Roupas e Bolsas","Moda Fitness","968","177","Tier 2 — llevaría a 15.000 items"
"3873121497","Kit 3 Shorts Legging Feminino Bermuda Cintura Alta Com Bolso","Calçados, Roupas e Bolsas","Moda Fitness","967","62","Tier 2 — llevaría a 15.000 items"
"6307278048","Conjunto Academia Feminino Esportivo Top + Short","Calçados, Roupas e Bolsas","Moda Fitness","961","37","Tier 2 — llevaría a 15.000 items"
"4374481473","Short Compressao 2 Em 1 Berserk God Hand Smile Guts Anime Ft","Calçados, Roupas e Bolsas","Moda Fitness","959","40","Tier 2 — llevaría a 15.000 items"
"6292984198","Calça Lupo Legging Fitness Academia Original Feminina 71053","Calçados, Roupas e Bolsas","Moda Fitness","955","148","Tier 2 — llevaría a 15.000 items"
"6040765000","Bermuda Masculina Slim Fit De Poliamida Esportiva Fitness","Calçados, Roupas e Bolsas","Moda Fitness","953","39","Tier 2 — llevaría a 15.000 items"
"3345861393","Kit 2 Calça Moletom Slim Jogger Com Bolso Feminino Adulto","Calçados, Roupas e Bolsas","Moda Fitness","939","73","Tier 2 — llevaría a 15.000 items"
"5579997910","Saia Tule Tutu Infantil 30cm Fantasia Carnaval Festa Ballet","Calçados, Roupas e Bolsas","Moda Fitness","930","20","Tier 2 — llevaría a 15.000 items"
"6323386602","Kit 3 Pares Meia Lupo Dry Cano Curto Alta Performance Sport Preto 41-44","Calçados, Roupas e Bolsas","Moda Fitness","919","68","Tier 2 — llevaría a 15.000 items"
"4309209101","Manguito Uv50 Proteção Braço Compressão Corrida Bike Preto Padrão","Calçados, Roupas e Bolsas","Moda Fitness","918","19","Tier 2 — llevaría a 15.000 items"
"4234504357","Short Gkd  Com Bolsos Academia Feminino Zero Transparência","Calçados, Roupas e Bolsas","Moda Fitness","917","36","Tier 2 — llevaría a 15.000 items"
"4774454406","Camisas Plus Size Térmica Segunda Pele Proteção Uv Premium","Calçados, Roupas e Bolsas","Moda Fitness","916","45","Tier 2 — llevaría a 15.000 items"
"4150697101","Conjunto Academia Feminino Short Com Forro Top Nadador","Calçados, Roupas e Bolsas","Moda Fitness","911","77","Tier 2 — llevaría a 15.000 items"
"6004844994","Kit 3 Short Levanta Bumbum Feminino Academia Yoga Fitness","Calçados, Roupas e Bolsas","Moda Fitness","907","47","Tier 2 — llevaría a 15.000 items"
"3899654883","Bermudas Elastano Praia Verão Corrida Academia Treino Short","Calçados, Roupas e Bolsas","Moda Fitness","902","50","Tier 2 — llevaría a 15.000 items"
"4341743107","Kit 3 Top Com Bojo Fitness Academia Sem Costura Poliamida","Calçados, Roupas e Bolsas","Moda Fitness","898","43","Tier 2 — llevaría a 15.000 items"
"2043249986","Kit Completo Infantil Ballet Meia Manga Balé 6peças C/bolsa","Calçados, Roupas e Bolsas","Moda Fitness","895","126","Tier 2 — llevaría a 15.000 items"
"5951234118","Kit 3 Calça Masculina Poliamida Esportiva Fitness Academia","Calçados, Roupas e Bolsas","Moda Fitness","893","135","Tier 2 — llevaría a 15.000 items"
"4102406099","Kit Conjunto Cropped Legging + Blusa Fitness Academia K","Calçados, Roupas e Bolsas","Moda Fitness","876","128","Tier 2 — llevaría a 15.000 items"
"5877188254","Kit 3 Shorts 2 Em 1 Masculino De Compressão Corrida Academia","Calçados, Roupas e Bolsas","Moda Fitness","866","96","Tier 2 — llevaría a 15.000 items"
"4272993156","Calça Segunda Pele Treino Fitness Unissex Proteção Uv50+","Calçados, Roupas e Bolsas","Moda Fitness","866","25","Tier 2 — llevaría a 15.000 items"
"3549223775","Calça Legging Masculina Ginastica Segunda Pele Bolso Sport","Calçados, Roupas e Bolsas","Moda Fitness","861","34","Tier 2 — llevaría a 15.000 items"
"4278723761","Calça Legging Sem Costura Canelada Feminina Fitness","Calçados, Roupas e Bolsas","Moda Fitness","853","55","Tier 2 — llevaría a 15.000 items"
"4181062973","Conjunto Top E Bermuda Academia Com Bolso Zero Transparência","Calçados, Roupas e Bolsas","Moda Fitness","849","56","Tier 2 — llevaría a 15.000 items"
"5814086662","Kit 2 Camisa Tule Transparente Manga Curta Academia Fit","Calçados, Roupas e Bolsas","Moda Fitness","847","30","Tier 2 — llevaría a 15.000 items"
"4736417396","Camiseta Puma Térmica Manga Longa Proteção Uv 50+ Masculina","Calçados, Roupas e Bolsas","Moda Fitness","846","125","Tier 2 — llevaría a 15.000 items"
"5345093980","Regata Masculina Oversized Machão Muscle 100% Algodão","Calçados, Roupas e Bolsas","Moda Fitness","844","27","Tier 2 — llevaría a 15.000 items"
"3700610663","Short Academia Feminino Fitness Com Bolso De Compressão","Calçados, Roupas e Bolsas","Moda Fitness","844","63","Tier 2 — llevaría a 15.000 items"
"3264879090","Bermuda Lupo Original Feminino Short Academia Treino Fitness","Calçados, Roupas e Bolsas","Moda Fitness","836","80","Tier 2 — llevaría a 15.000 items"
"5288829584","Regata Feminina Moda Academia Transparente Fitness Tule Luxo","Calçados, Roupas e Bolsas","Moda Fitness","836","27","Tier 2 — llevaría a 15.000 items"
"3581895491","Sapatilha Ballet Balé Dança Meia Ponta - Strech Glove Foot","Calçados, Roupas e Bolsas","Moda Fitness","831","57","Tier 2 — llevaría a 15.000 items"
"6044949264","Calça Elastano Dryfit Fitness Corrida Treino Esporte Premium","Calçados, Roupas e Bolsas","Moda Fitness","831","38","Tier 2 — llevaría a 15.000 items"
"3906589543","Kit 3 Conjuntos Dry Fit Masculino Academia Fitness Lisa Malh","Calçados, Roupas e Bolsas","Moda Fitness","827","154","Tier 2 — llevaría a 15.000 items"
"3777050305","Bolsa Mala Sport Premium 8 Cores Academia Treino Viagem","Calçados, Roupas e Bolsas","Moda Fitness","825","38","Tier 2 — llevaría a 15.000 items"
"4488580456","Top Feminino De Alça Sustentação Com Bojo Removível","Calçados, Roupas e Bolsas","Moda Fitness","822","52","Tier 2 — llevaría a 15.000 items"
"5573214472","Saída De Praia Plus Size Moda Praia Elegante E Fresca","Calçados, Roupas e Bolsas","Moda Praia","1043","39","Tier 2 — llevaría a 15.000 items"
"4162734887","Short Plus Size Sunkini Praia Piscina Com Ajustes De Amarrar","Calçados, Roupas e Bolsas","Moda Praia","1039","34","Tier 2 — llevaría a 15.000 items"
"4625375208","Sunga Lateral Alta Adulto Masculino Uv+50 Puma","Calçados, Roupas e Bolsas","Moda Praia","975","77","Tier 2 — llevaría a 15.000 items"
"3928323088","Biquini Conjunto Trikini 3 Peças Short Praia Moda Tendência","Calçados, Roupas e Bolsas","Moda Praia","942","56","Tier 2 — llevaría a 15.000 items"
"4085482097","Sunga Masculina Boxer Alongada Short Praia Natação Dry Mash","Calçados, Roupas e Bolsas","Moda Praia","940","65","Tier 2 — llevaría a 15.000 items"
"3849511837","Biquíni Plus Size Feminino Cintura Alta Praia Cortininha Top","Calçados, Roupas e Bolsas","Moda Praia","937","50","Tier 2 — llevaría a 15.000 items"
"2041097666","Conjunto Body/maiô + Pareô Saida De Praia","Calçados, Roupas e Bolsas","Moda Praia","930","110","Tier 2 — llevaría a 15.000 items"
"4518891098","Sunga Boxer Lateral Alta Adulto Masculino Praia Acqua Rio","Calçados, Roupas e Bolsas","Moda Praia","858","32","Tier 2 — llevaría a 15.000 items"
"4307399150","Body Maiô Luxo Engana Mamãe Com Bojo Tendência Blogueira","Calçados, Roupas e Bolsas","Moda Praia","844","48","Tier 2 — llevaría a 15.000 items"
"3580395799","Body Maiô Feminino Moda Praia Natação Suplex Premium Liso","Calçados, Roupas e Bolsas","Moda Praia","841","64","Tier 2 — llevaría a 15.000 items"
"4507962990","Bíquini Marquinha De Fita Fio Dental Cortininha Verão","Calçados, Roupas e Bolsas","Moda Praia","825","30","Tier 2 — llevaría a 15.000 items"
"5297488474","2 Sutiã Básico Reforçado Soutien Alça Resistente Sem Bojo","Calçados, Roupas e Bolsas","Moda Íntima e Lingerie","1094","30","Tier 2 — llevaría a 15.000 items"
"2073351814","Cinta Pós Cirúrgica Abdominoplastia Lipo Hd Alta Compressão","Calçados, Roupas e Bolsas","Moda Íntima e Lingerie","1093","165","Tier 2 — llevaría a 15.000 items"
"4097706543","Kit Meias Cano Longo Sortidas Masculino 12 Pares Preto Azul Marinho Cinza E Cinza Escuro 38-43","Calçados, Roupas e Bolsas","Moda Íntima e Lingerie","1091","40","Tier 2 — llevaría a 15.000 items"
"5839954608","Kit 6 Calcinhas Fio Dental Canelada E Macia","Calçados, Roupas e Bolsas","Moda Íntima e Lingerie","1091","40","Tier 2 — llevaría a 15.000 items"
"3937570571","Kit Com 10 Pares De Meias Cano Alto Algodão Usee Brasil","Calçados, Roupas e Bolsas","Moda Íntima e Lingerie","1085","53","Tier 2 — llevaría a 15.000 items"
"1278811691","Kit 6 Pares De Meias Lupo Cano Curto Sport Algodão Feminino","Calçados, Roupas e Bolsas","Moda Íntima e Lingerie","1084","56","Tier 2 — llevaría a 15.000 items"
"5312834206","Kit 5 Calcinha Tanga Feminina Sem Costura Poliamida Cós Alto","Calçados, Roupas e Bolsas","Moda Íntima e Lingerie","1084","38","Tier 2 — llevaría a 15.000 items"
"5579424870","Kit 12 Pares Meias Infantil Kids Escolar Cano Médio Trifil","Calçados, Roupas e Bolsas","Moda Íntima e Lingerie","1081","70","Tier 2 — llevaría a 15.000 items"
"1813668288","Kit 5 Calcinhas Fitness Modeladora Cós Alto Alta Compressão","Calçados, Roupas e Bolsas","Moda Íntima e Lingerie","1080","43","Tier 2 — llevaría a 15.000 items"
"5035729820","Soutien Reforçado Sem Bojo Sem Aro Sutiã Sustentação Renda","Calçados, Roupas e Bolsas","Moda Íntima e Lingerie","1074","40","Tier 2 — llevaría a 15.000 items"
"5161539364","Kit 10 Cuecas Boxer Lupo Algodão Respirável Box Original","Calçados, Roupas e Bolsas","Moda Íntima e Lingerie","1070","192","Tier 2 — llevaría a 15.000 items"
"1986928380","Kit 2 Cuecas Boxer Lupo Poliamida Sem Costura Box Microfibra","Calçados, Roupas e Bolsas","Moda Íntima e Lingerie","1067","52","Tier 2 — llevaría a 15.000 items"
"1840521760","Kit 10 Calcinhas Sem Costura Conforto Invisível Premium","Calçados, Roupas e Bolsas","Moda Íntima e Lingerie","1065","50","Tier 2 — llevaría a 15.000 items"
"5633559242","Pijama Feminino Alcinha Verão Baby Doll Blogueira Com Botões","Calçados, Roupas e Bolsas","Moda Íntima e Lingerie","1065","47","Tier 2 — llevaría a 15.000 items"
"6207508254","Kit Com 2 Camisola Intima De Liganete Sexy Com Manga De Luxo","Calçados, Roupas e Bolsas","Moda Íntima e Lingerie","1059","36","Tier 2 — llevaría a 15.000 items"
"2739653018","Kit 6 Pares Meias Social Lupo Cano Alto Confortável Original","Calçados, Roupas e Bolsas","Moda Íntima e Lingerie","1059","88","Tier 2 — llevaría a 15.000 items"
"3504329405","Short Modelador Aperta Modela Diminui Barriga Levanta Bumbum","Calçados, Roupas e Bolsas","Moda Íntima e Lingerie","1058","36","Tier 2 — llevaría a 15.000 items"
"4168198841","Conjunto De Calcinha Fio Dental E Sutiã Sexy Renda Feminina","Calçados, Roupas e Bolsas","Moda Íntima e Lingerie","1055","28","Tier 2 — llevaría a 15.000 items"
"6257189524","Kit 5 Calcinhas Feminina Com Regulagem Fio Dental Renda Sexy","Calçados, Roupas e Bolsas","Moda Íntima e Lingerie","1053","30","Tier 2 — llevaría a 15.000 items"
"4245559107","Kit 4 Sutiãs Com Bojo Alça Reforçada Cores Lisas Revenda Lux","Calçados, Roupas e Bolsas","Moda Íntima e Lingerie","1052","49","Tier 2 — llevaría a 15.000 items"
"4152639665","Body De Renda Feminino Preto Transparente Manga Longa Floral","Calçados, Roupas e Bolsas","Moda Íntima e Lingerie","1052","51","Tier 2 — llevaría a 15.000 items"
"5571782378","Kit 6 Cuecas Reebok Boxer Microfibra Classic Masculina","Calçados, Roupas e Bolsas","Moda Íntima e Lingerie","1050","60","Tier 2 — llevaría a 15.000 items"
"3999296439","Kit 10 Cuecas Boxer Polo Star Algodão Sem Costura Sortido","Calçados, Roupas e Bolsas","Moda Íntima e Lingerie","1045","156","Tier 2 — llevaría a 15.000 items"
"5356669252","Pijama Capivara Infantil Feminino Inverno Manga Longa Calça","Calçados, Roupas e Bolsas","Moda Íntima e Lingerie","1040","68","Tier 2 — llevaría a 15.000 items"
"6012183452","Kit 8 Cueca Boxer Masculina Microfibra Adulto Premium","Calçados, Roupas e Bolsas","Moda Íntima e Lingerie","1038","34","Tier 2 — llevaría a 15.000 items"
"5710631162","Kit 4 Conjuntos Femininos Baby Doll Pijama Short E Blusa","Calçados, Roupas e Bolsas","Moda Íntima e Lingerie","1028","47","Tier 2 — llevaría a 15.000 items"
"1666613023","Kit 10 Calcinha Cintura Alta Fio Dental Modeladora Cós Duplo","Calçados, Roupas e Bolsas","Moda Íntima e Lingerie","1028","70","Tier 2 — llevaría a 15.000 items"
"3250794241","Kit 5 Short De Dormir Cueca Samba Canção Malha Fria Pijama ","Calçados, Roupas e Bolsas","Moda Íntima e Lingerie","1026","55","Tier 2 — llevaría a 15.000 items"
"3261988235","Sutiã Adesivo Levanta Peito Fita Seios + 10 Protetor Mamilos Nude","Calçados, Roupas e Bolsas","Moda Íntima e Lingerie","1026","21","Tier 2 — llevaría a 15.000 items"
"931756985","2 Cintas Modeladoras Calcinha Cós Alto Redutora Zero Barriga","Calçados, Roupas e Bolsas","Moda Íntima e Lingerie","1025","38","Tier 2 — llevaría a 15.000 items"
"5454162196","Kit 6 Pares Meias Zhamaro Premium Cano Alto Sport Atoalhada","Calçados, Roupas e Bolsas","Moda Íntima e Lingerie","1022","61","Tier 2 — llevaría a 15.000 items"
"5373901542","Kit 12 Pares De Meia Infantil Feminina Menina","Calçados, Roupas e Bolsas","Moda Íntima e Lingerie","1016","28","Tier 2 — llevaría a 15.000 items"
"5982467072","3 Pares Meia Corrida Poliamida Trifil Cano Alto Esportiva","Calçados, Roupas e Bolsas","Moda Íntima e Lingerie","1009","41","Tier 2 — llevaría a 15.000 items"
"1543725620","Kit 10 Calcinhas Fio Dental Tanga Sem Costura Atacado","Calçados, Roupas e Bolsas","Moda Íntima e Lingerie","1006","43","Tier 2 — llevaría a 15.000 items"
"5387463700","Kit 10 Cuecas Reebok Masculino Boxer Box Microfibra Adulto","Calçados, Roupas e Bolsas","Moda Íntima e Lingerie","1004","102","Tier 2 — llevaría a 15.000 items"
"3893609591","12 Pares Meias Brancas Finas Com Algodão Respiráveis Variadas 36-39","Calçados, Roupas e Bolsas","Moda Íntima e Lingerie","1003","27","Tier 2 — llevaría a 15.000 items"
"5679987260","Kit 9 Pares Meias Cano Médio Academia Atoalhado Algodão","Calçados, Roupas e Bolsas","Moda Íntima e Lingerie","1003","48","Tier 2 — llevaría a 15.000 items"
"4245567405","Kit 3 Body Plus Size Regata Decote Quadrado Conforto Estilo","Calçados, Roupas e Bolsas","Moda Íntima e Lingerie","1000","68","Tier 2 — llevaría a 15.000 items"
"3823798157","Kit 12 Pares Meia Algodão Cano Curto Soquete Coração","Calçados, Roupas e Bolsas","Moda Íntima e Lingerie","999","29","Tier 2 — llevaría a 15.000 items"
"5328802650","Kit 10 Pares Meias Mash Invisível Sapatilha Algodão Original","Calçados, Roupas e Bolsas","Moda Íntima e Lingerie","998","51","Tier 2 — llevaría a 15.000 items"
"1807713010","Kit 10 Calcinha Infantil 100% Algodão Calçolinha Criança","Calçados, Roupas e Bolsas","Moda Íntima e Lingerie","997","28","Tier 2 — llevaría a 15.000 items"
"5891781862","Meia Calça De Ballet Dancin Suplex Conversível Fio 80 Bale","Calçados, Roupas e Bolsas","Moda Íntima e Lingerie","996","36","Tier 2 — llevaría a 15.000 items"
"5471825952","Sutiã Premium Com Bojo Alça Reforçada Cores Lisas Revenda","Calçados, Roupas e Bolsas","Moda Íntima e Lingerie","994","20","Tier 2 — llevaría a 15.000 items"
"1966475990","3 Calcinha Pos Parto Segura Barriga Lingerie Luxo Especial","Calçados, Roupas e Bolsas","Moda Íntima e Lingerie","991","47","Tier 2 — llevaría a 15.000 items"
"5034347776","Roupão Plush Flannel Aconchego Manga Longa Macio Unissex","Calçados, Roupas e Bolsas","Moda Íntima e Lingerie","989","79","Tier 2 — llevaría a 15.000 items"
"3981022787","Body Feminino Elegante  Gola Alta Bojo Suplex Premium Blusa","Calçados, Roupas e Bolsas","Moda Íntima e Lingerie","988","32","Tier 2 — llevaría a 15.000 items"
"3006378994","Cinta Modeladora Abdominal Feminina Afina Cintura Compresão","Calçados, Roupas e Bolsas","Moda Íntima e Lingerie","988","37","Tier 2 — llevaría a 15.000 items"
"4503743553","Kit 12 Pares Meia Soquete Cano Curto Unissex Adulto Premium 6 Preto / 6 Branco 35-40","Calçados, Roupas e Bolsas","Moda Íntima e Lingerie","984","26","Tier 2 — llevaría a 15.000 items"
"3459549443","Kit 6 Calcinhas Alta Compressão Sem Costura Corte Laser","Calçados, Roupas e Bolsas","Moda Íntima e Lingerie","983","66","Tier 2 — llevaría a 15.000 items"
"5147310844","Cinta Masculina Modeladora Abdominal Ajustável Emagrecimento","Calçados, Roupas e Bolsas","Moda Íntima e Lingerie","981","71","Tier 2 — llevaría a 15.000 items"
"5452400768","Kit 2 Meias Térmica Quente Grossa Inverno Frio Neve Forrada Cores Sortidas Liso Único 34-44","Calçados, Roupas e Bolsas","Moda Íntima e Lingerie","979","21","Tier 2 — llevaría a 15.000 items"
"3278256255","Kit 10 Cuecas Boxer Algodão Cueca Cotton Box Full","Calçados, Roupas e Bolsas","Moda Íntima e Lingerie","978","69","Tier 2 — llevaría a 15.000 items"
"1511338299","Cinta Modeladora Feminina 12 Barbatanas Redutora Abdomi Ci20","Calçados, Roupas e Bolsas","Moda Íntima e Lingerie","975","74","Tier 2 — llevaría a 15.000 items"
"6082560274","Kit 12 Pares Meia Soquete Cano Curto Academia Sport Meias Mista Masculina Liso 34-40 Cano Baixo","Calçados, Roupas e Bolsas","Moda Íntima e Lingerie","975","30","Tier 2 — llevaría a 15.000 items"
"2790410647","Body Blusa Feminina Manga Longa Transparente Tule Preto Bory Preto","Calçados, Roupas e Bolsas","Moda Íntima e Lingerie","975","29","Tier 2 — llevaría a 15.000 items"
"5344317770","Kit 4 Short Segunda Pele Feminino Bermuda Anágua Sobvestido","Calçados, Roupas e Bolsas","Moda Íntima e Lingerie","970","33","Tier 2 — llevaría a 15.000 items"
"5417616734","Meia Calça De Lã Térmica Translúcida Forrada Pelinho Pelúcia Preto Único 36 Ao 46","Calçados, Roupas e Bolsas","Moda Íntima e Lingerie","970","40","Tier 2 — llevaría a 15.000 items"
"2213943644","Lingerie Conjunto Gringa De Renda Blogueira Luxo Meia Taça","Calçados, Roupas e Bolsas","Moda Íntima e Lingerie","970","33","Tier 2 — llevaría a 15.000 items"
"5646273246","Kit 10 Cuecas Polo Fit Boxer Box Algodão Original Promoção","Calçados, Roupas e Bolsas","Moda Íntima e Lingerie","967","119","Tier 2 — llevaría a 15.000 items"
"4501160545","Cinta Modeladora 3/5 Metros Faixa Abdominal Alta Compressao Preto 5 Metros","Calçados, Roupas e Bolsas","Moda Íntima e Lingerie","963","33","Tier 2 — llevaría a 15.000 items"
"5264105712","Kit 12 Pares Meia Masculina Cano Longo Sport Casual Algodão","Calçados, Roupas e Bolsas","Moda Íntima e Lingerie","961","37","Tier 2 — llevaría a 15.000 items"
"5947615408","Kit 10 Cuecas Boxer Box Masculina Algodão Atacado Polo Fit","Calçados, Roupas e Bolsas","Moda Íntima e Lingerie","957","113","Tier 2 — llevaría a 15.000 items"
"3607434689","Kit 5 Calcinha Boxer Feminina Calcinha Box Cueca Feminina","Calçados, Roupas e Bolsas","Moda Íntima e Lingerie","956","40","Tier 2 — llevaría a 15.000 items"
"4348189209","Kit 6 Cuecas Boxer Seamless Insider Masculino","Calçados, Roupas e Bolsas","Moda Íntima e Lingerie","954","215","Tier 2 — llevaría a 15.000 items"
"5371602068","Meia De Compressão Lupo 3/4 Cano Longo Corrida Performance","Calçados, Roupas e Bolsas","Moda Íntima e Lingerie","954","50","Tier 2 — llevaría a 15.000 items"
"3293102123","Body Modelador C/ Bojo Feminino Reduz Medidas Aperta Barriga","Calçados, Roupas e Bolsas","Moda Íntima e Lingerie","951","66","Tier 2 — llevaría a 15.000 items"
"1890032100","Cinta Modeladora Abdominal De Alta Compressão Optacorpus","Calçados, Roupas e Bolsas","Moda Íntima e Lingerie","951","116","Tier 2 — llevaría a 15.000 items"
"4085159931","Kit 10 Cueca Boxer Masculina Microfibra Adulto Premium","Calçados, Roupas e Bolsas","Moda Íntima e Lingerie","947","49","Tier 2 — llevaría a 15.000 items"
"2827650821","Cinta Pós Cirúrgica Body Compressão Abdominoplastia Lipo Hd","Calçados, Roupas e Bolsas","Moda Íntima e Lingerie","944","149","Tier 2 — llevaría a 15.000 items"
"2001353570","Meia 3/4 Kendall Média Compressão Com Ponteira 1671","Calçados, Roupas e Bolsas","Moda Íntima e Lingerie","942","66","Tier 2 — llevaría a 15.000 items"
"6297031844","Kit 4 Pijamas Conjunto Baby Doll Feminino Microfibras Mulher","Calçados, Roupas e Bolsas","Moda Íntima e Lingerie","936","35","Tier 2 — llevaría a 15.000 items"
"6068196388","Sutiã Plus Size Reforçado Alça Larga Forrado Sem Bojo","Calçados, Roupas e Bolsas","Moda Íntima e Lingerie","935","49","Tier 2 — llevaría a 15.000 items"
"1350420488","Kit C/ 10 Calcinha Juvenil De Algodão ( Tam- 7 Até 15 Anos )","Calçados, Roupas e Bolsas","Moda Íntima e Lingerie","934","40","Tier 2 — llevaría a 15.000 items"
"1862306922","Kit 10 Calcinhas Fio Dental Sensitiv Sem Costura Original","Calçados, Roupas e Bolsas","Moda Íntima e Lingerie","928","55","Tier 2 — llevaría a 15.000 items"
"4122432699","Pijama Feminino Inverno Confortável Ultra Soft Ted Quentinho","Calçados, Roupas e Bolsas","Moda Íntima e Lingerie","926","77","Tier 2 — llevaría a 15.000 items"
"4190901861","Kit 9 Pares Meias Curtas Esportivas Puma Sapatilha","Calçados, Roupas e Bolsas","Moda Íntima e Lingerie","923","60","Tier 2 — llevaría a 15.000 items"
"4078900697","Pijama Feminino Americano De Frio Inverno Longo Adulto Dormi","Calçados, Roupas e Bolsas","Moda Íntima e Lingerie","922","62","Tier 2 — llevaría a 15.000 items"
"2052264595","Calcinha Cinta Aperta Barriga Zero Alta Compressão  18 Cm","Calçados, Roupas e Bolsas","Moda Íntima e Lingerie","920","21","Tier 2 — llevaría a 15.000 items"
"1026512045","Kit 6 Cuecas Boxer Juvenil Infantil Mash Box Algodão","Calçados, Roupas e Bolsas","Moda Íntima e Lingerie","919","75","Tier 2 — llevaría a 15.000 items"
"5703663140","Kit Pijama Americano 3 Peças Camisa Botões + Calça + Short","Calçados, Roupas e Bolsas","Moda Íntima e Lingerie","917","79","Tier 2 — llevaría a 15.000 items"
"3128748719","Kit 10 Cueca Box Boxer Masculina Adulto Microfibra Premium","Calçados, Roupas e Bolsas","Moda Íntima e Lingerie","912","62","Tier 2 — llevaría a 15.000 items"
"4545979281","Baby Doll Conjunto Feminino Renda Alcinha Estampado Poa Sexy Preto G","Calçados, Roupas e Bolsas","Moda Íntima e Lingerie","912","32","Tier 2 — llevaría a 15.000 items"
"5186402308","Kit Com 4 Cuecas Boxer Microfibra Mash Box Sem Costura","Calçados, Roupas e Bolsas","Moda Íntima e Lingerie","911","72","Tier 2 — llevaría a 15.000 items"
"4456771942","Cinta Modeladora Short Redutora De Barriga Cirúrgica Lipo","Calçados, Roupas e Bolsas","Moda Íntima e Lingerie","911","31","Tier 2 — llevaría a 15.000 items"
"2732663967","Kit 3 Pijama De Verão Malha Short E Camiseta Baby Doll Macio","Calçados, Roupas e Bolsas","Moda Íntima e Lingerie","910","57","Tier 2 — llevaría a 15.000 items"
"2187437019","Kit 3 Pares Meias Lupo Antiderrapante Pilates Yoga Original","Calçados, Roupas e Bolsas","Moda Íntima e Lingerie","910","57","Tier 2 — llevaría a 15.000 items"
"1951267852","Lingerie Sensual Completo Com Meia 7/8 Meia De Brinde","Calçados, Roupas e Bolsas","Moda Íntima e Lingerie","907","92","Tier 2 — llevaría a 15.000 items"
"5282357194","Kit Com 5 Calcinhas Cinta Cintura Alta Renda Luxo Modeladora","Calçados, Roupas e Bolsas","Moda Íntima e Lingerie","906","53","Tier 2 — llevaría a 15.000 items"
"6273283868","Sutiã Demillus Bourbon Sem Bojo Sem Aro Conforto Leveza","Calçados, Roupas e Bolsas","Moda Íntima e Lingerie","904","30","Tier 2 — llevaría a 15.000 items"
"5346777220","Body Manga Longa Gola Alta Cacharrel Suplex Liso Inverno","Calçados, Roupas e Bolsas","Moda Íntima e Lingerie","903","33","Tier 2 — llevaría a 15.000 items"
"6142940652","Kit 10 Calcinhas Conforto De Algodão Tanga Super Confortável","Calçados, Roupas e Bolsas","Moda Íntima e Lingerie","903","37","Tier 2 — llevaría a 15.000 items"
"4944683786","Kit 5 Pares Meias Mash Cano Alto Esportivas Academia Algodão","Calçados, Roupas e Bolsas","Moda Íntima e Lingerie","898","75","Tier 2 — llevaría a 15.000 items"
"4307086035","Cinta Regata Modeladora Masculina Colete Redutor Postura Top","Calçados, Roupas e Bolsas","Moda Íntima e Lingerie","895","51","Tier 2 — llevaría a 15.000 items"
"5247166922","Kit 12 Meias Antiderrapante Infantil Menino Otimo P/ Inverno","Calçados, Roupas e Bolsas","Moda Íntima e Lingerie","895","31","Tier 2 — llevaría a 15.000 items"
"5370709590","Kit 9 Pares Meia Soquete Puma Original Masculina Invisível Sortido Puma 39-43","Calçados, Roupas e Bolsas","Moda Íntima e Lingerie","892","62","Tier 2 — llevaría a 15.000 items"
"1598774573","Pijama Macacão Unicórnio Infantil De Menina Rosa Ki Fofura","Calçados, Roupas e Bolsas","Moda Íntima e Lingerie","891","99","Tier 2 — llevaría a 15.000 items"
"4342686055","Kit 12 Pares Meia Cano Alto Unissex Atacado Cores Barato","Calçados, Roupas e Bolsas","Moda Íntima e Lingerie","891","32","Tier 2 — llevaría a 15.000 items"
"5552488074","Conjunto Sensual Lingerie Sexy Pega Marido Perneira Brinde","Calçados, Roupas e Bolsas","Moda Íntima e Lingerie","891","21","Tier 2 — llevaría a 15.000 items"
"3220158016","Kit 5 Cuecas Box Microfibra Lisa Sem Costura Polo Wear","Calçados, Roupas e Bolsas","Moda Íntima e Lingerie","890","67","Tier 2 — llevaría a 15.000 items"
"6544070316","Kit 10 Cuecas Boxer Sandrini Masculinas Algodão Conforto Sortidos G","Calçados, Roupas e Bolsas","Moda Íntima e Lingerie","889","78","Tier 2 — llevaría a 15.000 items"
"1024695927","Langerie Femininas Lingerie Atacado Kit C/ 5 Conjuntos","Calçados, Roupas e Bolsas","Moda Íntima e Lingerie","878","116","Tier 2 — llevaría a 15.000 items"
"4216284334","Kit Calcinha Algodão Tpm Feminina Cintura Alta Intima 5 Und","Calçados, Roupas e Bolsas","Moda Íntima e Lingerie","878","36","Tier 2 — llevaría a 15.000 items"
"3999518401","Kit 5 Cuecas Boxer Polo Star Algodão Sem Costura Sortido","Calçados, Roupas e Bolsas","Moda Íntima e Lingerie","875","85","Tier 2 — llevaría a 15.000 items"
"1653423522","Kit 10 Calcinhas Menina Infantil De Algodão","Calçados, Roupas e Bolsas","Moda Íntima e Lingerie","875","35","Tier 2 — llevaría a 15.000 items"
"2706526279","Sutiã Plus Size Base (54-56) Cruzada Reforçado, Up Poliamida","Calçados, Roupas e Bolsas","Moda Íntima e Lingerie","873","40","Tier 2 — llevaría a 15.000 items"
"5633704712","Kit 5 Calcinha Fio Algodão Tanga Com Pala Em Elástico Liso","Calçados, Roupas e Bolsas","Moda Íntima e Lingerie","873","38","Tier 2 — llevaría a 15.000 items"
"5725525650","Body Feminino Manga Curta Suplex Gola Redonda Com Forro Liso","Calçados, Roupas e Bolsas","Moda Íntima e Lingerie","871","29","Tier 2 — llevaría a 15.000 items"
"3771420055","Calcinha Modeladora Lupo Cinta Redutora Slim Emagrecedora","Calçados, Roupas e Bolsas","Moda Íntima e Lingerie","869","45","Tier 2 — llevaría a 15.000 items"
"4190859139","Kit 5 Sutiã Reforçado Plus Size Sem Bojo","Calçados, Roupas e Bolsas","Moda Íntima e Lingerie","865","67","Tier 2 — llevaría a 15.000 items"
"2173859312","Meia Calça Ballet/jazz Infantil Fio 40 Tradicional Selene","Calçados, Roupas e Bolsas","Moda Íntima e Lingerie","863","24","Tier 2 — llevaría a 15.000 items"
"5369921498","Sutiã Costa Nua Com Alça De Silicone Transparente Regulável","Calçados, Roupas e Bolsas","Moda Íntima e Lingerie","859","34","Tier 2 — llevaría a 15.000 items"
"5514390534","Kit 10 Calcinha Infantil Algodão Tradicional Menina Atacado","Calçados, Roupas e Bolsas","Moda Íntima e Lingerie","856","37","Tier 2 — llevaría a 15.000 items"
"1592139001","Sutiã Alça Removível Silicone Transparente Lingerie Unidade","Calçados, Roupas e Bolsas","Moda Íntima e Lingerie","855","30","Tier 2 — llevaría a 15.000 items"
"5338954080","Kit Com 5 Calcinhas Fio Duplo Regulagem Lateral Com Renda","Calçados, Roupas e Bolsas","Moda Íntima e Lingerie","854","34","Tier 2 — llevaría a 15.000 items"
"3975639561","Kit 10 Calcinhas Boxer Algodão Infantil Menina Shortinho","Calçados, Roupas e Bolsas","Moda Íntima e Lingerie","853","60","Tier 2 — llevaría a 15.000 items"
"3696497280","Kit 5 Calcinha Plus Size Cintura Alta Lateral Dupla E Larga","Calçados, Roupas e Bolsas","Moda Íntima e Lingerie","853","47","Tier 2 — llevaría a 15.000 items"
"6304652708","Kit 10 Calcinha Microfibra Feminina Calcinhas Algodão Tanga Lisas E Estampadas Gg","Calçados, Roupas e Bolsas","Moda Íntima e Lingerie","852","39","Tier 2 — llevaría a 15.000 items"
"4305115999","Kit 6 Pares Meias Soquete Cano Curto Unissex Algodão Atacado","Calçados, Roupas e Bolsas","Moda Íntima e Lingerie","851","20","Tier 2 — llevaría a 15.000 items"
"4783132376","Sutiã Gallard Control Feminino Sem Espuma Sem Aro Demillus","Calçados, Roupas e Bolsas","Moda Íntima e Lingerie","844","48","Tier 2 — llevaría a 15.000 items"
"4940841230","Pijama Algodão Feminino Manga Curta Com Botão Azul Listrado","Calçados, Roupas e Bolsas","Moda Íntima e Lingerie","843","77","Tier 2 — llevaría a 15.000 items"
"3995240297","Kit 12 Cuecas Adulto Slip Tradicional 100% Algodão","Calçados, Roupas e Bolsas","Moda Íntima e Lingerie","839","92","Tier 2 — llevaría a 15.000 items"
"4026301535","Kit 7 Calcinhas Feminina Sem Costura Corte Lazer Microfibra","Calçados, Roupas e Bolsas","Moda Íntima e Lingerie","838","48","Tier 2 — llevaría a 15.000 items"
"2002306817","Meia 3/4 Sem Ponteira Kendall Média Compressão 1871 Promoção","Calçados, Roupas e Bolsas","Moda Íntima e Lingerie","834","66","Tier 2 — llevaría a 15.000 items"
"5732833960","Kit 6 Peças Pijama Infantil Brilha No Escuro Menina Inverno","Calçados, Roupas e Bolsas","Moda Íntima e Lingerie","832","73","Tier 2 — llevaría a 15.000 items"
"5173616898","Kit 6 Pares Meias Puma De Cano Médio Sport Original Algodão","Calçados, Roupas e Bolsas","Moda Íntima e Lingerie","832","59","Tier 2 — llevaría a 15.000 items"
"4345607735","Kit 3 Pijamas Feminino Adulto Malha Liso Alcinha","Calçados, Roupas e Bolsas","Moda Íntima e Lingerie","830","58","Tier 2 — llevaría a 15.000 items"
"4128182162","Kit 4 Cuecas Boxer Puma Poliamida Sem Costura Original","Calçados, Roupas e Bolsas","Moda Íntima e Lingerie","828","100","Tier 2 — llevaría a 15.000 items"
"5173616898","Kit 6 Pares Meias Puma De Cano Médio Sport Original Unissex","Calçados, Roupas e Bolsas","Moda Íntima e Lingerie","827","65","Tier 2 — llevaría a 15.000 items"
"4040890247","Kit 10 Calcinhas Plus Size Cintura Alta Calçola Algodão","Calçados, Roupas e Bolsas","Moda Íntima e Lingerie","825","59","Tier 2 — llevaría a 15.000 items"
"5940360022","Kit 10 Calcinhas De Algodão Cotton Tanga Feminina Cos Lisas","Calçados, Roupas e Bolsas","Moda Íntima e Lingerie","823","45","Tier 2 — llevaría a 15.000 items"
"5455269586","Kit 10 Pares Meias Zhamaro Premium Sapatilha 100% Invisível","Calçados, Roupas e Bolsas","Moda Íntima e Lingerie","823","53","Tier 2 — llevaría a 15.000 items"
"5314150714","Short Cinta Modeladora Redutora Com Silicone No Cós Selene","Calçados, Roupas e Bolsas","Moda Íntima e Lingerie","822","39","Tier 2 — llevaría a 15.000 items"
"3842254183","Calça Jogger Masculina Infantil Calça Jeans Menino Bebe","Calçados, Roupas e Bolsas","Roupas para Bebês","1002","33","Tier 2 — llevaría a 15.000 items"
"3860663703","Kit 9 Peças Roupa De Bebe Menina Body E Calça Mijão Algodão","Calçados, Roupas e Bolsas","Roupas para Bebês","833","112","Tier 2 — llevaría a 15.000 items"
"4311517581","Saia Alfaiataria Feminina Midi Evangélica Casual Social","Calçados, Roupas e Bolsas","Saias","990","45","Tier 2 — llevaría a 15.000 items"
"3610834477","Saia Jeans Feminina Evangelica Cintura Alta Midi","Calçados, Roupas e Bolsas","Saias","924","50","Tier 2 — llevaría a 15.000 items"
"5677461944","Saia Longa Feminina 3 Maria Cintura Alta Cos Elástico Cordão","Calçados, Roupas e Bolsas","Saias","910","38","Tier 2 — llevaría a 15.000 items"
"3886631095","Short Saia Jeans Feminino Evolução, Alta, Curta, Adulto","Calçados, Roupas e Bolsas","Saias","882","53","Tier 2 — llevaría a 15.000 items"
"5115160500","Saia Jeans Feminina Longa Midi Evangélica Cintura Alta","Calçados, Roupas e Bolsas","Saias","880","61","Tier 2 — llevaría a 15.000 items"
"3936434101","Saia Jeans Feminina Moda Evangélica Cintura Alta Elastano","Calçados, Roupas e Bolsas","Saias","863","49","Tier 2 — llevaría a 15.000 items"
"4419713811","Saia Plissa Tendencia Moda Verão E Outono 2026","Calçados, Roupas e Bolsas","Saias","861","37","Tier 2 — llevaría a 15.000 items"
"5197975578","Saia Jeans  Plus Size  Feminina Preta Maxi Alta Evangélica","Calçados, Roupas e Bolsas","Saias","854","49","Tier 2 — llevaría a 15.000 items"
"3899319287","Kit 2 Short Saia Plus Size Alfaiataria Com Cinto Casual","Calçados, Roupas e Bolsas","Saias","850","81","Tier 2 — llevaría a 15.000 items"
"3949879487","Short Saia Plus Size Couro Com Cinto Casual Saia 360","Calçados, Roupas e Bolsas","Saias","844","67","Tier 2 — llevaría a 15.000 items"
"4129296747","Blazer Curto Social Feminino De Alfaiataria Botões Frontais","Calçados, Roupas e Bolsas","Ternos","998","45","Tier 2 — llevaría a 15.000 items"
"5463178576","Blazer Casaquinho Social Feminino Alfaiataria Acinturado","Calçados, Roupas e Bolsas","Ternos","935","61","Tier 2 — llevaría a 15.000 items"
"4680953498","Blazer Casaquinho Social Feminino Alfaiataria Acinturado","Calçados, Roupas e Bolsas","Ternos","935","59","Tier 2 — llevaría a 15.000 items"
"3494588595","Blazer Em Alfaiataria Com Botões Dourados Plus Size","Calçados, Roupas e Bolsas","Ternos","860","58","Tier 2 — llevaría a 15.000 items"
"4281068833","Vestido Longo Babado Fenda Lateral Costas Lastex Elegante","Calçados, Roupas e Bolsas","Vestidos","1099","75","Tier 2 — llevaría a 15.000 items"
"4970357220","Vestido Longo Feminino Evangélico Chique Soltinho Ciganinha","Calçados, Roupas e Bolsas","Vestidos","1036","59","Tier 2 — llevaría a 15.000 items"
"4032495969","Vestido Longo Feminino Cavado Fenda Lateral Com Bolso Fresco","Calçados, Roupas e Bolsas","Vestidos","1011","58","Tier 2 — llevaría a 15.000 items"
"5812619136","Vestido Longo Elegante Social Crepe Duna Feminino Madrinha","Calçados, Roupas e Bolsas","Vestidos","1001","62","Tier 2 — llevaría a 15.000 items"
"5521166820","Vestido Midi Feminino Canelado Elegante Casual Muscle Tee","Calçados, Roupas e Bolsas","Vestidos","976","47","Tier 2 — llevaría a 15.000 items"
"3360449627","Vestido Infantil Menina Festa Mini Diva Colorido Babado Moda","Calçados, Roupas e Bolsas","Vestidos","969","69","Tier 2 — llevaría a 15.000 items"
"5323655022","Vestido Feminino Longo Evangélico Luxo Elegante No Canelado","Calçados, Roupas e Bolsas","Vestidos","965","70","Tier 2 — llevaría a 15.000 items"
"1992427027","Vestido Para Menina Infantil Moda Luxo Pronta Entrega","Calçados, Roupas e Bolsas","Vestidos","964","55","Tier 2 — llevaría a 15.000 items"
"4143563819","Vestido Várias Formas Multiuso Longo Multiformas","Calçados, Roupas e Bolsas","Vestidos","959","47","Tier 2 — llevaría a 15.000 items"
"1091690572","Vestido Formatura Natal Ano Novo Festa Infantil Luxo E Tiara","Calçados, Roupas e Bolsas","Vestidos","944","72","Tier 2 — llevaría a 15.000 items"
"5326521450","Vestido Larguinho Soltinho Mide Longuete Com Manga Rodado","Calçados, Roupas e Bolsas","Vestidos","930","48","Tier 2 — llevaría a 15.000 items"
"4231331043","Vestido Canelado Midi Faixas Regata Casual Básico Modelador","Calçados, Roupas e Bolsas","Vestidos","924","34","Tier 2 — llevaría a 15.000 items"
"4179163679","Vestido Curto Couro Nariely Moda Festa Balada Inverno 2025","Calçados, Roupas e Bolsas","Vestidos","923","78","Tier 2 — llevaría a 15.000 items"
"5872203980","Vestido Drapeado Moderno Fino Elegante Social Tecido Lese","Calçados, Roupas e Bolsas","Vestidos","917","96","Tier 2 — llevaría a 15.000 items"
"3278582663","Vestido Decote Transpassado Envelope Manga Curta Soltinho","Calçados, Roupas e Bolsas","Vestidos","894","79","Tier 2 — llevaría a 15.000 items"
"4014762891","Vestido Longo Feminino Festa Elegante Premium Evangélico","Calçados, Roupas e Bolsas","Vestidos","889","58","Tier 2 — llevaría a 15.000 items"
"3914492955","Vestido Midi Colado Tomara Que Caia Tubinho Gravida Gestante","Calçados, Roupas e Bolsas","Vestidos","875","25","Tier 2 — llevaría a 15.000 items"
"5416246860","Vestido Midi Canelado Premium C/ Alça E Fendas Casual Básico","Calçados, Roupas e Bolsas","Vestidos","874","33","Tier 2 — llevaría a 15.000 items"
"5646468822","Vestido Midi Estampado Floral Com Fenda Lateral E Bojo","Calçados, Roupas e Bolsas","Vestidos","874","63","Tier 2 — llevaría a 15.000 items"
"5452400736","Vestido Soltinho Midi Rodado Confortável Elegante Plus Size","Calçados, Roupas e Bolsas","Vestidos","867","40","Tier 2 — llevaría a 15.000 items"
"5047112666","Vestido Longo Feminino Midi Alça Botoes Babado Elegante","Calçados, Roupas e Bolsas","Vestidos","866","73","Tier 2 — llevaría a 15.000 items"
"5478236204","Vestido Longo Blogueira Casual Malha Regata Bolso Regatão","Calçados, Roupas e Bolsas","Vestidos","864","41","Tier 2 — llevaría a 15.000 items"
"4602388204","Vestido Feminino Madrinha Casamento Festa Convidada Formatur","Calçados, Roupas e Bolsas","Vestidos","851","167","Tier 2 — llevaría a 15.000 items"
"5784979694","Vestido Feminino Malha Fria Soltinho Alça Verão Gg G1 G2 G3","Calçados, Roupas e Bolsas","Vestidos","839","38","Tier 2 — llevaría a 15.000 items"
"3984186946","Vestido Gola V Manga Longa","Calçados, Roupas e Bolsas","Vestidos","832","54","Tier 2 — llevaría a 15.000 items"
"4038450991","Vestido Longo Alças Ajustáveis Com Lastex Elegante E Fenda","Calçados, Roupas e Bolsas","Vestidos","830","45","Tier 2 — llevaría a 15.000 items"
"3597897433","Kit 2 Ralos Tampa Grelha Quadrado 10x10 Abre E Fecha Em Inox","Casa, Móveis e Decoração","Banheiros","1096","24","Tier 2 — llevaría a 15.000 items"
"4471457487","Kit 2 Suporte Porta Shampoo Sabonete Banheiro Adesivo Parede Sem Furos Box Luxo Cor Prateado Brielli Home Prata","Casa, Móveis e Decoração","Banheiros","1094","40","Tier 2 — llevaría a 15.000 items"
"5489637134","Kit 2 Suporte Shampoo Sabonete Banheiro Adesivo Parede Luxo Cor Preto","Casa, Móveis e Decoração","Banheiros","1066","30","Tier 2 — llevaría a 15.000 items"
"4070878165","Registro Pressão Chuveiro 1416 3/4 Quadrado Cromado Abs Prateado","Casa, Móveis e Decoração","Banheiros","1065","40","Tier 2 — llevaría a 15.000 items"
"6582929188","Suporte De Chão Porta Papel Higiênico Preto Fosco Com Capacidade Para 3 Rolos Resistente Prático","Casa, Móveis e Decoração","Banheiros","1065","22","Tier 2 — llevaría a 15.000 items"
"5980464942","Suporte Para Papel Higiênico Duplo Banheiro Caixa Acoplada Prateado","Casa, Móveis e Decoração","Banheiros","1061","20","Tier 2 — llevaría a 15.000 items"
"4465422551","Suporte Porta Escova Dentes Dipenser Pasta Esterelizador Uv Branco","Casa, Móveis e Decoração","Banheiros","1059","30","Tier 2 — llevaría a 15.000 items"
"5507031658","Jogo De Toalhas De Banho 4 Peças Bressan Ele/ Ela Karsten","Casa, Móveis e Decoração","Banheiros","1050","137","Tier 2 — llevaría a 15.000 items"
"2171821892","Lorenzetti Maxi Ducha Ultra Branco 5500w 220v 5.5 Kw","Casa, Móveis e Decoração","Banheiros","1032","72","Tier 2 — llevaría a 15.000 items"
"3832457946","Toalha Banho Gigante Premiun Soft Luxo Macia By Laune Haus","Casa, Móveis e Decoração","Banheiros","1031","26","Tier 2 — llevaría a 15.000 items"
"4079102915","Registro De Pressão 3/4 Para Chuveiro Completo C-50 Cromado Prateado","Casa, Móveis e Decoração","Banheiros","1031","39","Tier 2 — llevaría a 15.000 items"
"6191290906","Torneira Lavatorio Banheiro Automatica Pressmatic Compact Acabamento Cromado Cor Prateado","Casa, Móveis e Decoração","Banheiros","1018","43","Tier 2 — llevaría a 15.000 items"
"3513857705","Kit 30 Peças Ganchos De Parede Adesivos Pendurar Sem Pregos Transparente","Casa, Móveis e Decoração","Banheiros","1014","35","Tier 2 — llevaría a 15.000 items"
"5245808730","Chuveiro A Gas,ducha Chuveiro Quadrado Aquecedor Heemli Prateado","Casa, Móveis e Decoração","Banheiros","1009","33","Tier 2 — llevaría a 15.000 items"
"3964940799","Porta Papel Higiênico Em Aço Inox Premium Adesivo 3m Cor Prateado Parede Luxo","Casa, Móveis e Decoração","Banheiros","1002","19","Tier 2 — llevaría a 15.000 items"
"4211103107","Jogo De Toalhas 4 Peças Fio Cardado 100 Algodão Softmax Bressan Karsten Lunar/gris","Casa, Móveis e Decoração","Banheiros","1001","137","Tier 2 — llevaría a 15.000 items"
"4196480827","Torneira Lavatorio Banheiro Abs 1/4 Volta Cromada Hope Metais 1198 C72 Plateado Prateado Brilhante","Casa, Móveis e Decoração","Banheiros","995","25","Tier 2 — llevaría a 15.000 items"
"3814135560","Sifão Universal Copo Sanfonado Flexível Para Tanques Pias Branco","Casa, Móveis e Decoração","Banheiros","993","42","Tier 2 — llevaría a 15.000 items"
"2896852999","Resistência Chuveiro Acqua Duo Ultra Lorenzetti 220v 7800w Branco","Casa, Móveis e Decoração","Banheiros","989","73","Tier 2 — llevaría a 15.000 items"
"6506879996","Escova Sanitária Para Limpeza De Vaso De Banheiro Aço Inox Clink Prata","Casa, Móveis e Decoração","Banheiros","987","20","Tier 2 — llevaría a 15.000 items"
"4327054069","Espelho Adnet Redondo Para Banheiro Quarto Sala 30cm Moldura Marrom","Casa, Móveis e Decoração","Banheiros","984","34","Tier 2 — llevaría a 15.000 items"
"4399864351","Ralo Click 15x15 Inteligente Popup Aço Inox Com Porta Grelha","Casa, Móveis e Decoração","Banheiros","983","31","Tier 2 — llevaría a 15.000 items"
"6421183850","Suporte Porta Escova Dentes Dipenser Pasta Esterelizador Uv Branco","Casa, Móveis e Decoração","Banheiros","977","27","Tier 2 — llevaría a 15.000 items"
"3593575271","Ralo Click 10x10 Inteligente Cromado Porta Grelha Aço Inox","Casa, Móveis e Decoração","Banheiros","974","27","Tier 2 — llevaría a 15.000 items"
"3897559707","Kit 10 Toalhas De Banho Hotel, Pousada - 100% Algodão Branco Lisa","Casa, Móveis e Decoração","Banheiros","969","133","Tier 2 — llevaría a 15.000 items"
"6047720078","Porta-papel + Prateleira Para Celular E Lenço Umedecido Design Moderno Sem Furo Fácil Instalação Sublimente Preto","Casa, Móveis e Decoração","Banheiros","969","20","Tier 2 — llevaría a 15.000 items"
"4504204700","Kit 10 Ganchos Aço Adesivos Para Porta De Toalha De Parede Prateado","Casa, Móveis e Decoração","Banheiros","967","30","Tier 2 — llevaría a 15.000 items"
"4230098201","Kit 2 Suporte Shampoo Banheiro Prateleira Sem Furar Prata Prateado Inox Aluminio Cromado Organizador Chuveiro","Casa, Móveis e Decoração","Banheiros","946","40","Tier 2 — llevaría a 15.000 items"
"4000444783","Jogo De Toalha Banho 4 Peças 100 Algodão 400 Gr/m Loft Camesa Chumbo Liso","Casa, Móveis e Decoração","Banheiros","943","105","Tier 2 — llevaría a 15.000 items"
"3650085455","Acabamento Para Válvula De Descarga Vaso Sanitário Banheiro Deca Hydra Docol Prateado Cromado Brilhante","Casa, Móveis e Decoração","Banheiros","941","25","Tier 2 — llevaría a 15.000 items"
"3970500043","Valvula Click 7/8 Inox Preto C/ Sifão Sanfonado De 70 Cm Para Lavatorio Pia Cuba De Banheiro","Casa, Móveis e Decoração","Banheiros","941","36","Tier 2 — llevaría a 15.000 items"
"4128462353","Toalha De Banho Grande Oficial Times Felpuda Macia Praia","Casa, Móveis e Decoração","Banheiros","940","48","Tier 2 — llevaría a 15.000 items"
"1950364622","Chuveiro Lorenzetti Bella Ducha 4t Branco 5500w 127v 5.5 Kw","Casa, Móveis e Decoração","Banheiros","929","72","Tier 2 — llevaría a 15.000 items"
"5838048986","Torneira Misturador Banheiro Monocomando Alta Luxo Cromada Prata Aço Inoxidável + Abs Torneira Banheiro Quente E Frio... Cromado Brilhante","Casa, Móveis e Decoração","Banheiros","925","67","Tier 2 — llevaría a 15.000 items"
"3715883366","Kit 5 Tapetes Toalha Piso Banheiro Felpudo Atoalhado 560g/m²","Casa, Móveis e Decoração","Banheiros","916","70","Tier 2 — llevaría a 15.000 items"
"1536122952","Resistência Torneira Prima Touch 220v Zagonel 220v","Casa, Móveis e Decoração","Banheiros","913","36","Tier 2 — llevaría a 15.000 items"
"6131001262","Porta Papel Higiênico Duplo Para Caixa Acoplada Banheiro Prateado","Casa, Móveis e Decoração","Banheiros","907","20","Tier 2 — llevaría a 15.000 items"
"5474197452","Kit 6 Toalha De Piso Para Banheiro Geométrico Jogo Toalhas Saída De Box Tapete Banho Atoalhado Para Pés Branco - 100% Algodão - 44 X 65 Cm - Renova Enxovais","Casa, Móveis e Decoração","Banheiros","906","55","Tier 2 — llevaría a 15.000 items"
"4048348727","Espelho + Anti Embaçante - Box Ventosa - Barbear - Depilar Cinza","Casa, Móveis e Decoração","Banheiros","901","34","Tier 2 — llevaría a 15.000 items"
"4233827635","Kit 2 Suporte Shampoo Sabonete Banheiro Adesivo Parede Luxo - Dourado","Casa, Móveis e Decoração","Banheiros","900","31","Tier 2 — llevaría a 15.000 items"
"5768702646","Kit 2 Suporte Shampoo Sabonete Banheiro Adesivo Parede Luxo Preto","Casa, Móveis e Decoração","Banheiros","898","30","Tier 2 — llevaría a 15.000 items"
"5868541160","Suporte De Shampoo Prateleiras De Banheiro Sem Furo Box Boa Dica Preta","Casa, Móveis e Decoração","Banheiros","891","26","Tier 2 — llevaría a 15.000 items"
"2086058143","Toalha De Banho Jacquard Gigante 75x1,50 400g Grossa Felpuda","Casa, Móveis e Decoração","Banheiros","885","33","Tier 2 — llevaría a 15.000 items"
"6049290704","30kit Gancho Adesivo Parede Transparente Multifuncio 6cm 5kg Branco","Casa, Móveis e Decoração","Banheiros","881","20","Tier 2 — llevaría a 15.000 items"
"4302546251","Kit 3 Tapete Antiderrapante Para Banheiro Microfibra Bolinha","Casa, Móveis e Decoração","Banheiros","879","35","Tier 2 — llevaría a 15.000 items"
"4345945743","Porta Papel Higiênico Inox Adesivo 3m Vimad Parede Prateado","Casa, Móveis e Decoração","Banheiros","862","19","Tier 2 — llevaría a 15.000 items"
"6241672682","Kit 10 Toalhinhas De Mao Boca Rosto Social Escolar Academia Sortido Lisa","Casa, Móveis e Decoração","Banheiros","861","43","Tier 2 — llevaría a 15.000 items"
"4551711256","Kit 12 Botão Francês Gds Cromado Suporte Parede Plástico Abs Espelho","Casa, Móveis e Decoração","Banheiros","859","19","Tier 2 — llevaría a 15.000 items"
"6214398262","Jogo De Toalhas Banho 4 Peças Velvet Appel Superluxo Algodão","Casa, Móveis e Decoração","Banheiros","850","131","Tier 2 — llevaría a 15.000 items"
"5418500794","Gatilho Para Ducha Higiênica Chuveirinho Metal Cromado Cor Prateado","Casa, Móveis e Decoração","Banheiros","850","20","Tier 2 — llevaría a 15.000 items"
"2608390748","Acabamento Registro Volante Quadrado P/ Deca Metal Dourado Dourado Brilhante","Casa, Móveis e Decoração","Banheiros","842","32","Tier 2 — llevaría a 15.000 items"
"3516897365","Kit 2 Porta Shampoo Reto Vidro 6mm Suporte Banheiro Oferta Incolor","Casa, Móveis e Decoração","Banheiros","839","40","Tier 2 — llevaría a 15.000 items"
"4271467509","Dispenser Papel Higiênico Rolão Exaccta Plus Su-rols04 Branco 235mm De Parede","Casa, Móveis e Decoração","Banheiros","839","29","Tier 2 — llevaría a 15.000 items"
"4849917108","Válvula Click Metal 7/8 Preto Fosco Pia Banheiro Link Metais","Casa, Móveis e Decoração","Banheiros","838","34","Tier 2 — llevaría a 15.000 items"
"4256242189","Toalha De Banho Gigante Grossa Felpudas 100% Algodão Macia 72x150cm Zuley Shop 530g Cor Cinza-escuro - 1 Peça Liso","Casa, Móveis e Decoração","Banheiros","834","44","Tier 2 — llevaría a 15.000 items"
"3567057241","Duchinha Ducha Higiênica Registro Duplo Rabicho Mangote Cromada Aço Escovado","Casa, Móveis e Decoração","Banheiros","833","49","Tier 2 — llevaría a 15.000 items"
"5496014690","Registro De Pressão Chuveiro 3/4 Quadrado Preto Abs Completo Fosco","Casa, Móveis e Decoração","Banheiros","831","39","Tier 2 — llevaría a 15.000 items"
"6416674972","Escova Sanitária Para Vaso Com Suporte Branco Cabo Anatômico Branco","Casa, Móveis e Decoração","Banheiros","829","22","Tier 2 — llevaría a 15.000 items"
"3998651149","Travesseiro De Corpo Xuxão 135cm Antialérgico Com Fronha De Zíper Lavável Branco","Casa, Móveis e Decoração","Camas, Colchões e Acessórios","1090","39","Tier 2 — llevaría a 15.000 items"
"4352704174","Travesseiro Cervical Nasa - Coluna Relax - Carvão Ativado Cor Branco E Cinza","Casa, Móveis e Decoração","Camas, Colchões e Acessórios","1071","205","Tier 2 — llevaría a 15.000 items"
"4253839793","Kit 2 Travesseiros C/ Fronha De Zíper Matelados Impermeáveis Branco","Casa, Móveis e Decoração","Camas, Colchões e Acessórios","1069","59","Tier 2 — llevaría a 15.000 items"
"3891614450","Capa Protetora Colchão Casal Malha Zíper Preto Matex","Casa, Móveis e Decoração","Camas, Colchões e Acessórios","1059","35","Tier 2 — llevaría a 15.000 items"
"4132416307","Travesseiro Anti-refluxo Adulto C/capa Com Ziper Branco","Casa, Móveis e Decoração","Camas, Colchões e Acessórios","1046","74","Tier 2 — llevaría a 15.000 items"
"5968241778","Travesseiro Anti-ronco E Apneia Relax Coluna Cervical Cinza","Casa, Móveis e Decoração","Camas, Colchões e Acessórios","994","182","Tier 2 — llevaría a 15.000 items"
"2834342539","Travesseiro Nasa Anatômico Ortobom De Suporte Cervical Branco","Casa, Móveis e Decoração","Camas, Colchões e Acessórios","967","87","Tier 2 — llevaría a 15.000 items"
"3891613748","Capa Protetora Para Colchão Casal Com Zíper Malha Cinza Matex","Casa, Móveis e Decoração","Camas, Colchões e Acessórios","923","35","Tier 2 — llevaría a 15.000 items"
"4182384725","Edredom Sherpa Coberdrom E Cobertor Casal Queen Grosso Cores Cor Tabaco Desenho Do Tecido Lisa Liso","Casa, Móveis e Decoração","Camas, Colchões e Acessórios","920","109","Tier 2 — llevaría a 15.000 items"
"5356640022","Protetor De Colchão King Matelado Impermeável Antialérgico Antiácaro Respirável Ultra Macio E Não Esquenta","Casa, Móveis e Decoração","Camas, Colchões e Acessórios","898","56","Tier 2 — llevaría a 15.000 items"
"4035362523","Protetor De Colchão Matelado Casal Impermeável Capa Antialérgica Silenciosa Antiácaro Toque Macio E Suave Caqui","Casa, Móveis e Decoração","Camas, Colchões e Acessórios","838","40","Tier 2 — llevaría a 15.000 items"
"5341734174","Travesseiro Nasa Viscoelástico Cervical Anatomico Ortopédico Branco","Casa, Móveis e Decoração","Camas, Colchões e Acessórios","826","70","Tier 2 — llevaría a 15.000 items"
"4037695227","Moedor De Sal Grosso E Pimenta Triturador Profissional Temperos Especiarias Em Aço Inox Saleiro Gourmet Para Cozinha Prateado","Casa, Móveis e Decoração","Cozinha","1098","51","Tier 2 — llevaría a 15.000 items"
"6030714698","Espremedor De Alho Fácil Triturador Amassador Premium Mr. Ogro","Casa, Móveis e Decoração","Cozinha","1095","27","Tier 2 — llevaría a 15.000 items"
"4148590365","Molde Forma Para Fazer Hambúrguer Grande Pequeno E Recheado Preto","Casa, Móveis e Decoração","Cozinha","1094","26","Tier 2 — llevaría a 15.000 items"
"3208976920","Super Kit 21 Peças Potes De Plástico Bpa Free Para Cozinha","Casa, Móveis e Decoração","Cozinha","1094","54","Tier 2 — llevaría a 15.000 items"
"6367090936","Kit 4 Potes Vidro Hermético 370ml E 640ml Marmita Freezer Micro-ondas Fitness Th Home Cor Sortida","Casa, Móveis e Decoração","Cozinha","1094","48","Tier 2 — llevaría a 15.000 items"
"5109330646","Kit 2 Acendedor De Fogão Com Botão De Aperta Faisca Forno","Casa, Móveis e Decoração","Cozinha","1092","20","Tier 2 — llevaría a 15.000 items"
"4198938935","Kit 2 Moedores Pimenta Sal Grosso Unyhome Madeira Cerâmica 15+20cm Bege","Casa, Móveis e Decoração","Cozinha","1091","40","Tier 2 — llevaría a 15.000 items"
"1685518399","Filtro De Papel Branco Para Hario V60 02 - 100 Un.","Casa, Móveis e Decoração","Cozinha","1088","25","Tier 2 — llevaría a 15.000 items"
"3223739267","Panela De Pressão Pequena  2 Litros Antiaderente Inmetro Grafite","Casa, Móveis e Decoração","Cozinha","1084","71","Tier 2 — llevaría a 15.000 items"
"3966778031","Pinça Culinária Profissional Com Serrilha Reta 30cm Ecommerce Prateado","Casa, Móveis e Decoração","Cozinha","1084","20","Tier 2 — llevaría a 15.000 items"
"3288536143","Jogo Potes De Vidro 5 Peças Claro Mantimentos Marmita","Casa, Móveis e Decoração","Cozinha","1083","29","Tier 2 — llevaría a 15.000 items"
"5406733192","Conjunto De Taças De Vidro 340ml Diamond Line - 6 Peças Transparente","Casa, Móveis e Decoração","Cozinha","1082","32","Tier 2 — llevaría a 15.000 items"
"5830679816","Cuscuzeira Amora Presente 1,10l Alumínio Polido 2 Conchas Prateada Prateado","Casa, Móveis e Decoração","Cozinha","1080","39","Tier 2 — llevaría a 15.000 items"
"6573518746","Jogo Kit 6 Copos Vidro Grosso 400ml Água Suco Drink Premium Cor Transparente Original Line","Casa, Móveis e Decoração","Cozinha","1080","28","Tier 2 — llevaría a 15.000 items"
"4202240585","Kit Faqueiro Dourado Luxo Jogo Talheres Inox 24pçs + Maleta Dourado","Casa, Móveis e Decoração","Cozinha","1076","74","Tier 2 — llevaría a 15.000 items"
"6492041160","12 Xicara Dia Das Mães Presente Especial Lembrancinha Café Vermelho Te Amo Mãe Vermelha","Casa, Móveis e Decoração","Cozinha","1075","36","Tier 2 — llevaría a 15.000 items"
"6469449882","Forma Retangular Lateral Removivel - 30x10x10 Em Aço Ixox Prateado","Casa, Móveis e Decoração","Cozinha","1075","52","Tier 2 — llevaría a 15.000 items"
"3790570117","Kit 10 Bowls Potes Cumbucas Tigela Plastico Cozinha Cor Viva","Casa, Móveis e Decoração","Cozinha","1073","20","Tier 2 — llevaría a 15.000 items"
"6544074110","Belakaza Porta Condimentos Vidro E Tampa Giratório Com 9 Potes Preto","Casa, Móveis e Decoração","Cozinha","1072","36","Tier 2 — llevaría a 15.000 items"
"5878925426","Picador E Cortador Profissional De Legumes Com Qualidade Cinza","Casa, Móveis e Decoração","Cozinha","1070","45","Tier 2 — llevaría a 15.000 items"
"5094921334","Vittak Conjunto 3 Bowls De Inox Com Tampas Plásticas Utensílios De Cozinha Tamanhos Variados","Casa, Móveis e Decoração","Cozinha","1065","59","Tier 2 — llevaría a 15.000 items"
"5058115270","1 Litro Com Garrafa Térmica Termômetro Led Para Chás / Café","Casa, Móveis e Decoração","Cozinha","1062","40","Tier 2 — llevaría a 15.000 items"
"4189445977","Kit 2 Lixeiras Para Cozinha De 7,5l Preto Banheiro Com Pedal","Casa, Móveis e Decoração","Cozinha","1061","50","Tier 2 — llevaría a 15.000 items"
"4221997667","Kit 12 Utensílios De Silicone Com Cabo De Madeira - Marca Aristus Com Alta Resistência, Durável E Com Design Moderno, Perfeito Para Sua Cozinha Cor Cinza","Casa, Móveis e Decoração","Cozinha","1055","36","Tier 2 — llevaría a 15.000 items"
"5741957146","Kit 12 Utensílios De Cozinha Em Silicone Premium Com Cabo De Madeira Aristus Resistentes Ao Calor Até 230°c, Antiaderentes, Duráveis E Modernos Cor Vermelho","Casa, Móveis e Decoração","Cozinha","1053","36","Tier 2 — llevaría a 15.000 items"
"6279543800","Mini Mixer Elétrico Misturador De Bebidas 2 Em 1 Portátil Fue Recarregável Mexedor De Ovos Whey Leite Café Espuma Shake Drinks Capuccino E Várias Bebidas Preto Branco Hivi","Casa, Móveis e Decoração","Cozinha","1052","21","Tier 2 — llevaría a 15.000 items"
"5476994294","Mini Coador Café Gourmet Individual Bule + 2 Canecas 90ml","Casa, Móveis e Decoração","Cozinha","1050","40","Tier 2 — llevaría a 15.000 items"
"5913579844","Kit 2 Potes Vidro 1040ml Hermético Marmita Forno Refratário Transparente","Casa, Móveis e Decoração","Cozinha","1049","37","Tier 2 — llevaría a 15.000 items"
"5491272404","Kit 2 Esteira Porta Copos Apoio Suporte Braço Sofá Mdf","Casa, Móveis e Decoração","Cozinha","1048","32","Tier 2 — llevaría a 15.000 items"
"5095425118","Pote Porta Frios C/ Escorredor Tampa C/ Travas 2 Divisórias Cor Transparente Plasútil Presunto Queijo Muçarela","Casa, Móveis e Decoração","Cozinha","1044","24","Tier 2 — llevaría a 15.000 items"
"2127519925","Conjunto Travessa E Saladeira Ryo Maresia Oxford Baixelas Branco","Casa, Móveis e Decoração","Cozinha","1043","112","Tier 2 — llevaría a 15.000 items"
"4036409915","Conjunto De 6 Pratos Fundos 22,5cm Ryo Maresia Branco E Marrom","Casa, Móveis e Decoração","Cozinha","1042","146","Tier 2 — llevaría a 15.000 items"
"2868518753","Saco Para Lixo Pia E Banheiro Lavanda Pack Lixo 40 Unidades","Casa, Móveis e Decoração","Cozinha","1038","8","Tier 2 — llevaría a 15.000 items"
"4411187559","Lixeira Para Cozinha De 7,5l Preto Banheiro Com Pedal Lixo","Casa, Móveis e Decoração","Cozinha","1038","29","Tier 2 — llevaría a 15.000 items"
"4287745279","Fruteira De Mesa Organizador De Frutas Cesto Metal Aramado Preto","Casa, Móveis e Decoração","Cozinha","1037","36","Tier 2 — llevaría a 15.000 items"
"5930353642","Tábua De Corte De Titânio Inox Cozinha Taboa Churrasco Carne Lisa Titânio Aço Inoxidável","Casa, Móveis e Decoração","Cozinha","1030","43","Tier 2 — llevaría a 15.000 items"
"6385371288","Lixeiras Inteligentes Com Sensores Automáticos, Adequados Para Casas De Banho, Escritórios E Instalações Comerciais Preto","Casa, Móveis e Decoração","Cozinha","1028","75","Tier 2 — llevaría a 15.000 items"
"5930094434","Panela De Pressão Alumínio Polido - 4,5 L Panelux","Casa, Móveis e Decoração","Cozinha","1024","56","Tier 2 — llevaría a 15.000 items"
"3858097737","Kit 10 Porta Mantimentos Hermetico, Pote Para Alimentos","Casa, Móveis e Decoração","Cozinha","1023","107","Tier 2 — llevaría a 15.000 items"
"6594392502","Fruteira De Mesa Organizador De Frutas Cesto Metal Aramado Cor Preto","Casa, Móveis e Decoração","Cozinha","1021","35","Tier 2 — llevaría a 15.000 items"
"4359604639","Jogo Kit Copo Vidro Oca 300ml C/6 Nadir - Agua Suco Drink Co Cor Transparente","Casa, Móveis e Decoração","Cozinha","1018","31","Tier 2 — llevaría a 15.000 items"
"4018220497","Kit 25 Peças Mini Potiche Acrílico Lembrancinha Bomboniere Branco","Casa, Móveis e Decoração","Cozinha","1017","77","Tier 2 — llevaría a 15.000 items"
"3591928985","Panela De Pipoca Profissional Rl 4l Antiaderente Tampa De Vidro Preto","Casa, Móveis e Decoração","Cozinha","1017","71","Tier 2 — llevaría a 15.000 items"
"4025228931","100 Sacos Zip Abre E Fecha Hermético 17x24 Talge","Casa, Móveis e Decoração","Cozinha","1013","17","Tier 2 — llevaría a 15.000 items"
"4314188027","Kit 5 Organizadores De Armário Aramado De Cozinha Aço Branco Prateleiras Para Louças, Lavabo E Despensa Estrutura Resistente - Pé Antiderrapante E Ideal Para Otimizar Espaço Em Armários Kiryu","Casa, Móveis e Decoração","Cozinha","1010","79","Tier 2 — llevaría a 15.000 items"
"3311399914","Kit 10 Cake Board 25cm Tabuleiro Bolo Em Mdf 3mm Redondo Branco","Casa, Móveis e Decoração","Cozinha","1010","27","Tier 2 — llevaría a 15.000 items"
"4041972223","Fruteira De Mesa Organizador De Frutas Cesto Metal Aramado Cor Preto","Casa, Móveis e Decoração","Cozinha","1005","35","Tier 2 — llevaría a 15.000 items"
"5908195774","Kit 4 Potes Vidro 1040ml Hermético Marmita Forno Refratário Transparente","Casa, Móveis e Decoração","Cozinha","1002","67","Tier 2 — llevaría a 15.000 items"
"4962204390","Pano De Prato 100% Algodão Branco Kit 10 Unid","Casa, Móveis e Decoração","Cozinha","1002","33","Tier 2 — llevaría a 15.000 items"
"3532657975","Conjunto De 2 Garrafas De Vidro 1 L Com Tampa Inox E Vedação De Silicone","Casa, Móveis e Decoração","Cozinha","1001","43","Tier 2 — llevaría a 15.000 items"
"3595548849","Suporte Organizador 30 Cápsulas Café Três Corações Giratório Preto","Casa, Móveis e Decoração","Cozinha","1000","34","Tier 2 — llevaría a 15.000 items"
"2051625235","Forma Mini Pudim C/tampa Forneável 120ml C/50unds Transparente","Casa, Móveis e Decoração","Cozinha","996","60","Tier 2 — llevaría a 15.000 items"
"4475953693","Jogo De Panelas Com 6 Peças + Cor Preto Pigmentado","Casa, Móveis e Decoração","Cozinha","995","125","Tier 2 — llevaría a 15.000 items"
"3774637837","Temporizador Relogio Timer Despertador Digital Cozinha Alarm","Casa, Móveis e Decoração","Cozinha","995","13","Tier 2 — llevaría a 15.000 items"
"1089997115","Termômetro Digital Freezer Aquário Sonda Chocadeira Diversas","Casa, Móveis e Decoração","Cozinha","995","20","Tier 2 — llevaría a 15.000 items"
"4569594607","Lixeira De Luxo Com Tampa E Botão De Pressão, 8l Branco Puro","Casa, Móveis e Decoração","Cozinha","992","54","Tier 2 — llevaría a 15.000 items"
"3292519445","Escorredor De Louças Compacto 13 Pratos Porta Talher Preto Metaltru","Casa, Móveis e Decoração","Cozinha","992","30","Tier 2 — llevaría a 15.000 items"
"1883574304","Termômetro Digital Freezer Geladeira Aquário Chocadeira C° Branco","Casa, Móveis e Decoração","Cozinha","991","17","Tier 2 — llevaría a 15.000 items"
"4219088711","Copos De Vidro Borosilicato Duplo Nespresso 6 Unidades Cor Transparente","Casa, Móveis e Decoração","Cozinha","986","39","Tier 2 — llevaría a 15.000 items"
"5762932980","Adega De Vinhos Preta Com Suporte Para 4 Taças Elegância","Casa, Móveis e Decoração","Cozinha","986","20","Tier 2 — llevaría a 15.000 items"
"6057087548","Porta Talheres Organizador Gaveta Com Extensor 8 Divisórias Preto","Casa, Móveis e Decoração","Cozinha","985","53","Tier 2 — llevaría a 15.000 items"
"4616260489","Jogo De Panelas 8 Peças Teflon Antiaderente C Tampa De Vidro Cor Ceramic Cerâmica","Casa, Móveis e Decoração","Cozinha","984","134","Tier 2 — llevaría a 15.000 items"
"3899962965","Panela De Pressão 4,5l Teflon Antiaderente Alegrete Cinza","Casa, Móveis e Decoração","Cozinha","981","130","Tier 2 — llevaría a 15.000 items"
"6456420970","Kit 5 Potes Herméticos Vidro 640ml Tampa Trava Micro-ondas Cinza-escuro","Casa, Móveis e Decoração","Cozinha","980","60","Tier 2 — llevaría a 15.000 items"
"3738018793","Descascador De Pinhao Cozido Original Aluminio Escovado  Prateado","Casa, Móveis e Decoração","Cozinha","979","38","Tier 2 — llevaría a 15.000 items"
"6218960180","Kit 2 Moedores De Pimenta Do Reino Sal Grosso Temperos Especiarias Grãos Manual Ajustável Moagem Em Aço Inox Vidro... Preto","Casa, Móveis e Decoração","Cozinha","978","24","Tier 2 — llevaría a 15.000 items"
"6589397832","Porta Tempero Giratorio Inox 12 Potes Vidro Cor Inox Redondo Inox","Casa, Móveis e Decoração","Cozinha","978","48","Tier 2 — llevaría a 15.000 items"
"5547153544","Fatiador Cortador Ralador Profissional Kitop Legumes Aço Inoxidável","Casa, Móveis e Decoração","Cozinha","977","30","Tier 2 — llevaría a 15.000 items"
"4521943187","Jarra De Vidro Borossilicato 1,2 L Com Tampa Bambu Vedação Hermética Para Sucos Água Pítia Transparente","Casa, Móveis e Decoração","Cozinha","977","39","Tier 2 — llevaría a 15.000 items"
"4516227995","Jarra De Vidro Tampa Higiênica Inox 1 Litro Borossilicato Vidro Transparente","Casa, Móveis e Decoração","Cozinha","971","28","Tier 2 — llevaría a 15.000 items"
"4148590775","Kit Registro Regulador Gás Cozinha Mangueira 1m Botijão 13kg","Casa, Móveis e Decoração","Cozinha","968","32","Tier 2 — llevaría a 15.000 items"
"3697148841","Cake Board 20cm Tabuleiro Prato De Bolo Mdf Kit Com 10 Bases Branco","Casa, Móveis e Decoração","Cozinha","967","22","Tier 2 — llevaría a 15.000 items"
"4800102478","Dispenser Dosador Redondo De Embutir Bancada Pia 500ml Aço Inox Escovado Para Detergente Ou Sabonete Líquido","Casa, Móveis e Decoração","Cozinha","967","28","Tier 2 — llevaría a 15.000 items"
"5053048640","Afiador De Facas Profio Dupla Face Diamantada Com Suporte Em Abs E Aço Inox Tramontina","Casa, Móveis e Decoração","Cozinha","964","107","Tier 2 — llevaría a 15.000 items"
"3388694231","Kit 4un Protetor De Fogão Indução Silicone Redondo Preto","Casa, Móveis e Decoração","Cozinha","962","40","Tier 2 — llevaría a 15.000 items"
"5538298870","Jogo De Pratos Fundos Kit 6 Em Vidro Almoço E Jantar Cor Transparente Florido","Casa, Móveis e Decoração","Cozinha","961","35","Tier 2 — llevaría a 15.000 items"
"4112804011","Amassador De Lata Manual Até 475ml  Para Reciclagem De Latinha De Alumínio, Econômico E Fácil De Usar #amassador #cerveja #refrigerante #churrasco Cinza Claro","Casa, Móveis e Decoração","Cozinha","957","43","Tier 2 — llevaría a 15.000 items"
"4909461022","Caixa Embalagem Personalizada Porção Bandeja P Batata C/100","Casa, Móveis e Decoração","Cozinha","957","35","Tier 2 — llevaría a 15.000 items"
"6245094078","Lixeira Inteligente De 16l Com Sensor Automático Para Casa E Escritório Branca Branco","Casa, Móveis e Decoração","Cozinha","952","69","Tier 2 — llevaría a 15.000 items"
"4200143911","Kit 10 Potes Bowl 1 Litro Tampa Branca Vasilha Luxo Multiuso","Casa, Móveis e Decoração","Cozinha","948","27","Tier 2 — llevaría a 15.000 items"
"6244064566","Suporte Organizador Frigideira Refratários Tampas Assadeira Boa Dica","Casa, Móveis e Decoração","Cozinha","948","23","Tier 2 — llevaría a 15.000 items"
"5654349036","Tábua Churrasco Cozinha Corte Carne Grande 35x28 Madeira Teca Maciça Com Alça Brasa Store Lisa Marrom-claro","Casa, Móveis e Decoração","Cozinha","948","60","Tier 2 — llevaría a 15.000 items"
"5472305716","Funil Aço Inox Médio 12x12 Cm Alça Garrafas Óleo Multiuso","Casa, Móveis e Decoração","Cozinha","947","19","Tier 2 — llevaría a 15.000 items"
"5973339674","Pulverizador Borrifador Galheteiro Spray 2 Em 1 Profissional Culinário De 470ml De Vidro Porta Azeite Óleo Vinagre Com Bico Dosador Preto","Casa, Móveis e Decoração","Cozinha","947","23","Tier 2 — llevaría a 15.000 items"
"5352346176","Organizador Clear Fresh 5l Com 3 Cestos Natural Verduras Legumes Transparente","Casa, Móveis e Decoração","Cozinha","945","47","Tier 2 — llevaría a 15.000 items"
"5330262392","Kit 2 Puxa Saco Porta Sacolas Sacolinhas + 2 Ganchos Brinde Preto E Cinza Lisa","Casa, Móveis e Decoração","Cozinha","940","21","Tier 2 — llevaría a 15.000 items"
"4569214008","Tapioqueira Preta Polvilhador De Tapioca Armazena Biju Nybc","Casa, Móveis e Decoração","Cozinha","939","33","Tier 2 — llevaría a 15.000 items"
"5451800076","Tabua De Corte Saudável Para Cortar Dupla Face Aço Inox Pp","Casa, Móveis e Decoração","Cozinha","938","40","Tier 2 — llevaría a 15.000 items"
"3548991801","Kit Com 6 Potes Organizadores De Vidro De 200ml 4fitness, Tampa Em Bambu, Vedação Hermética, Porta Temperos, Acompanha Etiquetas E Caneta Única","Casa, Móveis e Decoração","Cozinha","938","44","Tier 2 — llevaría a 15.000 items"
"4510687851","Lixeira Sensor Automática 16l Recarregável Sem Toque Smart Preto","Casa, Móveis e Decoração","Cozinha","937","69","Tier 2 — llevaría a 15.000 items"
"3465265309","Termômetro Digital Geladeira Freezer/ Frio Quente Umidade Ar Branco","Casa, Móveis e Decoração","Cozinha","933","32","Tier 2 — llevaría a 15.000 items"
"4628793809","Suqueira Transparente P/ Bebidas 4,5 Lt Super Transparente","Casa, Móveis e Decoração","Cozinha","932","46","Tier 2 — llevaría a 15.000 items"
"5524971610","Gelo Artificial Cibragel Flexível Mais Gelo 15g Kit 100 Cubos Água","Casa, Móveis e Decoração","Cozinha","931","50","Tier 2 — llevaría a 15.000 items"
"4505216446","Jogo Talheres Churrasco 12 Peças Madeira Polywood Tramontina Cor Vermelho","Casa, Móveis e Decoração","Cozinha","930","101","Tier 2 — llevaría a 15.000 items"
"4576841741","Lixeira Inteligente 16l Sensor Automático Tampa Touch Casa Preto","Casa, Móveis e Decoração","Cozinha","930","67","Tier 2 — llevaría a 15.000 items"
"6501126642","Jogo 6 Taças De Vidro Vinho/água 490ml Nadir Figueiredo Barone Transparente","Casa, Móveis e Decoração","Cozinha","927","54","Tier 2 — llevaría a 15.000 items"
"5351222824","Conjunto De Potes 10 Peças Vidro Organizadores De Cozinha Preto","Casa, Móveis e Decoração","Cozinha","927","41","Tier 2 — llevaría a 15.000 items"
"5504931222","Mini Balança Digital Alta Precisão 0,01g - 500g Profissional Preto 500 G","Casa, Móveis e Decoração","Cozinha","926","31","Tier 2 — llevaría a 15.000 items"
"5531853556","Termômetro Digital Espeto Culinário -50°c A 300°c Precisão 0,1°c Aço Inox 24cm Display Lcd Alimentos Carnes Líquidos Cozinha Profissional Bateria Medição Rápida Preto","Casa, Móveis e Decoração","Cozinha","923","19","Tier 2 — llevaría a 15.000 items"
"5375489258","Conjunto De Bowls De Porcelana Branca Para Sopa 500ml 6 Pçs Branca","Casa, Móveis e Decoração","Cozinha","922","73","Tier 2 — llevaría a 15.000 items"
"3817236787","Panela De Pressão 4,5 Litros Panelux Cor Alumínio Polido","Casa, Móveis e Decoração","Cozinha","920","58","Tier 2 — llevaría a 15.000 items"
"4460536734","Kit Confeitaria Profissional Base Bolo Espatula Fue Cozinha","Casa, Móveis e Decoração","Cozinha","920","57","Tier 2 — llevaría a 15.000 items"
"6298337018","Jogo De Panela Feijoada Caldo De Alumínio 3 Peças Grande Prateado","Casa, Móveis e Decoração","Cozinha","919","103","Tier 2 — llevaría a 15.000 items"
"5745032972","Organizador Porta Talheres Gaveta Cozinha Extensor Duplo Cinza","Casa, Móveis e Decoração","Cozinha","918","60","Tier 2 — llevaría a 15.000 items"
"4160771657","Kit 12 Utensílios De Cozinha Silicone Cabo Madeira Antiaderente Resistente Alta Temperatura Gourmet Conjunto Completo Ideal Para Preparos Seguros E Duradouros Ponte Lar Utilidades Preto","Casa, Móveis e Decoração","Cozinha","917","42","Tier 2 — llevaría a 15.000 items"
"4534214043","Jogo 6 Copos 400ml Vidro Diamond Resistentes Para Drink Água Suco Sólar","Casa, Móveis e Decoração","Cozinha","916","41","Tier 2 — llevaría a 15.000 items"
"2137044316","144un Pote Descartável 500ml Freezer Microondas Marmita Cristal","Casa, Móveis e Decoração","Cozinha","915","150","Tier 2 — llevaría a 15.000 items"
"4418800255","Lixeira Inteligente Com Sensor Automática Banheiro Preto Lixeira Automática De 16 Litros Com Sensor Balde Lixo Adequada Para Cozinha E Banheiro","Casa, Móveis e Decoração","Cozinha","913","71","Tier 2 — llevaría a 15.000 items"
"5030580624","12 Potes De Vidro Pianezza 400ml + Tampas Metálicas E Lacres","Casa, Móveis e Decoração","Cozinha","913","61","Tier 2 — llevaría a 15.000 items"
"5277397852","Kit Com 6 Potes 200ml Porta Temperos Condimentos Mantimentos Tampa Bambu Vedação Hermética Vidro Borossilicato Premium Resistente Cozinha Bravli Transparente","Casa, Móveis e Decoração","Cozinha","912","45","Tier 2 — llevaría a 15.000 items"
"6100654112","30 Caneca Lembrancinha Dia Das Mães Pais Namorados Natal Fes Feliz Dia Das Mães Presente Dia Das Maes","Casa, Móveis e Decoração","Cozinha","910","68","Tier 2 — llevaría a 15.000 items"
"4997316062","Embalagem Cartela Estojo Para 12 Ovos De Galinha 50 Bandejas Transparente","Casa, Móveis e Decoração","Cozinha","909","60","Tier 2 — llevaría a 15.000 items"
"3893894787","Processador Triturador Fatiador Picador Moedor Temperos Legumes Frutas Alimentos Alho Cebola Manual Souleve 500ml 3 Lâminas Inox Preto","Casa, Móveis e Decoração","Cozinha","909","21","Tier 2 — llevaría a 15.000 items"
"6017971960","Bomba Elétrica Newdragon Para Galão Água 5 20l Usb Recarregável Portátil Preta Preto","Casa, Móveis e Decoração","Cozinha","909","20","Tier 2 — llevaría a 15.000 items"
"3993018991","Kit 24 Peças Jogo De Talheres Dourados Aço Inoxidável 416","Casa, Móveis e Decoração","Cozinha","907","45","Tier 2 — llevaría a 15.000 items"
"4335487344","Kit Hamburguer Completo Abafador Modelador P Ovo 2 Espátulas","Casa, Móveis e Decoração","Cozinha","907","77","Tier 2 — llevaría a 15.000 items"
"6100274920","Kit 2 Suporte Porta Bucha Esponja Inox Pia Cozinha Organizar Prateado","Casa, Móveis e Decoração","Cozinha","907","18","Tier 2 — llevaría a 15.000 items"
"6249198190","Kit 10 Pote De Vidro Marmita Hermético 640ml Freezer Fitness Thermex Incolor","Casa, Móveis e Decoração","Cozinha","905","133","Tier 2 — llevaría a 15.000 items"
"4507977005","Fatiador Kitop Exclusivo Único Cortador Couve Fininha Cor Verde","Casa, Móveis e Decoração","Cozinha","904","19","Tier 2 — llevaría a 15.000 items"
"5642895918","Kit 10 Potes 500ml Bpa Free Freezer Microondas Reutilizável Preto","Casa, Móveis e Decoração","Cozinha","903","30","Tier 2 — llevaría a 15.000 items"
"1234182265","Conjunto 6 Pratos Sobremesa Casa Hotel Porcelana Schmidt","Casa, Móveis e Decoração","Cozinha","900","68","Tier 2 — llevaría a 15.000 items"
"5444827472","Jogo 6 Taças De Vinho Tinto Branco 300ml Titanium Gastro Cristal","Casa, Móveis e Decoração","Cozinha","900","51","Tier 2 — llevaría a 15.000 items"
"6534755786","Kit Utensilios De Cozinha Preto Silicone 19 Peças Com Cabo De Madeira, Colheres De Silicone, Escumadeira, Concha, Facas E Tabua. Completo E Pratico E Duravel E Resistente - Shokki","Casa, Móveis e Decoração","Cozinha","900","76","Tier 2 — llevaría a 15.000 items"
"6040627370","Kit 2 Formas De Silicone Reutilizável Lavável Antiaderente Para Air Fryer Cores Sortidas - Cordelícia","Casa, Móveis e Decoração","Cozinha","899","21","Tier 2 — llevaría a 15.000 items"
"5004189680","Acendedor De Fogão Velas Eletrônico Plasma Recarregável Usb","Casa, Móveis e Decoração","Cozinha","898","19","Tier 2 — llevaría a 15.000 items"
"4099755380","Fuê Fouet Cozinha Batedor De Ovos Profissional 30cm","Casa, Móveis e Decoração","Cozinha","898","32","Tier 2 — llevaría a 15.000 items"
"4315938411","Kit 10 Potes 800ml Marmitas Trava Lateral Freezer Transparente","Casa, Móveis e Decoração","Cozinha","898","34","Tier 2 — llevaría a 15.000 items"
"4537388011","Defumador De Bebidas Whisky E Coquetel + Maçarico + 3 Aromas Marrom","Casa, Móveis e Decoração","Cozinha","898","70","Tier 2 — llevaría a 15.000 items"
"4525255617","Forma Assadeira Bolo Pudim Antiaderente Teflon Redonda Furo Central 24cm Antiaderente Para Bolo E Pudim Green Clean Cinza-escuro","Casa, Móveis e Decoração","Cozinha","898","27","Tier 2 — llevaría a 15.000 items"
"4479994139","36 Caneca Branca Ceramica Live Sub Sublimação 325ml Cor Branco","Casa, Móveis e Decoração","Cozinha","897","389","Tier 2 — llevaría a 15.000 items"
"3392941021","Kit 2 Espátulas Inox Lanche Reta E Curva Chapeiro E Cozinha Branco","Casa, Móveis e Decoração","Cozinha","896","29","Tier 2 — llevaría a 15.000 items"
"3659295857","Panquequeira Tapioqueira 22cm Tramontina Antiaderente Vermelho","Casa, Móveis e Decoração","Cozinha","894","29","Tier 2 — llevaría a 15.000 items"
"5636036574","Conjunto Utensílios Profissional 10 Peças Cozinha Silicone Preto","Casa, Móveis e Decoração","Cozinha","894","66","Tier 2 — llevaría a 15.000 items"
"4036141537","Lixeira Cesto 12 Litros Pedal Inox Cozinha Grande Banheiro","Casa, Móveis e Decoração","Cozinha","890","67","Tier 2 — llevaría a 15.000 items"
"3246956263","Panela Pressão Fechamento Externo Profissional 12l Nacional Alumínio Polido","Casa, Móveis e Decoração","Cozinha","889","336","Tier 2 — llevaría a 15.000 items"
"6564823960","Coador De Café Inox Reutilizável 102 Filtro Permanente Aço Inoxidável Sustentável Sem Papel Econômico Fácil Limpeza Compatível Com Xícaras E Suportes Durável Alta Qualidade Rmi","Casa, Móveis e Decoração","Cozinha","888","25","Tier 2 — llevaría a 15.000 items"
"4306261672","Jogo De Pratos Rasos Duralex Vidro Nadir Opalino Kit 6 Unid Branco 0","Casa, Móveis e Decoração","Cozinha","887","55","Tier 2 — llevaría a 15.000 items"
"3894193458","Organizador Geladeira Maquiagem Giratório Armário Multiuso Incolor","Casa, Móveis e Decoração","Cozinha","884","39","Tier 2 — llevaría a 15.000 items"
"4392420868","Jogo Com 6 Xícaras De Chá E 6 Pires Roma Branco Porto Brasil 161 Ml Relevo","Casa, Móveis e Decoração","Cozinha","882","117","Tier 2 — llevaría a 15.000 items"
"4474278793","Cortador Fatiador De Legumes Profissional Inox Manual 6 Em 1 Verduras Frutas Queijos Alho Batata Cebola Repolho Tomate... Preto","Casa, Móveis e Decoração","Cozinha","882","91","Tier 2 — llevaría a 15.000 items"
"5276820354","Porta Condimentos 12 Potes Giratório Em Inox Wow World Of Wonders Prateado","Casa, Móveis e Decoração","Cozinha","880","54","Tier 2 — llevaría a 15.000 items"
"4524537745","Porta Talheres Escorredor Aço Inox 4 Divisórias Organizador Cozinha Secagem Rápida - Marca Kapwing Escorredor De Talheres Inox","Casa, Móveis e Decoração","Cozinha","880","27","Tier 2 — llevaría a 15.000 items"
"4060875187","Panela De Pressão 4.5l Fechamento Externo Teflon Alegrete","Casa, Móveis e Decoração","Cozinha","879","135","Tier 2 — llevaría a 15.000 items"
"6465131790","Tampa Microondas Anti Sujeira Com Alça E Válvula","Casa, Móveis e Decoração","Cozinha","878","26","Tier 2 — llevaría a 15.000 items"
"5761928200","Conjunto 5 Pote Vidro Hermético Marmita Tampa Plástico 640ml Cor Vermelho (qh)","Casa, Móveis e Decoração","Cozinha","877","61","Tier 2 — llevaría a 15.000 items"
"4637821511","Jogo 6 Copos Diamond 300ml Vidro Grosso Diamante Egipcio Luxo Moderno Resistente Buffet Casual Baixos Transparente - Nany Pink","Casa, Móveis e Decoração","Cozinha","875","26","Tier 2 — llevaría a 15.000 items"
"6443214678","Jogo Com 6 Taças De Vidro Canelada Resistente Para Suco Água Refrigerante Drinks Design Elegante Canelado Graffiato Cameratta Versalhes 380ml Pítia Transparente","Casa, Móveis e Decoração","Cozinha","873","45","Tier 2 — llevaría a 15.000 items"
"3874199197","Forma Gelo Com Tampa Silicone Bandeja 15 Cubos Livre De Bpa","Casa, Móveis e Decoração","Cozinha","871","25","Tier 2 — llevaría a 15.000 items"
"6438112204","Pulverizador Borrifador Galheteiro Spray 2 Em 1 Profissional Culinário De 470ml De Vidro Porta Azeite Óleo Vinagre Com Bico Dosador","Casa, Móveis e Decoração","Cozinha","871","27","Tier 2 — llevaría a 15.000 items"
"4173755057","Taça Térmica Copo Prismática Cocktail 2 Em 1 Drinks 414 Ml Preto","Casa, Móveis e Decoração","Cozinha","870","23","Tier 2 — llevaría a 15.000 items"
"4177262475","Jogo 6 Xícaras 200 Ml Porcelana Branca Lisa Caneca Chá Café Branco Porcelana Branca Lisa","Casa, Móveis e Decoração","Cozinha","870","56","Tier 2 — llevaría a 15.000 items"
"3208869046","Conjunto Panelas Alumínio Batido Fundido + Frigideira Grossa Prateado","Casa, Móveis e Decoração","Cozinha","869","287","Tier 2 — llevaría a 15.000 items"
"3980714475","Faca De Churrasco Cozinha Corte Carne Times Futebol Oficial","Casa, Móveis e Decoração","Cozinha","869","68","Tier 2 — llevaría a 15.000 items"
"4279235561","Eps-25p Conjunto Faqueiro 25 Peças Porta Talher Jogo De Talheres Preto","Casa, Móveis e Decoração","Cozinha","866","24","Tier 2 — llevaría a 15.000 items"
"4279093529","Jogo Copos Vidro Dubai Long Drink Água 480ml Nadir 6 Peças Copo","Casa, Móveis e Decoração","Cozinha","866","38","Tier 2 — llevaría a 15.000 items"
"4502396121","Porta Frios Pote Hermético Acrílico Presunto Queijo Tampa Transparente","Casa, Móveis e Decoração","Cozinha","865","33","Tier 2 — llevaría a 15.000 items"
"4349345855","Faca Dragão Artesanal Aço Inox Ultra Afiada 28cm Com Bainha Colecionável Churrasco Camping Caça Corte Preciso Full Tang Decorativa Oriental Chef Sobrevivência Faca De Lâmina Longa Preto","Casa, Móveis e Decoração","Cozinha","865","37","Tier 2 — llevaría a 15.000 items"
"3965398459","Jogo De Panela Feijoada Caldo De Alumínio 3 Peças Industrial","Casa, Móveis e Decoração","Cozinha","864","96","Tier 2 — llevaría a 15.000 items"
"4539686457","Taça Gin 600ml Jogo 6 Taças Gin Tônica Vidro Drink Coquetel Grande Bar Carinho Na Barriga","Casa, Móveis e Decoração","Cozinha","864","54","Tier 2 — llevaría a 15.000 items"
"5341493056","Pote Quadrado Descartável Bolo No Pote 220ml Com Lacre 100un Transparente","Casa, Móveis e Decoração","Cozinha","864","108","Tier 2 — llevaría a 15.000 items"
"6527773658","Kit 10 Potes De Mantimentos Herméticos Bambu 200ml Redondo De Vidro Tampa Vedação Alimentos Pítia Transparente","Casa, Móveis e Decoração","Cozinha","864","69","Tier 2 — llevaría a 15.000 items"
"6047336006","Kit 12 Canecas Sortidas Dia Das Mães Especial Lembrancinha Sortida Mães Rosa","Casa, Móveis e Decoração","Cozinha","864","52","Tier 2 — llevaría a 15.000 items"
"5291546594","Cabo Panela Pressão Tramontina Vancouver Tampa Superior","Casa, Móveis e Decoração","Cozinha","863","35","Tier 2 — llevaría a 15.000 items"
"4452547539","Kit 2 Tela Mosquiteiro Tule Protetor Cobre Bolo Alimento","Casa, Móveis e Decoração","Cozinha","863","28","Tier 2 — llevaría a 15.000 items"
"4300708805","Jogo 6 Taças Champanhe 198ml Vidro Cristalino M&k Home Incolor","Casa, Móveis e Decoração","Cozinha","863","42","Tier 2 — llevaría a 15.000 items"
"6218886120","Kit 100 Sacos De Confeitar Manga De Confeiteiro Descartável Profissional Grande Resistente - Cordelícia Incolor","Casa, Móveis e Decoração","Cozinha","860","20","Tier 2 — llevaría a 15.000 items"
"5965603948","Kit Panela Galacto Utilidades Feijoada Caldo De Alumínio 3 Peças Industrial Prateado","Casa, Móveis e Decoração","Cozinha","860","92","Tier 2 — llevaría a 15.000 items"
"6292928096","Kit Com 12 Utensílios De Cozinha Silicone Cabo De Madeira Preto","Casa, Móveis e Decoração","Cozinha","860","36","Tier 2 — llevaría a 15.000 items"
"2120172048","Kit Caipirinha Coqueteleira Inox 500ml + Socador + Dosador","Casa, Móveis e Decoração","Cozinha","858","44","Tier 2 — llevaría a 15.000 items"
"6517178514","Bomba Elétrica Para Galão De Água Recarregável Magazine Mds Preto","Casa, Móveis e Decoração","Cozinha","856","19","Tier 2 — llevaría a 15.000 items"
"6202757180","Cortador De Legumes Multifuncional 16 Em 1 Fatiador Picador Descascador E Ralador De Legumes Vegetais Queijo E Frutas Mandolin Julienne Lâmina Inox Manual Marca Open Zee Verde 16 Em 1","Casa, Móveis e Decoração","Cozinha","855","44","Tier 2 — llevaría a 15.000 items"
"6079158884","Kit 10 Potes Vidro Hermético Aristus 640ml Marmita Anti Vazamento Forno Micro-ondas Freezer Tampa 4 Travas - Branco","Casa, Móveis e Decoração","Cozinha","855","114","Tier 2 — llevaría a 15.000 items"
"3772087736","Bandeja Marmita Alumínio 220ml Tampa Pet Retangular C/100un","Casa, Móveis e Decoração","Cozinha","855","79","Tier 2 — llevaría a 15.000 items"
"5929244478","Kit 6 Canecas Vidro 265ml Cappuccino Dolce Gusto Nespresso Transparente","Casa, Móveis e Decoração","Cozinha","853","42","Tier 2 — llevaría a 15.000 items"
"4278693267","Porta Pão Grande Metal Organizador De Pães Bolo Moderno Creme Lisa","Casa, Móveis e Decoração","Cozinha","848","125","Tier 2 — llevaría a 15.000 items"
"4094865696","Jogo 3 Facas Premium Inox/polipropileno Branco Tramontina","Casa, Móveis e Decoração","Cozinha","846","67","Tier 2 — llevaría a 15.000 items"
"3311433140","Kit 10 Cake Board 30cm Tabuleiro Bolo Em Mdf 3mm Redondo Branco","Casa, Móveis e Decoração","Cozinha","845","30","Tier 2 — llevaría a 15.000 items"
"5466507848","Aparelho De Jantar Tramontina Floralis Porcelana 20 Peças Cinza Florido","Casa, Móveis e Decoração","Cozinha","845","214","Tier 2 — llevaría a 15.000 items"
"4453608997","Conjunto De Frigideiras Antiaderente 16/20 Ovo 14 Vermelho","Casa, Móveis e Decoração","Cozinha","845","48","Tier 2 — llevaría a 15.000 items"
"5875264050","24 Peças Jogo De Faca Garfo Colher De Mesa Usado Em Cozinhas Dourado","Casa, Móveis e Decoração","Cozinha","844","59","Tier 2 — llevaría a 15.000 items"
"3901712013","Kit 10 Potes 500ml Transparentes Freezer Microondas Marmita Transparente","Casa, Móveis e Decoração","Cozinha","843","29","Tier 2 — llevaría a 15.000 items"
"6295389098","Bandeja Marmita Alumínio 220ml Tampa Pet Retangular C/100un 220ml","Casa, Móveis e Decoração","Cozinha","842","68","Tier 2 — llevaría a 15.000 items"
"3810973104","Kit 2 Acendedor Fogão Forno Vela Bic Lareira Mega Lighter","Casa, Móveis e Decoração","Cozinha","842","49","Tier 2 — llevaría a 15.000 items"
"5352504874","Placa Porcionadora Dosadora 15g 50furos Doces Brigadeiro Branco","Casa, Móveis e Decoração","Cozinha","842","68","Tier 2 — llevaría a 15.000 items"
"4201861537","Porta Detergente Dispenser Sabão Liquido Esponja Bucha Inox Inox","Casa, Móveis e Decoração","Cozinha","842","41","Tier 2 — llevaría a 15.000 items"
"4220586409","Espremedor De Limão Aço Inox Manual Forte Resistente Goumert Pratico - Efigen Prateado","Casa, Móveis e Decoração","Cozinha","841","24","Tier 2 — llevaría a 15.000 items"
"4980398290","Kit 2 Moedor De Pimenta E Sal Manual Madeira Temperos Grãos Madeira","Casa, Móveis e Decoração","Cozinha","841","69","Tier 2 — llevaría a 15.000 items"
"4600927793","Kit 3 Potes Herméticos Vidro Borossilicato 550ml Tampa Bambu Colher Porta Mantimentos Café Açúcar Sal Temperos... Transparente","Casa, Móveis e Decoração","Cozinha","840","52","Tier 2 — llevaría a 15.000 items"
"5292071236","Kit 10 Potes Transparentes 500ml Bpa Free Microondas Freezer Transparente","Casa, Móveis e Decoração","Cozinha","838","26","Tier 2 — llevaría a 15.000 items"
"5363842272","Lixeira Cesto De Lixo Pedal Pia Cozinha Banheiro 5 Litros Cor Preta","Casa, Móveis e Decoração","Cozinha","837","39","Tier 2 — llevaría a 15.000 items"
"1627636752","Bebedouro Bomba Elétrica P Garrafão Galão Água Recarregável  Preto","Casa, Móveis e Decoração","Cozinha","837","20","Tier 2 — llevaría a 15.000 items"
"2660039180","Guardanapo Sachê 30x14cm. C/2.000 Fls (1000 Sachês C/2 Fls)","Casa, Móveis e Decoração","Cozinha","836","74","Tier 2 — llevaría a 15.000 items"
"4085812475","Kit 25 Organizador Modular Multiuso Acrilico Rebirth Cor Cristal","Casa, Móveis e Decoração","Cozinha","835","72","Tier 2 — llevaría a 15.000 items"
"6625308606","Jarra De Vidro Doppio Com Tampa De Bambu 1,2litros Transparente","Casa, Móveis e Decoração","Cozinha","834","31","Tier 2 — llevaría a 15.000 items"
"4536931443","Jogo Facas Tramontina Kit Conjunto Faca Cozinha Churrasco 4p Preto","Casa, Móveis e Decoração","Cozinha","833","39","Tier 2 — llevaría a 15.000 items"
"4305073805","Pote Hermético 460ml Multiuso | Porta Alho, Geladeira","Casa, Móveis e Decoração","Cozinha","832","26","Tier 2 — llevaría a 15.000 items"
"6573086634","Kit 20 Potes 500 Ml Transparente Marmita Fitness Bpa Free Reutilizável Tampa Hermética Micro E Freezer Ponte Lar Utilidades","Casa, Móveis e Decoração","Cozinha","831","38","Tier 2 — llevaría a 15.000 items"
"6291512906","4 Formas De Gelo Cubo Tampa Rígida E Fundo Flexível Silicone Multicolorido","Casa, Móveis e Decoração","Cozinha","830","23","Tier 2 — llevaría a 15.000 items"
"5936189330","Jogo Porta Mantimento 5 Peças Com Tampa ( Pote Arroz 4,5kg) Preto","Casa, Móveis e Decoração","Cozinha","830","35","Tier 2 — llevaría a 15.000 items"
"5417938012","Bebedouro Bomba Elétrica Garrafão Galão Água Recarregável Boas Cor Branco Branco (ut)","Casa, Móveis e Decoração","Cozinha","827","19","Tier 2 — llevaría a 15.000 items"
"4493152545","Panela Frigideira Cerâmica Antiaderente 20cm Gás Indução Não Gruda Dinda Home Bege","Casa, Móveis e Decoração","Cozinha","826","57","Tier 2 — llevaría a 15.000 items"
"4139379039","Panela De Pressão 10 Litros Alumínio Polida Grande Segura Reforçada Inmetro Prateado","Casa, Móveis e Decoração","Cozinha","826","139","Tier 2 — llevaría a 15.000 items"
"4442186532","Jogo De Talheres Aço Inox E Madeira 12 Peças Tramontina Dynamic 22399 Cor Marrom","Casa, Móveis e Decoração","Cozinha","825","67","Tier 2 — llevaría a 15.000 items"
"6291394402","Kit Petisqueira 6 Garfinhos Ramekim Molheira Tabua Madeira Madeira Bambu","Casa, Móveis e Decoração","Cozinha","824","36","Tier 2 — llevaría a 15.000 items"
"3518272893","Taça Champanhe Cristal Xtra 210ml Bohemia Champagne Com Jogo 6 Peças - Jhamba Transparente","Casa, Móveis e Decoração","Cozinha","824","131","Tier 2 — llevaría a 15.000 items"
"3872229470","Cuscuzeiro Individual 1l Preto Jl Comercio Alumínio Para Fogão Convencional","Casa, Móveis e Decoração","Cozinha","823","45","Tier 2 — llevaría a 15.000 items"
"4527581053","Panela De Pressão Clock Eco Polida 4,5 Litros 9295306123 Cor Prateado","Casa, Móveis e Decoração","Cozinha","823","98","Tier 2 — llevaría a 15.000 items"
"5367794540","Bomba De Água Galão Recarregável Display Digital Botão Touch","Casa, Móveis e Decoração","Cozinha","821","43","Tier 2 — llevaría a 15.000 items"
"6419487410","Cif Cremoso Limpeza Milagrosa 450 Ml","Casa, Móveis e Decoração","Cuidado da Casa e Lavanderia","1099","19","Tier 2 — llevaría a 15.000 items"
"5550837582","Álcool Perfumado Para Limpeza Coperalcool Bacfree Aromatizante Chá Branco 500ml","Casa, Móveis e Decoração","Cuidado da Casa e Lavanderia","1096","16","Tier 2 — llevaría a 15.000 items"
"2695364298","Limpador Desincrustante Para Louça Sanitária 500ml Duratto","Casa, Móveis e Decoração","Cuidado da Casa e Lavanderia","1093","23","Tier 2 — llevaría a 15.000 items"
"3470030993","Kit 12 Luva De Limpeza Borracha Multiuso Látex Amarela Volk","Casa, Móveis e Decoração","Cuidado da Casa e Lavanderia","1091","47","Tier 2 — llevaría a 15.000 items"
"4005427835","Detergente Limpol Cristal Com Glicerina 6 Unidades 500ml Antiodor","Casa, Móveis e Decoração","Cuidado da Casa e Lavanderia","1090","16","Tier 2 — llevaría a 15.000 items"
"5005727116","05 Pedras Sabão De Coco Em Barra Para Roupas Finas Delicadas","Casa, Móveis e Decoração","Cuidado da Casa e Lavanderia","1090","10","Tier 2 — llevaría a 15.000 items"
"3306509114","Sabão Em Barra Com 5 Unidades Neutro 800g Ypê","Casa, Móveis e Decoração","Cuidado da Casa e Lavanderia","1088","14","Tier 2 — llevaría a 15.000 items"
"4544932387","Lava Roupas Em Pó Concentrado Primavera 1,6kg Tixan Ypê","Casa, Móveis e Decoração","Cuidado da Casa e Lavanderia","1086","17","Tier 2 — llevaría a 15.000 items"
"4474997441","Guardanapo Folha Dupla Scott Grandhotel 31,8x32,8cm 50 Unid Branco","Casa, Móveis e Decoração","Cuidado da Casa e Lavanderia","1085","11","Tier 2 — llevaría a 15.000 items"
"4026925161","Desinfetante Barbarex 5l Flores Do Campo Líquido","Casa, Móveis e Decoração","Cuidado da Casa e Lavanderia","1083","12","Tier 2 — llevaría a 15.000 items"
"5662704798","Balde Dobrável Com Alça Ecomixshop Balde Retrátil Cinza 13 L","Casa, Móveis e Decoração","Cuidado da Casa e Lavanderia","1082","35","Tier 2 — llevaría a 15.000 items"
"4878400114","Limpador Sanol Tira Mofo 4 Unidades","Casa, Móveis e Decoração","Cuidado da Casa e Lavanderia","1081","21","Tier 2 — llevaría a 15.000 items"
"6135154854","Kit 2 Saco Lixo Banheiro Cozinha Perfumado Lavanda Anti Odor","Casa, Móveis e Decoração","Cuidado da Casa e Lavanderia","1076","20","Tier 2 — llevaría a 15.000 items"
"4750463494","Pano Reutilizável Scott Duramax Rolo Branco 174 Unidades","Casa, Móveis e Decoração","Cuidado da Casa e Lavanderia","1076","27","Tier 2 — llevaría a 15.000 items"
"4903987326","Amaciante Concentrado Coco & Baunilha Girando Sol 1,5l","Casa, Móveis e Decoração","Cuidado da Casa e Lavanderia","1074","29","Tier 2 — llevaría a 15.000 items"
"4090640197","Harpic Power Plus Desinfetante Sanitário Em Gel Marine 200ml","Casa, Móveis e Decoração","Cuidado da Casa e Lavanderia","1072","7","Tier 2 — llevaría a 15.000 items"
"2834290255","Sabão Detergente Pó Máquina Lavar Louças 1kg - S/ Fragrância","Casa, Móveis e Decoração","Cuidado da Casa e Lavanderia","1072","38","Tier 2 — llevaría a 15.000 items"
"3196133001","Sabão Líquido Omo Puro Cuidado Sachê Refil 900 Ml","Casa, Móveis e Decoração","Cuidado da Casa e Lavanderia","1072","15","Tier 2 — llevaría a 15.000 items"
"3811719800","Papel Higiênico Neve Supreme Folha Tripla 20 M De 1 Un","Casa, Móveis e Decoração","Cuidado da Casa e Lavanderia","1071","31","Tier 2 — llevaría a 15.000 items"
"6096644738","Kit 10 Escova De Limpeza Desentupidor Chuveiro Limpador Boa Dica® Branco","Casa, Móveis e Decoração","Cuidado da Casa e Lavanderia","1069","20","Tier 2 — llevaría a 15.000 items"
"6471133532","Varal Suspenso Aço Inox 40 Prendedores Para Meias Calcinhas Cuecas Roupa Íntima Varal Quadrado Antiferrugem Resistente... Prateado","Casa, Móveis e Decoração","Cuidado da Casa e Lavanderia","1065","26","Tier 2 — llevaría a 15.000 items"
"5140302280","Vittak Kit 10 Esponja Mágica Branca Original Bucha Melamina Multiuso Clean Buchinha Limpeza Pesada Limpa Tudo Desengordura Desencarde Tira Manchas Difíceis Vidro Rejunte Parede Inox Grande Branco","Casa, Móveis e Decoração","Cuidado da Casa e Lavanderia","1063","8","Tier 2 — llevaría a 15.000 items"
"4091631917","Tira Manchas Em Barra Vanish White 75g Para Roupas Brancas","Casa, Móveis e Decoração","Cuidado da Casa e Lavanderia","1061","7","Tier 2 — llevaría a 15.000 items"
"4491221717","Kit 9 Flanela Microfibra Pano Toalha Multiuso Limpa Pia","Casa, Móveis e Decoração","Cuidado da Casa e Lavanderia","1061","12","Tier 2 — llevaría a 15.000 items"
"2767643669","Lava Louças Líquido Neutro Barbarex 5l","Casa, Móveis e Decoração","Cuidado da Casa e Lavanderia","1060","18","Tier 2 — llevaría a 15.000 items"
"3889859822","Limpador Desengordurante Cozinha Lavanda 500ml Veja","Casa, Móveis e Decoração","Cuidado da Casa e Lavanderia","1057","11","Tier 2 — llevaría a 15.000 items"
"4191771723","Papel Higienico Premium Folha Dupla Alta Qualidade 12 Rolos","Casa, Móveis e Decoração","Cuidado da Casa e Lavanderia","1056","14","Tier 2 — llevaría a 15.000 items"
"1931092109","Papel Higiênico Supreme Toque De Seda Com 12 Rolos Neve","Casa, Móveis e Decoração","Cuidado da Casa e Lavanderia","1056","22","Tier 2 — llevaría a 15.000 items"
"4358937687","600 Panos Multiuso Azul 240m Perfex Reutilizável Limpeza","Casa, Móveis e Decoração","Cuidado da Casa e Lavanderia","1055","51","Tier 2 — llevaría a 15.000 items"
"5163833670","Sabão Liquido Harmoniex Lava Roupas Blue Alta Performance 5l","Casa, Móveis e Decoração","Cuidado da Casa e Lavanderia","1052","23","Tier 2 — llevaría a 15.000 items"
"5832630088","Usb Papa Bolinha Profissional Recarregável Tira Pelos Roupas","Casa, Móveis e Decoração","Cuidado da Casa e Lavanderia","1051","23","Tier 2 — llevaría a 15.000 items"
"4518641159","Limpa Máquina De Lavar Roupas  Pastilha Limpeza 12 Unidades","Casa, Móveis e Decoração","Cuidado da Casa e Lavanderia","1048","22","Tier 2 — llevaría a 15.000 items"
"5603463064","Bobina Picotada 25x35 Transparente 25 Cm X 35cm Produto Prático, Resistente E Higiênico Contém 500 Sacos Deslimpex","Casa, Móveis e Decoração","Cuidado da Casa e Lavanderia","1048","18","Tier 2 — llevaría a 15.000 items"
"3732596205","Saco Para Lixo 30l Embalixo 50 Unidades","Casa, Móveis e Decoração","Cuidado da Casa e Lavanderia","1047","9","Tier 2 — llevaría a 15.000 items"
"5337899668","Desinfetante Pinho Limpeza Profunda Gel Desinfetante Squeeze 500ml Pato","Casa, Móveis e Decoração","Cuidado da Casa e Lavanderia","1044","12","Tier 2 — llevaría a 15.000 items"
"3210693498","150 Toalhas Wiper Laváveis Reutilizáveis Limpeza Multiuso Tw1630","Casa, Móveis e Decoração","Cuidado da Casa e Lavanderia","1043","29","Tier 2 — llevaría a 15.000 items"
"4909855144","Refil Para Difusor Elétrico Frescor Da Mata 16ml Bom Ar","Casa, Móveis e Decoração","Cuidado da Casa e Lavanderia","1043","22","Tier 2 — llevaría a 15.000 items"
"4269942728","Limpador Especialista Derrete Gordura Refil Econômico 450 Ml Cif","Casa, Móveis e Decoração","Cuidado da Casa e Lavanderia","1042","9","Tier 2 — llevaría a 15.000 items"
"5317547094","Lava Roupas Líquido Harmoniex Green Power 5 Litros Limpeza Profunda","Casa, Móveis e Decoração","Cuidado da Casa e Lavanderia","1039","23","Tier 2 — llevaría a 15.000 items"
"5693853636","Tira Manchas Líquido Semorin Pré-lavagem Branqueador 500ml","Casa, Móveis e Decoração","Cuidado da Casa e Lavanderia","1039","13","Tier 2 — llevaría a 15.000 items"
"4693481164","Difusor Elétrico Bom Ar Framboesa E Jasmim Refil 16ml","Casa, Móveis e Decoração","Cuidado da Casa e Lavanderia","1038","23","Tier 2 — llevaría a 15.000 items"
"6155248388","Limpa-estofado Aerossol My Place Zip Clean Frasco 300ml Limpeza A Seco","Casa, Móveis e Decoração","Cuidado da Casa e Lavanderia","1037","20","Tier 2 — llevaría a 15.000 items"
"6331470546","Kit Coala Laundry The Queen - Lava Roupas 3l + 1 Amaciante","Casa, Móveis e Decoração","Cuidado da Casa e Lavanderia","1035","41","Tier 2 — llevaría a 15.000 items"
"4261680816","Lenços Umedecidos Desinfetantes Lysoform Citrus Desinfetante De Uso Geral 36 Unidades","Casa, Móveis e Decoração","Cuidado da Casa e Lavanderia","1035","20","Tier 2 — llevaría a 15.000 items"
"3923811775","Saco De Lixo 100 Litros Reforçado Lixex 50 Unidades Forte Resistente Não Rasga - Ideal Para Condomínio Empresa Restaurante E Indústria - Baixa Densidade Kit Atacado 75x105cm","Casa, Móveis e Decoração","Cuidado da Casa e Lavanderia","1035","52","Tier 2 — llevaría a 15.000 items"
"3820554213","Varal Nylon Retrátil Recolhível De Parede Seca Fácil 30m","Casa, Móveis e Decoração","Cuidado da Casa e Lavanderia","1028","46","Tier 2 — llevaría a 15.000 items"
"5542462656","Luva De Látex 100un Pp P M G Descartável Branca Com Pó Talge M","Casa, Móveis e Decoração","Cuidado da Casa e Lavanderia","1028","24","Tier 2 — llevaría a 15.000 items"
"5320542540","Detergente Concentrado Gel Cristal Limpol Bombril 400g","Casa, Móveis e Decoração","Cuidado da Casa e Lavanderia","1024","8","Tier 2 — llevaría a 15.000 items"
"6304603410","2 Limpa Tênis Spray  Provita 500ml + Escova Limpeza Profunda Azul","Casa, Móveis e Decoração","Cuidado da Casa e Lavanderia","1021","37","Tier 2 — llevaría a 15.000 items"
"5832244924","Amaciante Concentrado 900ml Uau Perfume Chá Branco","Casa, Móveis e Decoração","Cuidado da Casa e Lavanderia","1020","15","Tier 2 — llevaría a 15.000 items"
"6525972044","Kit Casa Completa Aquafast 6 Em 1 Lava Roupas Aromatizador","Casa, Móveis e Decoração","Cuidado da Casa e Lavanderia","1019","100","Tier 2 — llevaría a 15.000 items"
"5991968062","Papel Higiênico Rolão Institucional Extra Luxo 8 Rolos Full","Casa, Móveis e Decoração","Cuidado da Casa e Lavanderia","1018","24","Tier 2 — llevaría a 15.000 items"
"3388771947","Limpador Para Limpeza Pesada Veja 2l","Casa, Móveis e Decoração","Cuidado da Casa e Lavanderia","1018","24","Tier 2 — llevaría a 15.000 items"
"4206080797","Semorin Tira Ferrugem Detergente Líquido Pré Lavagem 50ml","Casa, Móveis e Decoração","Cuidado da Casa e Lavanderia","1017","13","Tier 2 — llevaría a 15.000 items"
"4626630550","Refil Para Difusor Elétrico Bom Ar Fragrância Lavanda E Gerânio 16ml","Casa, Móveis e Decoração","Cuidado da Casa e Lavanderia","1015","22","Tier 2 — llevaría a 15.000 items"
"3873881301","Urca Maxx Formato Líquido Embalagem Galão 5l","Casa, Móveis e Decoração","Cuidado da Casa e Lavanderia","1015","25","Tier 2 — llevaría a 15.000 items"
"2925530546","Lava Roupas Líquido Coco Barbarex 5l","Casa, Móveis e Decoração","Cuidado da Casa e Lavanderia","1014","32","Tier 2 — llevaría a 15.000 items"
"2094584635","Repelente Infantil Exposis Gel Com Icaridina Spray 100ml","Casa, Móveis e Decoração","Cuidado da Casa e Lavanderia","1013","43","Tier 2 — llevaría a 15.000 items"
"3987843665","2 Spray Limpa Estofado Carpetes Higienizacao Remove Sujeiras","Casa, Móveis e Decoração","Cuidado da Casa e Lavanderia","1010","29","Tier 2 — llevaría a 15.000 items"
"3443268709","Limpador Tira Limo Veja X14 Com Cloro Ativo 400ml Refil","Casa, Móveis e Decoração","Cuidado da Casa e Lavanderia","1007","11","Tier 2 — llevaría a 15.000 items"
"5320290782","Amaciante Mon Bijou Perfume Pureza Bom Bril Galão 5 L","Casa, Móveis e Decoração","Cuidado da Casa e Lavanderia","1004","24","Tier 2 — llevaría a 15.000 items"
"1586125298","Downy Lírios Do Campo Amaciante De Roupas Concentrado 3l","Casa, Móveis e Decoração","Cuidado da Casa e Lavanderia","1002","48","Tier 2 — llevaría a 15.000 items"
"3626166889","Kit Com 6 Un Esponja De Aço Inox Bucha Tira Sujeira Grossa","Casa, Móveis e Decoração","Cuidado da Casa e Lavanderia","1002","12","Tier 2 — llevaría a 15.000 items"
"3850097791","Limpador Perfumado Ypê Jardim Secreto Pro 7 Litros","Casa, Móveis e Decoração","Cuidado da Casa e Lavanderia","1001","45","Tier 2 — llevaría a 15.000 items"
"4006261247","Água Sanitária Candura 2 Litro","Casa, Móveis e Decoração","Cuidado da Casa e Lavanderia","997","6","Tier 2 — llevaría a 15.000 items"
"4176742259","05 Pedras Sabão De Coco Em Barra Para Roupas Finas Delicadas","Casa, Móveis e Decoração","Cuidado da Casa e Lavanderia","997","11","Tier 2 — llevaría a 15.000 items"
"3253723453","Sabão Em Pó Brilhante Profissional Ação Total 4 Kg","Casa, Móveis e Decoração","Cuidado da Casa e Lavanderia","996","34","Tier 2 — llevaría a 15.000 items"
"5314930910","100 Saco Saquinho Ziplock Hermético N9 20x28 Abre/fecha","Casa, Móveis e Decoração","Cuidado da Casa e Lavanderia","994","25","Tier 2 — llevaría a 15.000 items"
"4091350803","Detergente Líquido Neutro Limpol 5 Litros","Casa, Móveis e Decoração","Cuidado da Casa e Lavanderia","992","24","Tier 2 — llevaría a 15.000 items"
"3183562050","Bobina Picotada 20x35 500 Sacos Transparentes","Casa, Móveis e Decoração","Cuidado da Casa e Lavanderia","986","16","Tier 2 — llevaría a 15.000 items"
"4001386619","Pano Reutilizável Scott Duramax C/3unid C/ 174 Toalhas Branco","Casa, Móveis e Decoração","Cuidado da Casa e Lavanderia","985","29","Tier 2 — llevaría a 15.000 items"
"3941734127","Guardanapo Papel Folha Dupla Nobby Pequeno 500 Fl Macio Branco","Casa, Móveis e Decoração","Cuidado da Casa e Lavanderia","984","29","Tier 2 — llevaría a 15.000 items"
"5429238130","Limpa Máquina De Lavar Roupas Esfrebom 80g","Casa, Móveis e Decoração","Cuidado da Casa e Lavanderia","982","8","Tier 2 — llevaría a 15.000 items"
"6623426658","Lava Roupas Líquido Tixan Ypê 3 Lt Coco E Baunilha","Casa, Móveis e Decoração","Cuidado da Casa e Lavanderia","981","28","Tier 2 — llevaría a 15.000 items"
"6288602268","60 Prendedores De Roupa Plástico Varal Pregador Grande Forte","Casa, Móveis e Decoração","Cuidado da Casa e Lavanderia","979","25","Tier 2 — llevaría a 15.000 items"
"6070511910","Capa Lavadora Com Zíper Maquina De Lavar Eletrolux Brastemp Consul G 10kg A 16kg Korino De Qualidade Impermeável Proteção Máxima Para Sol E Chuva Poeira E Riscos Ajuste Perfeito Preto G","Casa, Móveis e Decoração","Cuidado da Casa e Lavanderia","978","39","Tier 2 — llevaría a 15.000 items"
"3542356835","Corda Para Varal Alumipeças Retrátil Branco 21m Polipropileno Uv","Casa, Móveis e Decoração","Cuidado da Casa e Lavanderia","973","21","Tier 2 — llevaría a 15.000 items"
"3889859822","Limpador Veja Desengordura Rápido Lavanda Squeeze 500ml","Casa, Móveis e Decoração","Cuidado da Casa e Lavanderia","972","11","Tier 2 — llevaría a 15.000 items"
"5770774044","Papel Filme Pvc 28x300 Bobina Plastica Para Embalagem De Alimentos 28cm X 300metros Lusafilm R105 Dispafilm","Casa, Móveis e Decoração","Cuidado da Casa e Lavanderia","971","27","Tier 2 — llevaría a 15.000 items"
"6210571216","Limpador Lysoform Original Superfícies Em Aerossol","Casa, Móveis e Decoração","Cuidado da Casa e Lavanderia","970","33","Tier 2 — llevaría a 15.000 items"
"6053102812","Forro Térmico Para Tábua De Passar Roupa O Único 100% Algodão Com Camada Aluminizada E Espuma De Poliuretano Ajuste Com Cordão 1,40x0,50 Qualidade Premium Tche Amo Cinza Metalizado","Casa, Móveis e Decoração","Cuidado da Casa e Lavanderia","969","30","Tier 2 — llevaría a 15.000 items"
"3458008013","Sabão Em Pó Brilhante Limpeza Total 2,2kg","Casa, Móveis e Decoração","Cuidado da Casa e Lavanderia","967","22","Tier 2 — llevaría a 15.000 items"
"4145877673","Detergente Para Lava Louças Finish Com 30 Tabletes","Casa, Móveis e Decoração","Cuidado da Casa e Lavanderia","966","54","Tier 2 — llevaría a 15.000 items"
"6240123494","60 Prendedores Pregador De Roupa Premium Transparente Mágico","Casa, Móveis e Decoração","Cuidado da Casa e Lavanderia","966","27","Tier 2 — llevaría a 15.000 items"
"3358254807","Limpador Multiuso Power Fusion Limão Veja 500ml","Casa, Móveis e Decoração","Cuidado da Casa e Lavanderia","965","9","Tier 2 — llevaría a 15.000 items"
"3962283777","100 Saco Zip Lock Abre Fecha Alimentos Livre Bpa Free 24x34","Casa, Móveis e Decoração","Cuidado da Casa e Lavanderia","963","34","Tier 2 — llevaría a 15.000 items"
"5287479558","Sabão Em Pó Assim Bicarbonato Triplação Caixa 800g","Casa, Móveis e Decoração","Cuidado da Casa e Lavanderia","963","10","Tier 2 — llevaría a 15.000 items"
"5183435116","Kit 4 Guardanapo De Papel Snob Tolha Descartável Folhas 50u.","Casa, Móveis e Decoração","Cuidado da Casa e Lavanderia","962","14","Tier 2 — llevaría a 15.000 items"
"3456162489","Tira Limo Veja X14 500ml","Casa, Móveis e Decoração","Cuidado da Casa e Lavanderia","960","13","Tier 2 — llevaría a 15.000 items"
"5411361642","Desinfetante Lysoform Líquido Citrus Limpeza Pesada E Eficiente 1l","Casa, Móveis e Decoração","Cuidado da Casa e Lavanderia","960","13","Tier 2 — llevaría a 15.000 items"
"5714971698","Detergente Líquido Laranja Vegano Hipoalergênico Positiva 420ml","Casa, Móveis e Decoração","Cuidado da Casa e Lavanderia","960","10","Tier 2 — llevaría a 15.000 items"
"3429171391","Sabão Líquido Concentrado | Lava Roupas Profissional - 5 L","Casa, Móveis e Decoração","Cuidado da Casa e Lavanderia","959","33","Tier 2 — llevaría a 15.000 items"
"5100639818","Pano De Chão Grande Branco Alvejado Grosso Pano Para Limpeza Pesada Kit 10 Panos 100% Algodão Super Absorvente Com 10 Unidades De Pano De Chão Grosso 45 Cm X 70 Cm 120g Verdecasa","Casa, Móveis e Decoração","Cuidado da Casa e Lavanderia","958","55","Tier 2 — llevaría a 15.000 items"
"4608499084","Refil Agua Perfumada 1l Para Roupas Tecidos Lençois","Casa, Móveis e Decoração","Cuidado da Casa e Lavanderia","956","32","Tier 2 — llevaría a 15.000 items"
"4446233952","Limpa Pedras Concentrado Pedrex Start 5l","Casa, Móveis e Decoração","Cuidado da Casa e Lavanderia","956","40","Tier 2 — llevaría a 15.000 items"
"5456459626","3 Sacos Descartáveis Aspirador Pó Electrolux Flex1400 Awd01 Aqp20 Gt3000","Casa, Móveis e Decoração","Cuidado da Casa e Lavanderia","955","20","Tier 2 — llevaría a 15.000 items"
"4451246838","Facilitador Passar Roupa Professional Concentrado Easyfresh Bouquet 1l","Casa, Móveis e Decoração","Cuidado da Casa e Lavanderia","954","20","Tier 2 — llevaría a 15.000 items"
"5747620532","Lava Roupas Carrefour Expert 5l","Casa, Móveis e Decoração","Cuidado da Casa e Lavanderia","950","35","Tier 2 — llevaría a 15.000 items"
"6153631410","Kit Coala Home - Orquídea Negra","Casa, Móveis e Decoração","Cuidado da Casa e Lavanderia","948","69","Tier 2 — llevaría a 15.000 items"
"3955205863","Comfort Pro Amaciante Lavanderia Original 7l","Casa, Móveis e Decoração","Cuidado da Casa e Lavanderia","943","99","Tier 2 — llevaría a 15.000 items"
"3961976967","Forro Capa Tábua Passar Roupa Térmico Ajustável Espuma Manta","Casa, Móveis e Decoração","Cuidado da Casa e Lavanderia","942","30","Tier 2 — llevaría a 15.000 items"
"5408523632","Aromatizador De Ambiente Automático Glade Toque De Maciez Refil 260ml","Casa, Móveis e Decoração","Cuidado da Casa e Lavanderia","941","30","Tier 2 — llevaría a 15.000 items"
"5836078276","Difusor De Aromas E Ambientes Com Varetas Coala - Aromatizante Orquídea Negra - 100ml","Casa, Móveis e Decoração","Cuidado da Casa e Lavanderia","939","13","Tier 2 — llevaría a 15.000 items"
"3678794939","Detergente Líquido Ypê Clear Lava Louças 500ml Com 6 Unidade","Casa, Móveis e Decoração","Cuidado da Casa e Lavanderia","938","16","Tier 2 — llevaría a 15.000 items"
"4992774332","Panos Scott Duramax Com 58 Unidades Branco","Casa, Móveis e Decoração","Cuidado da Casa e Lavanderia","937","11","Tier 2 — llevaría a 15.000 items"
"5654561360","Kit 2 Und Percarbonato De Sódio Tira Manchas Roupas 2 Kilos","Casa, Móveis e Decoração","Cuidado da Casa e Lavanderia","936","44","Tier 2 — llevaría a 15.000 items"
"4020363361","Sabão Liquido Harmoniex Lava Roupas Blue Alta Performance 5l","Casa, Móveis e Decoração","Cuidado da Casa e Lavanderia","933","23","Tier 2 — llevaría a 15.000 items"
"4588866821","Lava Roupas Sabão Líquido Omo Lavagem Perfeita 7 L","Casa, Móveis e Decoração","Cuidado da Casa e Lavanderia","929","37","Tier 2 — llevaría a 15.000 items"
"4005415505","Kit 6 Detergente Líquido Neutro Anti Odor Limpol 500ml Squeeze Lava Louças","Casa, Móveis e Decoração","Cuidado da Casa e Lavanderia","925","16","Tier 2 — llevaría a 15.000 items"
"6421003038","Sabão De Querosene Concentrado 5l Limpador Perfumado Forte","Casa, Móveis e Decoração","Cuidado da Casa e Lavanderia","920","37","Tier 2 — llevaría a 15.000 items"
"3603255439","Limpa Piso Remove Encardido Pedra Renova Cerâmica","Casa, Móveis e Decoração","Cuidado da Casa e Lavanderia","920","75","Tier 2 — llevaría a 15.000 items"
"4047250951","Saco De Lixo Banheiro Pia Perfumado Lavanda Kit 300 Unidades","Casa, Móveis e Decoração","Cuidado da Casa e Lavanderia","916","38","Tier 2 — llevaría a 15.000 items"
"5221979646","Lava Roupas Omo Sabão Liquido Lavagem Perfeita 7l","Casa, Móveis e Decoração","Cuidado da Casa e Lavanderia","916","91","Tier 2 — llevaría a 15.000 items"
"4018442393","Detergente Concentrado Gel Neutro Limpol Bombril 400g","Casa, Móveis e Decoração","Cuidado da Casa e Lavanderia","913","6","Tier 2 — llevaría a 15.000 items"
"3311411774","Limpador Pisos Laminados 20% De Desconto Destac Flores Do Campo & Lavanda Em Squeeze 750 Ml","Casa, Móveis e Decoração","Cuidado da Casa e Lavanderia","911","19","Tier 2 — llevaría a 15.000 items"
"3628565685","Pano Mágico Limpa Vidros Espelhos Com Agua Sem Fiapos Akora","Casa, Móveis e Decoração","Cuidado da Casa e Lavanderia","908","14","Tier 2 — llevaría a 15.000 items"
"5283736346","Lava Roupas Em Pó Sensitive Sachê 4kg Tixan Ypê","Casa, Móveis e Decoração","Cuidado da Casa e Lavanderia","908","35","Tier 2 — llevaría a 15.000 items"
"4368313051","3 Limpa Estofado Remove Manchas Sujeiras Espuma Limpadora","Casa, Móveis e Decoração","Cuidado da Casa e Lavanderia","907","45","Tier 2 — llevaría a 15.000 items"
"3813864801","Detergente Lava Louças Neutro Concentrado 5 Litros","Casa, Móveis e Decoração","Cuidado da Casa e Lavanderia","904","17","Tier 2 — llevaría a 15.000 items"
"4077524593","Glade Aromatizador Refil Lembranças De Infância  2x269ml","Casa, Móveis e Decoração","Cuidado da Casa e Lavanderia","902","43","Tier 2 — llevaría a 15.000 items"
"3381774281","Limpador Ajax Fresh Lemon 3,8l Tamanho Família","Casa, Móveis e Decoração","Cuidado da Casa e Lavanderia","897","41","Tier 2 — llevaría a 15.000 items"
"3271704497","Detergente Ypê Clear 5 Litros","Casa, Móveis e Decoração","Cuidado da Casa e Lavanderia","896","26","Tier 2 — llevaría a 15.000 items"
"4223882549","Papel Toalha Snob Folha Dupla 22cm Pacote Hiper 360 Folhas","Casa, Móveis e Decoração","Cuidado da Casa e Lavanderia","896","16","Tier 2 — llevaría a 15.000 items"
"4224464031","Desodorizador De Vaso Sanitario Pato Desinfetante Pastilha Sanitária Adesiva Lavanda 3 Unidades","Casa, Móveis e Decoração","Cuidado da Casa e Lavanderia","895","7","Tier 2 — llevaría a 15.000 items"
"4075623974","Desinfetante Lysoform Suave Odor Spray Limpeza Pesada E Eficiente Borrifador 500ml Odor Suave","Casa, Móveis e Decoração","Cuidado da Casa e Lavanderia","892","15","Tier 2 — llevaría a 15.000 items"
"5692913730","2 Cloreto De Cálcio Refil Antimofo Granulado Bolinhas 10 Pot","Casa, Móveis e Decoração","Cuidado da Casa e Lavanderia","889","66","Tier 2 — llevaría a 15.000 items"
"4393169442","Kit 72 Prendedores Plástico Varal Roupa Pregador Reforçado Wow World Of Wonders","Casa, Móveis e Decoração","Cuidado da Casa e Lavanderia","888","25","Tier 2 — llevaría a 15.000 items"
"4693671312","Girando Sol Lava Roupa Coco E Baunilha 3l","Casa, Móveis e Decoração","Cuidado da Casa e Lavanderia","884","33","Tier 2 — llevaría a 15.000 items"
"3799268351","Kit Faxina Básico Tudo Limpinho","Casa, Móveis e Decoração","Cuidado da Casa e Lavanderia","881","146","Tier 2 — llevaría a 15.000 items"
"5750301408","Saco De Lixo 100 Litros Reforçado Grosso Resistente 50 Unid","Casa, Móveis e Decoração","Cuidado da Casa e Lavanderia","880","38","Tier 2 — llevaría a 15.000 items"
"2887773808","Desodorizador Sanitário Gel Adesivo Aplicador E Refil 6 Discos Lavanda 38g Pato","Casa, Móveis e Decoração","Cuidado da Casa e Lavanderia","879","15","Tier 2 — llevaría a 15.000 items"
"4225850305","Papa Bolinha Elétrico Profissional Bivolt Thype Th-208 Com Lâmina Adicional Laranja-claro 127/220v","Casa, Móveis e Decoração","Cuidado da Casa e Lavanderia","877","79","Tier 2 — llevaría a 15.000 items"
"3546105931","Facilitador Para Passar Roupas Finisher Fresh Summer Finalizador 1 Litro Spartan","Casa, Móveis e Decoração","Cuidado da Casa e Lavanderia","876","30","Tier 2 — llevaría a 15.000 items"
"3895454271","Kit 4 Super Panos De Chão Grandes Em Microfibra Panão 80x50 Kit 4","Casa, Móveis e Decoração","Cuidado da Casa e Lavanderia","873","46","Tier 2 — llevaría a 15.000 items"
"3666189168","Desinfetante Pinho Sol Lavanda 1,75l","Casa, Móveis e Decoração","Cuidado da Casa e Lavanderia","869","19","Tier 2 — llevaría a 15.000 items"
"2779294907","Bobina Picotada Saco Plastico 30cm X 40cm Rolo C/ 500 * Full","Casa, Móveis e Decoração","Cuidado da Casa e Lavanderia","868","26","Tier 2 — llevaría a 15.000 items"
"2806072333","Papel Higiênico Neve Interfolhado Folha Dupla Cai Cai C/ 250","Casa, Móveis e Decoração","Cuidado da Casa e Lavanderia","867","8","Tier 2 — llevaría a 15.000 items"
"4218371715","Detergente Sanitário Pastilha Adesiva Citrus Pato 3 Unidades Grátis 20% De Desconto","Casa, Móveis e Decoração","Cuidado da Casa e Lavanderia","867","7","Tier 2 — llevaría a 15.000 items"
"4444992357","Água Sanitária Candura Galão Com 5 Litros","Casa, Móveis e Decoração","Cuidado da Casa e Lavanderia","867","19","Tier 2 — llevaría a 15.000 items"
"4102227078","Refil Desengordurante Ultra Rápido Cozinha 450ml Cif","Casa, Móveis e Decoração","Cuidado da Casa e Lavanderia","865","9","Tier 2 — llevaría a 15.000 items"
"4250494949","Pano Multuso Inoven 50 Unidades Azul 28x50 Cm Viscose Poliéster","Casa, Móveis e Decoração","Cuidado da Casa e Lavanderia","862","11","Tier 2 — llevaría a 15.000 items"
"4281170703","Aromatizador De Ambiente Automático Glade Lembranças De Infância Refil 260ml","Casa, Móveis e Decoração","Cuidado da Casa e Lavanderia","861","30","Tier 2 — llevaría a 15.000 items"
"5925988048","Kit Com 1 Multiuso Uau Lavanda Grátis E 2 Cloro Multiuso Uau Cloro Ativo 5+","Casa, Móveis e Decoração","Cuidado da Casa e Lavanderia","860","18","Tier 2 — llevaría a 15.000 items"
"2825266731","Lava Roupas Liquido Vida Macia 500ml","Casa, Móveis e Decoração","Cuidado da Casa e Lavanderia","860","14","Tier 2 — llevaría a 15.000 items"
"4467923811","60 Prendedores Pregador De Roupa Premium Transparente Mágico","Casa, Móveis e Decoração","Cuidado da Casa e Lavanderia","859","27","Tier 2 — llevaría a 15.000 items"
"5593570370","Saco De Lixo Pia E Banheiro Neutra Embalixo Com 100 Unidades","Casa, Móveis e Decoração","Cuidado da Casa e Lavanderia","859","15","Tier 2 — llevaría a 15.000 items"
"4431636403","Limpador Perfumado Desinfetante Coala Zulu 1l Aromatizante Chá Branco","Casa, Móveis e Decoração","Cuidado da Casa e Lavanderia","858","9","Tier 2 — llevaría a 15.000 items"
"4220581631","Pano De Chão Grande Branco Alvejado Grosso Pano Para Limpeza Pesada Kit 5 Panos 100% Algodão Super Absorvente Com 5 Unidades De Pano De Chão Grosso 45 Cm X 70 Cm Verdecasa","Casa, Móveis e Decoração","Cuidado da Casa e Lavanderia","854","30","Tier 2 — llevaría a 15.000 items"
"6475750646","Varal Aço Inox Suspenso 40 Prendedores Roupa Íntima Calcinha Meia Cueca Lavanderia Apartamento W&g Prateado","Casa, Móveis e Decoração","Cuidado da Casa e Lavanderia","853","25","Tier 2 — llevaría a 15.000 items"
"5652973278","Limpador Perfumado Concentrado Veja Gotas De Perfume Citrino Alecrim 100ml","Casa, Móveis e Decoração","Cuidado da Casa e Lavanderia","852","13","Tier 2 — llevaría a 15.000 items"
"4005030903","Limpador Sapólio Radium Clássico Cremoso 450ml","Casa, Móveis e Decoração","Cuidado da Casa e Lavanderia","850","14","Tier 2 — llevaría a 15.000 items"
"3324860747","2 Limpa Estofado Espuma Limpadora Remove Mancha Sujeira Sofá","Casa, Móveis e Decoração","Cuidado da Casa e Lavanderia","850","35","Tier 2 — llevaría a 15.000 items"
"3973308365","Cloro Desinfetante Gel Barbarex 5kg","Casa, Móveis e Decoração","Cuidado da Casa e Lavanderia","849","26","Tier 2 — llevaría a 15.000 items"
"3360867731","Cera Líquida Incolor Revitaliza Brilho Intenso 750ml Bravo","Casa, Móveis e Decoração","Cuidado da Casa e Lavanderia","847","23","Tier 2 — llevaría a 15.000 items"
"6191329214","Sapólio Radium Saponáceo Cremoso 450ml Multiuso Desinfetante","Casa, Móveis e Decoração","Cuidado da Casa e Lavanderia","847","12","Tier 2 — llevaría a 15.000 items"
"5399551990","Kit 2 Desamassa Fácil 350ml Tuff Sem Passar","Casa, Móveis e Decoração","Cuidado da Casa e Lavanderia","846","29","Tier 2 — llevaría a 15.000 items"
"6170491816","Aromatizador De Ambiente Automático Glade Frutas E Flores Vibrantes Refil 269ml","Casa, Móveis e Decoração","Cuidado da Casa e Lavanderia","843","31","Tier 2 — llevaría a 15.000 items"
"6090427546","Limpador Multiuso Perfumado Zulu Coala 500ml Fragrância Chá Branco","Casa, Móveis e Decoração","Cuidado da Casa e Lavanderia","842","8","Tier 2 — llevaría a 15.000 items"
"4019104373","Kit 20 Gancho Inox Suporte Parede Cabide Pendura Vassoura","Casa, Móveis e Decoração","Cuidado da Casa e Lavanderia","841","20","Tier 2 — llevaría a 15.000 items"
"3079879690","Cera Para Piso De Madeira Resistente Brilhante - W&w 1l","Casa, Móveis e Decoração","Cuidado da Casa e Lavanderia","839","72","Tier 2 — llevaría a 15.000 items"
"5693810910","Semorin Maxi Tira Manchas Difíceis 100ml Suor, Mofo, Bolor","Casa, Móveis e Decoração","Cuidado da Casa e Lavanderia","838","13","Tier 2 — llevaría a 15.000 items"
"5687293720","Água Sanitária Ypê 2 Litros","Casa, Móveis e Decoração","Cuidado da Casa e Lavanderia","837","7","Tier 2 — llevaría a 15.000 items"
"3604359319","Luva De Limpeza Em Borracha Látex Impermeável Epi P, M, G","Casa, Móveis e Decoração","Cuidado da Casa e Lavanderia","836","10","Tier 2 — llevaría a 15.000 items"
"5126384432","Capa Maquina De Lavar Eletrolux Brastemp 12kg 13kg 15kg 16kg Cor Preto Com Ziper G Sao Miguel","Casa, Móveis e Decoração","Cuidado da Casa e Lavanderia","834","31","Tier 2 — llevaría a 15.000 items"
"4320001297","Limpador Casa & Perfume Sensualidad Perfumado 5l","Casa, Móveis e Decoração","Cuidado da Casa e Lavanderia","834","39","Tier 2 — llevaría a 15.000 items"
"3377496529","Kit 6 Saquinhos Para Lavar Roupas Delicadas Sacos Com Ziper","Casa, Móveis e Decoração","Cuidado da Casa e Lavanderia","831","33","Tier 2 — llevaría a 15.000 items"
"3979884349","Amaciante Concentrado Ypê Delicado 1.5l","Casa, Móveis e Decoração","Cuidado da Casa e Lavanderia","830","24","Tier 2 — llevaría a 15.000 items"
"3647794536","Limpador Perfumado Veja Banho De Cheiro 1l","Casa, Móveis e Decoração","Cuidado da Casa e Lavanderia","829","8","Tier 2 — llevaría a 15.000 items"
"4149215857","Papel Higiênico Folha Dupla 30m L24p22 Personal","Casa, Móveis e Decoração","Cuidado da Casa e Lavanderia","827","44","Tier 2 — llevaría a 15.000 items"
"3147413142","Lava Roupas Em Pó Brilhante Limpeza Total 800 G","Casa, Móveis e Decoração","Cuidado da Casa e Lavanderia","827","10","Tier 2 — llevaría a 15.000 items"
"5400485610","1 Desentupidor Pia Ralos Cozinha Banheiro Sanfonado Cabo","Casa, Móveis e Decoração","Cuidado da Casa e Lavanderia","827","19","Tier 2 — llevaría a 15.000 items"
"4073257225","Percarbonato De Sódio 99,9% 2kg | Tira Manchas Potente","Casa, Móveis e Decoração","Cuidado da Casa e Lavanderia","826","21","Tier 2 — llevaría a 15.000 items"
"4114915781","Sabão Detergente Pó Máquina Lavar Louças 1kg - S/ Fragrância","Casa, Móveis e Decoração","Cuidado da Casa e Lavanderia","826","38","Tier 2 — llevaría a 15.000 items"
"2968752718","Amaciante Concentrado Comfort Frescor Intenso 1 L","Casa, Móveis e Decoração","Cuidado da Casa e Lavanderia","825","20","Tier 2 — llevaría a 15.000 items"
"4658528914","Lava Roupas Líquido Ultra Ação 5 Litros Suprema","Casa, Móveis e Decoração","Cuidado da Casa e Lavanderia","821","33","Tier 2 — llevaría a 15.000 items"
"5756227166","Detergente Limpol Cristal Com Glicerina 6 Unidades 500ml Antiodor","Casa, Móveis e Decoração","Cuidado da Casa e Lavanderia","821","19","Tier 2 — llevaría a 15.000 items"
"5320417472","Detergente Liquido Cristal Limpol 5 Litros","Casa, Móveis e Decoração","Cuidado da Casa e Lavanderia","821","25","Tier 2 — llevaría a 15.000 items"
"2812537323","Cortina De Cozinha Tulipa Rendada Com Bandô 2,20m X 1,20m","Casa, Móveis e Decoração","Enfeites e Decoração da Casa","1088","30","Tier 2 — llevaría a 15.000 items"
"5343701294","Cortina Blackout Em Tecido 2,80x2,30 Corta Luz Cor Preta Preto","Casa, Móveis e Decoração","Enfeites e Decoração da Casa","1075","70","Tier 2 — llevaría a 15.000 items"
"4131064453","2 Pendentes Folhagem Jardim Vertical Enfeite Realista 100cm Uv Marca Noogs Verde","Casa, Móveis e Decoração","Enfeites e Decoração da Casa","1075","33","Tier 2 — llevaría a 15.000 items"
"6250529276","Vela De 7 Dias Votiva 200g Branca - 12 Unidades Branco","Casa, Móveis e Decoração","Enfeites e Decoração da Casa","1072","75","Tier 2 — llevaría a 15.000 items"
"3948043511","Cortina Blackout Em Tecido 3,00x2,80 Corta Luz Cor Avelã","Casa, Móveis e Decoração","Enfeites e Decoração da Casa","1061","73","Tier 2 — llevaría a 15.000 items"
"3555915005","50 Placas Revestimento De Parede Com Dupla Face Pvc 3d 25x25","Casa, Móveis e Decoração","Enfeites e Decoração da Casa","1060","60","Tier 2 — llevaría a 15.000 items"
"5318259200","Cortina 2.00 X 1.80 M Blackout Blecaute Avelã Corta Luz Em Tecido Grosso Para Quarto E Sala Casa Laura Enxovais","Casa, Móveis e Decoração","Enfeites e Decoração da Casa","1059","56","Tier 2 — llevaría a 15.000 items"
"4442690026","Cortina Blackout Corta Luz Blecaute 2,80 X 2,30 Sala/quarto Fabritex Enxovais Cor Branco","Casa, Móveis e Decoração","Enfeites e Decoração da Casa","1057","58","Tier 2 — llevaría a 15.000 items"
"3964427897","Vela Aromática Perfumada Presente Decorativa Fragrância Lavanda 100g Padrão Liso","Casa, Móveis e Decoração","Enfeites e Decoração da Casa","1054","28","Tier 2 — llevaría a 15.000 items"
"3485622937","Cordão Fio De Fada 10m 100 Leds Enfeite Natal Branco Quente","Casa, Móveis e Decoração","Enfeites e Decoração da Casa","1049","19","Tier 2 — llevaría a 15.000 items"
"4663239128","Kit 4 Quadros Decorativos Café Xícara Cozinha Cantina Mdf  Cantinho Do Café Preto","Casa, Móveis e Decoração","Enfeites e Decoração da Casa","1044","26","Tier 2 — llevaría a 15.000 items"
"4259144027","Kit 4 Pendentes Planta Artificial Samambaia Realista Verde Verde","Casa, Móveis e Decoração","Enfeites e Decoração da Casa","1041","39","Tier 2 — llevaría a 15.000 items"
"3940855459","Kit 24 Vela De Led Eletrônica Decorativa Com Bateria Artificial Luz Amarela Marca Kururuá Amarelo","Casa, Móveis e Decoração","Enfeites e Decoração da Casa","1039","39","Tier 2 — llevaría a 15.000 items"
"1792973290","12 Velas Votiva 7 Dias  Santos Católicos 200g 100%parafina","Casa, Móveis e Decoração","Enfeites e Decoração da Casa","1036","70","Tier 2 — llevaría a 15.000 items"
"6189565318","Kit 4 Cesto Caixa Organizadora Guarda Roupa Grande  Dobrável Bege","Casa, Móveis e Decoração","Enfeites e Decoração da Casa","1025","62","Tier 2 — llevaría a 15.000 items"
"2678193022","Varal De Luzes 20 Metros Festao Com Lampadas Ja Inclusas","Casa, Móveis e Decoração","Enfeites e Decoração da Casa","1023","142","Tier 2 — llevaría a 15.000 items"
"3709851644","Kit 2 Prendedores De Cortina Magnético Abraçadeira Presilhas","Casa, Móveis e Decoração","Enfeites e Decoração da Casa","1008","25","Tier 2 — llevaría a 15.000 items"
"4503987444","Varal De Luzes Led 10m Externo Com Lâmpadas Gambiarra Cordão","Casa, Móveis e Decoração","Enfeites e Decoração da Casa","1005","75","Tier 2 — llevaría a 15.000 items"
"5139957956","Kit 3 Caixa Organizadora 8l Branca Com Tampa Ref 0512 Branco Lisa","Casa, Móveis e Decoração","Enfeites e Decoração da Casa","996","58","Tier 2 — llevaría a 15.000 items"
"4167752803","Kit 10 Mini Porta Retrato Polaroid Mesa Decoração Festa","Casa, Móveis e Decoração","Enfeites e Decoração da Casa","996","53","Tier 2 — llevaría a 15.000 items"
"4258137671","Kit 5 Quadros Moldura 21x30 A4 Diploma / Certificado / Foto Preto Lisa","Casa, Móveis e Decoração","Enfeites e Decoração da Casa","992","55","Tier 2 — llevaría a 15.000 items"
"3829803974","10000 Bolinhas De Gel Atacado Cresce Água Orbs Vaso Planta","Casa, Móveis e Decoração","Enfeites e Decoração da Casa","989","20","Tier 2 — llevaría a 15.000 items"
"4189866016","50 Pcs Mini Vela Led Eletrônica Chama Viva Decoração","Casa, Móveis e Decoração","Enfeites e Decoração da Casa","983","65","Tier 2 — llevaría a 15.000 items"
"2163530054","Vela Votiva 320g Branca - 06 Unidades","Casa, Móveis e Decoração","Enfeites e Decoração da Casa","983","63","Tier 2 — llevaría a 15.000 items"
"5389076918","Kit 2 Cortina Led 300 Leds Pisca Natal Decoração Fio Fada","Casa, Móveis e Decoração","Enfeites e Decoração da Casa","979","29","Tier 2 — llevaría a 15.000 items"
"4105147514","Cortina Pia Cozinha Impermeável 2,80mt X 0,80mt Varias Cores","Casa, Móveis e Decoração","Enfeites e Decoração da Casa","970","37","Tier 2 — llevaría a 15.000 items"
"1890787613","Cortina Luxo Para Sala Quarto 4,00 X 2,60 Voil/voal","Casa, Móveis e Decoração","Enfeites e Decoração da Casa","966","170","Tier 2 — llevaría a 15.000 items"
"5371519806","Kit 2 Cesto Caixa Organizadora Rattan Tampa 7 Litros Preto","Casa, Móveis e Decoração","Enfeites e Decoração da Casa","966","31","Tier 2 — llevaría a 15.000 items"
"2844208798","24 Metros Trepadeira Artificial Folhagem Jiboia Uva Begônia","Casa, Móveis e Decoração","Enfeites e Decoração da Casa","960","33","Tier 2 — llevaría a 15.000 items"
"3548253851","Kit 6 Arranjos Orquidea Artificial Cetim Enfeite Colorido","Casa, Móveis e Decoração","Enfeites e Decoração da Casa","958","43","Tier 2 — llevaría a 15.000 items"
"961306653","Cortina Corta Luz Blackout Com Voil 2,00 X 1,40 - Eddi Casa","Casa, Móveis e Decoração","Enfeites e Decoração da Casa","956","66","Tier 2 — llevaría a 15.000 items"
"3595378143","Kit 5 Quadros Decorativos Mdf Frases Fé Gratidão Sala Grande Quadro Frases Amor Fé Gratidão Cozinha Grande","Casa, Móveis e Decoração","Enfeites e Decoração da Casa","953","38","Tier 2 — llevaría a 15.000 items"
"3171322852","12 Velas Votivas 7 Dias Branca 250gr Parafina Pura Atacado","Casa, Móveis e Decoração","Enfeites e Decoração da Casa","942","79","Tier 2 — llevaría a 15.000 items"
"4478102436","Vaso Tubo Vidro Cilíndrico Transparente  10x30 Decoração  Liso","Casa, Móveis e Decoração","Enfeites e Decoração da Casa","926","38","Tier 2 — llevaría a 15.000 items"
"3925721739","Relógio 3d Sigma Dourado Branco De Parede Cozinha Escritorio","Casa, Móveis e Decoração","Enfeites e Decoração da Casa","923","25","Tier 2 — llevaría a 15.000 items"
"6596102176","Kit 3 Cestos Organizador De Bambu Com Forro Multiuso Quarto Banheiro Escritório Ciclo Alternativa Bege","Casa, Móveis e Decoração","Enfeites e Decoração da Casa","921","40","Tier 2 — llevaría a 15.000 items"
"813807774","Cortina Jacquard  2 80 X 1 70 Para Janela Sala Quarto","Casa, Móveis e Decoração","Enfeites e Decoração da Casa","917","58","Tier 2 — llevaría a 15.000 items"
"4219603679","200 Vela Palito Branca 13,5cm Parafina 100% Pura Atacado Branco Padrão Nenhuma","Casa, Móveis e Decoração","Enfeites e Decoração da Casa","916","79","Tier 2 — llevaría a 15.000 items"
"4461676381","Espelho Adnet Redondo 30 40 50 Cm Alça Em Couro Decorativo","Casa, Móveis e Decoração","Enfeites e Decoração da Casa","911","66","Tier 2 — llevaría a 15.000 items"
"5577741558","Cortina Blackout Em Tecido 2,80x2,30 Corta Luz Cor Cinza","Casa, Móveis e Decoração","Enfeites e Decoração da Casa","911","69","Tier 2 — llevaría a 15.000 items"
"4196983523","Kit 2 Vasos Decorativos Com Eucalipto E Folhagem Laço Verde","Casa, Móveis e Decoração","Enfeites e Decoração da Casa","911","90","Tier 2 — llevaría a 15.000 items"
"4307351587","Kit 2 Caixas 12 Litros Organizadora Transparente Polipropileno Multiuso Tampa Encaixe Resistente Uso Doméstico Escritório Organização Ponte Lar Utilidades Lisa","Casa, Móveis e Decoração","Enfeites e Decoração da Casa","910","39","Tier 2 — llevaría a 15.000 items"
"5221703904","1.000 Pétalas De Rosas Artificiais Branco Brancas Seda Noiva","Casa, Móveis e Decoração","Enfeites e Decoração da Casa","907","20","Tier 2 — llevaría a 15.000 items"
"1959141103","Cortina 3,00x2,80 Jacquard Sala Quarto Luxo Ilhos Cromado","Casa, Móveis e Decoração","Enfeites e Decoração da Casa","902","67","Tier 2 — llevaría a 15.000 items"
"6389408506","Kit 100 Velas Rechaud Cor Branco Flutuante Para Decoração Casamento Festa Flutuante Vitx Lisa Inodora","Casa, Móveis e Decoração","Enfeites e Decoração da Casa","902","33","Tier 2 — llevaría a 15.000 items"
"3692415680","Cortina Tecido Oxford Grosso 3 Metros X 2,50 Largura Premium","Casa, Móveis e Decoração","Enfeites e Decoração da Casa","899","50","Tier 2 — llevaría a 15.000 items"
"6182288068","Kit 3 Caixas Organizadora Transparente 5l Com Tampa E Travas Plástico Resistente Empilhável Multiuso Para Cozinha Banheiro Quarto Closet Despensa Organização E Armazenamento Ponte Lar Utilidades Liso","Casa, Móveis e Decoração","Enfeites e Decoração da Casa","894","38","Tier 2 — llevaría a 15.000 items"
"3624637491","Cortina Painel Blackout Velcro Sala Quarto Cozinha 1,75x1,35","Casa, Móveis e Decoração","Enfeites e Decoração da Casa","890","37","Tier 2 — llevaría a 15.000 items"
"6353570656","Kit 3 Cestos Organizadores De Bambu Multiuso Com Forro Cestos Bambu Forro Lavável Retangular Armazenar Objetos Organizadores Retangulares Multiuso Casa Shokki Natural","Casa, Móveis e Decoração","Enfeites e Decoração da Casa","888","46","Tier 2 — llevaría a 15.000 items"
"3943331029","Placa Acrílico Personalizada Porta Consultório Escritório","Casa, Móveis e Decoração","Enfeites e Decoração da Casa","888","36","Tier 2 — llevaría a 15.000 items"
"3208803782","Kit 4 Cestos Organizadores Armário Gaveta Lavanderia 2l","Casa, Móveis e Decoração","Enfeites e Decoração da Casa","884","38","Tier 2 — llevaría a 15.000 items"
"6505970408","Kit 3 Vasos Com Plantas Artificiais Decorativas Cerejeiras K2 Redondo Branco","Casa, Móveis e Decoração","Enfeites e Decoração da Casa","874","30","Tier 2 — llevaría a 15.000 items"
"1950615819","10000 Bolinhas De Gel Cresce Absorvem Água Orbs Incolor Vaso","Casa, Móveis e Decoração","Enfeites e Decoração da Casa","871","23","Tier 2 — llevaría a 15.000 items"
"2174953987","Kit De 5 Buquês Cores Novas De Lírio Artificial Com 5 Flores","Casa, Móveis e Decoração","Enfeites e Decoração da Casa","871","46","Tier 2 — llevaría a 15.000 items"
"5281519576","Rosa Encantada Bela E A Fera Led Presente Barato Oferta","Casa, Móveis e Decoração","Enfeites e Decoração da Casa","870","39","Tier 2 — llevaría a 15.000 items"
"5836511556","50 Metros Trepadeira Artificial Verde Hera Pacote Ramas Real","Casa, Móveis e Decoração","Enfeites e Decoração da Casa","867","40","Tier 2 — llevaría a 15.000 items"
"4145753587","Cortina Blackout De Pvc 2,20m X 1,30m Preto Corta Luz","Casa, Móveis e Decoração","Enfeites e Decoração da Casa","859","28","Tier 2 — llevaría a 15.000 items"
"4353932017","Cortina Blackout Corta Luz Blecaute 2,80 X 2,30 Sala/quarto Fabritex Enxovais Cor Preto","Casa, Móveis e Decoração","Enfeites e Decoração da Casa","858","52","Tier 2 — llevaría a 15.000 items"
"5715960300","Quadros Familia Frase Abençoados Por Deus Cabeceira Vazado Preto","Casa, Móveis e Decoração","Enfeites e Decoração da Casa","858","25","Tier 2 — llevaría a 15.000 items"
"2610298174","Porta Retrato 20x25 Aço Inox Moldura Prata/rose Vidro","Casa, Móveis e Decoração","Enfeites e Decoração da Casa","858","36","Tier 2 — llevaría a 15.000 items"
"5273804128","Cortina Janela 2 Metros Blackout De Tecido Grosso 2,70x1,80","Casa, Móveis e Decoração","Enfeites e Decoração da Casa","854","77","Tier 2 — llevaría a 15.000 items"
"5405548698","Cortina Blackout 3 Metros Para Trilho Suiço Quarto Sala","Casa, Móveis e Decoração","Enfeites e Decoração da Casa","852","144","Tier 2 — llevaría a 15.000 items"
"5815749220","Cortina Led Decoração 3x3m 110v/220v Duplo Volt + 300 Un Led Amarelo 127/220v","Casa, Móveis e Decoração","Enfeites e Decoração da Casa","843","30","Tier 2 — llevaría a 15.000 items"
"4967789374","Kit 100 Vela Rechaud Decoração Casamento Festa Flutuante Cor Branco Marca Conceito Vintage Liso Inodora","Casa, Móveis e Decoração","Enfeites e Decoração da Casa","837","35","Tier 2 — llevaría a 15.000 items"
"4481774389","12 Pendentes Flor Cerejeira 36 Galhos Decoração Artificial Branco","Casa, Móveis e Decoração","Enfeites e Decoração da Casa","830","44","Tier 2 — llevaría a 15.000 items"
"2633351406","Cortina Corta A Luz Pvc Blackout 2 00 X 1 40 Pra Varão","Casa, Móveis e Decoração","Enfeites e Decoração da Casa","826","30","Tier 2 — llevaría a 15.000 items"
"3892024189","Caixa Organizadora Plasmont M 11 Divisórias Transparente Ref 0398 Estojo Multiuso Para Pesca Miçangas Bijuterias Joias... Liso","Casa, Móveis e Decoração","Enfeites e Decoração da Casa","824","21","Tier 2 — llevaría a 15.000 items"
"6254138732","Kit 2 Plafon Luminaria Led 30x30 Quadrado Embutir 6500k 32w 127/220v Branco","Casa, Móveis e Decoração","Iluminação Residencial","1099","69","Tier 2 — llevaría a 15.000 items"
"3314101543","Kit 10 Luminárias Spot Led Quadrado Embutir 5w 6500k Avant 127/220v Branco","Casa, Móveis e Decoração","Iluminação Residencial","1099","65","Tier 2 — llevaría a 15.000 items"
"6104761010","Refletor Solar Led Holofote Placa Bateria Prova Dágua 6500k Preto Branco-frio","Casa, Móveis e Decoração","Iluminação Residencial","1086","45","Tier 2 — llevaría a 15.000 items"
"4481640859","Kit 4 Refletores Solar Luz Led Até 600w Sensor De Presença Luz Branco-frio Energia Solar Preto","Casa, Móveis e Decoração","Iluminação Residencial","1085","126","Tier 2 — llevaría a 15.000 items"
"3584084195","Painel Plafon Smart Quadrado Sobrepor Led 25w Branco Frio 127/220v","Casa, Móveis e Decoração","Iluminação Residencial","1084","19","Tier 2 — llevaría a 15.000 items"
"4283862857","Lâmpada De Emergência 50w Led Recarregável Inteligente Branco 127/220v","Casa, Móveis e Decoração","Iluminação Residencial","1080","46","Tier 2 — llevaría a 15.000 items"
"4243698691","Fita Led Cob Direta 110v 10m Não Usa Fonte Branco Quente Branco-quente 127v","Casa, Móveis e Decoração","Iluminação Residencial","1077","59","Tier 2 — llevaría a 15.000 items"
"5381129064","Refletor Led Holofote Grande 200w Luz Branco-quente 3000k Resistente A Chuva Econômico Fácil De Instalar Carcaça Preta Ip66 Jardim Fachada Quintal 127/220v Preto","Casa, Móveis e Decoração","Iluminação Residencial","1076","45","Tier 2 — llevaría a 15.000 items"
"3306953701","Arandela Parede Externa Interna 2 Focos E Frisos Ar1015 Full","Casa, Móveis e Decoração","Iluminação Residencial","1058","24","Tier 2 — llevaría a 15.000 items"
"1935369017","Lustre Cristal Acrílico Quarto Sala Vai Montado  Promoção","Casa, Móveis e Decoração","Iluminação Residencial","1054","66","Tier 2 — llevaría a 15.000 items"
"5058568502","Painel Plafon Led Quadrado 18w Sobrepor Avant Branco Frio 127/220v Branco","Casa, Móveis e Decoração","Iluminação Residencial","1052","19","Tier 2 — llevaría a 15.000 items"
"2661776718","Refletor Solar Led Holofote 300w Placa Bateria Prova Dágua Preto Branco-frio","Casa, Móveis e Decoração","Iluminação Residencial","1041","77","Tier 2 — llevaría a 15.000 items"
"4014338285","5050 Rgb Fita Led 16 Milhões Cores Bluetooth Controlador App E Controlador Infravermelho Ip65 5m Dc5v 127v 5v","Casa, Móveis e Decoração","Iluminação Residencial","1041","30","Tier 2 — llevaría a 15.000 items"
"5360113884","Goldensky Fita Led Cob Branco Quent 3000k 5mts 8mm 252 Leds/m 12v Ip20 Branco-quente 127/220v","Casa, Móveis e Decoração","Iluminação Residencial","1032","23","Tier 2 — llevaría a 15.000 items"
"6212945348","Candeeiro Suspenso Led Moderno, Sala De Estar/quarto, 24 Cm 110v - 220v Dourado","Casa, Móveis e Decoração","Iluminação Residencial","1028","70","Tier 2 — llevaría a 15.000 items"
"6526275334","10 Unidades Rabicho Conector Emenda Para Fita Led 10mm 240 E 120 Com Cabo Tira Led 2 Pin 10mm Adaptador Fio 12v 127v 220v Todas 127/220v","Casa, Móveis e Decoração","Iluminação Residencial","1021","31","Tier 2 — llevaría a 15.000 items"
"4264195373","Lampada Led Smart Inteligente Wi-fi 2.4 Ghz Bulbo Hp 20w 2700k/6500k Rgb Colorido E27 110v/220v Cod: 291990301 Neo Avant 127/220v","Casa, Móveis e Decoração","Iluminação Residencial","1021","57","Tier 2 — llevaría a 15.000 items"
"2631142324","Kit 10 Painel Led Pop Quadrado De Embutir 6500w 18w Avant 110v/220v Branco Frio","Casa, Móveis e Decoração","Iluminação Residencial","1016","123","Tier 2 — llevaría a 15.000 items"
"3819771313","10m Fita Led 2835 Branco-neutro 4000k 120led/m Direto Tomada","Casa, Móveis e Decoração","Iluminação Residencial","1015","46","Tier 2 — llevaría a 15.000 items"
"5532239692","Kit 3 Refletor Holofote Led 100w Branco Frio 6500k Ip66 À Prova Dágua Externo Carcaça Preta 127/220v Preto","Casa, Móveis e Decoração","Iluminação Residencial","1014","68","Tier 2 — llevaría a 15.000 items"
"5482216958","Refletor Led 30w Holofote Luz Quente 3000k Cor Da Carcaça Preto Cor Da Luz Branco-quente Blumenau Iluminação 127/220v","Casa, Móveis e Decoração","Iluminação Residencial","1013","22","Tier 2 — llevaría a 15.000 items"
"5719756048","Kit 10 Spot Led Embutir 7w 6500k Branco Frio 110v/220v Bivolt Redondo Branco Cod: Alut000605 Alut 127/220v","Casa, Móveis e Decoração","Iluminação Residencial","1012","57","Tier 2 — llevaría a 15.000 items"
"4222939503","Luminaria Por Do Sol Luz Noturna Projetor Led Sunset Light Cor Da Estrutura Preto","Casa, Móveis e Decoração","Iluminação Residencial","1011","27","Tier 2 — llevaría a 15.000 items"
"3859209807","Kit 3 Soquete Sensor De Presença Lâmpada Bocal E27 Bivolt Bivolt","Casa, Móveis e Decoração","Iluminação Residencial","1011","38","Tier 2 — llevaría a 15.000 items"
"5077008296","Lâmpada Filamento Led G95 Retrô 4w 2200k Elgin Cor Da Luz 2200k Âmbar 127/220v Amarela","Casa, Móveis e Decoração","Iluminação Residencial","1004","22","Tier 2 — llevaría a 15.000 items"
"5966318460","Lâmpada Led 4 Pétalas 50w Luminária Decorativa Super Branca 127/220v Branco-frio","Casa, Móveis e Decoração","Iluminação Residencial","1000","26","Tier 2 — llevaría a 15.000 items"
"5505264078","3 Lampadas Led Spot Luminária Luz Sem Fio Controle Branco 127/220v Luz Quente","Casa, Móveis e Decoração","Iluminação Residencial","1000","28","Tier 2 — llevaría a 15.000 items"
"3064498166","Adaptador Soquete Bocal E27 - 2x1 - 2 Lâmpadas - Duplo Branco","Casa, Móveis e Decoração","Iluminação Residencial","995","33","Tier 2 — llevaría a 15.000 items"
"5577781642","Espeto Hummer Ip65 Led 5w Indicado Para Jardim Avant Cor Preto Luz Branco-quente 127/220v","Casa, Móveis e Decoração","Iluminação Residencial","994","30","Tier 2 — llevaría a 15.000 items"
"3378757177","Elgin Plafon Painel Quadrado Sobrepor 24w Branco Frio 6500k Estrutura Branco-frio 127/220v","Casa, Móveis e Decoração","Iluminação Residencial","991","23","Tier 2 — llevaría a 15.000 items"
"4385330808","Arandela Parede Externa Interna Alumínio Branco Mega Forte Mf123 Lâmpada G9 127/220v","Casa, Móveis e Decoração","Iluminação Residencial","990","26","Tier 2 — llevaría a 15.000 items"
"5599334682","We Varejo - Luminária Rosa Encantada Led Enfeite Cúpula Redoma A Bela E A Fera 11 X 22 Cm Base Madeira Pilhas Brinde Transparente","Casa, Móveis e Decoração","Iluminação Residencial","986","42","Tier 2 — llevaría a 15.000 items"
"5642970798","Refletor 1000w Ultra Potente Holofote Led Bivolt Ip66 6500k. 127/220v Preto Branco-frio 6500k","Casa, Móveis e Decoração","Iluminação Residencial","984","152","Tier 2 — llevaría a 15.000 items"
"4206671589","Luminária De Mesa Led Flexível Branca Articulada Recarregável Usb Para Estudo, Leitura E Home Office Lumiville 127/220v Branco","Casa, Móveis e Decoração","Iluminação Residencial","981","31","Tier 2 — llevaría a 15.000 items"
"1910278332","Kit 10 Lâmpada Led Dicroica Gu10 5w Branco Quente Ou Frio","Casa, Móveis e Decoração","Iluminação Residencial","980","56","Tier 2 — llevaría a 15.000 items"
"3204521681","Refletor Led Slim Avant 150w 6500k 127/220v Preto Branco-frio","Casa, Móveis e Decoração","Iluminação Residencial","979","51","Tier 2 — llevaría a 15.000 items"
"3531064043","Luz Led Luminaria Solar Sensor Presença Forte Poste Pared Solar 2 Peças","Casa, Móveis e Decoração","Iluminação Residencial","978","54","Tier 2 — llevaría a 15.000 items"
"4405317749","Kit 5 Painel Plafon Embutir Quadrado Led 18w Bivolt 6500k Branco 127/220v","Casa, Móveis e Decoração","Iluminação Residencial","978","65","Tier 2 — llevaría a 15.000 items"
"4449993163","Kit 5 Painel Plafon Led 25w Sobrepor 6000k Quadrado Frio Estrutura Branco-frio 127/220v","Casa, Móveis e Decoração","Iluminação Residencial","975","87","Tier 2 — llevaría a 15.000 items"
"4453808191","Luminária Mesa Abajur Led Dimerizável Sem Fio Recarregável","Casa, Móveis e Decoração","Iluminação Residencial","973","43","Tier 2 — llevaría a 15.000 items"
"6288646432","Luminária De Mesa Touch 20 Leds Flexível Estudo Leitura Compacta Escritorio Abajur Escritório Branco Nano Bateria 127/220v","Casa, Móveis e Decoração","Iluminação Residencial","973","31","Tier 2 — llevaría a 15.000 items"
"3750429504","Lâmpada Led 50w Compacta Iluminação Comercial Luz Forte Economia Cor Da Luz Branco-frio 127/220v","Casa, Móveis e Decoração","Iluminação Residencial","972","19","Tier 2 — llevaría a 15.000 items"
"5452833094","Kit 4 Refletor Led 100w 6500k Branco Frio A Prova D'água Alut Cod: Alut000701-4 Alut By Avant 127/220v Preto Branco Frio 6500k","Casa, Móveis e Decoração","Iluminação Residencial","966","129","Tier 2 — llevaría a 15.000 items"
"4468668575","Luminária Led Recarregável Sem Fio Abajur De Mesa Em Metal Dourado Com Luz Ajustável Ligeiro Dourada","Casa, Móveis e Decoração","Iluminação Residencial","966","36","Tier 2 — llevaría a 15.000 items"
"3301351310","Kit 10 Lâmpadas Led G9 Halopim 7w Bivolt Luz Branco Quente 110v/220v (bivolt) Branco-quente","Casa, Móveis e Decoração","Iluminação Residencial","960","43","Tier 2 — llevaría a 15.000 items"
"5644295048","Luminária Luz Led Leitor Prendedor Clips Para Leitura Usb 127/220v","Casa, Móveis e Decoração","Iluminação Residencial","958","33","Tier 2 — llevaría a 15.000 items"
"4286751755","Fita Cob 320 Led Direta Cob 10m Não Usa Fonte Branco-quente 127v","Casa, Móveis e Decoração","Iluminação Residencial","957","60","Tier 2 — llevaría a 15.000 items"
"3266203064","Luminária Iluminação Luz Autônoma Lâmpada Led De Emergência 6 Horas De Autonomia 1200 Lumens Portatil Acampamento Branco 127/220v","Casa, Móveis e Decoração","Iluminação Residencial","955","53","Tier 2 — llevaría a 15.000 items"
"5713431390","Kit 2 Lampadas Led Pera Smart Inteligente Wi Fi 2.4ghz Alexa Google 10w Rgb 2700k/6500k Branco Quente/neutro/frio E27 Cod: 290028177-2 Avant Neo 127/220v","Casa, Móveis e Decoração","Iluminação Residencial","954","61","Tier 2 — llevaría a 15.000 items"
"4007214305","Spot Sobrepor Redondo Delis Direcionável Led 3000k Branco Quente","Casa, Móveis e Decoração","Iluminação Residencial","954","38","Tier 2 — llevaría a 15.000 items"
"4146395209","Kit 2 Painel Plafon Led 18w Redondo Sobrepor 6500k4000k3000k","Casa, Móveis e Decoração","Iluminação Residencial","954","38","Tier 2 — llevaría a 15.000 items"
"3396621657","Luminária Projetor Estrela 360º Galaxy Abajur Mesa Infantil","Casa, Móveis e Decoração","Iluminação Residencial","950","31","Tier 2 — llevaría a 15.000 items"
"5396380262","Kit 10 Soquete Bocal Com Rabicho Lâmpada E27 Preto","Casa, Móveis e Decoração","Iluminação Residencial","949","20","Tier 2 — llevaría a 15.000 items"
"4448721919","Kit 6 Luminária Solar Sensor Jardim Parede Prova Dágua Ip65","Casa, Móveis e Decoração","Iluminação Residencial","948","67","Tier 2 — llevaría a 15.000 items"
"1825826934","Refletor Led Holofote 400w Ip66 Bivolt Forte Luz Branco Frio 110v/220v (bivolt) Preto Branco-frio","Casa, Móveis e Decoração","Iluminação Residencial","946","29","Tier 2 — llevaría a 15.000 items"
"3846294024","Refletor Solar Led Holofote 300w Placa Bateria Prova Dágua Solar Preto Branco-frio","Casa, Móveis e Decoração","Iluminação Residencial","945","77","Tier 2 — llevaría a 15.000 items"
"1846654983","20 Lampada Bolinha 15w Luz Amarela Incandescente Varal Luzes","Casa, Móveis e Decoração","Iluminação Residencial","945","65","Tier 2 — llevaría a 15.000 items"
"3585155363","Refletor Led 200w - Branco Frio - Bivolt - Res. À Água 127/220v Preto Branco-frio","Casa, Móveis e Decoração","Iluminação Residencial","942","47","Tier 2 — llevaría a 15.000 items"
"4649242160","Arandela Externa Aluminio 5 Vidros Muro Parede E27","Casa, Móveis e Decoração","Iluminação Residencial","939","40","Tier 2 — llevaría a 15.000 items"
"3935882341","Refletor Led 100w Prova D Água Ip66 Holofote 6500k Preto Smd 110-220 Preto Branco-frio","Casa, Móveis e Decoração","Iluminação Residencial","937","30","Tier 2 — llevaría a 15.000 items"
"3597328601","Arandela Slim Externa 2 Focos Em Alumínio Luminária De Parede Cor Preto G9 Mf1433 Mega Forte Iluminação 127/220v","Casa, Móveis e Decoração","Iluminação Residencial","936","25","Tier 2 — llevaría a 15.000 items"
"6062856486","Kit 10 Conector Emenda Reta 8mm Para Fita Led Cob Smd Rápida Branco-frio Branco-quente Branco-neutro 127/220v","Casa, Móveis e Decoração","Iluminação Residencial","936","30","Tier 2 — llevaría a 15.000 items"
"6588132086","Blumenau Iluminação Luminária De Emergência Ref.: 40011224 - Bloco Emergencia 1200 Lumens 5w 6500k Cor Branco Autônoma Luz Led 127/220v","Casa, Móveis e Decoração","Iluminação Residencial","920","52","Tier 2 — llevaría a 15.000 items"
"4771697160","Kit 4 Refletor Super Led 400w Branco Frio Carcaça Preta Ideal Área Externa Ip67 127/220v Preto","Casa, Móveis e Decoração","Iluminação Residencial","917","29","Tier 2 — llevaría a 15.000 items"
"5334072548","Fita Led 220v Direta 3528 24w/m 240leds/m 10m Branco-quente","Casa, Móveis e Decoração","Iluminação Residencial","917","66","Tier 2 — llevaría a 15.000 items"
"3637692077","Fita Led 2811 5m Endereçável 300 Leds Ip20 + Controladora","Casa, Móveis e Decoração","Iluminação Residencial","917","54","Tier 2 — llevaría a 15.000 items"
"5163138380","Kit 2 Luminária Arandela Solar 10 Led Luz Quente Prova Dágua Preto","Casa, Móveis e Decoração","Iluminação Residencial","915","37","Tier 2 — llevaría a 15.000 items"
"4277408107","3x Spot Slim Sobrepor Teto Beiral 5w Preto Externo","Casa, Móveis e Decoração","Iluminação Residencial","912","79","Tier 2 — llevaría a 15.000 items"
"5561858466","Kit 5 Plafon Led 25w Bivolt 21x21cm Starbright Branco Frio 6500k 127/220v","Casa, Móveis e Decoração","Iluminação Residencial","909","60","Tier 2 — llevaría a 15.000 items"
"4909644834","Fita Led Cob 5 Metros Branco-quente 12v 320 Leds/m Ip20","Casa, Móveis e Decoração","Iluminação Residencial","907","26","Tier 2 — llevaría a 15.000 items"
"5836573812","Refletor Holofote Led Lumi 200w Bivolt Ip67 Branco Frio 6500k 127/220v Preto","Casa, Móveis e Decoração","Iluminação Residencial","906","30","Tier 2 — llevaría a 15.000 items"
"1054938712","Plafon Painel Led Embutir Quadrado 30x30 6000k/6500k Branco Frio Bivolt Completo 25w Promoção Bivolt 110v/220v (bivolt) Branco-frio","Casa, Móveis e Decoração","Iluminação Residencial","905","41","Tier 2 — llevaría a 15.000 items"
"4324721871","Painel Led Plafon Pop Embutir 24w 6500k 29x29 Preto Avant 127/220v Preto","Casa, Móveis e Decoração","Iluminação Residencial","904","25","Tier 2 — llevaría a 15.000 items"
"5489933512","Kit 6 Luminária Solar Jardim 100 Led Com Sensor Prova Dágua Solar Preto","Casa, Móveis e Decoração","Iluminação Residencial","904","81","Tier 2 — llevaría a 15.000 items"
"4267451777","Refletor Solar Com Led Sensor De Movimento Câmera Falsa Carcaça Preto Luz Branco-frio 127/220v","Casa, Móveis e Decoração","Iluminação Residencial","903","28","Tier 2 — llevaría a 15.000 items"
"4270926329","Luminária Teto Led,paflon Sobrepor Moderna Banheiro Sala3em1","Casa, Móveis e Decoração","Iluminação Residencial","901","66","Tier 2 — llevaría a 15.000 items"
"5382188978","Luminária Led Quadrada De Embutir 24w 6500k Elgin Estrutura Branco 127/220v Branco-frio","Casa, Móveis e Decoração","Iluminação Residencial","897","24","Tier 2 — llevaría a 15.000 items"
"4117850593","Luminária Mesa Abajur Led Dimerizável Sem Fio Recarregável","Casa, Móveis e Decoração","Iluminação Residencial","894","49","Tier 2 — llevaría a 15.000 items"
"5122886462","Kit 10 Lampada Led Bulbo Philips 9w Branco Neutro 4000k E27 100~240v Branco Neutro 4000k","Casa, Móveis e Decoração","Iluminação Residencial","894","40","Tier 2 — llevaría a 15.000 items"
"6258162422","Luz Noturna Tomada Com Sensor De Movimento Presença Led Luminária Branco Quente Mini Abajur Infantil Quarto Bebê Corredor Iluminação Automática 127/220v Branco-quente Premium","Casa, Móveis e Decoração","Iluminação Residencial","894","37","Tier 2 — llevaría a 15.000 items"
"5865217046","Fita Led Adesiva 2m Branco Quente Asp 120 Leds A Pilha Decoração 127/220v","Casa, Móveis e Decoração","Iluminação Residencial","893","22","Tier 2 — llevaría a 15.000 items"
"4039128531","Luminária Sobrepor Plafon Led Preto Quadrado 3 Cores Bivolt 127/220v Preto","Casa, Móveis e Decoração","Iluminação Residencial","889","75","Tier 2 — llevaría a 15.000 items"
"2661826136","Refletor Solar Led Holofote 300w Placa Bateria Prova Dágua Preto Branco-frio","Casa, Móveis e Decoração","Iluminação Residencial","888","79","Tier 2 — llevaría a 15.000 items"
"4008087547","Luminária Gota Kit 3 Pendentes De Teto Imediato Cor Preto 127/220v","Casa, Móveis e Decoração","Iluminação Residencial","885","48","Tier 2 — llevaría a 15.000 items"
"3927177739","Refletor Led 200w Holofote Sensor Presença Fotocélula Bivolt 127/220v Preto Branco-frio","Casa, Móveis e Decoração","Iluminação Residencial","882","68","Tier 2 — llevaría a 15.000 items"
"5433552802","Refletor Solar Sensor Presença Parede Jardim Muro 160 Leds Ip66 Preto","Casa, Móveis e Decoração","Iluminação Residencial","882","39","Tier 2 — llevaría a 15.000 items"
"1759327352","Painel Plafon 24w Elgin Led 6500k Quadrada Sobrepor 127/220v Branco","Casa, Móveis e Decoração","Iluminação Residencial","881","23","Tier 2 — llevaría a 15.000 items"
"5842215608","Luminária Mesa Abajur Led Fio Dimerizável Recarregável Sem Dourado","Casa, Móveis e Decoração","Iluminação Residencial","880","39","Tier 2 — llevaría a 15.000 items"
"5026201850","Kit 5 Lâmpadas Alta Potência Led Bulbo 50w E27 Branco Frio 127/220v Branco-frio","Casa, Móveis e Decoração","Iluminação Residencial","874","64","Tier 2 — llevaría a 15.000 items"
"4530922814","10m Fita Led 120led/m Direta Energia Para Perfil Cor Da Luz Branco-frio 127v","Casa, Móveis e Decoração","Iluminação Residencial","871","34","Tier 2 — llevaría a 15.000 items"
"3837093415","Painel Led Plafon Pop Embutir 24w 6500k Branco Frio 30x30 110v/220v Bivolt Quadrado Preto Cod: 903061379 Avant 127/220v","Casa, Móveis e Decoração","Iluminação Residencial","868","20","Tier 2 — llevaría a 15.000 items"
"3351333721","Kit 10 Lâmpadas Led 9w Bulbo Bocal E27 Casa Comércio Cor Da Luz Branco-frio 127/220v","Casa, Móveis e Decoração","Iluminação Residencial","868","28","Tier 2 — llevaría a 15.000 items"
"4572456515","Luminária De Chão Pedestal De Piso Abajur Articulada Flexive Preto","Casa, Móveis e Decoração","Iluminação Residencial","867","139","Tier 2 — llevaría a 15.000 items"
"5573116596","Kit 10 Lâmpada Led Bulbo 20w E27 Alta Potência Bivolt 6500k Branco Frio Alut 127/220v","Casa, Móveis e Decoração","Iluminação Residencial","862","60","Tier 2 — llevaría a 15.000 items"
"5378552066","Lâmpadas Led Luminária Luz Sem Fio Spot Portátil C/ Controle Branco","Casa, Móveis e Decoração","Iluminação Residencial","861","28","Tier 2 — llevaría a 15.000 items"
"4422905041","Luminária Pendente Led Em Espiral Moderna E Minimalista 110v-/220v Dourado","Casa, Móveis e Decoração","Iluminação Residencial","860","71","Tier 2 — llevaría a 15.000 items"
"5055821362","Kit 3 Lâmpadas Led Alta Potência Super Bulbo 40w Branco Frio Luz Branco-frio 127/220v","Casa, Móveis e Decoração","Iluminação Residencial","856","39","Tier 2 — llevaría a 15.000 items"
"4450121953","Kit 3 Painel Plafon 25w Led Quadrado Sobrepor 25w Bivolt Branco-frio 127/220v","Casa, Móveis e Decoração","Iluminação Residencial","847","47","Tier 2 — llevaría a 15.000 items"
"4120891393","Kit 5 Lâmpadas Super Bulbo Alta Potência Led 20w 6500k Elgin 110v/220v (bivolt) 6500k Branca Fria","Casa, Móveis e Decoração","Iluminação Residencial","835","35","Tier 2 — llevaría a 15.000 items"
"4419645693","Luminária Linear Difusa Trilho Led 20w Pr/br 3 Cores De Luz","Casa, Móveis e Decoração","Iluminação Residencial","834","38","Tier 2 — llevaría a 15.000 items"
"5950556644","Fita Cob 320 Led Direta Cob 10m Não Usa Fonte","Casa, Móveis e Decoração","Iluminação Residencial","828","59","Tier 2 — llevaría a 15.000 items"
"5359201196","Kit 10 Luminária Spot 10w Rd Qd Frio 6500k Quente 3000k","Casa, Móveis e Decoração","Iluminação Residencial","822","57","Tier 2 — llevaría a 15.000 items"
"6415678932","Fita Led Ws2811 5m Endereçavel 300 Leds Ip20 + Controladora Rgb 12v","Casa, Móveis e Decoração","Iluminação Residencial","821","59","Tier 2 — llevaría a 15.000 items"
"3614966441","Grelha Tampa Para Ralo Redonda 10x10 Com Fecho Rotativo Em Aço Inox 10cm Etools Ferramentas","Casa, Móveis e Decoração","Jardim e Ar Livre","1098","19","Tier 2 — llevaría a 15.000 items"
"5129197942","2kg Pedrinha Branca Aquário Jardim Jardinagem Decoração Vaso Branco 5 Mm 3.81 Cm","Casa, Móveis e Decoração","Jardim e Ar Livre","1087","19","Tier 2 — llevaría a 15.000 items"
"2671606766","Sulfato De Cobre 1kg Puro 99,0%","Casa, Móveis e Decoração","Jardim e Ar Livre","1074","48","Tier 2 — llevaría a 15.000 items"
"3540791281","Sbp Repelente Elétrico Líquido Aparelho + Refil Cheiro Suave","Casa, Móveis e Decoração","Jardim e Ar Livre","1069","16","Tier 2 — llevaría a 15.000 items"
"5885641642","K-othrine Sc 30ml Inseticida P/ Matar Barata Formiga Mosca","Casa, Móveis e Decoração","Jardim e Ar Livre","1068","15","Tier 2 — llevaría a 15.000 items"
"4075143020","Mangueira Flex Para Jardim Tramontina Verde Em Pvc 3 Camadas 20 M Com Engate Rosqueado, Esguicho E Suporte Mural","Casa, Móveis e Decoração","Jardim e Ar Livre","1061","72","Tier 2 — llevaría a 15.000 items"
"4233745465","Kelldrin Sc 25, Mata Baratas, Aranhas, Escorpiões","Casa, Móveis e Decoração","Jardim e Ar Livre","1060","8","Tier 2 — llevaría a 15.000 items"
"5849865922","Rede Dormir Descanso Jeans Casal Grande Reforçada Nordestina Azul Varanda Premium","Casa, Móveis e Decoração","Jardim e Ar Livre","1060","52","Tier 2 — llevaría a 15.000 items"
"3977683337","Glifosato Melhor Mata Mato Líquido Forte 3x 1l","Casa, Móveis e Decoração","Jardim e Ar Livre","1054","78","Tier 2 — llevaría a 15.000 items"
"4557878501","Kit 10 Pastilhas Limpeza Piscina Multi Ação 5x1 Astrapool","Casa, Móveis e Decoração","Jardim e Ar Livre","1052","65","Tier 2 — llevaría a 15.000 items"
"5578107690","Suporte De Mangueira Até 35 Metros Tramontina","Casa, Móveis e Decoração","Jardim e Ar Livre","1046","22","Tier 2 — llevaría a 15.000 items"
"5111799560","Esponja Para Arranjos Florais E Plantas Naturais 24 Unidades","Casa, Móveis e Decoração","Jardim e Ar Livre","1042","68","Tier 2 — llevaría a 15.000 items"
"4011815265","Ratoeira Armadilha Pega Rato Gaiola Grande Com Mola","Casa, Móveis e Decoração","Jardim e Ar Livre","1038","24","Tier 2 — llevaría a 15.000 items"
"3396007195","Ralo Inox Square Tampa Oculta Invisivel 15x15 Nao É Pvc","Casa, Móveis e Decoração","Jardim e Ar Livre","1035","64","Tier 2 — llevaría a 15.000 items"
"4288799377","2 Adaptador Tira Mau Cheiro Ralos E Porta Grelhas 10cm Astra","Casa, Móveis e Decoração","Jardim e Ar Livre","1025","19","Tier 2 — llevaría a 15.000 items"
"3566872917","Cinto Especial Sustentação Duplo Roçadeira + Confortável Cor Preto Com Laranja Rp3 Shop","Casa, Móveis e Decoração","Jardim e Ar Livre","1023","79","Tier 2 — llevaría a 15.000 items"
"5885536238","K-othrine Gel Formigas: Isca Gel Formigas","Casa, Móveis e Decoração","Jardim e Ar Livre","1013","18","Tier 2 — llevaría a 15.000 items"
"6517684704","Super Mangueira Mágica Retrátil Extensível 30m Azul E Verde Aleatório","Casa, Móveis e Decoração","Jardim e Ar Livre","1002","45","Tier 2 — llevaría a 15.000 items"
"5520257472","Calcário Dolomítico Filler 3kg Agro De Vera Prnt 100% Brinde","Casa, Móveis e Decoração","Jardim e Ar Livre","1001","22","Tier 2 — llevaría a 15.000 items"
"4428612045","Bico Esguicho Ajustável Alta Pressão Mangueira 3 Em 1","Casa, Móveis e Decoração","Jardim e Ar Livre","994","21","Tier 2 — llevaría a 15.000 items"
"3931848239","3x Glifosato Mata Mato Forte - Seguir Descrição Envio Rápido","Casa, Móveis e Decoração","Jardim e Ar Livre","987","79","Tier 2 — llevaría a 15.000 items"
"4103145364","Mangueira Multi 1/2  Em Pvc 3 Camadas 30m Com Engates Rápidos E Esguicho Laranja Tramontina","Casa, Móveis e Decoração","Jardim e Ar Livre","985","129","Tier 2 — llevaría a 15.000 items"
"5335362728","Inseticida Isca Mata Baratas Mortein Pro Caixa 6 Unid","Casa, Móveis e Decoração","Jardim e Ar Livre","985","32","Tier 2 — llevaría a 15.000 items"
"4613324543","Kit 3 Adaptador Tira Mau Cheiro Ralos E Porta Grelhas 10cm","Casa, Móveis e Decoração","Jardim e Ar Livre","981","21","Tier 2 — llevaría a 15.000 items"
"6218486470","4 Ganchos De Rede 250kg Reforçado 3/16 Com Parafuso E Bucha Zincado","Casa, Móveis e Decoração","Jardim e Ar Livre","981","26","Tier 2 — llevaría a 15.000 items"
"5453985664","Tesoura De Poda Profissional Com Lâmina Em Aço Bypass E Cabo Emborrachado Laranja Tramontina","Casa, Móveis e Decoração","Jardim e Ar Livre","979","74","Tier 2 — llevaría a 15.000 items"
"3348537312","5 Ratoeira Adesiva Cola Pega Rato Praga Gruda Fort Armadilha","Casa, Móveis e Decoração","Jardim e Ar Livre","947","20","Tier 2 — llevaría a 15.000 items"
"3787739189","Cloro P/ Limpeza De Piscina 3x1 Smart Fluidra Blue Pool 7.5kg","Casa, Móveis e Decoração","Jardim e Ar Livre","939","139","Tier 2 — llevaría a 15.000 items"
"5989035146","Soprador De Folhas Portátil Xumtom Xt650 Sem Fio 21v 1050w Com 2 Baterias Amarelo 127/220v","Casa, Móveis e Decoração","Jardim e Ar Livre","936","140","Tier 2 — llevaría a 15.000 items"
"5521108376","Fixador De Orquídea 100% Orgânico Com Substrato Premium Bege","Casa, Móveis e Decoração","Jardim e Ar Livre","933","23","Tier 2 — llevaría a 15.000 items"
"4094221697","Temporizador Irrigação Automático Para Jardins Torneira Verde","Casa, Móveis e Decoração","Jardim e Ar Livre","929","64","Tier 2 — llevaría a 15.000 items"
"4510789833","Kit Conjunto 1 Mesa 4 Poltronas Plásticas Buffet Bar 182kg Branco","Casa, Móveis e Decoração","Jardim e Ar Livre","924","317","Tier 2 — llevaría a 15.000 items"
"5364624526","Soprador De Folhas A Gasolina Profissional Lateral Marca Mulltx Cor Laranja Soprador Jardim","Casa, Móveis e Decoração","Jardim e Ar Livre","921","293","Tier 2 — llevaría a 15.000 items"
"4361735289","Repelente Armadilha Elétrica Mata Mosquito Pernilongo Led Uv 127/220v","Casa, Móveis e Decoração","Jardim e Ar Livre","916","24","Tier 2 — llevaría a 15.000 items"
"4521616621","Kit C/ 10 Pastilhas Genco 3 Em 1 Tabletes Para Piscinas Kit 127v","Casa, Móveis e Decoração","Jardim e Ar Livre","916","78","Tier 2 — llevaría a 15.000 items"
"4438874130","Aspirador Manual Piscina Herbinject Azul Multisuperficie Triangular","Casa, Móveis e Decoração","Jardim e Ar Livre","915","34","Tier 2 — llevaría a 15.000 items"
"6191238934","Cinto De Sustentação Duplo Roçadeira P/ Toyama Stihl Husq Preto E Laranja - Bjb Equipamentos","Casa, Móveis e Decoração","Jardim e Ar Livre","912","35","Tier 2 — llevaría a 15.000 items"
"6296295738","Kit Cloreto De Potássio + Ureia + Calcário Dolomítico Filler","Casa, Móveis e Decoração","Jardim e Ar Livre","904","34","Tier 2 — llevaría a 15.000 items"
"6403591298","Kit 20 Tela Protetor Ralos Adesivos Descartáveis Anti Inseto - Escorpeão Baratas Ratos","Casa, Móveis e Decoração","Jardim e Ar Livre","903","19","Tier 2 — llevaría a 15.000 items"
"5653775432","Ralo Invisível Oculto 15x15 Em Aço Inoxidável 304 Premium","Casa, Móveis e Decoração","Jardim e Ar Livre","900","68","Tier 2 — llevaría a 15.000 items"
"5519089604","Kit 50 Tela Protetor Ralo Adesivo Cinza 10x10 Cm Anti Inseto","Casa, Móveis e Decoração","Jardim e Ar Livre","898","24","Tier 2 — llevaría a 15.000 items"
"4531813559","Bico Esguicho Ajustável Alta Pressão Engate Mangueira 3 Em 1","Casa, Móveis e Decoração","Jardim e Ar Livre","890","20","Tier 2 — llevaría a 15.000 items"
"3499813514","Ecotrap Armadilha Ecológica Para Moscas Mosquitos Refil Gado","Casa, Móveis e Decoração","Jardim e Ar Livre","879","131","Tier 2 — llevaría a 15.000 items"
"6562941098","Ralo Anti Espuma E Anti Inseto 100mm Tigre 27161006","Casa, Móveis e Decoração","Jardim e Ar Livre","874","29","Tier 2 — llevaría a 15.000 items"
"4459858293","Pastilha De Cânfora Bravir Para Armários E Gavetas - Controla Mofo E Umidade (pack Com 200)","Casa, Móveis e Decoração","Jardim e Ar Livre","872","94","Tier 2 — llevaría a 15.000 items"
"2115371249","Mangueira Jardim Mágica 30m Flexível Elástica 7 Tipos Jato Verde","Casa, Móveis e Decoração","Jardim e Ar Livre","868","30","Tier 2 — llevaría a 15.000 items"
"3250234455","Rolo De Tela Mosquiteira Cinza Polietileno 1,50m X 10 Metros Cinza","Casa, Móveis e Decoração","Jardim e Ar Livre","868","70","Tier 2 — llevaría a 15.000 items"
"4000449999","Ralo Tampa Grelha Quadrada 9,5x9,5 Com Fecho Rotativo Abre E Fecha Em Aço Inox","Casa, Móveis e Decoração","Jardim e Ar Livre","861","19","Tier 2 — llevaría a 15.000 items"
"5187273154","Bico De Alta Pressão Para Mangueira 3 Em 1 Com Engate Rápido","Casa, Móveis e Decoração","Jardim e Ar Livre","859","24","Tier 2 — llevaría a 15.000 items"
"3171683353","Veneno Formigas Cortadeira Isca Granulada 500g","Casa, Móveis e Decoração","Jardim e Ar Livre","859","35","Tier 2 — llevaría a 15.000 items"
"3728863885","Mangueira De Jardim 50m Metros Com Esguicho Trançada Reforçada Flexível 7/16 Anti Dobra Irrigação Quintal Poço Lavagem Durável Marqs Home Verde","Casa, Móveis e Decoração","Jardim e Ar Livre","854","94","Tier 2 — llevaría a 15.000 items"
"3772040260","Manta De Bidim Manta Para Jardineira Manta Para Vasos 5m²","Casa, Móveis e Decoração","Jardim e Ar Livre","848","40","Tier 2 — llevaría a 15.000 items"
"4545980173","Kit Conjunto 1 Mesa 4 Poltronas Plásticas Buffet Bar 182kg Preto","Casa, Móveis e Decoração","Jardim e Ar Livre","846","328","Tier 2 — llevaría a 15.000 items"
"3933409908","Mangueira Flex Para Jardinagem Com Esguicho Em Pvc 3 Camadas Com 30 Metros Verde Tramontina Green","Casa, Móveis e Decoração","Jardim e Ar Livre","843","84","Tier 2 — llevaría a 15.000 items"
"4125479179","Mangueira Jardim Flexivel 30m Tramontina Reforçada 4 Camadas Cor Verde-escuro","Casa, Móveis e Decoração","Jardim e Ar Livre","839","99","Tier 2 — llevaría a 15.000 items"
"5342382978","Ralo Inox Square Tampa Invisível Oculta 15x15 Nao É Pvc","Casa, Móveis e Decoração","Jardim e Ar Livre","837","73","Tier 2 — llevaría a 15.000 items"
"5827006252","Cinto Especial Sustentação Roçadeira P/ Stihl Toyama Vulcan Preto E Laranja","Casa, Móveis e Decoração","Jardim e Ar Livre","833","33","Tier 2 — llevaría a 15.000 items"
"2126021403","Repelente Off! Family Proteção Contra Mosquito Por Até 4h Spray 100ml","Casa, Móveis e Decoração","Jardim e Ar Livre","831","13","Tier 2 — llevaría a 15.000 items"
"6290276534","Gancho Suporte Parede Maxeb Aço Para Mangueira 7.5kg Preto","Casa, Móveis e Decoração","Jardim e Ar Livre","829","26","Tier 2 — llevaría a 15.000 items"
"4349583711","Kit 10 Tabletes Pastilha Penta 5x1 Hidroall 200gr Piscina Piscina","Casa, Móveis e Decoração","Jardim e Ar Livre","823","77","Tier 2 — llevaría a 15.000 items"
"5385116980","Válvula Americana De Inox 3 1/2 + Cestinha Pia Cozinha Cuba Valvula Ralo De Pia Cozinha Brilhante","Casa, Móveis e Decoração","Móveis para Casa","1092","22","Tier 2 — llevaría a 15.000 items"
"4361000785","Puff Sparky Sem Enchimento Modelo Pêra Oia Decor Cor Preto","Casa, Móveis e Decoração","Móveis para Casa","1086","53","Tier 2 — llevaría a 15.000 items"
"5229110102","Torneira Inox Bancada Metal Bica Móvel Pia Cozinha 5/8 6046c Prateado Brilhante","Casa, Móveis e Decoração","Móveis para Casa","1068","49","Tier 2 — llevaría a 15.000 items"
"3690900004","Fita Vedação Portas E Janelas Anti Ruido Pó Insetos 10 Metro","Casa, Móveis e Decoração","Móveis para Casa","1052","23","Tier 2 — llevaría a 15.000 items"
"4225325927","Torneira Gourmet Luxo Flexível Cozinha Cuba/bancada 2 Jatos Turbo Cor Preto - Marca Camperluz Preto (bancada/cuba) Cromado","Casa, Móveis e Decoração","Móveis para Casa","1039","32","Tier 2 — llevaría a 15.000 items"
"5261359252","4 Pezinhos Para Moveis 10cm Quadrado Com Regulagem Altura Cromado","Casa, Móveis e Decoração","Móveis para Casa","1025","19","Tier 2 — llevaría a 15.000 items"
"3203923458","Gaveteiro Organizador 4 Gavetas Multiuso Reforçado Grande","Casa, Móveis e Decoração","Móveis para Casa","1018","54","Tier 2 — llevaría a 15.000 items"
"5948166996","Torneira Com Filtro Flexivel Com Purificador Preta Chuveiro Flexível De Parede Tubo Silicone Preto Cone Jato Duplo Luxo Fosco","Casa, Móveis e Decoração","Móveis para Casa","1011","73","Tier 2 — llevaría a 15.000 items"
"5413914188","Torneira De Cozinha Parede Pia Bica Movel Metal Acabamento Cromado Cor Cromado","Casa, Móveis e Decoração","Móveis para Casa","1000","39","Tier 2 — llevaría a 15.000 items"
"6171251256","Batente Para Porta Magnético Com Adesivo Trava Porta Fixador Preto","Casa, Móveis e Decoração","Móveis para Casa","966","19","Tier 2 — llevaría a 15.000 items"
"6110695098","Torneira Flexível Parede Cozinha Preto Pressurizada Moderna Preto Fosco","Casa, Móveis e Decoração","Móveis para Casa","959","33","Tier 2 — llevaría a 15.000 items"
"5297703000","Pé De Cama Box Kit 12 Pés 12cm Com 2 Chapas União E Buchas","Casa, Móveis e Decoração","Móveis para Casa","949","46","Tier 2 — llevaría a 15.000 items"
"4265814757","Torneira Com Filtro Gourmet De Cozinha 2 Jatos Flexível Forte Lar Metais Cone Preto Parede Preto Black Fosco","Casa, Móveis e Decoração","Móveis para Casa","941","74","Tier 2 — llevaría a 15.000 items"
"4595177011","Torneira Com Filtro De Cozinha Gourmet Parede Tuiuiu Metais Prateado Brilhante","Casa, Móveis e Decoração","Móveis para Casa","935","61","Tier 2 — llevaría a 15.000 items"
"5911456304","8 Rodinha Rodízio Roda Reforçada Moveis Pesados 50mm 800kg Laranja","Casa, Móveis e Decoração","Móveis para Casa","927","59","Tier 2 — llevaría a 15.000 items"
"3420076709","Torneira Dazie Metais Flexível Com Filtro Gourmet Parede Cone Abs 2 Jatos 1/4 Volta Filtro Refil Pro Saúde Blindado Tubo Cozinha Carbon Block Purificador De Agua Cromado Brilhante","Casa, Móveis e Decoração","Móveis para Casa","920","73","Tier 2 — llevaría a 15.000 items"
"1833595149","Torneira Gourmet Filtro Bancada Flexivel Preta Pia Cozinha Preto","Casa, Móveis e Decoração","Móveis para Casa","896","140","Tier 2 — llevaría a 15.000 items"
"4888211524","Kit 4 Rodinhas Rodízio Para Moveis Capacidade 400kg Roda Reforçada Com Trava Silenciosa E Roda Fixa Retratil 50mm 2 ... Laranja","Casa, Móveis e Decoração","Móveis para Casa","881","36","Tier 2 — llevaría a 15.000 items"
"5491535502","Torneira Bica Móvel De Cozinha Parede Alavanca 1/4 Acabamento Cromada Cor Prateado","Casa, Móveis e Decoração","Móveis para Casa","854","29","Tier 2 — llevaría a 15.000 items"
"4263718909","Torneira De Cozinha Clássica Flexível Para Bancada Ou Parede","Casa, Móveis e Decoração","Móveis para Casa","842","27","Tier 2 — llevaría a 15.000 items"
"5823449348","Apoio Para Pés Ergonômico Descanso Resistente Escritório","Casa, Móveis e Decoração","Móveis para Casa","841","47","Tier 2 — llevaría a 15.000 items"
"5911404594","4 Rodinha Rodízio Roda Reforçada Moveis Pesados 50mm 400kg Rodas Laranja","Casa, Móveis e Decoração","Móveis para Casa","837","30","Tier 2 — llevaría a 15.000 items"
"5267505034","Magnow Kit 10 Saco Vacuo Viagem Organizadores Casaco 70x110cm Guarda Roupa","Casa, Móveis e Decoração","Organização para Casa","1078","70","Tier 2 — llevaría a 15.000 items"
"4475042719","Kit 10 Sacos A Vácuo 50x60cm Com Bomba Manual | Organizador De Roupas, Casacos, Edredom Solteiro, Viagem E Armazenamento Ligeiro","Casa, Móveis e Decoração","Organização para Casa","1065","39","Tier 2 — llevaría a 15.000 items"
"6191354976","Cabides Acrilico Cabide Atacado Kit 20 Unidades Transparente","Casa, Móveis e Decoração","Organização para Casa","1059","37","Tier 2 — llevaría a 15.000 items"
"3918505543","Kit 10 Saco A Vacuo Viagem Mala Organizador Embalagem Com Bomba Homeroarte","Casa, Móveis e Decoração","Organização para Casa","1029","67","Tier 2 — llevaría a 15.000 items"
"6588455114","Kit 50 Cabides De Plástico Preto Para Roupa Adulto Reforçado","Casa, Móveis e Decoração","Organização para Casa","965","24","Tier 2 — llevaría a 15.000 items"
"4291465236","Kit 4 Saco A Vacuo Magnow G Viagem Roupa 70x110cm + Bomba De Vácuo","Casa, Móveis e Decoração","Organização para Casa","942","40","Tier 2 — llevaría a 15.000 items"
"6227236528","Kit6 Saco Organizador Guarda Roupa Dobrável Edredom Cobertor Azul","Casa, Móveis e Decoração","Organização para Casa","911","64","Tier 2 — llevaría a 15.000 items"
"4780593266","Organizador Para Porta E Parede Com 8 Ganchos Facility Branco","Casa, Móveis e Decoração","Organização para Casa","839","28","Tier 2 — llevaría a 15.000 items"
"5273717078","Kit 5 Sacos Organizadores Magnow 50x60cm Com Bomba Saco Vacuo Viagem Mala","Casa, Móveis e Decoração","Organização para Casa","831","35","Tier 2 — llevaría a 15.000 items"
"5484287158","Kit 10 Cabide Presilha-calça, Saia Ou Bermuda Topen Home Preto","Casa, Móveis e Decoração","Organização para Casa","830","30","Tier 2 — llevaría a 15.000 items"
"6216818128","Campainha Sem Fio Tomada Fácil Instalação Vários Toques Preto 127/220v","Casa, Móveis e Decoração","Segurança para Casa","1091","30","Tier 2 — llevaría a 15.000 items"
"3584213689","Kit 4 Pistão A Gás 100n Amortecedor Armário Cozinha Moveis Porta De Elevação Abre Para Cima","Casa, Móveis e Decoração","Segurança para Casa","1088","23","Tier 2 — llevaría a 15.000 items"
"6521729838","Mini Câmera Espiã Portátil Midiafone A9 Full Hd 1080p, Com Wi-fi E Visão Noturna Preto","Casa, Móveis e Decoração","Segurança para Casa","1084","22","Tier 2 — llevaría a 15.000 items"
"4524797097","Kit Com 3 Câmeras Lâmpada Wifi E27 360° Full Hd, Visão Noturna, Áudio, Sensor Movimento, App Yoosee Monitoramento 24h Fácil Instalação Segurança Residencial Imagem Nítida E Acesso Remoto Branco","Casa, Móveis e Decoração","Segurança para Casa","1063","159","Tier 2 — llevaría a 15.000 items"
"4134160195","Câmera Dome Hikvision Thc T127 Lps Microfone Visão Noturna Cor Branco","Casa, Móveis e Decoração","Segurança para Casa","1057","100","Tier 2 — llevaría a 15.000 items"
"4838322866","Fechadura Stam Estreita Espelho Inox 601-602/33 Serralheiro Prateado","Casa, Móveis e Decoração","Segurança para Casa","1057","50","Tier 2 — llevaría a 15.000 items"
"4271683083","Fechadura Porta Banheiro Wc Stam 823/35 Preto Fosco Rq1","Casa, Móveis e Decoração","Segurança para Casa","1057","57","Tier 2 — llevaría a 15.000 items"
"5191567432","Kit 2 Camera Ip Icsee Wifi + 2 Cartão De Memória Sd 64gb Branco","Casa, Móveis e Decoração","Segurança para Casa","1046","245","Tier 2 — llevaría a 15.000 items"
"4486649973","Apple Airtag Rastreador Localizador Apenas Uma Unidade White","Casa, Móveis e Decoração","Segurança para Casa","1045","188","Tier 2 — llevaría a 15.000 items"
"4413642117","Suporte Protetor Anti-furto Chuva Campainha Intelbras Cib101 Preto","Casa, Móveis e Decoração","Segurança para Casa","1041","21","Tier 2 — llevaría a 15.000 items"
"4540186165","Kit 3 Controle Remoto Universal Para Portão Eletronico Automatico 433mhz Garagem Portão Preto","Casa, Móveis e Decoração","Segurança para Casa","1038","40","Tier 2 — llevaría a 15.000 items"
"5477025480","Fechadura Banheiro Livre / Ocupado Soprano Cromada Cromado","Casa, Móveis e Decoração","Segurança para Casa","1027","29","Tier 2 — llevaría a 15.000 items"
"3639581837","Câmera De Segurança Ip Wifi Placa Solar Prova D'água Full Hd Branca / Preta","Casa, Móveis e Decoração","Segurança para Casa","1026","212","Tier 2 — llevaría a 15.000 items"
"4315950383","Airtag Apple Rastreador Gps Localização Garantia Original Un Branco","Casa, Móveis e Decoração","Segurança para Casa","1024","191","Tier 2 — llevaría a 15.000 items"
"4140526787","Fechadura Digital De Sobrepor Fr 102 Preto Intelbras","Casa, Móveis e Decoração","Segurança para Casa","1022","203","Tier 2 — llevaría a 15.000 items"
"5148530308","Cadeado Segredo Mala Tsa Armario Vestiario Viagem Cabo D Aço","Casa, Móveis e Decoração","Segurança para Casa","1011","28","Tier 2 — llevaría a 15.000 items"
"4398229819","Smart Tag Localizador Rastreador Gps Carro Mala Criança Pet Airtag Marca Hardline Água","Casa, Móveis e Decoração","Segurança para Casa","1000","23","Tier 2 — llevaría a 15.000 items"
"3953049089","Trava Porta Magnético Inox Prendedor Fixador Segurador Imã","Casa, Móveis e Decoração","Segurança para Casa","1000","22","Tier 2 — llevaría a 15.000 items"
"6465754352","Kit 3 Controles Para Portão Eletrônico Automatico Remoto Universal 4 Botões Preto/prata","Casa, Móveis e Decoração","Segurança para Casa","1000","39","Tier 2 — llevaría a 15.000 items"
"4145437325","Câmera De Segurança Ip Wi-fi Icsee A8  Monitoramento Inteli Branco","Casa, Móveis e Decoração","Segurança para Casa","999","90","Tier 2 — llevaría a 15.000 items"
"4104334271","Kit 2 Controles Remoto Portão Eletrônico 433 Tx Max Garen Preto","Casa, Móveis e Decoração","Segurança para Casa","998","38","Tier 2 — llevaría a 15.000 items"
"3746343139","Fechadura De Sobrepor 231 Soprano Para Portão Cor Preto","Casa, Móveis e Decoração","Segurança para Casa","989","36","Tier 2 — llevaría a 15.000 items"
"4537310341","Câmera Wifi Babá Eletrônica Pet 360° Visão Noturna Segurança Branco","Casa, Móveis e Decoração","Segurança para Casa","987","70","Tier 2 — llevaría a 15.000 items"
"6599686982","Camera Espiã Sem Fio Com Som Visão Ultra Monitoramento Interno Conexão Wifi Controle Pelo Celular Vigilância Residencial Discreta Portátil Cor Preto Hair Trimmer","Casa, Móveis e Decoração","Segurança para Casa","972","26","Tier 2 — llevaría a 15.000 items"
"3941232025","Controle Remoto Para Portão Eletrônico Rossi 433 Mhz Hcs Envio Rapido","Casa, Móveis e Decoração","Segurança para Casa","970","40","Tier 2 — llevaría a 15.000 items"
"6439113990","Kit 2 Câmera Segurança Wifi Lente Dupla 2x 3mp 360° Externa Cinza","Casa, Móveis e Decoração","Segurança para Casa","969","278","Tier 2 — llevaría a 15.000 items"
"5677143722","Kit 2 Câmeras De Segurança Hw Ip Wi-fi 6mp Lente Dupla Visão Noturna 355° Detecção De Movimento Com App Icsee","Casa, Móveis e Decoração","Segurança para Casa","968","314","Tier 2 — llevaría a 15.000 items"
"4271783217","Fechadura Porta Externa 803/35 Cromado Roseta Aço Inox Stam","Casa, Móveis e Decoração","Segurança para Casa","960","70","Tier 2 — llevaría a 15.000 items"
"4245282623","Cofre De Chaves Com Senha Numérica Metálico Preto","Casa, Móveis e Decoração","Segurança para Casa","947","33","Tier 2 — llevaría a 15.000 items"
"4408427660","Câmera De Segurança Inteligente Intelbras Im3 C Branca Branco","Casa, Móveis e Decoração","Segurança para Casa","942","230","Tier 2 — llevaría a 15.000 items"
"4092897569","Fechadura Trava Seguranca Tetra Stam Ref 1004 Inox 4 Chaves","Casa, Móveis e Decoração","Segurança para Casa","941","60","Tier 2 — llevaría a 15.000 items"
"6130965610","Campainha Sem Fio Intelbras Cib 101 Com Protetor 2 Entradas Branco 127/220v","Casa, Móveis e Decoração","Segurança para Casa","935","78","Tier 2 — llevaría a 15.000 items"
"5528187166","Pistão Gás Coluna Universal Cadeira Reforçada Classe 3 150kg Preto","Casa, Móveis e Decoração","Segurança para Casa","934","33","Tier 2 — llevaría a 15.000 items"
"5401287480","Kit 4 Câmera Segurança Ip Interna Externa Wifi A28 App Icsee Prova Dagua Ip66 Dome Lente Dupla Lentes 2 Em 1 Vigilância Visão Noturna Infravermelho Casenn","Casa, Móveis e Decoração","Segurança para Casa","933","491","Tier 2 — llevaría a 15.000 items"
"3987852595","Fechadura Ipanema Reta Externa Preta Soprano Cor Preto","Casa, Móveis e Decoração","Segurança para Casa","930","44","Tier 2 — llevaría a 15.000 items"
"4018093779","Camera Segurança Tomada 360 Wifi Ip Full Hd Visão Noturna Monitoramento Interno Conexão Sem Fio Controle App Smartphone Vigilância Residencial Modelo Jt8178 Hair Trimmer Wi-fi","Casa, Móveis e Decoração","Segurança para Casa","929","74","Tier 2 — llevaría a 15.000 items"
"4002970991","Fechadura Elétrica De Sobrepor Fx 500 Preto Intelbras","Casa, Móveis e Decoração","Segurança para Casa","926","150","Tier 2 — llevaría a 15.000 items"
"4506000221","Câmera Ip Vlx P11 8mp 4k De Lente Dupla Ptz Com Sirene E Wi-fi Cinza","Casa, Móveis e Decoração","Segurança para Casa","925","145","Tier 2 — llevaría a 15.000 items"
"5914784428","Câmera Inteligente Im7 + 3mp De Resolução Branca Intelbras Branco","Casa, Móveis e Decoração","Segurança para Casa","923","430","Tier 2 — llevaría a 15.000 items"
"1668118823","Controle Ppa Zap Pop 433 Dupla Tecnologia Portão Eletrônico","Casa, Móveis e Decoração","Segurança para Casa","922","26","Tier 2 — llevaría a 15.000 items"
"4332107705","Câmera De Segurança Babá Eletrônica Pets Visão Noturna E Som Branco","Casa, Móveis e Decoração","Segurança para Casa","917","86","Tier 2 — llevaría a 15.000 items"
"2820398339","Fechadura Externa Stam Universal Trinco Reversível Madeira Oxidado","Casa, Móveis e Decoração","Segurança para Casa","916","86","Tier 2 — llevaría a 15.000 items"
"4428545365","Câmera Wifi Segurança Babá Pet De Estimação Eletrônica 360 Branco","Casa, Móveis e Decoração","Segurança para Casa","915","72","Tier 2 — llevaría a 15.000 items"
"5438576110","Câmera De Segurança Full Hd Visão Noturna Na Tomada Jt-8178 Branco","Casa, Móveis e Decoração","Segurança para Casa","915","63","Tier 2 — llevaría a 15.000 items"
"4154754203","Sensor De Presença Para Lâmpada Gotwire? Soquete Com Fotocélula Bocal E27 Branco","Casa, Móveis e Decoração","Segurança para Casa","912","23","Tier 2 — llevaría a 15.000 items"
"3512818423","Vídeoporteiro Residencial Módulo Interno E Externo Ivr 1070 Hs Branco E Preto Intelbras Branco/preto 127/220v","Casa, Móveis e Decoração","Segurança para Casa","910","735","Tier 2 — llevaría a 15.000 items"
"5618923778","Câmera De Segurança Ip Wifi Placa Solar Prova D'água Full Hd Preto","Casa, Móveis e Decoração","Segurança para Casa","909","218","Tier 2 — llevaría a 15.000 items"
"5376344358","Fechadura Porta Trinco Universal Externa Sala Quarto Bronze Bronze Latonado","Casa, Móveis e Decoração","Segurança para Casa","907","46","Tier 2 — llevaría a 15.000 items"
"4535957773","Câmera Hdcvi Lite Intelbras Vhl 1220b G8 Hd 1080p 20 Metros Infravermelho Cor Branco","Casa, Móveis e Decoração","Segurança para Casa","898","97","Tier 2 — llevaría a 15.000 items"
"6522775528","Interfone Dedicado Para Apartamento E Condomínio Intelbras Tdmi 300 Cinza 127/220v","Casa, Móveis e Decoração","Segurança para Casa","894","45","Tier 2 — llevaría a 15.000 items"
"2735669440","Campainha Residencial Externa S Fio Bateria 5 Anos Intelbras","Casa, Móveis e Decoração","Segurança para Casa","893","129","Tier 2 — llevaría a 15.000 items"
"6478485456","Câmera Intelbras Vhl 1120b G2 Hdcvi Cor Branco","Casa, Móveis e Decoração","Segurança para Casa","893","91","Tier 2 — llevaría a 15.000 items"
"5513983646","Câmera Residencial Com Áudio Infravermelho An Thc-b127-lps(2.8mm) Hilook Hikvision Branco","Casa, Móveis e Decoração","Segurança para Casa","891","117","Tier 2 — llevaría a 15.000 items"
"4799275038","Fechadura Para Portão De Sobrepor Pratice 0231 - Soprano Preto","Casa, Móveis e Decoração","Segurança para Casa","890","37","Tier 2 — llevaría a 15.000 items"
"5454458866","Central Para Motor Garen Fit Ramp Placa De Comando","Casa, Móveis e Decoração","Segurança para Casa","886","61","Tier 2 — llevaría a 15.000 items"
"3702235627","Fechadura Cadeado De Chão Trava Para Porta De Aço Dovale Cor Verde","Casa, Móveis e Decoração","Segurança para Casa","882","90","Tier 2 — llevaría a 15.000 items"
"5300720382","Fechadura Externa Cromada Popline Reta 40x53 Soprano Cor Prateado","Casa, Móveis e Decoração","Segurança para Casa","879","44","Tier 2 — llevaría a 15.000 items"
"4271721671","Fechadura Stam Porta Banheiro 823/35 Cromado Roseta Aço Inox","Casa, Móveis e Decoração","Segurança para Casa","877","60","Tier 2 — llevaría a 15.000 items"
"4303477089","Smart Tag Android Rastreador Objetos, Chaves, Pet, Carro, Moto Certificado Google Preto Rb Smart","Casa, Móveis e Decoração","Segurança para Casa","875","69","Tier 2 — llevaría a 15.000 items"
"4271758231","Fechadura Porta Externa 803/35 Roseta Quadrada Preto Stam","Casa, Móveis e Decoração","Segurança para Casa","868","65","Tier 2 — llevaría a 15.000 items"
"5435043908","Câmera Inteligente Im7 + 3mp De Resolução Branca Intelbras Branco","Casa, Móveis e Decoração","Segurança para Casa","866","424","Tier 2 — llevaría a 15.000 items"
"5341046066","Campainha Sem Fio Residencial Wireless Resistente A Agua B-max Bm-603 Cor: Branca E Dourada","Casa, Móveis e Decoração","Segurança para Casa","866","34","Tier 2 — llevaría a 15.000 items"
"6469598044","Cadeado Tsa Senha Segredo Mala Armario Mochila Viagem Aço Preto","Casa, Móveis e Decoração","Segurança para Casa","866","25","Tier 2 — llevaría a 15.000 items"
"5002382900","Cadeado Com Segredo Stam 25mm Preto","Casa, Móveis e Decoração","Segurança para Casa","865","24","Tier 2 — llevaría a 15.000 items"
"5059536314","Fechadura Sobrepor P/ Portão Stam 701/100 - Promo Cor Preto","Casa, Móveis e Decoração","Segurança para Casa","862","56","Tier 2 — llevaría a 15.000 items"
"5514213766","Câmera Mini Bullet Thc-b127-lpc Fixa Luz Dupla 2mp Hikvision Branco","Casa, Móveis e Decoração","Segurança para Casa","861","92","Tier 2 — llevaría a 15.000 items"
"6481106722","Câmera Bullet Full Hd 1080p 2.8mm Intelbras Vhl 1220 B G9 Branco","Casa, Móveis e Decoração","Segurança para Casa","859","105","Tier 2 — llevaría a 15.000 items"
"5007798076","Interruptor Sensor De Presença Fotocélula Para Iluminação Branco","Casa, Móveis e Decoração","Segurança para Casa","859","31","Tier 2 — llevaría a 15.000 items"
"4573339193","Câmera De Segurança Ip Interna Externa Wifi A28/a31/8695 Dome Lente Dupla Lentes 2 Em 1 Prova Dagua Ip66 App Icsee Vigilância Visão Noturna Infravermelho Alarme Auto Tracking Brazuca Preto","Casa, Móveis e Decoração","Segurança para Casa","858","135","Tier 2 — llevaría a 15.000 items"
"3578283895","Cofre Eletrônico Digital Senha Ou Chave 23x17x17 Contelux Preto","Casa, Móveis e Decoração","Segurança para Casa","856","126","Tier 2 — llevaría a 15.000 items"
"6448020762","Câmera De Segurança Inteligente Solar Wifi Ekaza 3mp 2k Ip65 Visão Noturna Áudio Bidirecional App Branco","Casa, Móveis e Decoração","Segurança para Casa","853","242","Tier 2 — llevaría a 15.000 items"
"4548573597","Câmera De Segurança A28b 6mp Wi-fi Ip Dupla Lente 360 Icsee Visão Noturna Colorida Rastreamento Humanóide Áudio Bidirecional Instalação Fácil Externa Entrada P/ Sd Até 128gb","Casa, Móveis e Decoração","Segurança para Casa","848","119","Tier 2 — llevaría a 15.000 items"
"4342514459","Bateria Selada Elgin 12v Vrla - Para Uso Em Alarme Cor Preto","Casa, Móveis e Decoração","Segurança para Casa","847","75","Tier 2 — llevaría a 15.000 items"
"5645817968","Cofre Eletrônico Digital Contelux Senha Ou Chave 31x20x20 Cor Preto","Casa, Móveis e Decoração","Segurança para Casa","846","200","Tier 2 — llevaría a 15.000 items"
"6399668610","Fechadura Digital Intelbras Fr101 Preto","Casa, Móveis e Decoração","Segurança para Casa","845","299","Tier 2 — llevaría a 15.000 items"
"5796732468","20pcs Gomo Cremalheira Nylon 25cm Rossi Peccinin Residencial Preto","Casa, Móveis e Decoração","Segurança para Casa","844","26","Tier 2 — llevaría a 15.000 items"
"4331493283","Kit 2 Câmeras Segurança Lâmpada Wifi 360° Full Hd 1080p Visão Noturna Infravermelho Áudio Bidirecional Soquete E27 App Yoosee 2.4ghz Rotação 360x90° Monitoramento Interno Externo Branco","Casa, Móveis e Decoração","Segurança para Casa","838","120","Tier 2 — llevaría a 15.000 items"
"3339330065","Fechadura Para Portão Sobrepor Stam 1701/100 Tetra C/4 Chaves Inox Preto","Casa, Móveis e Decoração","Segurança para Casa","837","78","Tier 2 — llevaría a 15.000 items"
"4232264197","Câmera Segurança Externa Lente E Antena Dupla A28b Zoom 5g Branco","Casa, Móveis e Decoração","Segurança para Casa","835","117","Tier 2 — llevaría a 15.000 items"
"3659499805","Sensor Fotosoquete Fotocélula Relé Iluminação Soquete E27 Exatron 110v 220v Bivolt Rosca Fts0mpxc2bc Branco","Casa, Móveis e Decoração","Segurança para Casa","832","29","Tier 2 — llevaría a 15.000 items"
"5839672440","Câmera De Segurança Hikvision Ds-2ce76d0t-lpfs, Turret 2mp, Fhd, 2.8mm Branco","Casa, Móveis e Decoração","Segurança para Casa","832","122","Tier 2 — llevaría a 15.000 items"
"4238501929","Cobertor Queen Manta Microfibra Antialérgico Flannel Soft","Casa, Móveis e Decoração","Têxteis de Casa e Decoração","1097","57","Tier 2 — llevaría a 15.000 items"
"3941762561","Jogo De Lençol Cama Solteiro 02 Peças 400 Fios Ponto Palito Cor Branco Desenho Do Tecido Lisa Liso","Casa, Móveis e Decoração","Têxteis de Casa e Decoração","1096","28","Tier 2 — llevaría a 15.000 items"
"5788097664","Jogo De Lençol Queen 3 Peças 400 Fios C/ Elástico Hotel Azul-marinho Liso","Casa, Móveis e Decoração","Têxteis de Casa e Decoração","1094","33","Tier 2 — llevaría a 15.000 items"
"5574864342","Jogo De Lençol King Micropercal 400 Fios C/ Fronha Ponto Palito 4 Peças Toque Aveludado Resistente Hotel Luxo Premium Cor Branco Liso","Casa, Móveis e Decoração","Têxteis de Casa e Decoração","1093","71","Tier 2 — llevaría a 15.000 items"
"6074891020","Jogo De Lençol Casal 400 Fios 4 Peças Conforto Premium Cama Florido Estampado","Casa, Móveis e Decoração","Têxteis de Casa e Decoração","1090","53","Tier 2 — llevaría a 15.000 items"
"3571916063","Lençol De Malha Casal 100% Algodão C/ Fronha Macio Elástico","Casa, Móveis e Decoração","Têxteis de Casa e Decoração","1090","57","Tier 2 — llevaría a 15.000 items"
"6482368770","Cobertor Casal Veludo Manta Cerejas Microfibra Toque Macio Cerejas","Casa, Móveis e Decoração","Têxteis de Casa e Decoração","1090","60","Tier 2 — llevaría a 15.000 items"
"5211726080","Jogo De Lençóis Solteiro 3 Peças Algodão Geométrico","Casa, Móveis e Decoração","Têxteis de Casa e Decoração","1089","60","Tier 2 — llevaría a 15.000 items"
"4584982824","Lençol Casal Avulso Sem Elástico Percal 400 Fios Aveludado","Casa, Móveis e Decoração","Têxteis de Casa e Decoração","1086","28","Tier 2 — llevaría a 15.000 items"
"5454823790","Jogo Lençol 2 Peças Solteiro Hipercal 400 Fios Leve Luxo Cor Verde Desenho Do Tecido Liso","Casa, Móveis e Decoração","Têxteis de Casa e Decoração","1081","27","Tier 2 — llevaría a 15.000 items"
"5361446326","Tapete Cozinha Quarto Soft Jogo 3 Peças Antiderrapante Macio","Casa, Móveis e Decoração","Têxteis de Casa e Decoração","1080","45","Tier 2 — llevaría a 15.000 items"
"3524629003","Toalha Para Mesa De 6 Lugares 2,05m X 1,45m Oxford Estampas","Casa, Móveis e Decoração","Têxteis de Casa e Decoração","1079","24","Tier 2 — llevaría a 15.000 items"
"6035018778","Kit 2 Porta Travesseiro 70x50 Capa Protetor Matelado Macio Branco Matelado","Casa, Móveis e Decoração","Têxteis de Casa e Decoração","1076","26","Tier 2 — llevaría a 15.000 items"
"5208285786","Jogo Lençol Casal 3pç 400 Fios Hipercal Conforto Macio Cor Verde Desenho Do Tecido Liso","Casa, Móveis e Decoração","Têxteis de Casa e Decoração","1070","34","Tier 2 — llevaría a 15.000 items"
"5489175732","Almofada Cheia Suede Drapeada Macia 45x45 - Decorativa","Casa, Móveis e Decoração","Têxteis de Casa e Decoração","1068","33","Tier 2 — llevaría a 15.000 items"
"3991651599","Kit 50 Guardanapos De Tecido Oxford 35x35 Mesa Posta Atacado","Casa, Móveis e Decoração","Têxteis de Casa e Decoração","1061","65","Tier 2 — llevaría a 15.000 items"
"4264249163","Jogo De Lençol Queen 3 Peças 400 Fios C/ Elástico Hotel Preto Liso","Casa, Móveis e Decoração","Têxteis de Casa e Decoração","1055","33","Tier 2 — llevaría a 15.000 items"
"4241720951","Lençol Hospitalar Lençol Hospital Percal 200 Fios Premium Toque Aveludado Branco Liso","Casa, Móveis e Decoração","Têxteis de Casa e Decoração","1053","30","Tier 2 — llevaría a 15.000 items"
"4251502957","Kit 2 Mantas Microfibra Casal Lisa 2,00x1,80 Mt","Casa, Móveis e Decoração","Têxteis de Casa e Decoração","1048","48","Tier 2 — llevaría a 15.000 items"
"3918233055","Jogo De Lençol Queen Micropercal 400 Fios Sofisticado 3pç Cor Bege Desenho Do Tecido Liso","Casa, Móveis e Decoração","Têxteis de Casa e Decoração","1045","33","Tier 2 — llevaría a 15.000 items"
"4013675019","Jogo Americano 6 Peças Ondas Redondo Ondulado Premium Luxo","Casa, Móveis e Decoração","Têxteis de Casa e Decoração","1044","48","Tier 2 — llevaría a 15.000 items"
"5449040108","Jogo De Cama 600 Fios 100% Algodão Queen 3 Peças","Casa, Móveis e Decoração","Têxteis de Casa e Decoração","1040","69","Tier 2 — llevaría a 15.000 items"
"3986467325","Manta Cobertor Soft Canelada Casal Microfibra 200x180cm","Casa, Móveis e Decoração","Têxteis de Casa e Decoração","1038","41","Tier 2 — llevaría a 15.000 items"
"3222461078","Tapete Antiderrapante 2m Para Sala Quarto 1,35x2,00 Mesclado","Casa, Móveis e Decoração","Têxteis de Casa e Decoração","1030","79","Tier 2 — llevaría a 15.000 items"
"5599269936","Tapete Passadeira Sala Quarto Felpudo Peludo Macio 200x60","Casa, Móveis e Decoração","Têxteis de Casa e Decoração","1029","37","Tier 2 — llevaría a 15.000 items"
"5331518394","Jogo Americano Redondo 6 Peças Sousplat Fácil De Limpar","Casa, Móveis e Decoração","Têxteis de Casa e Decoração","1028","45","Tier 2 — llevaría a 15.000 items"
"4198248891","2 Fronha Avulsa 100% Algodão Percal 200 Fios Ponto Palito Cor Azul-marinho Lisa Liso","Casa, Móveis e Decoração","Têxteis de Casa e Decoração","1020","23","Tier 2 — llevaría a 15.000 items"
"6290390672","Protetor De Colchão Queen Impermeável Capa Protetora Antiácaros Matelada Cor Bege Casa Laura Enxovais Matelado","Casa, Móveis e Decoração","Têxteis de Casa e Decoração","1018","34","Tier 2 — llevaría a 15.000 items"
"5663929924","Kit 2 Fronhas De Cetim Premium Anti Frizz 50x70cm C/ Ziper","Casa, Móveis e Decoração","Têxteis de Casa e Decoração","1018","29","Tier 2 — llevaría a 15.000 items"
"4152324533","Jogo De Lençol King 3 Peças Micropercal 400 Fios C/ Fronha Ponto Palito Lençol Elástico Macio Resistente Cor Azul Marinho Premium Liso","Casa, Móveis e Decoração","Têxteis de Casa e Decoração","1017","41","Tier 2 — llevaría a 15.000 items"
"2891457940","Lençol Casal Superior Sem Elástico Hotel Percal 400 Fios","Casa, Móveis e Decoração","Têxteis de Casa e Decoração","1017","29","Tier 2 — llevaría a 15.000 items"
"4100578069","Lençol Avulso C/ Elástico 600 Fios 100% Algodão Super King","Casa, Móveis e Decoração","Têxteis de Casa e Decoração","1013","73","Tier 2 — llevaría a 15.000 items"
"6210013032","Jogo De Lençol Casal 400 Fios 4 Peças Conforto Premium Cama Bolinhas Cinza Estampado","Casa, Móveis e Decoração","Têxteis de Casa e Decoração","1010","53","Tier 2 — llevaría a 15.000 items"
"4144767081","Avental Bar Restaurante Profissional Lona Impermeável Estilo","Casa, Móveis e Decoração","Têxteis de Casa e Decoração","1009","38","Tier 2 — llevaría a 15.000 items"
"2015634192","Capa De Sofá Retro 4 Lugares Elásticado Retrátil King Grande","Casa, Móveis e Decoração","Têxteis de Casa e Decoração","1008","74","Tier 2 — llevaría a 15.000 items"
"4437548601","Jogo De Lençol Queen 3 Peças 400 Fios Com Elástico Hotel Preto Liso","Casa, Móveis e Decoração","Têxteis de Casa e Decoração","1000","32","Tier 2 — llevaría a 15.000 items"
"3917828175","Jogo De Lençol Casal Padrão 3 Pçs 400 Fios C/ Elástico Hotel","Casa, Móveis e Decoração","Têxteis de Casa e Decoração","999","34","Tier 2 — llevaría a 15.000 items"
"5782580818","Jogo De Lençol Infantil Solteiro 2 Pçs C/ Elástico Desenhos","Casa, Móveis e Decoração","Têxteis de Casa e Decoração","995","27","Tier 2 — llevaría a 15.000 items"
"5277297802","2 Fronhas P/ Travesseiro Corpo Xuxão 1,30x40 400 Fios","Casa, Móveis e Decoração","Têxteis de Casa e Decoração","994","26","Tier 2 — llevaría a 15.000 items"
"4232169831","Kit 2 Protetor De Colchão Solteiro Impermeável C/ Elástico Matelado Antiácaro Antialérgico Toque Suave Respirável Cor Branco","Casa, Móveis e Decoração","Têxteis de Casa e Decoração","986","50","Tier 2 — llevaría a 15.000 items"
"1799330330","Jogo De Lençol Casal Queen 3 Pç Estampado Malha 100% Algodão","Casa, Móveis e Decoração","Têxteis de Casa e Decoração","983","60","Tier 2 — llevaría a 15.000 items"
"3597710805","Kit 6 Capas Cadeira Jantar Tecido Importado Spandex Elástico","Casa, Móveis e Decoração","Têxteis de Casa e Decoração","978","74","Tier 2 — llevaría a 15.000 items"
"5455481070","Jogo Lençol 2 Peças Solteiro Hipercal 400 Fios Leve Luxo Cor Branco Desenho Do Tecido Liso","Casa, Móveis e Decoração","Têxteis de Casa e Decoração","977","26","Tier 2 — llevaría a 15.000 items"
"1803741368","Capa Para Colchão Solteiro Impermeável Antialérgico Zíper","Casa, Móveis e Decoração","Têxteis de Casa e Decoração","977","34","Tier 2 — llevaría a 15.000 items"
"5818423168","Oferta Protetor De Colchão King Impermeável Confortável","Casa, Móveis e Decoração","Têxteis de Casa e Decoração","976","49","Tier 2 — llevaría a 15.000 items"
"4078438157","2 Fronha Avulsa Toque De Algodão Percal 200 Fios Premium Cor Branco Liso","Casa, Móveis e Decoração","Têxteis de Casa e Decoração","974","23","Tier 2 — llevaría a 15.000 items"
"3906837773","Jogo Lençol Solteiro Percal 400 Fios 3 Pçs Macio Toque Suave","Casa, Móveis e Decoração","Têxteis de Casa e Decoração","974","56","Tier 2 — llevaría a 15.000 items"
"4422886283","Jogo De Toalhas De Banho 140 Cm Microfibra Cinza Listras","Casa, Móveis e Decoração","Têxteis de Casa e Decoração","971","29","Tier 2 — llevaría a 15.000 items"
"5206540382","Cobertor Mantinha Microfibra Casal Manta Macia Diversas Cores Hotel Pousada Para O Frio Doação Estampada Sortida Casa Laura Enxovais Estampado 500 G","Casa, Móveis e Decoração","Têxteis de Casa e Decoração","968","30","Tier 2 — llevaría a 15.000 items"
"4001412373","Kit 4 Enchimentos De Almofada Fibra Siliconada 48x48 Cm Quadrada Branco","Casa, Móveis e Decoração","Têxteis de Casa e Decoração","965","41","Tier 2 — llevaría a 15.000 items"
"4391734480","Kit 10 Pano De Copa Prato Estampado Felpudo 41x64cm Grande Branco","Casa, Móveis e Decoração","Têxteis de Casa e Decoração","963","44","Tier 2 — llevaría a 15.000 items"
"4961321860","Kit 10 Panos De Prato Cozinha Branco Liso Pé De Galinha Pintar Colorir Artesanato Atacado Guardanapo Com Bainha Lateral 100% Algodão 66x41cm Elc","Casa, Móveis e Decoração","Têxteis de Casa e Decoração","958","31","Tier 2 — llevaría a 15.000 items"
"4429771669","Kit 4 Capa Almofada Suede Aveludada Drapeada 45x45 Decoração","Casa, Móveis e Decoração","Têxteis de Casa e Decoração","952","48","Tier 2 — llevaría a 15.000 items"
"5775666810","Cobre Leito Colcha Feminino 2 Pçs Cama Box Solteiro Infantil","Casa, Móveis e Decoração","Têxteis de Casa e Decoração","952","40","Tier 2 — llevaría a 15.000 items"
"6250575992","Jogo De Lençol Casal 400 Fios 4 Peças Conforto Premium Cama Listrado Petróleo Estampado","Casa, Móveis e Decoração","Têxteis de Casa e Decoração","952","57","Tier 2 — llevaría a 15.000 items"
"3352912573","Colcha Premium Solteiro Percal 400 Fios Toque Macio 2 Peças","Casa, Móveis e Decoração","Têxteis de Casa e Decoração","950","53","Tier 2 — llevaría a 15.000 items"
"5720282586","Kit 5 Lençol Solteiro 400 Fios Sortidas Avulsos Elástico Liso","Casa, Móveis e Decoração","Têxteis de Casa e Decoração","944","80","Tier 2 — llevaría a 15.000 items"
"1062650313","Jogo Lençol King Size 3pçs De Malha 100% Algodão Fio 30macio","Casa, Móveis e Decoração","Têxteis de Casa e Decoração","940","67","Tier 2 — llevaría a 15.000 items"
"3910274071","Passadeira Texfine Têxtil Felpuda Corredor 2x0,60 Bege Mesclado Poliéster 2 M 60 Cm","Casa, Móveis e Decoração","Têxteis de Casa e Decoração","932","37","Tier 2 — llevaría a 15.000 items"
"4437579539","Tapete Passadeira 2,00x0,60 Quarto Cama Sala Luxo Conforto","Casa, Móveis e Decoração","Têxteis de Casa e Decoração","932","41","Tier 2 — llevaría a 15.000 items"
"4480645761","Kit 2 Mantas Para Sofá Luxo Gigante 120x210 Tipo Protetor","Casa, Móveis e Decoração","Têxteis de Casa e Decoração","930","42","Tier 2 — llevaría a 15.000 items"
"5237070508","Jogo De Lençol Para Cama Casal Super King Size 400 Fios Cor Cáqui Desenho Do Tecido Liso Detalhe Ponto Palito","Casa, Móveis e Decoração","Têxteis de Casa e Decoração","930","34","Tier 2 — llevaría a 15.000 items"
"6035018786","Kit 2 Porta Travesseiro 70x50 Capa Protetor Matelado Macio Cinza Matelado","Casa, Móveis e Decoração","Têxteis de Casa e Decoração","928","26","Tier 2 — llevaría a 15.000 items"
"4229232885","Colcha Casal Queen 3pçs Helena 400 Fios Conforto E Elegância","Casa, Móveis e Decoração","Têxteis de Casa e Decoração","927","57","Tier 2 — llevaría a 15.000 items"
"5574913874","Kit 10 Pano De Copa Prato Estampado Felpudo 41x64cm Grande Branco","Casa, Móveis e Decoração","Têxteis de Casa e Decoração","925","45","Tier 2 — llevaría a 15.000 items"
"4208594389","Colcha Cobre Leito Queen Helena 400 Fios Luxo Qualidade","Casa, Móveis e Decoração","Têxteis de Casa e Decoração","924","58","Tier 2 — llevaría a 15.000 items"
"2040859403","2 Fronha Avulsa 100% Algodão Ponto Palito 600 Fios Promoção","Casa, Móveis e Decoração","Têxteis de Casa e Decoração","921","24","Tier 2 — llevaría a 15.000 items"
"4173641485","Tapete Passadeira 2,00x0,60 Quarto Corredor Felpudo Peludo","Casa, Móveis e Decoração","Têxteis de Casa e Decoração","921","43","Tier 2 — llevaría a 15.000 items"
"4271672879","Capa Elasticada Para Sofá 2 E 3 Lugares","Casa, Móveis e Decoração","Têxteis de Casa e Decoração","917","81","Tier 2 — llevaría a 15.000 items"
"4245313033","Capa Protetor De Colchão Elástico Queen Impermeável Casa Laura Enxovais Matelado Cor Marrom","Casa, Móveis e Decoração","Têxteis de Casa e Decoração","916","33","Tier 2 — llevaría a 15.000 items"
"4530352071","Kit 6 Capa De Travesseiro Repelente Protetor Não Faz Barulho Com Zíper Antiácaro Não Forma Bolinha Evita Alergias - 50 Cm X 70 Cm - 100% Poliéster - Renova Enxovais Branco","Casa, Móveis e Decoração","Têxteis de Casa e Decoração","915","66","Tier 2 — llevaría a 15.000 items"
"4272557180","Capa Colchão Impermeável Solteiro Lençol Resistente Protetor","Casa, Móveis e Decoração","Têxteis de Casa e Decoração","914","36","Tier 2 — llevaría a 15.000 items"
"4148867035","Kit Jogo De Lençol Queen Padrão 3 Peças C/ Fronha Ponto Palito Premium Hotel Toque Acetinado Resistente Cor Caqui Liso","Casa, Móveis e Decoração","Têxteis de Casa e Decoração","913","36","Tier 2 — llevaría a 15.000 items"
"3950176913","Tapete 2,00x1,50 Peludo Felpudo Sala E Quarto Cores Cor Chocolate Desenho Do Tecido Pelo Alto 2 M 1.5 M","Casa, Móveis e Decoração","Têxteis de Casa e Decoração","900","62","Tier 2 — llevaría a 15.000 items"
"3532411751","Protetor Colchão Casal Impermeável Antialérgico + 2 Fronhas","Casa, Móveis e Decoração","Têxteis de Casa e Decoração","899","62","Tier 2 — llevaría a 15.000 items"
"5627191918","Tapete Felpudo 1,40x1,00 Sala E Quarto Peludo Macio","Casa, Móveis e Decoração","Têxteis de Casa e Decoração","898","43","Tier 2 — llevaría a 15.000 items"
"3999268625","Kit 02 Fronha Travesseiro De Corpo/ Xuxão C/ Zipper 130x40cm","Casa, Móveis e Decoração","Têxteis de Casa e Decoração","894","30","Tier 2 — llevaría a 15.000 items"
"1579406195","Capa Colchão Solteiro Impermeável Tipo Hospitalar Coloridas","Casa, Móveis e Decoração","Têxteis de Casa e Decoração","890","79","Tier 2 — llevaría a 15.000 items"
"5931243408","Enchimento Almofada Refil 40x40 Silicone Kit Com 4 Unidades Cor Branco Licymóveis Liso","Casa, Móveis e Decoração","Têxteis de Casa e Decoração","888","33","Tier 2 — llevaría a 15.000 items"
"4586331623","Jogo Lençol Casal 3pç 400 Fios Hipercal Conforto Macio Xadrez Azul Estampado","Casa, Móveis e Decoração","Têxteis de Casa e Decoração","888","35","Tier 2 — llevaría a 15.000 items"
"5917889128","Capa De Almofada Decorativa Tricô 45x45 Boho Luxo Sofá Cama","Casa, Móveis e Decoração","Têxteis de Casa e Decoração","884","34","Tier 2 — llevaría a 15.000 items"
"4431832038","Conjunto Lençol Solteiro 3 Peças 400 Fios Ponto Palito","Casa, Móveis e Decoração","Têxteis de Casa e Decoração","883","52","Tier 2 — llevaría a 15.000 items"
"4363123165","Jogo De Lençol Casal 400 Fios 4 Peças Conforto Premium Cama Bolinhas Bege Estampado","Casa, Móveis e Decoração","Têxteis de Casa e Decoração","882","54","Tier 2 — llevaría a 15.000 items"
"4051021827","Kit 2 Almofadas Baguetes Em Suede 30 X 50cm - Enchimento Inc","Casa, Móveis e Decoração","Têxteis de Casa e Decoração","880","30","Tier 2 — llevaría a 15.000 items"
"5857356518","Manta Microfibra Soft Casal Antialérgica Veludo Toque Macio Quentinha Conforto Prolongado Cor Preto Premium Liso","Casa, Móveis e Decoração","Têxteis de Casa e Decoração","877","34","Tier 2 — llevaría a 15.000 items"
"5382109110","Avental Cozinheiro Churrasqueiro Restaurante Barman Artesão","Casa, Móveis e Decoração","Têxteis de Casa e Decoração","877","35","Tier 2 — llevaría a 15.000 items"
"2046686326","Coberta Manta Soft Solteiro Microfibra Anti-alérgica Novo","Casa, Móveis e Decoração","Têxteis de Casa e Decoração","870","34","Tier 2 — llevaría a 15.000 items"
"4944602166","Jogo De Lençol Queen 4 Peças Percal 400 Fios Elástico Macio","Casa, Móveis e Decoração","Têxteis de Casa e Decoração","867","58","Tier 2 — llevaría a 15.000 items"
"5456465152","Jogo Lençol 2 Peças Solteiro Hipercal 400 Fios Leve Luxo Cor Marsala Desenho Do Tecido Liso","Casa, Móveis e Decoração","Têxteis de Casa e Decoração","850","27","Tier 2 — llevaría a 15.000 items"
"5429005634","Jogo De Lençol Elástico Super King Size 4 Pçs 400 Fios 40 Cm","Casa, Móveis e Decoração","Têxteis de Casa e Decoração","850","73","Tier 2 — llevaría a 15.000 items"
"3145251407","Lençol Super King Casa Hotel Pousada 400fios Toque Aveludado","Casa, Móveis e Decoração","Têxteis de Casa e Decoração","846","39","Tier 2 — llevaría a 15.000 items"
"4184247707","Jogo De Lençol Queen 3 Peças 400 Fios C/ Elástico Hotel Rose Liso","Casa, Móveis e Decoração","Têxteis de Casa e Decoração","843","32","Tier 2 — llevaría a 15.000 items"
"2662426205","Saia Cama Box Queen Size Percal 200 Fios Com Ponto Palito","Casa, Móveis e Decoração","Têxteis de Casa e Decoração","841","66","Tier 2 — llevaría a 15.000 items"
"5389379358","Jogo De Lençol Solteiro 3 Pecas 170 Fios Masculino Feminino Cor Lisas E Estampadas Desenho Do Tecido Cores Sortidas","Casa, Móveis e Decoração","Têxteis de Casa e Decoração","839","28","Tier 2 — llevaría a 15.000 items"
"903896102","Jogo De Cama Lençol Casal 3pç C/ 2 Fronha 100% Algodão Malha","Casa, Móveis e Decoração","Têxteis de Casa e Decoração","835","53","Tier 2 — llevaría a 15.000 items"
"3861255986","Capa De Colchão Impermeável Hospitalar Antialérgico Solteiro","Casa, Móveis e Decoração","Têxteis de Casa e Decoração","835","45","Tier 2 — llevaría a 15.000 items"
"5787642520","Jogo De Lençol Queen 3 Peças 400 Fios C/ Elástico Hotel Pink Liso","Casa, Móveis e Decoração","Têxteis de Casa e Decoração","834","31","Tier 2 — llevaría a 15.000 items"
"3201795906","Kit Capa Sofá Impermeável 2 Módulos 2,20m Assento Lançamento","Casa, Móveis e Decoração","Têxteis de Casa e Decoração","833","98","Tier 2 — llevaría a 15.000 items"
"4512536456","Jogo De Lençol 400 Fios Queen 3 Peças Toque Macio","Casa, Móveis e Decoração","Têxteis de Casa e Decoração","830","31","Tier 2 — llevaría a 15.000 items"
"5358475978","Jogo Lençol Queen 4 Peças Percal 400 Fios Ultra Macio Suave","Casa, Móveis e Decoração","Têxteis de Casa e Decoração","827","76","Tier 2 — llevaría a 15.000 items"
"5427995764","Toalha De Mesa 6 Lugares Plástico Térmica Impermeável Pvc","Casa, Móveis e Decoração","Têxteis de Casa e Decoração","827","36","Tier 2 — llevaría a 15.000 items"
"4008109271","Jogo De Lençol Casal 3 Peças 400 Fios Micropercal Bege Elástico 30cm Palha Liso","Casa, Móveis e Decoração","Têxteis de Casa e Decoração","826","32","Tier 2 — llevaría a 15.000 items"
"1918249427","Capa Para Sofa Em Malha Avulsa Coladinha 2 Lugar Elasticada","Casa, Móveis e Decoração","Têxteis de Casa e Decoração","826","31","Tier 2 — llevaría a 15.000 items"
"3965059663","Jogo De Lençol 400 Fios Ponto Palito Cama Queen 3 Pçs Saldão","Casa, Móveis e Decoração","Têxteis de Casa e Decoração","823","32","Tier 2 — llevaría a 15.000 items"
"4552486427","Fone Bluetooth Esportivo Casenn Preto Com Gancho De Orelha Bluetooth 5.2 Resistente Ao Suor Com Microfone E Controle De... Preto Metálico","Celulares e Telefones","Acessórios para Celulares","1098","43","Tier 2 — llevaría a 15.000 items"
"6273156792","Carregador Indução Magnetico Sem Fio 15w Compativel Com iPhone Samsung Galaxy Xiaomi Motorola Pholex Branco","Celulares e Telefones","Acessórios para Celulares","1097","48","Tier 2 — llevaría a 15.000 items"
"5371812374","Carregador Turbo 25w Para iPhone 8 X Xr 11 12 13 14 Pro Max Branco","Celulares e Telefones","Acessórios para Celulares","1096","48","Tier 2 — llevaría a 15.000 items"
"4133912009","Carregador A'gold Ca31-2 6.1a Turbo Para iPhone 7 8 Plus X Xr 11 12 13 14 Carregamento Cor Branco","Celulares e Telefones","Acessórios para Celulares","1096","31","Tier 2 — llevaría a 15.000 items"
"5588390746","Power Bank Turbo Carregador Portátil 50.000mah Digital Usb Rápido Display Digital Branco Nixzen","Celulares e Telefones","Acessórios para Celulares","1094","137","Tier 2 — llevaría a 15.000 items"
"4227562183","Ponta Caneta S Pen Para Samsung Tab S9 Fe S6 S7 Lite S8","Celulares e Telefones","Acessórios para Celulares","1093","19","Tier 2 — llevaría a 15.000 items"
"5345319516","Kit Tomada Veicular Usb Carregador Turbo Carro Plug Acendedor 60w Display Led Tipo C Android Ios Portátil Rápido Embutir Voltímetro Usb-c Cinzeiro Extensao Saídas Marca Pro Phone See Preto","Celulares e Telefones","Acessórios para Celulares","1092","27","Tier 2 — llevaría a 15.000 items"
"4421633875","Plus Do Brasil Carregador Turbo Rápido Usb C Para Samsung Galaxy S25 S24 S23 S22 S21 S20 Fe Ultra Motorola Xiaomi Redmi Note Poco Com Cabo Blindado Br - Anatel Preto","Celulares e Telefones","Acessórios para Celulares","1091","47","Tier 2 — llevaría a 15.000 items"
"4231829061","Power Bank Baseus Turbo Bipow2 Pro 20000mah 22.5w Cor Preto Cosmic Black","Celulares e Telefones","Acessórios para Celulares","1091","222","Tier 2 — llevaría a 15.000 items"
"4138955169","Fone De Ouvido Sem Fio Gancho Comp/ Motorola Para Corrida Preto","Celulares e Telefones","Acessórios para Celulares","1086","136","Tier 2 — llevaría a 15.000 items"
"5803463624","Fone De Ouvido Esportivo Sem Fio 5.4 Tws Com Controle Toque","Celulares e Telefones","Acessórios para Celulares","1085","65","Tier 2 — llevaría a 15.000 items"
"5588364980","Power Bank Turbo Portátil 50.000mah Para Celular Com Display Digital Preto","Celulares e Telefones","Acessórios para Celulares","1080","137","Tier 2 — llevaría a 15.000 items"
"5652771676","Capa Capinha Aveludada + Película Para Galaxy A17 5g Sma176","Celulares e Telefones","Acessórios para Celulares","1077","26","Tier 2 — llevaría a 15.000 items"
"6500882558","Suporte Moto Magnético Extra Forte P/ Celular Gps Universal Preto","Celulares e Telefones","Acessórios para Celulares","1076","30","Tier 2 — llevaría a 15.000 items"
"3809764155","Película 3d Com Aplicador Vidro Anti-queda Para Samsung","Celulares e Telefones","Acessórios para Celulares","1075","33","Tier 2 — llevaría a 15.000 items"
"6216852764","Suporte Celular Bike Moto Regulagem Universal Forte Alumínio Guidão Ajustável Reforçado Resistente À Prova D'água Fixo B Basto Preto","Celulares e Telefones","Acessórios para Celulares","1071","20","Tier 2 — llevaría a 15.000 items"
"6611298650","Kit 2 Cartão De Memória 256gb Para Câmeras De Segurança Ou Fotográficas Drones Celular Wi-fi Micro Sd Classe 10 Ultra 100mb/s Cartão Sd Marca Davely","Celulares e Telefones","Acessórios para Celulares","1067","66","Tier 2 — llevaría a 15.000 items"
"6367922868","Suporte Celular Moto Magnetico Ima Extra Forte Motoboy Gps Sortido","Celulares e Telefones","Acessórios para Celulares","1063","38","Tier 2 — llevaría a 15.000 items"
"5506355698","Carregador Turbo Super Rápido 40w Para iPhone 15 16 17 Samsung Galaxy S24 S23 S22 S21 S20 Fe Ultra Motorola M22 M31 M32... Branco","Celulares e Telefones","Acessórios para Celulares","1062","35","Tier 2 — llevaría a 15.000 items"
"5407080564","Controle Joystick Para Celular Android iPhone Bluetooth 5.0","Celulares e Telefones","Acessórios para Celulares","1061","100","Tier 2 — llevaría a 15.000 items"
"4209738792","Capa Case Fosca Premium Proteção Câmera Magsafe Para iPhone","Celulares e Telefones","Acessórios para Celulares","1060","37","Tier 2 — llevaría a 15.000 items"
"4226969235","Película Premium Hprime Nanoshield® Para iPhone 17 Pro Max","Celulares e Telefones","Acessórios para Celulares","1059","36","Tier 2 — llevaría a 15.000 items"
"6204011900","Cartão De Memória Para Câmeras Wi-fi Drones 128gb Micro Sd Classe 10 Ultra 100mb/s Cartão Sd Marca Liggi","Celulares e Telefones","Acessórios para Celulares","1054","26","Tier 2 — llevaría a 15.000 items"
"6240666248","Kit Carregador Original Apple iPhone 8 Ao 17 Fonte 20w Cabo Fonte E Cabo Lightning","Celulares e Telefones","Acessórios para Celulares","1053","168","Tier 2 — llevaría a 15.000 items"
"3697109161","Capa Capinha Premium Magsafe Para iPhone 13 14 15","Celulares e Telefones","Acessórios para Celulares","1052","40","Tier 2 — llevaría a 15.000 items"
"5613164664","Cabo Carregador E Dados Turbo Tipo C Duplo 2 Metros Reforçado Cabo Usbc Cabo iPhone Cabo Usb Usbc Cabo De iPhone Capo Tipo Cc Cabo Usb C Cabo Carregador iPhone Branco","Celulares e Telefones","Acessórios para Celulares","1052","23","Tier 2 — llevaría a 15.000 items"
"5553316854","Fone Ouvido Bluetooth A Prova Dagua 5.3 Profissional Sem Fio Compatível Com iPhone Samsung Xiaomi Lenovo Motorola... Preto","Celulares e Telefones","Acessórios para Celulares","1051","89","Tier 2 — llevaría a 15.000 items"
"4098244673","Suporte De Celular Para Carro Mesa Para-brisa Retrovisor 360","Celulares e Telefones","Acessórios para Celulares","1051","25","Tier 2 — llevaría a 15.000 items"
"6222866098","Fone De Ouvido Com Fio Intra Auricular 1.2 Metros 3.5mm Foninho Original C/ Microfone Anti Ruído Durável Celular Pc... Preto","Celulares e Telefones","Acessórios para Celulares","1050","20","Tier 2 — llevaría a 15.000 items"
"6425430098","Cartão De Memória 128 Gb Hardline Para Câmeras Wi-fi Drones Micro Sd Classe 10 Ultra 100mb/s Cartão Sd","Celulares e Telefones","Acessórios para Celulares","1050","32","Tier 2 — llevaría a 15.000 items"
"5588364980","Power Bank Turbo Carregador Portátil 50.000mah Digital Usb Rápido Display Digital Preto Nixzen","Celulares e Telefones","Acessórios para Celulares","1048","144","Tier 2 — llevaría a 15.000 items"
"5499698694","Plus Do Brasil Cabo Tipo C Duplo 240w 2 Metros Com Chip E-mark Compativel Com Apple Macbook iPhone 17 16 15 Galaxy Samsung S24 S23 S22 S21 Notebook Chromebook Galaxy Book 4 100w / 240w","Celulares e Telefones","Acessórios para Celulares","1043","50","Tier 2 — llevaría a 15.000 items"
"6641745488","Cartão De Memória 32gb Micro Sd Classe 10 Com Adaptador Para Câmeras Wi-fi Ip Yoosee Icsee Drones Action Can Dashcan Gopro Smartphone Celular Cartão Sd Classe Ultra","Celulares e Telefones","Acessórios para Celulares","1043","25","Tier 2 — llevaría a 15.000 items"
"4450818865","02 Suporte De Celular Para Veicular Gira 360° Dobrável Preto","Celulares e Telefones","Acessórios para Celulares","1042","25","Tier 2 — llevaría a 15.000 items"
"4510711896","Pelicula 3d Com Aplicador iPhone 11 12 13 14 15 16 Pro Max","Celulares e Telefones","Acessórios para Celulares","1031","31","Tier 2 — llevaría a 15.000 items"
"4326923611","Caneta Touchscreen Touch Screen Universal Active Universal Alta Precisão Celular, Tablet, Notebook, Ipads E Iphones Marca Bahrein","Celulares e Telefones","Acessórios para Celulares","1030","28","Tier 2 — llevaría a 15.000 items"
"6585321544","Cartão De Memória Para Câmeras Wi-fi Drones 64gb Micro Sd","Celulares e Telefones","Acessórios para Celulares","1025","23","Tier 2 — llevaría a 15.000 items"
"5768921926","Carregador Turbo 40w Para iPhone 8 X Xr 11 12 13 14 Pro Max Branco","Celulares e Telefones","Acessórios para Celulares","1024","32","Tier 2 — llevaría a 15.000 items"
"5784330558","Capinha Anti Impacto  + Película Para Samsung Galaxy A17 5g Transparente Lisa","Celulares e Telefones","Acessórios para Celulares","1024","19","Tier 2 — llevaría a 15.000 items"
"4601563425","Cartão De Memória 128gb Para Câmeras De Segurança Ou Fotográficas Drones Celular Notebook Wi-fi Micro Sd Classe 10 Ultra 100mb/s Cartão Sd Marca Davely","Celulares e Telefones","Acessórios para Celulares","1022","25","Tier 2 — llevaría a 15.000 items"
"4732479144","Fone Bluetooth Microfone Compatível C/ iPhone Android Xiaomi Preto","Celulares e Telefones","Acessórios para Celulares","1022","80","Tier 2 — llevaría a 15.000 items"
"3140907142","Luvinha De Dedo (03 Pares) Anti-suor Gamer Free Fire Pubg","Celulares e Telefones","Acessórios para Celulares","1021","23","Tier 2 — llevaría a 15.000 items"
"2724552109","Receptor De Áudio Usb Tipo-c Bluetooth 5.0 Com P2 E Rca","Celulares e Telefones","Acessórios para Celulares","1016","49","Tier 2 — llevaría a 15.000 items"
"4585496961","Cartão De Memória Microsd Tf 64gb P/ Câmera De Segurança","Celulares e Telefones","Acessórios para Celulares","1016","42","Tier 2 — llevaría a 15.000 items"
"3957350681","Suporte Para Celular Retrátil Carro Ventosa Rotação180° Cj02","Celulares e Telefones","Acessórios para Celulares","1013","35","Tier 2 — llevaría a 15.000 items"
"4517078193","Cartão De Memória Para Câmeras Wi-fi Drones 128gb Ultra Sd","Celulares e Telefones","Acessórios para Celulares","1011","34","Tier 2 — llevaría a 15.000 items"
"6620254654","Carregador Turbo Portátil 50w Compatível Com Motorola Xiaomi Redmi Poco iPhone Samsung M22 M31 M32 M62 M63 M64 G15 15 16 17 S20 S21 S23 S24 S25 A15 A54 Cabo Celular Usb Tipo C Usbc Rápido Preto","Celulares e Telefones","Acessórios para Celulares","1007","36","Tier 2 — llevaría a 15.000 items"
"4300674253","Carregador Turbo Usb-c P/ Samsung Galaxy A12 A13 A20s A21s A22 A23 Lehmox Branco","Celulares e Telefones","Acessórios para Celulares","1005","26","Tier 2 — llevaría a 15.000 items"
"4806315152","Carregador Portátil Power Bank I2go 10000mah Cor Preto","Celulares e Telefones","Acessórios para Celulares","1002","91","Tier 2 — llevaría a 15.000 items"
"6258171576","Cartão De Memória Wd Purple 64gb Microsd Cftv Intelbras Mibo","Celulares e Telefones","Acessórios para Celulares","1001","143","Tier 2 — llevaría a 15.000 items"
"4190300643","Cabo Carregador E Dados Turbo Tipo C Duplo Compativel Com Samsung Galaxy S25 Ultra S24 S23 Fe S22 S21 S20 Chromebook 4 Galaxy Book S Xiaomi Motorola iPhone 15 16 17 Super Rápido 3a Blindado","Celulares e Telefones","Acessórios para Celulares","1001","19","Tier 2 — llevaría a 15.000 items"
"5531917460","Carregador Turbo 20w Compatível iPhone Usb-c Com Cabo 1m Bivolt Carregamento Turbo Compatível iPhone 7 8 X Xr 11 12 13 14 Compacto Seguro Celular Casa Escritório Parede Branco","Celulares e Telefones","Acessórios para Celulares","999","19","Tier 2 — llevaría a 15.000 items"
"5217621402","Cabo Turbo Baseus P/ iPhone Usb-c P/ Lightning 20w 1m Branco","Celulares e Telefones","Acessórios para Celulares","999","56","Tier 2 — llevaría a 15.000 items"
"5898973730","Cabo Usb Tipo C 100w 2 Metros Turbo Compatível Samsung Galaxy S25 S24 Plus S23 Fe S22 S21 S20 A16 A15 A22 A13 A14 A55 A53 A54 A06 A0 iPhone 15 16 17 Pro Max Carplay Auto Android Ps5 Dtimp Preto","Celulares e Telefones","Acessórios para Celulares","996","26","Tier 2 — llevaría a 15.000 items"
"4291709685","Suporte Celular 360 Automotivo Magnetico Ima Veicular Carro Painel Saida Ar Ultra Forte Neodimio Anti Queda Universal... Preto","Celulares e Telefones","Acessórios para Celulares","992","19","Tier 2 — llevaría a 15.000 items"
"3869569175","Suporte Para Celular Articulado Universal De Mesa Cama Garra","Celulares e Telefones","Acessórios para Celulares","988","19","Tier 2 — llevaría a 15.000 items"
"6201822208","1 Pc Amplificador De Tela 3d Para Celular","Celulares e Telefones","Acessórios para Celulares","987","25","Tier 2 — llevaría a 15.000 items"
"3828536767","Capa Protetora Magnética Samsung Com Suporte De Moldura","Celulares e Telefones","Acessórios para Celulares","987","41","Tier 2 — llevaría a 15.000 items"
"5897700962","Cabo Carregador E Dados Turbo Usb Tipo C Duplo Para Samsung S25 Ultra S24 S23 Fe S22 S21 S20 Chromebook 4 Galaxy Book S... 2 Pontas Usb-c (preto)","Celulares e Telefones","Acessórios para Celulares","986","27","Tier 2 — llevaría a 15.000 items"
"4068494647","Cordão Para Celular Strass Brilho Alça Pescoço Universal","Celulares e Telefones","Acessórios para Celulares","986","26","Tier 2 — llevaría a 15.000 items"
"6442583896","Carregador Veicular Turbo 60w Strimtech Usb-a Usb-c Com Cabo Trançado 1m Carregamento Rápido Qc3.0 Pd Para iPhone 11 12 13 14 iPad Automotivo Preto","Celulares e Telefones","Acessórios para Celulares","986","31","Tier 2 — llevaría a 15.000 items"
"5857533092","Capa Premium Compatível iPhone 17 Capinha Silicone Aveludado","Celulares e Telefones","Acessórios para Celulares","984","22","Tier 2 — llevaría a 15.000 items"
"6445077694","Carregador Veicular Turbo 65w Davely Usb E Usb-c Com Display Led Carregamento Rápido Para iPhone Samsung Android Carregador Automotivo Duplo Portátil Cinza","Celulares e Telefones","Acessórios para Celulares","983","22","Tier 2 — llevaría a 15.000 items"
"5512165990","Suporte De Celular Para Motos Com Carregador Universal Usb B Basto","Celulares e Telefones","Acessórios para Celulares","980","24","Tier 2 — llevaría a 15.000 items"
"4368735265","Cartão De Memória Micro Sd 128mb (megabytes) Original","Celulares e Telefones","Acessórios para Celulares","979","22","Tier 2 — llevaría a 15.000 items"
"4281224335","Cabo Carregador Turbo Usb Tipo-c Para Xiaomi Samsung Branco","Celulares e Telefones","Acessórios para Celulares","979","37","Tier 2 — llevaría a 15.000 items"
"4245539147","Adaptador Tipo C Para iPhone Lightning Fone Microfone Dados Preto","Celulares e Telefones","Acessórios para Celulares","972","19","Tier 2 — llevaría a 15.000 items"
"6101839974","Carregador Portátil Power Bank 10000mah 22.5w Turbo Carga Rápida Universal Usb-c Saída Usb Para Celular iPhone Samsung Xiaomi Motorola Tablet Preto","Celulares e Telefones","Acessórios para Celulares","971","65","Tier 2 — llevaría a 15.000 items"
"3802958006","Suporte Porta Celular Esportiva Corrida Braço Braçadeira Pro","Celulares e Telefones","Acessórios para Celulares","967","24","Tier 2 — llevaría a 15.000 items"
"6200209988","Capa Capinha Anti Shock Para Samsung + Película Vidro 3d Transparente E Película 3d A36","Celulares e Telefones","Acessórios para Celulares","966","19","Tier 2 — llevaría a 15.000 items"
"4543849309","Suporte Garra Celular Moto Com Carregador Universal Usb Turbo Woosh Preto","Celulares e Telefones","Acessórios para Celulares","965","24","Tier 2 — llevaría a 15.000 items"
"6184853620","Fone De Ouvido Bluetooth Xiaomi Redmi Buds 6 Play Branco","Celulares e Telefones","Acessórios para Celulares","964","97","Tier 2 — llevaría a 15.000 items"
"6173582176","Basike Power Bank 22.5w 20000mah Com Display Carregamento Rápido Power 4-saídas Com Cabo Embutido Usb-c E Lig Htning, Rápido Pps/pd/qc Para iPhone Séries 16/15/14/13, Samsung S25/24/23/22/21 Ouro-rosa","Celulares e Telefones","Acessórios para Celulares","960","167","Tier 2 — llevaría a 15.000 items"
"4879372218","Capa Capinha Magnética Proteção Câmera Para iPhone 11 A 16","Celulares e Telefones","Acessórios para Celulares","957","40","Tier 2 — llevaría a 15.000 items"
"5698083028","Kit Película Câmera Para iPhone 12 13 14 15 16 Pro Max Liso","Celulares e Telefones","Acessórios para Celulares","956","19","Tier 2 — llevaría a 15.000 items"
"6201092326","Carregador Portátil Power Bank Solar Turbo 50.000mah Rápido Branco","Celulares e Telefones","Acessórios para Celulares","954","135","Tier 2 — llevaría a 15.000 items"
"5839992212","Cabo Carregador Celular Usb C Tipo C 2 Metros 100w Turbo Pro Prateado","Celulares e Telefones","Acessórios para Celulares","952","26","Tier 2 — llevaría a 15.000 items"
"2715276258","Película De Vidro 3d P/ iPhone 7/8 Plus Xr 11 12 13 Pro Max","Celulares e Telefones","Acessórios para Celulares","952","19","Tier 2 — llevaría a 15.000 items"
"5784220092","Capa Capinha Anti Queda + Película Para Samsung Galaxy A07 Transparente Lisa","Celulares e Telefones","Acessórios para Celulares","949","19","Tier 2 — llevaría a 15.000 items"
"5731832930","Fone Ouvido Bluetooth Profissional Sem Fio Espotivo Compatível Com iPhone Samsung Xiaomi Lenovo Motorola Android Ios... Preto","Celulares e Telefones","Acessórios para Celulares","940","57","Tier 2 — llevaría a 15.000 items"
"4007571031","Kit 3 Peliculas 3d Premium P/ iPhone 11 12 13 14 15 16 17","Celulares e Telefones","Acessórios para Celulares","940","31","Tier 2 — llevaría a 15.000 items"
"4252231863","Capinha Case Capa Para Apple AirPods Pro (3° Geração) Novo","Celulares e Telefones","Acessórios para Celulares","937","30","Tier 2 — llevaría a 15.000 items"
"4201458465","Fone De Ouvido Bluetooth 5.3 Gamer Sem Fio Estéreo Led Headset Com Microfone Confortável Compatível iPhone Samsung Motorola Xiaomi Preto","Celulares e Telefones","Acessórios para Celulares","936","35","Tier 2 — llevaría a 15.000 items"
"6163842600","Película Para iPhone 17 Pro Pro Max Proteção De Lente Câmera","Celulares e Telefones","Acessórios para Celulares","931","35","Tier 2 — llevaría a 15.000 items"
"4405483285","Caneta Touch Screen Stylus 2 Em 1 Ponta Fina Tablet Celular Preto","Celulares e Telefones","Acessórios para Celulares","929","20","Tier 2 — llevaría a 15.000 items"
"4049634141","Carregador Portátil Power Bank 10.000 Mah Rápido Usb Turbo Universal Cor Sortida Diggicom","Celulares e Telefones","Acessórios para Celulares","924","50","Tier 2 — llevaría a 15.000 items"
"4589075981","Fone Qcy T13 Anc Cancelamento De Ruído Ativo Bluetooth 5.3 Cor Preto","Celulares e Telefones","Acessórios para Celulares","921","190","Tier 2 — llevaría a 15.000 items"
"3698332719","Capa Capinha Compatível Para iPhone 13 Silicone Cor Premium","Celulares e Telefones","Acessórios para Celulares","918","20","Tier 2 — llevaría a 15.000 items"
"6096991604","Power Bank 20000mah Portátil Carga Rápida Leve Seus Cabos Embutidos Usb-c E O Display Prático Carregamento Rápido 22.5w Para iPhone Samsung E Mais Essencial Para Viagem Preto","Celulares e Telefones","Acessórios para Celulares","917","140","Tier 2 — llevaría a 15.000 items"
"3654553913","Kit 10 Cabo Usb Tipo C 4.8a Dados Carregador Rápido Atacado Branco","Celulares e Telefones","Acessórios para Celulares","917","46","Tier 2 — llevaría a 15.000 items"
"4403231249","Suporte Celular Moto Bicicleta Alumínio Universal Escolha Preto","Celulares e Telefones","Acessórios para Celulares","914","21","Tier 2 — llevaría a 15.000 items"
"6513773216","Cabo Carregador Ultra Rápido 100w Turbo Display Led Usb Tipo C Compatível Com iPhone 15 16 17 Samsung Galaxy Xiaomi Redmi Poco Motorola Moto G Carplay Veicular Ps5 Nylon Trançado Reforçado Preto","Celulares e Telefones","Acessórios para Celulares","910","22","Tier 2 — llevaría a 15.000 items"
"6611301418","Cartão De Memória 256gb Para Câmeras De Segurança Ou Fotográficas Drones Celular Notebook Wi-fi Micro Sd Classe 10 Ultra 100mb/s Cartão Sd Marca Davely","Celulares e Telefones","Acessórios para Celulares","909","29","Tier 2 — llevaría a 15.000 items"
"5980135120","Carregador Portátil 10000mah Carregamento Rápido Geonav","Celulares e Telefones","Acessórios para Celulares","908","101","Tier 2 — llevaría a 15.000 items"
"4361691027","Suporte De Celular Alumínio Para Moto E Bike Ajustável Preto Thor","Celulares e Telefones","Acessórios para Celulares","904","19","Tier 2 — llevaría a 15.000 items"
"6056071380","Cabo Carregador Turbo Rápido Usb Compatível Com iPhone 6 7 8 Plus X Xr 11 Se 12 13 14 Pro Max Branco","Celulares e Telefones","Acessórios para Celulares","902","16","Tier 2 — llevaría a 15.000 items"
"4262999279","Carregador Turbo 25w Para iPhone Fonte Tipo-c Para Lightning Branco","Celulares e Telefones","Acessórios para Celulares","901","78","Tier 2 — llevaría a 15.000 items"
"5547493172","Cabo Usb 4 Em 1 - 65w Para Todos Os iPhone E Android Tipo C Carregador Super Turbo Speed Shop","Celulares e Telefones","Acessórios para Celulares","901","20","Tier 2 — llevaría a 15.000 items"
"5330183676","Cabo Ativa Mi Charge Turbo Usb Tipo C 1.5 Metro 33w/67w/120w","Celulares e Telefones","Acessórios para Celulares","900","39","Tier 2 — llevaría a 15.000 items"
"6293396426","Cartão De Memória Micro Sd 256mb (megabytes) Original","Celulares e Telefones","Acessórios para Celulares","900","22","Tier 2 — llevaría a 15.000 items"
"5852441638","Capinha Capa Magsafe Translúcida Proteção Câmera Para iPhone","Celulares e Telefones","Acessórios para Celulares","899","30","Tier 2 — llevaría a 15.000 items"
"4573966179","Cabo Carregador Rápido Usb-c Gamer 90° Graus Em L 100w Turbo 2 Metros Comprido Grande Jogos Vídeos iPhone 15 16 17... Preto","Celulares e Telefones","Acessórios para Celulares","893","29","Tier 2 — llevaría a 15.000 items"
"6201027582","Carregador Portátil Power Bank Solar Turbo 50.000mah Rápido Preto","Celulares e Telefones","Acessórios para Celulares","889","137","Tier 2 — llevaría a 15.000 items"
"5535863832","Cabo Adaptador Otg Tipo C Para Usb Conexão Rápida Leitura De Pendrive Teclado Mouse Controle Celular Tablet Compatível Android Cor Branco 15cm Compacto E Prático Bahrein","Celulares e Telefones","Acessórios para Celulares","888","6","Tier 2 — llevaría a 15.000 items"
"3746278061","Suporte Capinha Celular Ventosa Silicone Adesivo Espelhos","Celulares e Telefones","Acessórios para Celulares","887","13","Tier 2 — llevaría a 15.000 items"
"5697132752","Suporte Celular E Gps Magnético 360 Para Carro Automotivo","Celulares e Telefones","Acessórios para Celulares","886","22","Tier 2 — llevaría a 15.000 items"
"5885614078","Carregador Turbo Power 33w Tipo C Type-c Usb-c Para Xiaomi Redmi Note 8 9 10 11 12 13 14 Poco M3 X3 X4 X5 X6 X7 Samsung Galaxy S21 S22 S23 A54 A34 Cabo E Fonte Rápida Cor Branco","Celulares e Telefones","Acessórios para Celulares","885","26","Tier 2 — llevaría a 15.000 items"
"3993445907","Liga De Alumínio Suporte De Mesa Para Celular Giratório 360°","Celulares e Telefones","Acessórios para Celulares","884","38","Tier 2 — llevaría a 15.000 items"
"4399663923","Capa Capinha Case Vidro Magnética P/ iPhone 13 Ao 17 Pro Max","Celulares e Telefones","Acessórios para Celulares","881","55","Tier 2 — llevaría a 15.000 items"
"4460187448","Capa Capinha Para iPhone 15 Silicone Premium Cores","Celulares e Telefones","Acessórios para Celulares","879","20","Tier 2 — llevaría a 15.000 items"
"4150756067","Carregador Turbo 30w Para iPhone 15 16 Plus Pro Max Tipo C Branco","Celulares e Telefones","Acessórios para Celulares","876","51","Tier 2 — llevaría a 15.000 items"
"4932414052","Suporte Celular Moto E Bike Gps Aluminio Motoboy Anti Queda","Celulares e Telefones","Acessórios para Celulares","872","31","Tier 2 — llevaría a 15.000 items"
"5574890512","Capa Capinha Proteção Magnética Para iPhone 11 Ao 17 Pro Max","Celulares e Telefones","Acessórios para Celulares","872","27","Tier 2 — llevaría a 15.000 items"
"4595575939","Carregador Portátil Power Bank 20.000mah Indução Turbo 22.5w Premium Universal Rápida Carga Para Celular iPhone Xiaomi Motorola LG Smartwatch Tablet Display Digital Viagens Festa Ios Nixzen Branco","Celulares e Telefones","Acessórios para Celulares","869","68","Tier 2 — llevaría a 15.000 items"
"4066724979","Tomada Carregador Carro Usb Tipo C Pd3.0 Voltimetro Vermelho Preto/led Azul","Celulares e Telefones","Acessórios para Celulares","868","51","Tier 2 — llevaría a 15.000 items"
"4480042181","Fone De Ouvido Bluetooth 5.3 Sem Fio Tws Compatível Com iPhone Samsung Xiaomi Lenovo Motorola Celular Android Ios Academia Caminhada Bateria Longa Cor Branco","Celulares e Telefones","Acessórios para Celulares","867","46","Tier 2 — llevaría a 15.000 items"
"4300240633","Infravermelho Controle Remoto Tipo-c Para Celular Smartphone","Celulares e Telefones","Acessórios para Celulares","862","63","Tier 2 — llevaría a 15.000 items"
"5961046738","Cabo Carregador 30w Turbo Para iPhone 11 12 13 14 Xr Preto","Celulares e Telefones","Acessórios para Celulares","862","30","Tier 2 — llevaría a 15.000 items"
"5421210492","Headphone Philips Wireless Bluetooth Até 25h Tah2209bk/00 Preto","Celulares e Telefones","Acessórios para Celulares","861","125","Tier 2 — llevaría a 15.000 items"
"4368349231","Adaptador Otg Usb 3.0 Fêmea Para Usb Tipo C Usb-c Macho Tond Preto","Celulares e Telefones","Acessórios para Celulares","859","22","Tier 2 — llevaría a 15.000 items"
"4470714819","Fone De Ouvido Bluetooth 5.3 Openear Condução Óssea Auricular Sem Fio Display Lcd Digital Esportivo Academia Treino Corrida Gamer Som Estéreo Confortável Compatível iPhone Android Newdragon Cor Preto","Celulares e Telefones","Acessórios para Celulares","853","43","Tier 2 — llevaría a 15.000 items"
"3689155891","Kit 2 Suporte Magnético Automotivo Celular Imã Neodimio 360° Magnético","Celulares e Telefones","Acessórios para Celulares","850","33","Tier 2 — llevaría a 15.000 items"
"4253702259","Luva De Dedo Gamer Anti-suor Luva Gamer Jogar Free Fire","Celulares e Telefones","Acessórios para Celulares","849","9","Tier 2 — llevaría a 15.000 items"
"6401995800","Power Bank Carregador Portátil 10000 Mah Pineng Cor Preto","Celulares e Telefones","Acessórios para Celulares","849","28","Tier 2 — llevaría a 15.000 items"
"4447193611","Eps-3785 Fone De Ouvido In-ear Sem Fio Bluetooth Compatível Com Apple E Android Touch Função Powerbank + Acessórios Preto","Celulares e Telefones","Acessórios para Celulares","848","22","Tier 2 — llevaría a 15.000 items"
"5183688270","Cartão Memória 16g Sandisk Micro Sdxc Ultra Com Adaptador","Celulares e Telefones","Acessórios para Celulares","845","58","Tier 2 — llevaría a 15.000 items"
"5835928188","Carregador Power Bank Magsafe 5000 Mah Turbo 20w Carregamento Por Indução iPhone 8 X Xr 11 12 13 14 15 16 17 Slim Magnético Portátil Rápido Branco","Celulares e Telefones","Acessórios para Celulares","843","40","Tier 2 — llevaría a 15.000 items"
"3917781409","Carregador Veicular Turbo 60w Kit Com Cabo Automotivo Carro","Celulares e Telefones","Acessórios para Celulares","842","37","Tier 2 — llevaría a 15.000 items"
"5312404326","Capa Capinha Anti Impacto + Película Vidro 3d Para Moto G15 Transparente Lisa","Celulares e Telefones","Acessórios para Celulares","840","19","Tier 2 — llevaría a 15.000 items"
"6053206562","Suporte De Celular Para Moto Alumínio Com Usb Carregador Pto Preto","Celulares e Telefones","Acessórios para Celulares","838","32","Tier 2 — llevaría a 15.000 items"
"4357818871","Capa Capinha Anti Shock Premium P/ iPhone 11 Ao 17","Celulares e Telefones","Acessórios para Celulares","838","19","Tier 2 — llevaría a 15.000 items"
"6291373160","Carregador Turbo Super Rápido 50w Para Samsung Galaxy S25 S24 S23 S22 S21 S20 Ultra Motorola Edge Moto G86 G75 G56 G35 G15 G05 G55 Xiaomi Redmi Note 12 13 14 15 16 17 Tipo Usb C Zeltrix Preto","Celulares e Telefones","Acessórios para Celulares","836","24","Tier 2 — llevaría a 15.000 items"
"4446435353","Capa Luxo Samsung Galaxy Todos Modelos Transparente Magsafe","Celulares e Telefones","Acessórios para Celulares","832","30","Tier 2 — llevaría a 15.000 items"
"3761361105","Carregador Celular 45w Turbo Power  Usb A + Usb-c Com Tipo C Igual Imagem","Celulares e Telefones","Acessórios para Celulares","831","31","Tier 2 — llevaría a 15.000 items"
"5345021222","Carregador Celular Samsung Usb C A52 A30 A54 Turbo Cor Branco","Celulares e Telefones","Acessórios para Celulares","830","79","Tier 2 — llevaría a 15.000 items"
"4107165605","Kit 2 Película Privacidade Para iPhone 3d Com Aplicador","Celulares e Telefones","Acessórios para Celulares","829","29","Tier 2 — llevaría a 15.000 items"
"4164283643","Tomada Carregador Veicular Usb Van Ônibus Motorhome Azul","Celulares e Telefones","Acessórios para Celulares","828","28","Tier 2 — llevaría a 15.000 items"
"4524692345","Carregador 30w Turbo Para iPhone 8 X Xr 11 12 13 14 Pro Max Fonte Usb C Vega Brasil Branco","Celulares e Telefones","Acessórios para Celulares","827","88","Tier 2 — llevaría a 15.000 items"
"6527352838","Cartão De Memória 128gb Para Camera Wi-fi Drones Câmeras - Compatível Com Intelbras, Camera Ip, Insta 360, Canon, Samsung - Micro Sd Classe 10 Ultra 100mb/s Cartão Sd - Marca Davely","Celulares e Telefones","Acessórios para Celulares","822","25","Tier 2 — llevaría a 15.000 items"
"4334411855","Celular Smartphone Realme C73 256gb 8gb Ram Dual Sim 120hz 6000mah Violeta","Celulares e Telefones","Celulares e Smartphones","1092","1252","Tier 2 — llevaría a 15.000 items"
"5120624320","Apple iPhone 16 (128 Gb) - Rosa - Distribuidor Autorizado","Celulares e Telefones","Celulares e Smartphones","1086","5462","Tier 2 — llevaría a 15.000 items"
"5751262142","Smartphone Infinix Smart 10 4gb Ram 256gb Ssd Câmera 8mp + Ia, Tela 6.67 Hd+ 120hz, Bateria 5000mah, Processador T7250, Android 15 Go, Dual Chip - Preto","Celulares e Telefones","Celulares e Smartphones","1081","758","Tier 2 — llevaría a 15.000 items"
"4079715491","Smartphone Motorola Moto G35 5g - 128gb 12gb (4gb Ram+8gb Ram Boost) E Camera 50mp Com Ai Nfc Tela 6.7 Com Superbrilho - Grafite - Vegan Leather","Celulares e Telefones","Celulares e Smartphones","1032","1104","Tier 2 — llevaría a 15.000 items"
"6420227790","Smartphone Motorola Moto G17 4g - 128gb 12gb (4gb Ram + 8gb Ram Boost) Camera 50mp Sony Lytia 600, Tela Fhd+ 60hz, Bateria 5200 Mah - Rosa","Celulares e Telefones","Celulares e Smartphones","1024","997","Tier 2 — llevaría a 15.000 items"
"5848367348","Apple iPhone 13 (128gb) Branco Novo + Acessórios","Celulares e Telefones","Celulares e Smartphones","991","3240","Tier 2 — llevaría a 15.000 items"
"6149535370","Celular Samsung Galaxy S25 Fe 5g, 128gb, 8gb Ram, Câmera Tripla De 50+12+8, Tela Grande De 6.7 Azul Marinho","Celulares e Telefones","Celulares e Smartphones","977","3179","Tier 2 — llevaría a 15.000 items"
"3967258357","Celular Samsung Galaxy S25 Ultra 5g, 512gb, 12gb Ram, Câmera Quádrupla De 200+50+10+50, Tela Grande De 6.9  Titânio Preto Titanium Black","Celulares e Telefones","Celulares e Smartphones","966","6843","Tier 2 — llevaría a 15.000 items"
"5991654710","Celular Smartphone Realme C73 256gb 8gb Ram Dual Sim 120hz 6000mah Verde","Celulares e Telefones","Celulares e Smartphones","948","1277","Tier 2 — llevaría a 15.000 items"
"4288472581","Celular Samsung Galaxy A56 5g 128gb 8gb Ram Preto","Celulares e Telefones","Celulares e Smartphones","935","2106","Tier 2 — llevaría a 15.000 items"
"6645484344","Celular Samsung Galaxy A07 256gb 8gb Câmera 50mp Verde","Celulares e Telefones","Celulares e Smartphones","924","898","Tier 2 — llevaría a 15.000 items"
"5364063946","Smartphone Motorola Edge 60 5g - 512gb 24gb (12gb Ram+12gb Ram Boost) Tela Quad-curve Moto Ai 50mp Sony Camera Ultrarresistencia Militar Ip68 + Ip69 - Azul Marinho","Celulares e Telefones","Celulares e Smartphones","919","2027","Tier 2 — llevaría a 15.000 items"
"5462046980","Celular Samsung Galaxy A26 5g 256gb, 8gb Ram, Câmera De 50mp, Ip67, Tela Super Amoled 6.7 , Nfc - Preto","Celulares e Telefones","Celulares e Smartphones","899","1645","Tier 2 — llevaría a 15.000 items"
"6149719724","Smartphone Motorola Edge 60 Fusion 5g - 256gb 24gb (8gb Ram+16gb Ram Boost) Tela Quad-curve Moto Ai 50mp Sony Camera Ultrarresistencia Militar Ip68 + Ip69 - Mocha Mousse","Celulares e Telefones","Celulares e Smartphones","879","2171","Tier 2 — llevaría a 15.000 items"
"4620428991","Celular Samsung Galaxy A07 256gb, 8gb, Câmera 50mp, Tela 6.7 , Proteção Ip54, Processador 6nm - Preto","Celulares e Telefones","Celulares e Smartphones","872","911","Tier 2 — llevaría a 15.000 items"
"6544800430","Celular Para Idosos Nokia 110 4g 128mb Preto 48mb Ram","Celulares e Telefones","Celulares e Smartphones","859","161","Tier 2 — llevaría a 15.000 items"
"6545211990","iPhone 17 256 gb - Azul-névoa - Distribuidor Autorizado","Celulares e Telefones","Celulares e Smartphones","834","6796","Tier 2 — llevaría a 15.000 items"
"5631601874","Tela Frontal Display Lcd Touch Compatível iPhone 8 Plus Top Branco + Película","Celulares e Telefones","Peças para Celular","1013","66","Tier 2 — llevaría a 15.000 items"
"3651371335","Kit Manutenção Celular Chave Y Torx T3 + Manta Antiestatica","Celulares e Telefones","Peças para Celular","1012","52","Tier 2 — llevaría a 15.000 items"
"4134748081","Tela Frontal Display Lcd Compatível A06 A065 Top + Pelicula Cor Preto","Celulares e Telefones","Peças para Celular","1009","67","Tier 2 — llevaría a 15.000 items"
"5408105476","Tela Frontal Display Lcd Touch Compatível A03 Core A032f A032m Top + Película","Celulares e Telefones","Peças para Celular","959","54","Tier 2 — llevaría a 15.000 items"
"4009945703","Tela Frontal Display Lcd Touch Compatível Moto G10 G20 G30 Top + Película Preto","Celulares e Telefones","Peças para Celular","920","58","Tier 2 — llevaría a 15.000 items"
"2903586848","Kit De Ferramentas + Cola T7000 Para Manutenção De Celular","Celulares e Telefones","Peças para Celular","879","19","Tier 2 — llevaría a 15.000 items"
"5658296236","Tela Frontal Display Lcd Touch Compatível Moto G04 G24 E14 Xt2423 Xt2421 Top + Película Preto","Celulares e Telefones","Peças para Celular","869","62","Tier 2 — llevaría a 15.000 items"
"5325470584","Tela Display Frontal Compatível Moto G10 G20 G30 Com Aro + Pelic Cor Preto","Celulares e Telefones","Peças para Celular","869","67","Tier 2 — llevaría a 15.000 items"
"3996930047","Tela Frontal Display Lcd Touch Compativel Moto E7 E E7 Power Top + Pelicula Preto","Celulares e Telefones","Peças para Celular","865","57","Tier 2 — llevaría a 15.000 items"
"4125576077","Fone De Ouvido Silicone Radio Comunicador Baofeng 777s Uv5r","Celulares e Telefones","Rádio Comunicadores","1093","27","Tier 2 — llevaría a 15.000 items"
"6171652478","Radio Comunicador Baofeng Bf-777s 16 Canais 5w 6km Uhf/vhf/fm Walkie Talkie","Celulares e Telefones","Rádio Comunicadores","974","89","Tier 2 — llevaría a 15.000 items"
"6557228020","Kit 4 Rádio Comunicador Baofeng Walkie Talkie Bf-777s Profissional 16 Canais 16ch 5w Longo Alcance Até 12km Preto - Marca Hardline 127/220v","Celulares e Telefones","Rádio Comunicadores","859","197","Tier 2 — llevaría a 15.000 items"
"4200038991","Relógio Smartwatch W11 Mini Serie 11 Whatsapp Gps Nfc 2026","Celulares e Telefones","Smartwatches e Acessórios","1076","184","Tier 2 — llevaría a 15.000 items"
"6434008214","Smartwatch Xiaomi Redmi Watch 5 Active Alexa, Prata Caixa Preto Pulseira Preto Bisel Preto Desenho Da Pulseira Lisa","Celulares e Telefones","Smartwatches e Acessórios","1003","229","Tier 2 — llevaría a 15.000 items"
"6451356910","Relógio Inteligente Smartwatch Alexa Chamadas Bluetooth Novante Rosa Digital Feminino Masculino Esportivo Notificações... Rosa-claro Relógio Inteligente Fashion Crown","Celulares e Telefones","Smartwatches e Acessórios","993","233","Tier 2 — llevaría a 15.000 items"
"3944681665","Bumper Case Capa Para Apple Watch Serie 1/2/3/4/5/6/se/7/8/9","Celulares e Telefones","Smartwatches e Acessórios","970","24","Tier 2 — llevaría a 15.000 items"
"5991916612","Relógio Smartwatch S11 Series 11 Chatgpt Whatsapp Lançamento Preto","Celulares e Telefones","Smartwatches e Acessórios","956","144","Tier 2 — llevaría a 15.000 items"
"6555011812","Smartwatch S10 Série 10 Relógio Digital Masculino Feminino Resistente A Agua Caixa Preta Com 2 Pulseiras Smartwatch Completo Compatível Android E Ios Monitor Atividades 3 Tech Preto Liso","Celulares e Telefones","Smartwatches e Acessórios","956","96","Tier 2 — llevaría a 15.000 items"
"5198878760","Relógio Inteligente Homens Esporte Smartwatch Impermeável","Celulares e Telefones","Smartwatches e Acessórios","941","145","Tier 2 — llevaría a 15.000 items"
"5896177684","Samsung Galaxy Watch7 Smartwatch 44mm Bt Galaxy Ai - Verde","Celulares e Telefones","Smartwatches e Acessórios","931","1346","Tier 2 — llevaría a 15.000 items"
"5959643342","Smartband Mi Band 10 Amoled 1.72  Preto C/ Detecção Natação Bateria 21 Dias","Celulares e Telefones","Smartwatches e Acessórios","894","289","Tier 2 — llevaría a 15.000 items"
"5766314924","Relógio Inteligente Smartwatch Ultra Bazik Prime S35 Ultra Max Masculino E Feminino Cor Preto Para Android Ios 123 Modos Esporte Ip67 47mm","Celulares e Telefones","Smartwatches e Acessórios","879","164","Tier 2 — llevaría a 15.000 items"
"3326814379","Pulseira Oceano Para Apple Watch Ultra 49mm 45mm 44mm 42mm","Celulares e Telefones","Smartwatches e Acessórios","875","21","Tier 2 — llevaría a 15.000 items"
"4413887205","Bumper Case Capa Para Apple Watch 11 Série 10 Vidro 42m 46m","Celulares e Telefones","Smartwatches e Acessórios","859","25","Tier 2 — llevaría a 15.000 items"
"5195000316","Relógio Smartwatch S10 Pro 46mm Serie 10 Nfc Chatgpt Gps","Celulares e Telefones","Smartwatches e Acessórios","843","184","Tier 2 — llevaría a 15.000 items"
"5218212908","Smartwatch Feminino Relógio Inteligente Esportivo Original","Celulares e Telefones","Smartwatches e Acessórios","836","154","Tier 2 — llevaría a 15.000 items"
"6385972648","Smartwatch Smartwatch Amazfit Bip 6 Amoled 1,97 Gps Bluetooth Calls 5 Atm Preto","Celulares e Telefones","Smartwatches e Acessórios","824","603","Tier 2 — llevaría a 15.000 items"
"4562290135","Telefone Interfone Para Condominio Tdmi 300 Cor Branco Intelbras Branco","Celulares e Telefones","Telefonia Fixa e Sem Fio","934","43","Tier 2 — llevaría a 15.000 items"
"6153835868","Fone De Ouvido Com Microfone Usb Heaset Call Center Telemarketing Jogos Reuniao Empresa Trabalho Profissional Com Fio Atendimento Call Center Heaseats Home Office Computador Notebook Telefone Pc","Celulares e Telefones","Telefonia Fixa e Sem Fio","873","48","Tier 2 — llevaría a 15.000 items"
"3459314343","Fone Headset Call Center Telemarket Entrada Usb E Plug 3.5mm","Celulares e Telefones","Telefonia Fixa e Sem Fio","845","39","Tier 2 — llevaría a 15.000 items"
"4405168835","Telefone Interfone Para Condominio Tdmi 300 Cor Branco Intelbras","Celulares e Telefones","Telefonia Fixa e Sem Fio","824","59","Tier 2 — llevaría a 15.000 items"
"3943163139","Kit 10 Placas Para Reparo De Porta Dobradiça Armário Mdf Aço Reforçado Solução Definitiva Fácil Instalação Ideal Para Móveis Cozinha Guarda Roupa Reparos Profissionais","Construção","Aberturas","1093","19","Tier 2 — llevaría a 15.000 items"
"3460606865","Coluna Torre Aço Inox 304 30cm Polido 1 Furo Guarda Corpo Rr Inox","Construção","Aberturas","951","55","Tier 2 — llevaría a 15.000 items"
"4186636721","Trilho Gaveta 35cm Corrediça Amortecedor Soft Closing 45kg Cor Zincado","Construção","Aberturas","920","27","Tier 2 — llevaría a 15.000 items"
"3816464247","Kit 3 Dobradiças Inox 304 Escovado 4pol C/ Rolamento Axial","Construção","Aberturas","909","25","Tier 2 — llevaría a 15.000 items"
"4111057951","Visor Olho Mágico Cromado Brasfort Latão Para Portas Portão","Construção","Aberturas","869","19","Tier 2 — llevaría a 15.000 items"
"5041381508","Coluna Torre Inox 304 Puxadores Online 30cm 2 Furos Para Vidro","Construção","Aberturas","843","53","Tier 2 — llevaría a 15.000 items"
"6448673426","Kit Dobradiças Porta Inox 304 P/ 160kg 4pol Rolamento Axial Escovado 3 Kits/9 Un.","Construção","Aberturas","835","59","Tier 2 — llevaría a 15.000 items"
"5278929970","Coluna Torre Pinça Inox Preta 40 Cm 2 Furos Guarda Corpo","Construção","Aberturas","832","56","Tier 2 — llevaría a 15.000 items"
"5618901248","Pneu Maciço De Pu 3.25x8 Carrinho De Mão/carriola/plataforma Preto","Construção","Acessórios de Construção","975","77","Tier 2 — llevaría a 15.000 items"
"6398789792","Roda Carrinho Mão Carga Carriola Rolamento Eixo Aro 3,25x8 Preto","Construção","Acessórios de Construção","960","75","Tier 2 — llevaría a 15.000 items"
"3877131523","Válvula De Retenção De Esgoto 100mm Etools Ferramentas Evita Retorno Mau Cheiro Entrada De Insetos","Construção","Encanamento","1074","22","Tier 2 — llevaría a 15.000 items"
"3907736785","Bomba Pressurizadora Eurobombas 120w Epa 15-9-120 2 Pontos Água Limpa 220v","Construção","Encanamento","1074","211","Tier 2 — llevaría a 15.000 items"
"3944967873","Bomba Periférica Eurobombas Qb60 0.5cv Bivolt 127v/220v Bronze Ferro Fundido 127/220v 60 Hz Monofásica","Construção","Encanamento","1064","143","Tier 2 — llevaría a 15.000 items"
"5657368684","Bomba De Água Gribbo 950 Submersa Vibratória 450w 3/4 220v","Construção","Encanamento","936","243","Tier 2 — llevaría a 15.000 items"
"5687323070","Cabo Flexível 2,5mm 100m Fillvale Vermelho Pvc Antichamas 750v","Construção","Energia","1093","62","Tier 2 — llevaría a 15.000 items"
"4285165802","Tomadas Monobloco Tripla 20a Ilumi Vivaz Fácil Instalação Cor Branco","Construção","Energia","1091","24","Tier 2 — llevaría a 15.000 items"
"5271435996","Kit 02 Rele Fotocelula Sensor Corujito Qr51 C/suporte 127/220v","Construção","Energia","1088","39","Tier 2 — llevaría a 15.000 items"
"3311077919","Fio 2mm 100 Metros Fio Flexivel ( Fio 2,5mm Dois E Meio )","Construção","Energia","1085","57","Tier 2 — llevaría a 15.000 items"
"3834872317","Filtro De Linha Régua Extensão 6 Tomadas 3m 10a Preto Bivolt Proteção Sobretensão 127/220v","Construção","Energia","1076","35","Tier 2 — llevaría a 15.000 items"
"3865336071","Interruptor Inteligente Wifi Novadigital 4 Teclas Botões Touch Tuya Smart Life Alexa Google 110v 220v Bivolt Branco Lite-ws4-w 127/220v","Construção","Energia","1076","82","Tier 2 — llevaría a 15.000 items"
"4435237079","Kit 10 Caixa De Embutir 4x2 Luz Parede Tramontina Amarela Amarelo","Construção","Energia","1073","22","Tier 2 — llevaría a 15.000 items"
"3562255533","Salva Caixinha 4x2 Reparo De Abas Tomada Quebrada Kit 10un","Construção","Energia","1064","20","Tier 2 — llevaría a 15.000 items"
"6397861568","Protetor Anti Surto Com Chip Dps Eletrônico Prote Contra Curto Raio Descarga Elétrica Queda Energia Bivolt 127 220v 10 Amperes Geladeira Tv Lavadora Freezer Microondas Air Fryer Secador Pro Phone See","Construção","Energia","1053","30","Tier 2 — llevaría a 15.000 items"
"3874976607","Tomada 2p+t 20a/250v Com Placa 4x2 Tramontina Liz Branco Branco","Construção","Energia","1052","21","Tier 2 — llevaría a 15.000 items"
"5619467672","Extensão Elétrica 10 Metros Bivolt Preto 3 Tomada Tripolar Preto 127/220v","Construção","Energia","1048","22","Tier 2 — llevaría a 15.000 items"
"4799035616","Interruptor Inteligente Wifi Novadigital 4 Teclas Botões Touch Tuya Smart Life Alexa Google 110v 220v Bivolt Branco Lite-ws4-w 127/220v","Construção","Energia","1040","73","Tier 2 — llevaría a 15.000 items"
"3324576975","Timer Temporizador Digital Trilho Din Exatron 110v 220v Bivolt 16a Iluminação Até 40 Programações Letm4004 Cinza","Construção","Energia","1040","67","Tier 2 — llevaría a 15.000 items"
"4450899321","Extensão Elétrica 6 Tomadas Régua Bivolt C/ 3 Usb Cabo 2m Branco 110v-220v","Construção","Energia","1039","34","Tier 2 — llevaría a 15.000 items"
"5451815702","Transformador 7000va Tomada Bivolt 110 220 - 220 110 Range Plane Preto","Construção","Energia","1037","204","Tier 2 — llevaría a 15.000 items"
"6472226652","Benjamim Dobravel Universal T De Tomada Com 2 Usb Celular","Construção","Energia","1035","20","Tier 2 — llevaría a 15.000 items"
"5468401472","Conjunto 2 Tomada 4x2 20a 2p+t Universal 250v Entrelux","Construção","Energia","1034","26","Tier 2 — llevaría a 15.000 items"
"4537453112","Disjuntor Bipolar Tramontina 10a 16a 20a 25a 32a 40a 50a 63a","Construção","Energia","1034","37","Tier 2 — llevaría a 15.000 items"
"4161410063","Kit 2 Adaptador De Tomada Americano Pino Chato Para Brasileiro 3 Pinos 10a 250v 127/220v","Construção","Energia","1029","24","Tier 2 — llevaría a 15.000 items"
"5230481804","Disjuntor Monopolar 1p Tramontina Tdj3 Unipolar 3ka 10 A 63a","Construção","Energia","1025","17","Tier 2 — llevaría a 15.000 items"
"6164553502","Extensão Elétrica 5 Metros Bivolt Branca 3 Tomada Tripolar Ext-5m-branca-nr-153","Construção","Energia","1023","21","Tier 2 — llevaría a 15.000 items"
"5201654256","Extensão Eletrica 50 Metros Reforçada 10/20a Obra Profissional Cor Preto Ms Eletro Eletrônica 127/220v","Construção","Energia","1018","108","Tier 2 — llevaría a 15.000 items"
"6147783144","Extensão Elétrica 6 Tomadas Bivolt 3 Usb 2500w Régua Filtro De Linha 2 Metros Branco Cabo 2m 5 Mm Led Botão Power 10a 127/220v Energia Elétrico Padrão Brasileiro Profissional Protetor Gamer Extensao","Construção","Energia","1017","33","Tier 2 — llevaría a 15.000 items"
"6577158254","Fio Elétrico 2,5mm Preto Cabo Flexível Rolo Com 100m Metros 750v Antichamas","Construção","Energia","1016","63","Tier 2 — llevaría a 15.000 items"
"3826714147","Filtro De Linha Régua Extensão 6 Tomadas 5m 10a Preto Bivolt Proteção Sobretensão 127/220v","Construção","Energia","1015","45","Tier 2 — llevaría a 15.000 items"
"3265541636","Kit 20 Conector Wago Compacto Emenda 2 Fios 4mm2 32a 221-412","Construção","Energia","1011","55","Tier 2 — llevaría a 15.000 items"
"3305823365","Extensão Eletrica 20 Amperes 3 Metros Para Ar Condicionado Secador Forceline 3 Tomadas Bivolt Tripolar Branco 127/220v","Construção","Energia","1006","62","Tier 2 — llevaría a 15.000 items"
"3314662129","Fio 2 5mm 100m Flexivel Com 100 Metros Oferta","Construção","Energia","1001","57","Tier 2 — llevaría a 15.000 items"
"3497312945","Interruptor Inteligente Zigbee Novadigital 1 Tecla Botão Touch Tuya Smart Life Alexa Google 110v 220v Bivolt Branco - Hub Zigbee Necessário 10 A","Construção","Energia","1000","70","Tier 2 — llevaría a 15.000 items"
"2795887673","Fio Cabo Flexível Condutor De Cobre 2,5mm 50m Cores Cobrecom","Construção","Energia","1000","157","Tier 2 — llevaría a 15.000 items"
"4126200533","Kit 10 Botão Tic Tac Redondo Gangorra Interruptor 10a Chave Liga Desliga Gurumania Preto","Construção","Energia","1000","22","Tier 2 — llevaría a 15.000 items"
"3773446463","Kit 50 Caixas De Luz 4x2 Amarela Reforçada Tomada Interruptor Embutir Meu Ape Store Amarelo","Construção","Energia","999","41","Tier 2 — llevaría a 15.000 items"
"4344719497","Kit 2 Adaptador Benjamin T Articulado 3 Saídas Elétrico Triplo Lateral Articulado Cor Branco Adaptador De Tomada T Dobrável 3 Pinos Plug Universal Bivolt Creator Brasil","Construção","Energia","998","29","Tier 2 — llevaría a 15.000 items"
"6194602328","Quadro De Distribuição Com Barramento 16 Disjuntor 63a Din Embutir","Construção","Energia","995","59","Tier 2 — llevaría a 15.000 items"
"3788562519","Contator Modular Bipolar 25a 2 Polos 2na 220 Volts Contatora Exatron Lect4000 Trilho Din35","Construção","Energia","990","56","Tier 2 — llevaría a 15.000 items"
"3265564312","Kit Com 10 Unidades Conectores Para Chuveiro 221-612 Wago","Construção","Energia","988","50","Tier 2 — llevaría a 15.000 items"
"4133587923","Fio 6mm Cabo Flexível Rolo Com 100 Metros Elétrico 750v Cor Preto Marca Screen Vision","Construção","Energia","988","134","Tier 2 — llevaría a 15.000 items"
"5403820634","Tomada Dupla (2 Tomadas 20a) Slim - Ilumi Cor Branco","Construção","Energia","983","19","Tier 2 — llevaría a 15.000 items"
"4040935710","Protetor Anti Raio E Quedas Para Geladeira Freezer Com Temporizador 127v Protection","Construção","Energia","980","45","Tier 2 — llevaría a 15.000 items"
"4513076102","Conjunto 4x2 1 Interruptor 6a 250v 1 Tomada 2p+t Tramontina Cor Branco","Construção","Energia","976","19","Tier 2 — llevaría a 15.000 items"
"5957736922","Extensão Elétrica 2 Metros Branca 3 Tomada Tripolar Bivolt 10a Compacta Creator Brasil","Construção","Energia","970","19","Tier 2 — llevaría a 15.000 items"
"5898430164","Extensão Elétrica 10 Metros Fio Grosso 3 Tomada 3 Pino Cor Branco Creator Brasil","Construção","Energia","961","30","Tier 2 — llevaría a 15.000 items"
"4172400245","Kit 10 Plug Adaptador De Tomada Pino Chato Americano Bob Esponja 10a/20a 250v Etools Ferramentas 127/220v","Construção","Energia","959","26","Tier 2 — llevaría a 15.000 items"
"5656552704","Kit 10 Fita Isolante 3m Adesiva Imperial 18mm X 20 Metros Preto Liso","Construção","Energia","959","63","Tier 2 — llevaría a 15.000 items"
"2731111495","Plug Pino Maciço Macho 90 Gr 2p+t 20a Fame Preto Prensa Cabo 127/220v","Construção","Energia","957","19","Tier 2 — llevaría a 15.000 items"
"6184379050","Kit 2 Adaptador Tomada Universal Para Viagem Internacional 110/220 127/220v","Construção","Energia","955","23","Tier 2 — llevaría a 15.000 items"
"5594412090","Chave Contator Tripolar 32a Cjx2-3210 50/60 Hz 220v","Construção","Energia","953","52","Tier 2 — llevaría a 15.000 items"
"5287964492","Kit 2 Dps Protetor De Surto Clamper Frontv 275v 20ka Vcl","Construção","Energia","945","75","Tier 2 — llevaría a 15.000 items"
"3794027038","Tomada Inteligente Wifi Novadigital Dupla 20a E 10a Usb + Usb-c Compatível Alexa Tuya Smart Life Google Branca Branco","Construção","Energia","940","102","Tier 2 — llevaría a 15.000 items"
"4647483300","Protetor Eletrônico Com 5 Tomadas Cabo De 3 Metros Epe 205+ Preto Intelbras 127/220v","Construção","Energia","936","51","Tier 2 — llevaría a 15.000 items"
"5033445930","Extensão Elétrica 3 Metros Preto 3 Tomada Tripolar 127/220v","Construção","Energia","928","22","Tier 2 — llevaría a 15.000 items"
"4389080511","Extensão Eletrica 30 Metros Reforçada Profissional 10/20a Preto","Construção","Energia","928","44","Tier 2 — llevaría a 15.000 items"
"5148703584","Filtro De Linha Com Protetor De Surto Dps Iclamper Energia 5 Tomadas 3 Pinos 10 Amperes Com Tecnologia Lcf Anti Raio Clamper Cor Transparente 127/220v","Construção","Energia","925","88","Tier 2 — llevaría a 15.000 items"
"3921007217","Timer Temporizador Analógico 24 Horas Hytalux Bivolt","Construção","Energia","922","27","Tier 2 — llevaría a 15.000 items"
"5718948322","Tomada Inteligente Wifi 20a Medidor De Consumo Automação Residencial Smart Alexa Google Assistente Tuya Pandaplus Cor Branco Bivolt","Construção","Energia","922","60","Tier 2 — llevaría a 15.000 items"
"6288636952","Adaptador De Tomada Fêmea 20a 3p Para Macho 10a 3p 90 Graus Bivolt Lef 127/220v","Construção","Energia","913","34","Tier 2 — llevaría a 15.000 items"
"4413871069","Tomada Inteligente Compatível Com Alexa Google Home Tuya Smart Life Wi-fi Bivolt Com Monitor De Consumo Automação Residencial Smart Plug 110v 220v Bivolt","Construção","Energia","913","42","Tier 2 — llevaría a 15.000 items"
"3767120713","Adaptador De Tomada Pino Benjamin T Multiplicador 3 Saídas 2 Polos + Terra 10a 250v 127/220v","Construção","Energia","913","20","Tier 2 — llevaría a 15.000 items"
"4310700795","Régua Extensão Elétrica 5 Tomadas 2 Usb 2 Usb-c 10a 20a 2m Filtro De Linha Branco 127/220v","Construção","Energia","910","49","Tier 2 — llevaría a 15.000 items"
"3316189137","100m Fio 1 5mm Com 100 Metros Cabo Flexivel 1,5mm 750v","Construção","Energia","906","48","Tier 2 — llevaría a 15.000 items"
"3532460027","1 Kit Com 6 Unidades Conectores Para Chuveiro 221-612 Wago","Construção","Energia","904","35","Tier 2 — llevaría a 15.000 items"
"5626915060","Disjuntor Bipolar Bifásico 10a 16a 20 25a 32 40a 50a 63a Weg","Construção","Energia","903","50","Tier 2 — llevaría a 15.000 items"
"4160378705","Extensão Régua Filtro De Linha Protetor Energia Elétrica 6 Tomadas Profissional Com Fusível Bivolt Cabo De 3 Metros 110 127 220 Fiolux Powerlink 110v 127v 220v Preto 127/220v","Construção","Energia","899","39","Tier 2 — llevaría a 15.000 items"
"5516194584","Fio 10mm Cabo Flexível Rolo Com 100 Metros Elétrico 750v Cor Preto Marca Screen Vision","Construção","Energia","895","242","Tier 2 — llevaría a 15.000 items"
"3204007075","Caixa De Proteção Externa Câmeras Cftv Vbox 1100 E Intelbras Branco","Construção","Energia","892","24","Tier 2 — llevaría a 15.000 items"
"5905412598","Extensão 15metros Cabo Pp Reforçada Obra Profissional 10/20a Cor Preto 127 220v Lef","Construção","Energia","888","53","Tier 2 — llevaría a 15.000 items"
"3950797096","Timer Digital Bivolt Temporizador Programavel Automatico","Construção","Energia","888","36","Tier 2 — llevaría a 15.000 items"
"6264209240","Interruptor Inteligente Wifi Novadigital 6 Teclas Botões Touch 4x4 Compatível Tuya Smart Life Alexa Google Branco 127/220v","Construção","Energia","887","121","Tier 2 — llevaría a 15.000 items"
"4114179293","Conjunto Tomada Dupla Horizontal 4x2 Black Satin 20a Recta Blux Cor Black Satin Fosco","Construção","Energia","880","30","Tier 2 — llevaría a 15.000 items"
"6545243768","Interruptor Inteligente Relé Wifi Novadigital 1 Canal 10a Mini Smart Switch Tuya Smart Life Alexa 110v 220v Bivolt Branco 127/220v","Construção","Energia","879","33","Tier 2 — llevaría a 15.000 items"
"4076050663","Filtro De Linha 3 Tomadas 1,5 Metros 20 Amperes Para Ar Condicionado Force Line Preto 127/220v","Construção","Energia","879","57","Tier 2 — llevaría a 15.000 items"
"4623731684","Adaptador Tomada Pino Benjamin Bob Articulado 3 Saídas 20a","Construção","Energia","878","20","Tier 2 — llevaría a 15.000 items"
"6233687148","Contator 220v 18a Para Ar Condicionado 18,000 A 30,000 Btus Az135 Tiwa Chave Contatora","Construção","Energia","877","42","Tier 2 — llevaría a 15.000 items"
"4442903238","Adaptador Tomada 20a Para 10a Carregador Carro Elétrico 127/220v","Construção","Energia","874","31","Tier 2 — llevaría a 15.000 items"
"3387263523","Filtro Linha 5 Tomadas 5 Metros Extensão Régua Elétricas Bivolt-preto-nr-144","Construção","Energia","873","32","Tier 2 — llevaría a 15.000 items"
"2661076493","Interruptor Inteligente Wi-fi Nova Digital 1 Botão Original","Construção","Energia","867","65","Tier 2 — llevaría a 15.000 items"
"5480519530","Fio 6mm Cabo Flexível Rolo Com 100 Metros Elétrico 750v Cor Vermelho Marca Screen Vision","Construção","Energia","863","134","Tier 2 — llevaría a 15.000 items"
"4282769521","Kit 15 Tomada Simples 4x2 Embutir 2p+t Tramontina Branco 10a","Construção","Energia","861","70","Tier 2 — llevaría a 15.000 items"
"6250715226","Adaptador Tomada 20a P/ 10a Carregador Carro Elétrico Bivolt 127/220v","Construção","Energia","858","32","Tier 2 — llevaría a 15.000 items"
"5792018940","Isoflex Fita Isolante Anti Chama 19mmx20m 10 Unidades Preto Liso","Construção","Energia","856","37","Tier 2 — llevaría a 15.000 items"
"3981744995","Vermelho Fio Elétrico Cabo Flexível 2,5mm Rolo 100 Metros","Construção","Energia","855","59","Tier 2 — llevaría a 15.000 items"
"4285410176","Espelho Com 3 Tomadas 10a Monobloco 250v Vivaz Ilumi 78123","Construção","Energia","853","22","Tier 2 — llevaría a 15.000 items"
"5943214594","Tomada Inteligente Wifi 16a Medidor De Consumo Automação Residencial Smart Alexa Google Assistente Tuya Pandaplus Cor Branco Bivolt Branco 16a","Construção","Energia","852","51","Tier 2 — llevaría a 15.000 items"
"716328199","Auto Transformador Trafotron 5000va Para Ar 12000 Btus","Construção","Energia","849","131","Tier 2 — llevaría a 15.000 items"
"6545243768","Novadigital Ms-105 Mini Interruptor Wifi Inteligente 1ch Automação Casa Alexa Branco 127/220v","Construção","Energia","845","33","Tier 2 — llevaría a 15.000 items"
"6312957410","Interruptor Inteligente Wifi Novadigital 4 Teclas Botões Touch Tuya Smart Life Alexa Google 110v 220v Bivolt Branco Lite-ws4-w 127/220v","Construção","Energia","841","66","Tier 2 — llevaría a 15.000 items"
"5093755598","Interruptor Ekaza 1 Botão Smart Automação Branco 127/220v","Construção","Energia","841","80","Tier 2 — llevaría a 15.000 items"
"6201796660","Extensão Elétrica 3 Tomadas Régua Bivolt C/ 3 Usb Cabo 2m Branco","Construção","Energia","841","31","Tier 2 — llevaría a 15.000 items"
"3589242187","Tomada Inteligente Wifi Novadigital Dupla 20a E 10a Usb + Usb-c Compatível Alexa Tuya Smart Life Google Preto","Construção","Energia","838","98","Tier 2 — llevaría a 15.000 items"
"4484462499","Cabo Branco Paralelo Duplo 2x2,5mm 100m Maxtop","Construção","Energia","836","103","Tier 2 — llevaría a 15.000 items"
"5495106128","Fio Paralelo 1,5mm Cabo Duplo 2x1,5mm Rolo 50 Metros Elétrico 750v Cor Branco Marca Screen Vision","Construção","Energia","835","47","Tier 2 — llevaría a 15.000 items"
"4200163633","Fio 2,5mm Suvfill 100m 750v Flexível Pvc Antichamas Verde","Construção","Energia","833","61","Tier 2 — llevaría a 15.000 items"
"5011539710","Kit 10un Adaptadores De Tomada 10a / 20a 250v 127/220v","Construção","Energia","833","24","Tier 2 — llevaría a 15.000 items"
"5732689344","Disjuntor Automático Clamper Miniatura Trilho Din 45ka 275v 2 Unidades","Construção","Energia","829","83","Tier 2 — llevaría a 15.000 items"
"5343794412","Interruptor Inteligente Zigbee Novadigital 1 Tecla Branco 10a Controle Voz Alexa Google 127/220v","Construção","Energia","824","82","Tier 2 — llevaría a 15.000 items"
"2146534353","Auto Transformador Conversor 5000va Bivolt 110 220 E 220 110","Construção","Energia","823","140","Tier 2 — llevaría a 15.000 items"
"4199790731","Tinta Pinta Piso Acrilica Coral Premium Fosco 3,6 L - Cores","Construção","Loja das Tintas","1095","79","Tier 2 — llevaría a 15.000 items"
"4019638207","Primer Manta 3,6l Dryko Liquida Acqua Asfáltica Telhado","Construção","Loja das Tintas","999","40","Tier 2 — llevaría a 15.000 items"
"4562178759","Impermeabilizante Block Total - Decor Colors Branco Fosco","Construção","Loja das Tintas","993","300","Tier 2 — llevaría a 15.000 items"
"4097925481","Tinta Peg & Pinte Antimofo Sem Cheiro Cores 1 8 L Eucatex Acabamento Fosco Cor Branco","Construção","Loja das Tintas","968","170","Tier 2 — llevaría a 15.000 items"
"3608638535","Tinta Spray 300ml Uso Geral Multiuso Todas Cores Automotivo","Construção","Loja das Tintas","944","21","Tier 2 — llevaría a 15.000 items"
"3555185643","Rolo P/ Textura Cabelo De Anjo 23cm Fio De Nylon C/ Suporte","Construção","Loja das Tintas","891","34","Tier 2 — llevaría a 15.000 items"
"4158523269","Pedra Natural + Primer Kit Perfeito Pra Área Externa","Construção","Loja das Tintas","888","244","Tier 2 — llevaría a 15.000 items"
"4161362471","Tinta Coralar Acrílica Anti Mofo Coral Escolha Sua Cor!!","Construção","Loja das Tintas","855","291","Tier 2 — llevaría a 15.000 items"
"4341470921","Removedor Pastoso Maxi Rubber Superfícies Madeira Metal","Construção","Loja das Tintas","822","36","Tier 2 — llevaría a 15.000 items"
"3665471981","Parafuso Flangeado 4,2 X 13mm Forro, Drywal / 1000","Construção","Materiais de Obra","1094","33","Tier 2 — llevaría a 15.000 items"
"3964476943","Prego 15x15 De Aço Gold Temperado Com Cabeça Premium 1000 Un 2.5 Mm 3 Cm","Construção","Materiais de Obra","1091","48","Tier 2 — llevaría a 15.000 items"
"4575262712","Kit 4 Selantes Poliuretano Adesivo Pu40 Cibra Flex Branco","Construção","Materiais de Obra","1082","47","Tier 2 — llevaría a 15.000 items"
"2783238876","Parafuso Auto Brocante Flangeado Phillips 4,2x19 - 1.000pcs","Construção","Materiais de Obra","1061","46","Tier 2 — llevaría a 15.000 items"
"3415078301","Manta Asfáltica Aluminizada Telhado Autoadesiva- 20cm X 10m","Construção","Materiais de Obra","1052","37","Tier 2 — llevaría a 15.000 items"
"3778550722","50 Bucha Gesso 4-16mm Drywall C/parafuso Phillips Bucha6mm","Construção","Materiais de Obra","1023","25","Tier 2 — llevaría a 15.000 items"
"5538338394","Rejunte Acrílico 500g  Pronto Para Uso Argapoli  - 18 Cores","Construção","Materiais de Obra","1007","22","Tier 2 — llevaría a 15.000 items"
"6244931148","Pino Cadeirinha Kit 100 Unidades P/ Pistola Finca Pinos 7.3 Mm 4 Cm","Construção","Materiais de Obra","1007","53","Tier 2 — llevaría a 15.000 items"
"5354294270","Fita Manta Asfáltica Aluminizada Vedatudo 15cmx10m Dryko","Construção","Materiais de Obra","986","28","Tier 2 — llevaría a 15.000 items"
"3816300053","Pino Cadeirinha Kit 100 Unidades P/ Pistola Finca Pinos  7.3 Mm 4 Cm","Construção","Materiais de Obra","950","54","Tier 2 — llevaría a 15.000 items"
"6306667238","Protetor De Cabeças Parafusos Veipar Telhas Metálicas 100 Un Bradex","Construção","Materiais de Obra","948","55","Tier 2 — llevaría a 15.000 items"
"4474501864","Fita Para Drywall Gesso Isopor Telada Auto Adesiva 48mm-100m Branco","Construção","Materiais de Obra","920","29","Tier 2 — llevaría a 15.000 items"
"3124473161","Kit 2 Cola Fixa Tudo Alto Poder De Adesão Debaixo D'água 80g","Construção","Materiais de Obra","914","24","Tier 2 — llevaría a 15.000 items"
"4235920387","Corda Poliéster Trançada 4mm X 30m Aleatória","Construção","Materiais de Obra","912","19","Tier 2 — llevaría a 15.000 items"
"4197744105","Fixador De Pedras Soltas E Jardim Fix Stone 5l - Economica","Construção","Materiais de Obra","903","113","Tier 2 — llevaría a 15.000 items"
"5352967562","Impermeabilizante Selante Infiltrações Jaysuing 1000g Pincel Branco","Construção","Materiais de Obra","899","73","Tier 2 — llevaría a 15.000 items"
"5390372582","Kit 400 Peças Parafusos E Buchas P/ Parede Com Organizador","Construção","Materiais de Obra","887","34","Tier 2 — llevaría a 15.000 items"
"2849286219","Parafusos C/ Buchas 6mm, 8mm -- Total 200 Peças","Construção","Materiais de Obra","880","25","Tier 2 — llevaría a 15.000 items"
"5376496164","Pu40 Uvs Calhas Pingadeiras Cola Selante Veda Kit 2 Unid","Construção","Materiais de Obra","877","53","Tier 2 — llevaría a 15.000 items"
"3891312715","Manta Asfáltica Adesiva Cinza 20cm X 10m Vedatudo - Dryko","Construção","Materiais de Obra","864","39","Tier 2 — llevaría a 15.000 items"
"5454071058","Kit 4 Selantes Poliuretano Adesivo Pu40 Ankermix Branco","Construção","Materiais de Obra","859","42","Tier 2 — llevaría a 15.000 items"
"5419556602","2kg Gesso Em Pó Branco Secagem Rápida Artesanato Reparos - Fortaleza","Construção","Materiais de Obra","848","21","Tier 2 — llevaría a 15.000 items"
"5132916766","Arame Galvanizado Revestido Em Pvc Bwg 12 14 16 18 20''","Construção","Materiais de Obra","837","28","Tier 2 — llevaría a 15.000 items"
"4353953213","Acabamento Para Registro Docol Lift 8047006 Prateado Cromado","Construção","Mobiliário para Banheiros","1096","107","Tier 2 — llevaría a 15.000 items"
"5293449436","Ducha Higiênica Preto Fosco Quadrada Metal Completa Luxo","Construção","Mobiliário para Banheiros","1068","53","Tier 2 — llevaría a 15.000 items"
"4515156147","Exaustor Banheiro Silencioso Para Residencial Ventilador 100mm Branco Yesop","Construção","Mobiliário para Banheiros","1057","69","Tier 2 — llevaría a 15.000 items"
"5690636206","Torneira De Jardim E Tanque Metal Maquina De Lavar Preta C70 Acabamento Fosco Cor Preto","Construção","Mobiliário para Banheiros","1055","35","Tier 2 — llevaría a 15.000 items"
"3962206133","Acabamento De Registros Docol Gali Para Base Docol Cromado Cor Cromo","Construção","Mobiliário para Banheiros","1053","50","Tier 2 — llevaría a 15.000 items"
"4015731157","Resistência Para Lorenzetti Ducha Futura Eletrônica 220v 6800w Ms Eletro Eletrônica Cinza-escuro","Construção","Mobiliário para Banheiros","1053","22","Tier 2 — llevaría a 15.000 items"
"6224725702","Kit Premium Ducha Higiênica Teoliver Duplo Encaixe Duas Saídas Para Banheiro Vaso Sanitário Metal Registro Duplo Mangueira Flexível Suporte Bidê Chuveirinho Banheiro Preto","Construção","Mobiliário para Banheiros","1046","54","Tier 2 — llevaría a 15.000 items"
"4109500495","Torneira Para Banheiro Bancada Pia Cuba Quadrada Preto Fosco","Construção","Mobiliário para Banheiros","1037","41","Tier 2 — llevaría a 15.000 items"
"3882943307","Torre De Entrada Mecanismo Caixa Acoplada Universal Reparo","Construção","Mobiliário para Banheiros","1028","34","Tier 2 — llevaría a 15.000 items"
"4143491721","Torneira Para Banheiro E Lavabo Fria Quadrada 1/4 Volta Cor Cromada Luxo Metal Inox Lavatorio Bica Tkla Cromado Brilhante","Construção","Mobiliário para Banheiros","1021","52","Tier 2 — llevaría a 15.000 items"
"3766909273","Torneira Dupla Parede Cromada 2 Saídas Máquina Lavar 1/2 Raro Metais Prateado Cromado","Construção","Mobiliário para Banheiros","1008","30","Tier 2 — llevaría a 15.000 items"
"4128315444","Acabamento P/ Registro Quadrado 1/2 Ou 3/4 Padrão Deca Preto Fosco","Construção","Mobiliário para Banheiros","994","25","Tier 2 — llevaría a 15.000 items"
"3498325985","Kit 4 Acabamento Registro Volante Redondo Metal Padrão Deca Prateado Cromado","Construção","Mobiliário para Banheiros","993","45","Tier 2 — llevaría a 15.000 items"
"6593511682","Repar Reparo 2550 Compatível Com Hydra Max/ Clean/ Pro/ Base","Construção","Mobiliário para Banheiros","982","31","Tier 2 — llevaría a 15.000 items"
"5323986074","Torneira Lavatório Preta Água Fria Aço Inox Fosca Banheiro","Construção","Mobiliário para Banheiros","965","38","Tier 2 — llevaría a 15.000 items"
"5141624966","Chuveiro Loren Shower Eletronico Ducha Lorenzetti Cor Branco Potência 5500 W Voltagem 127v 5.5 Kw","Construção","Mobiliário para Banheiros","957","135","Tier 2 — llevaría a 15.000 items"
"6434017636","Torneira Tanque Máquina Lavar 2 Saídas Cromado 1/4 Volta Cor Prateado","Construção","Mobiliário para Banheiros","956","26","Tier 2 — llevaría a 15.000 items"
"4292141815","Registro Torneira Válvula Dupla 2 Saídas Independentes Prata Cromado","Construção","Mobiliário para Banheiros","947","27","Tier 2 — llevaría a 15.000 items"
"1112349672","Reparo Válvula Hydra 2550 Max Original Dn32/dn40","Construção","Mobiliário para Banheiros","943","75","Tier 2 — llevaría a 15.000 items"
"4516613833","Exaustor Ventisol Para Banheiro Exb 150mm Premium 127/220v","Construção","Mobiliário para Banheiros","940","94","Tier 2 — llevaría a 15.000 items"
"4226414027","Heemli Torneira Lavatório Água Fria Aço Inox Banheiro","Construção","Mobiliário para Banheiros","935","39","Tier 2 — llevaría a 15.000 items"
"5620015972","Torneira Banheiro Monocomando Cascata Bica Alta Preto Fosco Preto Fosco","Construção","Mobiliário para Banheiros","925","115","Tier 2 — llevaría a 15.000 items"
"3721405533","Engate Flexivel Mangueira Trançado Aço Inox 60cm Quente Fria Cor Cromada","Construção","Mobiliário para Banheiros","919","21","Tier 2 — llevaría a 15.000 items"
"5321742636","Kit Reparo Salva Registro Pressão Chuveiro Universal C-40 º Acabamento Cromado Cor Prateado","Construção","Mobiliário para Banheiros","909","34","Tier 2 — llevaría a 15.000 items"
"6196455404","Torneira Para Banheiro Torneira Dupla Tanque Tanque Dupla Maquina Lavar Abs Máquina De Lavar Dupla Abs Cor Prateada E Acabamento Cromado Prateado","Construção","Mobiliário para Banheiros","897","29","Tier 2 — llevaría a 15.000 items"
"3856115569","Torneira Máquina De Lavar Dupla Tanque 2 Saídas Multiuso Em Abs Ivendi 1/4 De Volta Cor Prateado Brilhante","Construção","Mobiliário para Banheiros","891","29","Tier 2 — llevaría a 15.000 items"
"3402292155","Cuba Pia De Apoio Sobrepor Vidro Redonda 29cm Transparente Banheiro Lavabo Beltempo Bt-4030 Texturizado","Construção","Mobiliário para Banheiros","890","77","Tier 2 — llevaría a 15.000 items"
"2709360784","Engate Rápido Prolongado Ducha Acqua Ultra Lorenzetti A19e Branco","Construção","Mobiliário para Banheiros","889","26","Tier 2 — llevaría a 15.000 items"
"4142103975","Engate Flexivel 60cm Rapido Mangueira Rabicho Trançado Inox Conexao 1/2 Polegadas Macho Femea Água Quente E Fria Tkla Cromado","Construção","Mobiliário para Banheiros","885","21","Tier 2 — llevaría a 15.000 items"
"5471292114","Ducha Higiênica Soft Inox Chuveirinho Completa 100% Metal Preto Fosco 1/4 De Volta","Construção","Mobiliário para Banheiros","884","76","Tier 2 — llevaría a 15.000 items"
"3882975463","Kit Completo Caixa Acoplada Descarga Acionamento Superior","Construção","Mobiliário para Banheiros","875","54","Tier 2 — llevaría a 15.000 items"
"5307290880","Torneira Bancada De Banheiro Luxo Inox Cromada Bica Baixa Caley Cor Prateado","Construção","Mobiliário para Banheiros","874","48","Tier 2 — llevaría a 15.000 items"
"5393549734","Ducha Higiênica Bidê Com Duas Saídas Dupla Derivador De Água","Construção","Mobiliário para Banheiros","871","41","Tier 2 — llevaría a 15.000 items"
"5940044980","Torneira Automática Abs Cuba Pia Banheiro Arejador Cromado Prateado Cromado","Construção","Mobiliário para Banheiros","858","35","Tier 2 — llevaría a 15.000 items"
"4216731495","Chuveiro De Parede Aço Inox Preto Fosco Design Moderno Alta Resistência Jato Uniforme Fácil Instalação Compatível Com Aquecedor Gás Pressão Forte Banho Confortável Parede Fc-71 Via Flix","Construção","Mobiliário para Banheiros","851","72","Tier 2 — llevaría a 15.000 items"
"5606102522","Chuveiro Zagonel Moment Eletrônico 220v 7500w Potente Branco 7.5 Kw","Construção","Mobiliário para Banheiros","847","123","Tier 2 — llevaría a 15.000 items"
"4035847997","Torneira Esfera Dupla Saída 1/2 3/4 Tanque Maquina De Lavar Jardim Area Externa Prateado - Marca Camperluz","Construção","Mobiliário para Banheiros","847","23","Tier 2 — llevaría a 15.000 items"
"5878209282","Resistencia Para Lorenzetti Loren Shower 220v 7500w Ms Eletro Eletrônica Cinza Fosco Fosco","Construção","Mobiliário para Banheiros","846","21","Tier 2 — llevaría a 15.000 items"
"4187825217","Ducha Higiênica Cromada 100% Inox Premium Completa Banheiro Com Registro Gatilho Metal Mangueira Flexível 1,5m Suporte Parede Alta Pressão 1/4 Volta Resistente Anti Ferrugem Universal","Construção","Mobiliário para Banheiros","845","56","Tier 2 — llevaría a 15.000 items"
"3138701528","Torneiras Jardim Tanque Esfera Cadeado C/bico 1/2x3/4 Metal Prata Fosco Fosco","Construção","Mobiliário para Banheiros","844","19","Tier 2 — llevaría a 15.000 items"
"5838527840","Chuveiro Loren Shower Eletronico Ducha Lorenzetti Cor Branco Potência 5500 W Voltagem 127v 5.5 Kw","Construção","Mobiliário para Banheiros","834","143","Tier 2 — llevaría a 15.000 items"
"4340429591","Torneira Bancada De Banheiro Luxo Inox Bica Baixa Lavatório","Construção","Mobiliário para Banheiros","831","58","Tier 2 — llevaría a 15.000 items"
"5389290452","Engate Flexível Rabicho Inox 60cm Rosca 1/2'' Com Brinde Prateado Fosco","Construção","Mobiliário para Banheiros","827","22","Tier 2 — llevaría a 15.000 items"
"5448910858","Torneira Baixa Pia Banheiro Lavabo Inox Aço Escovado Bancada Acabamento Fosco Cor Prateado - Camperluz","Construção","Mobiliário para Banheiros","826","35","Tier 2 — llevaría a 15.000 items"
"5506842750","Torneira Com Filtro Purificador De Água Gourmet Pia Cozinha Bica De Parede Flexível De Metal Inox 1/4 De Volta Arejador Dazie Metais Prateado Cromado","Construção","Mobiliário para Cozinhas","1060","66","Tier 2 — llevaría a 15.000 items"
"5605480888","Torneira Com Filtro Cozinha Gourmet Parede Bica Móvel Abs 872art","Construção","Mobiliário para Cozinhas","948","69","Tier 2 — llevaría a 15.000 items"
"3829557392","Torneira Com Filtro Gourmet Luxo Bancada Mesa Gourmet 2 Jatos Cromado Cromo","Construção","Mobiliário para Cozinhas","947","73","Tier 2 — llevaría a 15.000 items"
"5406778294","Torneira Gourmet Com Adaptador Saída Para Filtro Ou Purificador Abs 2 Modos De Jato Acionamento 1/4 De Volta Dazie Metais Prateado Cromado","Construção","Mobiliário para Cozinhas","868","66","Tier 2 — llevaría a 15.000 items"
"4585703037","Torneira Com Filtro Gourmet Flexivel Cozinha De Parede Bica Purificador Agua 2 Refil Carvao Ativado Dois Jatos Prateado","Construção","Mobiliário para Cozinhas","865","75","Tier 2 — llevaría a 15.000 items"
"4641804930","Rodateto Autocolante Eva Branco - 5cm De Largura 10 Metros","Construção","Pisos e Rejuntes","1058","39","Tier 2 — llevaría a 15.000 items"
"4432589589","Rodapé Autocolante Flexível Eva Branco 10mx10cm Decorativo Branco","Construção","Pisos e Rejuntes","1048","135","Tier 2 — llevaría a 15.000 items"
"6250838576","Kit 2 Tijolos De Vidro 19x19 Bloco Incolor Transparente","Construção","Pisos e Rejuntes","1026","40","Tier 2 — llevaría a 15.000 items"
"1865278895","Rodameio Boiserie Moldura Eva Autocolante Rm61 - 10 Metros Branco","Construção","Pisos e Rejuntes","897","95","Tier 2 — llevaría a 15.000 items"
"5489064552","Roda Meio Autocolante Eva Flexível 2,8cm De Altura Premium Branco","Construção","Pisos e Rejuntes","878","42","Tier 2 — llevaría a 15.000 items"
"6420442942","Microfone Lapela Hollyland Lark M2 Duplo Usb C E Lightning Preto","Câmeras e Acessórios","Acessórios para Câmeras","942","708","Tier 2 — llevaría a 15.000 items"
"5992640736","Lens Wipes 200 Lenços Limpa Lentes Óculos Câmeras Multimídia","Câmeras e Acessórios","Acessórios para Câmeras","942","43","Tier 2 — llevaría a 15.000 items"
"4460735307","Tripé Extensível Profissional Para Celular 1,9m, Bastão De Selfie Dobrável Portátil Com Controle Remoto Bluetooth E Alça... Preto","Câmeras e Acessórios","Acessórios para Câmeras","920","90","Tier 2 — llevaría a 15.000 items"
"2204612784","Cartão Micro Sd 32gb 16tbw Intelbras","Câmeras e Acessórios","Acessórios para Câmeras","882","91","Tier 2 — llevaría a 15.000 items"
"4401813419","Tripé Dobrável Com Led E Controle Bluetooth Para Gravações Cor Preto","Câmeras e Acessórios","Acessórios para Câmeras","837","35","Tier 2 — llevaría a 15.000 items"
"5552209322","Microscópio Digital Zoom 1600x Lupa Microscópica Portátil Profissional Hd Com Cabo Usb Câmera 2.0 Mp Pc Android Tumblr","Câmeras e Acessórios","Instrumentos Ópticos ","987","70","Tier 2 — llevaría a 15.000 items"
"4289382087","Monoculo Visão Noturna Alcance 1000m No Escuro,2.5k Digitais, Infravermelho 10x Visualização,tela Tft De 1,54 Polegadas,suporte Para Gravação De Vídeo E Imagem,cor Preto Jmjn","Câmeras e Acessórios","Instrumentos Ópticos ","871","164","Tier 2 — llevaría a 15.000 items"
"4212418165","Aquecedor Ventilador Ar Quente Mimo Style Aq01 Aq23406 Smart Plus","Eletrodomésticos","Ar e Ventilação","1072","76","Tier 2 — llevaría a 15.000 items"
"5538250294","Ventilador Repelente De Mesa Mosquito Mosca Inseto Portatil 9 Cm Preto Cinza Plástico 2","Eletrodomésticos","Ar e Ventilação","1071","29","Tier 2 — llevaría a 15.000 items"
"6636141280","Ventilador De Teto Com Luz Led Controle Remoto 6 Hélices E27 42 Cm 50 Hz X 60 Hz Branco Plástico 6 127/220v","Eletrodomésticos","Ar e Ventilação","1070","46","Tier 2 — llevaría a 15.000 items"
"6258118384","Ventilador De Teto Silencioso Econômico Com Luz Led Lâmpada Top Embutida 3 Cores Ajustáveis Modos Timer Controle Remoto... 80w Branco 127/220v Plástico","Eletrodomésticos","Ar e Ventilação","1020","42","Tier 2 — llevaría a 15.000 items"
"4052632671","Aquecedor Elétrico Fame 220v 5400w Pia Lavatório Torneira Branco 220v","Eletrodomésticos","Ar e Ventilação","1019","169","Tier 2 — llevaría a 15.000 items"
"5541067564","Hélices Para Ventiladores Mondial 40cm 6 Pás","Eletrodomésticos","Ar e Ventilação","1018","23","Tier 2 — llevaría a 15.000 items"
"6562934546","Ventilador De Teto Econômico 6 Pás Maxnova Bocal Com Controle Remoto Lâmpada Luz Led 3 Tons Quarto Sala Cozinha Escritório 50 Cm 50 Hz X 60 Hz Branco 127/220v Plástico","Eletrodomésticos","Ar e Ventilação","995","53","Tier 2 — llevaría a 15.000 items"
"3800903655","Controle Para Ar Condicionado Samsung Split Virus Doctor Inverter","Eletrodomésticos","Ar e Ventilação","952","23","Tier 2 — llevaría a 15.000 items"
"4218620737","Percarbonato 100% Puro 1kg Lava Roupa Clareador Branqueador","Eletrodomésticos","Ar e Ventilação","933","19","Tier 2 — llevaría a 15.000 items"
"2644180497","Ventilador De Mesa 30cm Super Power Mondial 60w Vsp-30-b 30 Cm Preto 220v Prata Polipropileno 6","Eletrodomésticos","Ar e Ventilação","918","126","Tier 2 — llevaría a 15.000 items"
"6596481132","Ventilador De Teto Com Lâmpada Led 80w 52cm Preto 127/220v 52 Cm 60hz Preto 127/220v Plástico 6","Eletrodomésticos","Ar e Ventilação","883","69","Tier 2 — llevaría a 15.000 items"
"5406992300","Hélice Ventilador Britânia/philco 6 Pás 30cm Cor Cinza-escuro","Eletrodomésticos","Ar e Ventilação","878","19","Tier 2 — llevaría a 15.000 items"
"5395751630","Controle Remoto Universal Para Ar Condicionado Tipo Split Branco","Eletrodomésticos","Ar e Ventilação","873","19","Tier 2 — llevaría a 15.000 items"
"6203755220","Suporte De Parede Porta 2 Controles Remoto Ar E Tv Home Branco","Eletrodomésticos","Ar e Ventilação","857","20","Tier 2 — llevaría a 15.000 items"
"6071745522","Ventilador De Teto Silencioso Econômico Com Luz Led Lâmpada Top Embutida 3 Cores Ajustáveis Modos Timer Controle Remoto... 41 Cm 50 Hz Branco 127/220v Plástico","Eletrodomésticos","Ar e Ventilação","850","50","Tier 2 — llevaría a 15.000 items"
"6044971752","Ventilador Teto E27 Lâmpada Led Silencioso 45 80w 127/220v 45 Cm 80w 127/220v","Eletrodomésticos","Ar e Ventilação","850","48","Tier 2 — llevaría a 15.000 items"
"1663767572","Ventilador De Coluna 40cm Ventisol Turbo 6 Pás Oscilante E Altura Ajustável Cor Preto 40 Cm 60 Hz 127v Plástico","Eletrodomésticos","Ar e Ventilação","841","180","Tier 2 — llevaría a 15.000 items"
"5581364320","Refil Purificador Água Consul Cpb33 W11509386 Cix07","Eletrodomésticos","Bebedouros e Purificadores","1056","100","Tier 2 — llevaría a 15.000 items"
"6512933912","Filtro/refil Original Para Purificador De Água Electrolux Pa21g / Pa26g / Pa31g  Refil Longa Duração: Troque A Cada 12 Meses Branco","Eletrodomésticos","Bebedouros e Purificadores","1045","146","Tier 2 — llevaría a 15.000 items"
"4178231361","Filtro / Refil Original De Água Para Purificador Electrolux - Compatível Com Os Modelos Pe10b / Pe10x Branco","Eletrodomésticos","Bebedouros e Purificadores","1034","50","Tier 2 — llevaría a 15.000 items"
"3605484231","Purificador Hidrofiltros Facile C3 Água Natural Selo Inmetro Preto","Eletrodomésticos","Bebedouros e Purificadores","1007","133","Tier 2 — llevaría a 15.000 items"
"3452039223","Refil Filtro Para Purificadores Soft By Everest Original Branco","Eletrodomésticos","Bebedouros e Purificadores","1001","115","Tier 2 — llevaría a 15.000 items"
"5312429820","Purificador Consul Cpb33 Água Gelada E Natural Cor Branco 127/220v","Eletrodomésticos","Bebedouros e Purificadores","983","575","Tier 2 — llevaría a 15.000 items"
"3466638329","Refil Filtro Acqua Pure Electrolux Pe12b E Pe12a Cinza","Eletrodomésticos","Bebedouros e Purificadores","908","76","Tier 2 — llevaría a 15.000 items"
"3968831285","Purificador Lorenzetti Vitale Bebedouro Água Filtrada Branco","Eletrodomésticos","Bebedouros e Purificadores","875","149","Tier 2 — llevaría a 15.000 items"
"3382142395","Purificador Consul Cpb33 Água Gelada E Natural Cor Cinza 127/220v","Eletrodomésticos","Bebedouros e Purificadores","870","645","Tier 2 — llevaría a 15.000 items"
"5720450216","Filtro Limpa Caixa Dágua Cavalete Fortlev Filter Flux Azul 0v","Eletrodomésticos","Bebedouros e Purificadores","865","117","Tier 2 — llevaría a 15.000 items"
"5309919498","Purificador De Água Natural Compacto Com Filtragem Classe A Branco Cpc31abona Consul 127/220v","Eletrodomésticos","Bebedouros e Purificadores","841","295","Tier 2 — llevaría a 15.000 items"
"3637267197","Purificador De Água Consul Branco Refrigerado Com Proteção Antibactérias Cpb34asvna 127/220v","Eletrodomésticos","Bebedouros e Purificadores","833","428","Tier 2 — llevaría a 15.000 items"
"6073148742","Registro Regulador Gás Aliança 506/01 2kg/h Glp P13 Saída 3/8 Bm","Eletrodomésticos","Fornos e Fogões","1079","43","Tier 2 — llevaría a 15.000 items"
"6274726786","Lâmpada Inteligente De Led ELG Shll100 10w Dimerizável, Compatível Com Wi-fi, Bluetooth, Comando De Voz, Soquete E26/e27, 16 Milhões De Cores Rgb 127/220v","Eletrodomésticos","Fornos e Fogões","1049","35","Tier 2 — llevaría a 15.000 items"
"4109472774","Kit Instalação Gás Encanado Mangueira 80cm +adaptador Glp Gn","Eletrodomésticos","Fornos e Fogões","982","33","Tier 2 — llevaría a 15.000 items"
"4370918445","Fogão Portátil Single Cook 1 Boca Elgin Preto 127v","Eletrodomésticos","Fornos e Fogões","933","53","Tier 2 — llevaría a 15.000 items"
"3916439022","Kit 6 Bicos Injetor Converter Fogão Gás Encanado + Chave 7mm","Eletrodomésticos","Fornos e Fogões","864","38","Tier 2 — llevaría a 15.000 items"
"6420046834","Positivo Casa Inteligente Smart Lâmpada Wi-fi Positivo Casa Cor Da Luz Rgb 127/220v","Eletrodomésticos","Fornos e Fogões","829","43","Tier 2 — llevaría a 15.000 items"
"5236150062","Lâmpada Secagem 250w P/ Estufa E-27 127v 220v Infra Vermelho","Eletrodomésticos","Fornos e Fogões","822","35","Tier 2 — llevaría a 15.000 items"
"3861205247","Registro Regulador Gás Cozinha Botijão Kit Mangueira 1,25m","Eletrodomésticos","Fornos e Fogões","821","34","Tier 2 — llevaría a 15.000 items"
"1452364572","Kit Placa Interface + Potência C/ Adesivo Bwl11 Brastemp 127/220v","Eletrodomésticos","Lavadores","1074","173","Tier 2 — llevaría a 15.000 items"
"5512352778","4un Molas Vara Suspensão Lavadoras Electrolux","Eletrodomésticos","Lavadores","1005","19","Tier 2 — llevaría a 15.000 items"
"5652033452","Kit Filtro Fiapos Secadora Brastemp Bsr24 Bsr10 Bsi10 Bsi24 Branco","Eletrodomésticos","Lavadores","956","63","Tier 2 — llevaría a 15.000 items"
"2661393383","Atuador De Freio Electrolux 127v Lt12f Lt15f Ltd15 Original","Eletrodomésticos","Lavadores","944","57","Tier 2 — llevaría a 15.000 items"
"5286844640","Bomba De Drenagem Compatível Brastemp Electrolux 220v 220v","Eletrodomésticos","Lavadores","908","33","Tier 2 — llevaría a 15.000 items"
"5094529790","Lava-louças 15 Serviços Brastemp Inox Com Smart Sensor - Blf","Eletrodomésticos","Lavadores","866","3495","Tier 2 — llevaría a 15.000 items"
"1058645671","Capacitor Lavadora Brastemp Consul Electrolux 45uf 127volts","Eletrodomésticos","Lavadores","853","27","Tier 2 — llevaría a 15.000 items"
"4057589845","Liquidificador Philco 1500w 3,1l 12 Velocidades Com 6 Lâminas Plq15a Preto 220v","Eletrodomésticos","Pequenos Eletrodomésticos","1095","190","Tier 2 — llevaría a 15.000 items"
"4497907913","Cafeteira Elétrica Electrolux Jarra Vidro, Acabamento Inox Filtro Permanente Removível Sistema Corta Pingos Capacidade 15 Xicaras 600ml Ecm10 Preto 220v","Eletrodomésticos","Pequenos Eletrodomésticos","1092","119","Tier 2 — llevaría a 15.000 items"
"5172725622","Cafeteira Elétrica 1,2 Litros Ocaf650 Com Jarra Inox Cor Preto Oster 127v Preto/inox","Eletrodomésticos","Pequenos Eletrodomésticos","1091","167","Tier 2 — llevaría a 15.000 items"
"3477037249","Liquidificador Easy Power, Mondial, 550w - L-550-w","Eletrodomésticos","Pequenos Eletrodomésticos","1090","81","Tier 2 — llevaría a 15.000 items"
"3363063443","Liquidificador Diamante 2,65 L Com 4 Lâminas 1050w De Potência Cor Preto Britânia 127v","Eletrodomésticos","Pequenos Eletrodomésticos","1087","110","Tier 2 — llevaría a 15.000 items"
"5904485730","Panela De Arroz Britânia Pa5 Prime Preta Preto 127v","Eletrodomésticos","Pequenos Eletrodomésticos","1071","143","Tier 2 — llevaría a 15.000 items"
"5909223596","Grill Sanduicheira Cadence San400 Elétrica Chapa Misteira Tostex Tostequeira Hambúrguer Click Preto 127v","Eletrodomésticos","Pequenos Eletrodomésticos","1068","99","Tier 2 — llevaría a 15.000 items"
"5903173092","Sanduicheira e grill britânia bgr25b 2 em 1 750w","Eletrodomésticos","Pequenos Eletrodomésticos","1067","94","Tier 2 — llevaría a 15.000 items"
"4061042357","Processador De Alimentos Philco 420w 500ml Com Pulsar Compacto Pmn04a Preto 127v","Eletrodomésticos","Pequenos Eletrodomésticos","1066","137","Tier 2 — llevaría a 15.000 items"
"2715933639","Batedeira Planetária Mondial 700w Bp-03-w Branco 127v","Eletrodomésticos","Pequenos Eletrodomésticos","1064","276","Tier 2 — llevaría a 15.000 items"
"3208202086","Panela Elétrica De Arroz Britânia Pa10 Prime 700w Branca Frequência 0 Branco 127v","Eletrodomésticos","Pequenos Eletrodomésticos","1063","148","Tier 2 — llevaría a 15.000 items"
"3831487870","10 Descalcificante Em Pó Descal Coffe Para Máquinas Nespresso Dolce Gusto","Eletrodomésticos","Pequenos Eletrodomésticos","1059","36","Tier 2 — llevaría a 15.000 items"
"4483964515","Filtro De Café Reutilizável Aço Inox Modelo 103 Peneira Permanente Sustentável Coador Café Prático Ecológico Tradicional Sem Papel Econômico E Durável Spaceeye","Eletrodomésticos","Pequenos Eletrodomésticos","1056","33","Tier 2 — llevaría a 15.000 items"
"6209377142","Moedor De Café Elétrico Multifuncional Inox Grãos Temperos 220v Prata","Eletrodomésticos","Pequenos Eletrodomésticos","1055","38","Tier 2 — llevaría a 15.000 items"
"4129621111","Cafeteira Nescafé Dolce Gusto Arno Genio S Plus Preto Cápsulas 220v","Eletrodomésticos","Pequenos Eletrodomésticos","1055","495","Tier 2 — llevaría a 15.000 items"
"5371810046","Cafeteira Elétrica 1,2 Litros Ocaf650 Com Jarra Inox Oster Cor Preto Preto/inox 220v","Eletrodomésticos","Pequenos Eletrodomésticos","1053","170","Tier 2 — llevaría a 15.000 items"
"3820246975","Mixer Elgin Turbo Chef 3 Em 1 De 200w Para Bater E Triturar Preto 220v","Eletrodomésticos","Pequenos Eletrodomésticos","1051","97","Tier 2 — llevaría a 15.000 items"
"1897115477","Liquidificador Easy Power Mondial 550w L-550-w Branco 127v","Eletrodomésticos","Pequenos Eletrodomésticos","1051","80","Tier 2 — llevaría a 15.000 items"
"4000386135","Cafeteira Prensa Francesa Gormet 350ml Café/chá Cremeira De Vidro Luxo E Qualidade Preta","Eletrodomésticos","Pequenos Eletrodomésticos","1048","21","Tier 2 — llevaría a 15.000 items"
"1883585051","Liquidificador Daily Ri2110 2l 550w Philips Walita","Eletrodomésticos","Pequenos Eletrodomésticos","1044","96","Tier 2 — llevaría a 15.000 items"
"4220970609","Cozedor De Ovos Elétrico Portátil Automático Panela Elétrica Prática Rápida Máquina De Cozinhar Até 7 Ovos E Legumes Á Vapor Utensílio De Cozinha Fácil Limpeza Econômico 110v Cor Branco Marca Navi","Eletrodomésticos","Pequenos Eletrodomésticos","1041","43","Tier 2 — llevaría a 15.000 items"
"4491480177","Chaleira Elétrica Inox Aquecimento Rápido Café Chá Prática Anti-fervura 1200w 110v Prateado 127v","Eletrodomésticos","Pequenos Eletrodomésticos","1040","44","Tier 2 — llevaría a 15.000 items"
"6091025890","Fritadeira Airfryer Digital Philips Walita Na230 Preto 127v","Eletrodomésticos","Pequenos Eletrodomésticos","1039","478","Tier 2 — llevaría a 15.000 items"
"4287908703","Fritadeira Elétrica Sem Óleo Air Fryer Mondial Af-30 Family Inox Iv 3,5l Preta - Preto 220v","Eletrodomésticos","Pequenos Eletrodomésticos","1037","233","Tier 2 — llevaría a 15.000 items"
"6588871318","Chaleira Elétrica Elgin 1,8 Litros Prata 127v","Eletrodomésticos","Pequenos Eletrodomésticos","1037","49","Tier 2 — llevaría a 15.000 items"
"5744145188","Adaptador Dolce Gusto Café Reutilizável Porta Pó Espressocap","Eletrodomésticos","Pequenos Eletrodomésticos","1036","44","Tier 2 — llevaría a 15.000 items"
"4514257503","Chaleira Elétrica Cor Prateado Jarra 1,8 Litros Desliga Automático Café Chá Chimarrão 110v Bravli Preto 127v 220v","Eletrodomésticos","Pequenos Eletrodomésticos","1032","41","Tier 2 — llevaría a 15.000 items"
"4297760749","Liquidificador Turbo Power Mondial 550w - L-99 Fb Preto 127v","Eletrodomésticos","Pequenos Eletrodomésticos","1031","100","Tier 2 — llevaría a 15.000 items"
"1992531178","Batedeira Bella Massa, Mondial, 500w - B-23 Np Preto 127v 60 Hz","Eletrodomésticos","Pequenos Eletrodomésticos","1025","127","Tier 2 — llevaría a 15.000 items"
"5762943314","Sanduicheira Brunch Time 2 Em 1 Elgin Antiaderente Preta 220v","Eletrodomésticos","Pequenos Eletrodomésticos","1024","66","Tier 2 — llevaría a 15.000 items"
"3819523720","6 Sacos Asp Pó Electrolux Flex1400 Awd01 Aqp20 Gt3000 A1n1 Flex","Eletrodomésticos","Pequenos Eletrodomésticos","1022","33","Tier 2 — llevaría a 15.000 items"
"4265495935","Wap Air Fryer Grand Family Cozinha Fritadeira Elétrica 5l 1500w Preto/cinza 220v","Eletrodomésticos","Pequenos Eletrodomésticos","1021","269","Tier 2 — llevaría a 15.000 items"
"4218519898","Cafeteira Espresso Luna Preta - Tres 3 Corações Preto 220v","Eletrodomésticos","Pequenos Eletrodomésticos","1019","406","Tier 2 — llevaría a 15.000 items"
"6591637530","Descascador Elétrico De Legumes Frutas Alimentos Alho Azul","Eletrodomésticos","Pequenos Eletrodomésticos","1018","79","Tier 2 — llevaría a 15.000 items"
"2009171518","Batedeira Bella Massa, Mondial, 500w - B-23 Np Preto 220v 60 Hz","Eletrodomésticos","Pequenos Eletrodomésticos","1017","127","Tier 2 — llevaría a 15.000 items"
"4183406423","Correia Para Batedeira  Planetária Philco Php500 Original","Eletrodomésticos","Pequenos Eletrodomésticos","1017","21","Tier 2 — llevaría a 15.000 items"
"4293075705","Fritadeira Sem Óleo Air Fryer 4l Mondial 1500w - Afn-40-bi","Eletrodomésticos","Pequenos Eletrodomésticos","1013","259","Tier 2 — llevaría a 15.000 items"
"4651883940","Chaleira Elétrica 1,8l 1200w Unitermi Atacama Prateado 127v","Eletrodomésticos","Pequenos Eletrodomésticos","1008","40","Tier 2 — llevaría a 15.000 items"
"4440137909","Sanduicheira Elétrica Cadence San 400 Preto 220v","Eletrodomésticos","Pequenos Eletrodomésticos","1008","99","Tier 2 — llevaría a 15.000 items"
"4293046529","Liquidificador Turbo Power Mondial 550w - L-99 Fb Preto 220v","Eletrodomésticos","Pequenos Eletrodomésticos","1006","98","Tier 2 — llevaría a 15.000 items"
"5454829254","Cozedor De Ovos Elétrico Portátil 3 Em 1 Para 7 Ovos Cozedor Ovos Azul 127v 60hz","Eletrodomésticos","Pequenos Eletrodomésticos","1005","35","Tier 2 — llevaría a 15.000 items"
"4604131269","Balança Comercial 40kg Display Duplo Digital, Cálculo De Preço E Bateria Recarregável Para Mercado Cozinha Açougue 40 Kg","Eletrodomésticos","Pequenos Eletrodomésticos","1005","173","Tier 2 — llevaría a 15.000 items"
"4035796375","Cafeteira Elétrica 15 Xícaras Elgin Coffee Break Preta Preto 127v","Eletrodomésticos","Pequenos Eletrodomésticos","1004","71","Tier 2 — llevaría a 15.000 items"
"6000847528","Personal Blender, Mondial Preto/prata 300w Dg-01 220v","Eletrodomésticos","Pequenos Eletrodomésticos","1003","171","Tier 2 — llevaría a 15.000 items"
"5772203396","Aspirador De Pó E Água Kärcher Wdl 1 Black (3 Em 1) Função Soprador Compacto E Portátil Alcance De 7,5 Metros 10 L 1500w Preto 220v","Eletrodomésticos","Pequenos Eletrodomésticos","1001","263","Tier 2 — llevaría a 15.000 items"
"3340613411","Batedeira Planetária Bp-03-r 12 Velocidades 700w Mondial Vermelho 220v","Eletrodomésticos","Pequenos Eletrodomésticos","997","273","Tier 2 — llevaría a 15.000 items"
"5520792060","Liquidificador Pratic Turbo L-98-b Preto 550w Mondial Preto 220v","Eletrodomésticos","Pequenos Eletrodomésticos","995","95","Tier 2 — llevaría a 15.000 items"
"3399058127","Panela Elétrica De Arroz, Mondial, 700w - Pe-42-10x Preto 127v 60hz","Eletrodomésticos","Pequenos Eletrodomésticos","993","213","Tier 2 — llevaría a 15.000 items"
"2212309325","Espremedor Turbo Citrus, Mondial, 25w - E-01 Branco 127v","Eletrodomésticos","Pequenos Eletrodomésticos","989","63","Tier 2 — llevaría a 15.000 items"
"3972885605","Marmita Elétrica Inox 1.5l 40w Veicular E Tomada Cinza 127/220v","Eletrodomésticos","Pequenos Eletrodomésticos","989","88","Tier 2 — llevaría a 15.000 items"
"4359433741","Chaleira Elétrica 1.8 Litros Em Inox Automática Aquecimento Rápido Segura Café Chá 127v","Eletrodomésticos","Pequenos Eletrodomésticos","988","46","Tier 2 — llevaría a 15.000 items"
"4057589845","Liquidificador Philco 1500w 12 Velocidades 3,1l Plq15a","Eletrodomésticos","Pequenos Eletrodomésticos","987","199","Tier 2 — llevaría a 15.000 items"
"4161433919","Copo Do Liquidificador Mondial L1000 Turbo Preto","Eletrodomésticos","Pequenos Eletrodomésticos","985","62","Tier 2 — llevaría a 15.000 items"
"6291710836","Chaleira Eletrica Inox 1.8l Desliga Automatico Aquece Rápido Cinza 220v","Eletrodomésticos","Pequenos Eletrodomésticos","980","43","Tier 2 — llevaría a 15.000 items"
"4054608677","Aspirador De Água E Pó Portátil Wap Gtw Compact 1400w Cinza/azul/preto 220v","Eletrodomésticos","Pequenos Eletrodomésticos","979","193","Tier 2 — llevaría a 15.000 items"
"3632374989","Ferro De Passar Roupa Black Decker Vfa1110tm2 Com Base De Alumínio Preto/prateado 127v","Eletrodomésticos","Pequenos Eletrodomésticos","979","124","Tier 2 — llevaría a 15.000 items"
"5773219232","Marmita Elétrica Carro/casa 12v/24v/110v/220v Portatil Black Preto 127/220v","Eletrodomésticos","Pequenos Eletrodomésticos","975","48","Tier 2 — llevaría a 15.000 items"
"6632306844","Fritadeira Air Fryer Bcfr05 Bella Cuccina 12l Preto Britânia Preto 127v","Eletrodomésticos","Pequenos Eletrodomésticos","971","300","Tier 2 — llevaría a 15.000 items"
"3997826253","Ferro De Passar Roupa Black+decker Fx3060 Base Antiaderente 127v","Eletrodomésticos","Pequenos Eletrodomésticos","971","150","Tier 2 — llevaría a 15.000 items"
"3907713215","Panela De Pressão Elétrica Digital 5l Mondial 900w - Pe-38 Preto/inox 220v 60hz","Eletrodomésticos","Pequenos Eletrodomésticos","971","386","Tier 2 — llevaría a 15.000 items"
"4476122803","Mini Aspirador De Pó Automotivo Portátil 120w Soprador Refil Filtros Recarregável 3 Em 1 Usb Potente Extratora Vertical... Preto 127/220v","Eletrodomésticos","Pequenos Eletrodomésticos","969","31","Tier 2 — llevaría a 15.000 items"
"4331930487","Liquidificador Cadence Zoop Contrast 2 Jarras Turbo Ou Preto 127v","Eletrodomésticos","Pequenos Eletrodomésticos","964","140","Tier 2 — llevaría a 15.000 items"
"4129113386","6 Sacos Aspirador Pó Electrolux Flex1400 Awd01 Gt3000 Aqp20","Eletrodomésticos","Pequenos Eletrodomésticos","961","33","Tier 2 — llevaría a 15.000 items"
"6423558728","Chaleira Elétrica Inox Jarra 1,8 Litros Prateado 127v 1200w","Eletrodomésticos","Pequenos Eletrodomésticos","959","40","Tier 2 — llevaría a 15.000 items"
"4580570929","Ferro De Passar Roupa Black Decker Vfa1110tm2 Com Base De Alumínio Preto/prateado 127v","Eletrodomésticos","Pequenos Eletrodomésticos","959","115","Tier 2 — llevaría a 15.000 items"
"4238056919","Blender Power Inox Oster Com 2 Jarras To Go Cor Prateado 127v","Eletrodomésticos","Pequenos Eletrodomésticos","957","200","Tier 2 — llevaría a 15.000 items"
"3620156053","Botão P/ Airfryer Mondial Afn40 Afn50 Afn51 Preto - original","Eletrodomésticos","Pequenos Eletrodomésticos","956","20","Tier 2 — llevaría a 15.000 items"
"4485941681","Máquina De Costura Reta Importway 12 Pontos Doméstica Iwmc-505 Portátil Branco 127/220v","Eletrodomésticos","Pequenos Eletrodomésticos","952","199","Tier 2 — llevaría a 15.000 items"
"3307677616","Cafeteira Cadence Urban Pop Inox Caf810 Semi Automática Preta E Aço Inoxidável De Filtro Preto/aço Inoxidável 127v","Eletrodomésticos","Pequenos Eletrodomésticos","950","134","Tier 2 — llevaría a 15.000 items"
"4129672881","Cafeteira Nescafé Dolce Gusto Arno Genio S Plus Dgs2 Preta Cor Preto","Eletrodomésticos","Pequenos Eletrodomésticos","949","490","Tier 2 — llevaría a 15.000 items"
"6438349586","Sanduicheira Fast Time Elgin 800w Placas Duplas 220v Preto 127v","Eletrodomésticos","Pequenos Eletrodomésticos","948","56","Tier 2 — llevaría a 15.000 items"
"6191365738","Chaleira Elétrica 1,9l Ferveu Cel390 Cadence Preto 127v","Eletrodomésticos","Pequenos Eletrodomésticos","946","112","Tier 2 — llevaría a 15.000 items"
"5889307854","Liquidificador 1100 Full Cinza 3,2l Oster 127v","Eletrodomésticos","Pequenos Eletrodomésticos","946","159","Tier 2 — llevaría a 15.000 items"
"4500775213","Chaleira Elétrica Inox 1800ml Unitermi 1200w Prateado 127v","Eletrodomésticos","Pequenos Eletrodomésticos","946","41","Tier 2 — llevaría a 15.000 items"
"4161433783","Copo Preto Do Liquidificador Mondial L-99 1600ml (1111-53)","Eletrodomésticos","Pequenos Eletrodomésticos","946","59","Tier 2 — llevaría a 15.000 items"
"6022411414","Aspirador De Pó Portátil Sem Fio 3 Em 1 Para Carro E Escritório Usb Hivi Preto 127/220v","Eletrodomésticos","Pequenos Eletrodomésticos","945","26","Tier 2 — llevaría a 15.000 items"
"5332963692","Mixer Bmx350p 350w Lâminas Pro Maxx Britânia Preto 127v","Eletrodomésticos","Pequenos Eletrodomésticos","944","103","Tier 2 — llevaría a 15.000 items"
"5282704096","Liquidificador Full 1400w 15 Velocidades Oliq610 Preto Oster 220v","Eletrodomésticos","Pequenos Eletrodomésticos","944","190","Tier 2 — llevaría a 15.000 items"
"4291425949","Liquidificador Turbo, Mondial, 1100w - L-1100 Bi Preto/inox 220v","Eletrodomésticos","Pequenos Eletrodomésticos","942","138","Tier 2 — llevaría a 15.000 items"
"4287332440","Bico Extratora Bocal Aspirador + Escova Limpeza Super Macia","Eletrodomésticos","Pequenos Eletrodomésticos","939","49","Tier 2 — llevaría a 15.000 items"
"4129736157","Nescafé Dolce Gusto Arno Genio S Basic Multibebidas Digital Automática Grafite Dgs5 Cinza-escuro 220v","Eletrodomésticos","Pequenos Eletrodomésticos","937","392","Tier 2 — llevaría a 15.000 items"
"4185160941","Panela Elétrica Electrolux Vapor Arroz Capacidade 1,3l 7 Xícaras Manter Aquecido Panela Removível Antiaderente Tampa Vidro Rcb50 Branca Por Rita Lobo Branco 127v 60 Hz","Eletrodomésticos","Pequenos Eletrodomésticos","936","194","Tier 2 — llevaría a 15.000 items"
"5257443218","Mixer Arno Turbomix Pro 3 Em 1 Cor Preto 127v","Eletrodomésticos","Pequenos Eletrodomésticos","935","175","Tier 2 — llevaría a 15.000 items"
"4234693489","Ferro De Passar Roupa Black Decker Vfa1110tm2 Com Base De Alumínio Preto/prateado 127v","Eletrodomésticos","Pequenos Eletrodomésticos","932","121","Tier 2 — llevaría a 15.000 items"
"6599920934","Mixer Eos Inox Emx02 600w 3 Em 1 Com 2 Velocidades","Eletrodomésticos","Pequenos Eletrodomésticos","932","91","Tier 2 — llevaría a 15.000 items"
"6111231338","Coador Café 103 Aço Inox Permanente Não Utiliza Filtro Papel","Eletrodomésticos","Pequenos Eletrodomésticos","930","26","Tier 2 — llevaría a 15.000 items"
"6293419400","Chaleira Elétrica Startools 2l 1000w Desligamento Automático Inox 127v","Eletrodomésticos","Pequenos Eletrodomésticos","929","45","Tier 2 — llevaría a 15.000 items"
"4061042357","Processador Philco Pmn04a 420w Jarra Para 500ml 127 V Preto 127v","Eletrodomésticos","Pequenos Eletrodomésticos","929","139","Tier 2 — llevaría a 15.000 items"
"3515902055","Cafeteira Espresso Luna Vermelha - Tres 3 Corações Vermelho 127v","Eletrodomésticos","Pequenos Eletrodomésticos","925","397","Tier 2 — llevaría a 15.000 items"
"6222246840","Chaleira Eletrica Atacama 1,8l - Unitermi Prateado 220v","Eletrodomésticos","Pequenos Eletrodomésticos","924","45","Tier 2 — llevaría a 15.000 items"
"5520792062","Liquidificador Pratic Turbo L-98-b Preto 550w Mondial Preto 127v","Eletrodomésticos","Pequenos Eletrodomésticos","919","94","Tier 2 — llevaría a 15.000 items"
"5076737980","Air Fryer Bella Cuccina 12l 2 Grelhas 1500w Bcfr05 127v Preto","Eletrodomésticos","Pequenos Eletrodomésticos","917","293","Tier 2 — llevaría a 15.000 items"
"4238031077","Blender Power Inox Oster Com 2 Jarras To Go Cor Prateado 127v","Eletrodomésticos","Pequenos Eletrodomésticos","917","200","Tier 2 — llevaría a 15.000 items"
"3677840813","Chaleira Eletrica Atacama 1,8l Prateado 127 V Unitermi 1200 W 127v","Eletrodomésticos","Pequenos Eletrodomésticos","912","40","Tier 2 — llevaría a 15.000 items"
"4265456423","Fritadeira Elétrica Antiaderente Wap Air Fryer Grand Family 5 Litros 1500w","Eletrodomésticos","Pequenos Eletrodomésticos","911","270","Tier 2 — llevaría a 15.000 items"
"5317455050","Panificadora 19 Programas Gallant 600w Preta Preto 127v","Eletrodomésticos","Pequenos Eletrodomésticos","907","440","Tier 2 — llevaría a 15.000 items"
"4679096990","Cafeteira Elétrica Electrolux Ecm22 C/ Jarra Inox Prateado 127v","Eletrodomésticos","Pequenos Eletrodomésticos","906","194","Tier 2 — llevaría a 15.000 items"
"3770148213","Correia Panificadora Multipane Britania -premium Branco 127/220v","Eletrodomésticos","Pequenos Eletrodomésticos","901","19","Tier 2 — llevaría a 15.000 items"
"4234417591","Liquidificador Oliq606 1100 Full 3,2l Cinza Oster 220v","Eletrodomésticos","Pequenos Eletrodomésticos","900","163","Tier 2 — llevaría a 15.000 items"
"5005808814","Chaleira Elétrica Elgin 1,8 Litros Prata 127v","Eletrodomésticos","Pequenos Eletrodomésticos","899","50","Tier 2 — llevaría a 15.000 items"
"5209423402","Moedor Café Triturador Elétrico De Grãos Sementes Ervas","Eletrodomésticos","Pequenos Eletrodomésticos","898","43","Tier 2 — llevaría a 15.000 items"
"3878509291","Mixer Power Inox 3 Em 1 600w Elgin Lunar - Cinza Lunar 220v","Eletrodomésticos","Pequenos Eletrodomésticos","898","109","Tier 2 — llevaría a 15.000 items"
"6149295782","Balança Digital De Cozinha Alta Precisão 1g A 10kg Fitness Dieta Multiuso Branca Branco 10 Kg","Eletrodomésticos","Pequenos Eletrodomésticos","896","22","Tier 2 — llevaría a 15.000 items"
"2785994011","Ferro A Vapor, Mondial, 1200w - Fvn-01-bl Azul 127v","Eletrodomésticos","Pequenos Eletrodomésticos","894","93","Tier 2 — llevaría a 15.000 items"
"5762814706","Mixer Turbo Chef 3 Em 1 200w Triturador E Fuet Elgin Preto 127v","Eletrodomésticos","Pequenos Eletrodomésticos","892","106","Tier 2 — llevaría a 15.000 items"
"6045903012","Balança De Cozinha Digital Balança Digital Hardline Sf-400 Pesa Até 10kg Branco 10 Kg","Eletrodomésticos","Pequenos Eletrodomésticos","889","21","Tier 2 — llevaría a 15.000 items"
"5760469354","Liquidificador Sportblender Electrolux 2 Garrafas Vitaminas Sucos Shakes Academia Bpa Free Duas Velocidades E Pulsar 320w Bse20 Inox Preto Prateado 127v","Eletrodomésticos","Pequenos Eletrodomésticos","888","255","Tier 2 — llevaría a 15.000 items"
"4776516604","Grill E Sanduicheira Press Grill Red Ceramic Pg-01-rc Vermelho E Preto 1000w Mondial 127v","Eletrodomésticos","Pequenos Eletrodomésticos","884","145","Tier 2 — llevaría a 15.000 items"
"4129750341","Cafeteira Nescafé Dolce Gusto Mini Me Vermelha E Preta Vermelho/preto 220v","Eletrodomésticos","Pequenos Eletrodomésticos","884","385","Tier 2 — llevaría a 15.000 items"
"3935538667","Ferro De Passar Roupa A Seco Black + Decker Com Base De Alumínio Vfa1110 Preto/prateado 220v","Eletrodomésticos","Pequenos Eletrodomésticos","884","122","Tier 2 — llevaría a 15.000 items"
"4179530599","Fritadeira Air Fryer Elgin Facilita Fry 3,5 Litros Potência 1400w Cor Preta Preto 127v","Eletrodomésticos","Pequenos Eletrodomésticos","882","176","Tier 2 — llevaría a 15.000 items"
"4501779095","Mini Ferro De Passar Roupa A Vapor Para Viagem Bivolt Verde-escuro 127/220v","Eletrodomésticos","Pequenos Eletrodomésticos","880","37","Tier 2 — llevaría a 15.000 items"
"4309475388","Sanduicheira Master Grill 750w S-20 Mondial Preto/inox 220v","Eletrodomésticos","Pequenos Eletrodomésticos","876","100","Tier 2 — llevaría a 15.000 items"
"5829150562","Cafeteira Nescafé Dolce Gusto Mini Me Vermelha E Preta 127v Vermelho/preto","Eletrodomésticos","Pequenos Eletrodomésticos","876","378","Tier 2 — llevaría a 15.000 items"
"3647431158","Chaleira Eletrica Atacama 1,8l - Unitermi Prateado 220v","Eletrodomésticos","Pequenos Eletrodomésticos","872","44","Tier 2 — llevaría a 15.000 items"
"5904421394","Liquidificador Easy Power Mondial 550w - L-550-b Preto 127v","Eletrodomésticos","Pequenos Eletrodomésticos","871","80","Tier 2 — llevaría a 15.000 items"
"3954393165","Cafeteira Expresso Dolce Gusto Arno Genio S Basic Automática Cinza Escuro 127v","Eletrodomésticos","Pequenos Eletrodomésticos","871","434","Tier 2 — llevaría a 15.000 items"
"2742756401","Batedeira Cake Premium, Mondial, 500w - B-50-b Preto 220v 60 Hz","Eletrodomésticos","Pequenos Eletrodomésticos","868","119","Tier 2 — llevaría a 15.000 items"
"5341754936","Chaleira Elétrica Cor Prateado Jarra 1,8 Litros Desliga Automático Café Chá Chimarrão 110v - 220v Bravli Preto 127v","Eletrodomésticos","Pequenos Eletrodomésticos","866","42","Tier 2 — llevaría a 15.000 items"
"4533681373","Chaleira Jarra Elétrica 2l 1000w Desligamento Automático Prata 127v","Eletrodomésticos","Pequenos Eletrodomésticos","866","43","Tier 2 — llevaría a 15.000 items"
"3313037975","Cafeteira Espresso Lov Vermelha - Tres 3 Corações Vermelho 127v","Eletrodomésticos","Pequenos Eletrodomésticos","866","382","Tier 2 — llevaría a 15.000 items"
"6465697652","Processador Moedor Alimentos Elétrico Inox Com 4 Lâminas 2l Prateado 220v","Eletrodomésticos","Pequenos Eletrodomésticos","864","82","Tier 2 — llevaría a 15.000 items"
"4888094000","Jarra Cafeteira Compatível Com  Electrolux Ecm30 Experience","Eletrodomésticos","Pequenos Eletrodomésticos","864","62","Tier 2 — llevaría a 15.000 items"
"5775731536","Mixer Vertical Turbo Chef Elgin 3 Em 1 200w Preto 110v Preto 127v","Eletrodomésticos","Pequenos Eletrodomésticos","861","151","Tier 2 — llevaría a 15.000 items"
"5824547706","Aspirador De Pó Portátil 2 Em 1 Recarregável Filtro Hepa","Eletrodomésticos","Pequenos Eletrodomésticos","860","29","Tier 2 — llevaría a 15.000 items"
"2820381689","Cafeteira Elétrica Electrolux Ecm25 Experience Programável Com Timer Preto E Inox","Eletrodomésticos","Pequenos Eletrodomésticos","856","236","Tier 2 — llevaría a 15.000 items"
"5417334804","Copo Liquidificador Oster Power 1400w Full Oliq610 Ichef Jar","Eletrodomésticos","Pequenos Eletrodomésticos","856","56","Tier 2 — llevaría a 15.000 items"
"3468093634","Aspirador De Pó E Água Wap Gtw 10 Compacto 1400w 10 Litros Amarelo/preto 127v","Eletrodomésticos","Pequenos Eletrodomésticos","854","221","Tier 2 — llevaría a 15.000 items"
"3820285263","Mixer Turbo Chef 3 Em 1 200w Triturador E Fuet Elgin Preto 127v","Eletrodomésticos","Pequenos Eletrodomésticos","853","93","Tier 2 — llevaría a 15.000 items"
"4186379743","Passadeira Portátil A Vapor Mondial Fast Steam Vp-09 Branco/azul 127v","Eletrodomésticos","Pequenos Eletrodomésticos","849","162","Tier 2 — llevaría a 15.000 items"
"3507485361","6 Sacos Aspirador Pó Electrolux Flex1400 Awd01 Aqp20 Gt3000","Eletrodomésticos","Pequenos Eletrodomésticos","848","33","Tier 2 — llevaría a 15.000 items"
"5431230760","Liquidificador L-550-b Easy Power 1,9l Preto Mondial Preto 127v","Eletrodomésticos","Pequenos Eletrodomésticos","848","80","Tier 2 — llevaría a 15.000 items"
"5480587322","Passadeira A Vapor E Higienizador Steam Clean 1800w 220/127v","Eletrodomésticos","Pequenos Eletrodomésticos","844","273","Tier 2 — llevaría a 15.000 items"
"4440228413","Sanduicheira Elétrica Cadence San 400 Preto 220v","Eletrodomésticos","Pequenos Eletrodomésticos","843","98","Tier 2 — llevaría a 15.000 items"
"6527059816","Chaleira Elétrica Inox 1.8 Litros 1200w Aquecimento Rápido Prateado 127v","Eletrodomésticos","Pequenos Eletrodomésticos","843","39","Tier 2 — llevaría a 15.000 items"
"4240013819","Fritadeira Air Fryer Elgin Facilita Fry 3,5 Litros Potência 1400w Cor Preta Preto 127v","Eletrodomésticos","Pequenos Eletrodomésticos","832","187","Tier 2 — llevaría a 15.000 items"
"5914851228","Sanduicheira E Grill Britânia 2 Em 1 Bgr27i De 850w Com Trava Inox Preto/inox 220v","Eletrodomésticos","Pequenos Eletrodomésticos","830","144","Tier 2 — llevaría a 15.000 items"
"6022411414","Aspirador De Pó Portátil Limpeza Automotiva Filtro Lavável Mini Soprador 3 Em 1 Usb Refil Portátil Recarregável Escritorio Salão Teclado Gamer Hivi Preto 127/220v","Eletrodomésticos","Pequenos Eletrodomésticos","828","27","Tier 2 — llevaría a 15.000 items"
"1922683157","Mini Liquidificador Portátil Vidro 6 Lâminas Suco Gelo 450ml Rosa Ou Branco","Eletrodomésticos","Pequenos Eletrodomésticos","828","71","Tier 2 — llevaría a 15.000 items"
"4286207935","Pipoqueira Elétrica Sem Óleo 1200w Direcionado Cor Preto 127v","Eletrodomésticos","Pequenos Eletrodomésticos","827","115","Tier 2 — llevaría a 15.000 items"
"6177695954","Torradeira Eletrica Cabe Pao Frances Electrolux Preto 127v","Eletrodomésticos","Pequenos Eletrodomésticos","827","166","Tier 2 — llevaría a 15.000 items"
"5914841968","Sanduicheira E Grill Britânia Bgr16 2 Em 1 Redstone 750w Cor Preto Com Prata 127v","Eletrodomésticos","Pequenos Eletrodomésticos","824","112","Tier 2 — llevaría a 15.000 items"
"3374014858","Liquidificador Turbo, Mondial, 1100w - L-1100 Bi Preto/inox 127v","Eletrodomésticos","Pequenos Eletrodomésticos","822","141","Tier 2 — llevaría a 15.000 items"
"4231377137","Controlador Temperatura Digital Termostato Bivolt 110/220 Volts Chocadeira Freezers 8x Tech","Eletrodomésticos","Refrigeração","1035","25","Tier 2 — llevaría a 15.000 items"
"5557704986","Suporte Universal Fixo Articulado Compatível Com Tv Monitor 14 Até 55 Polegadas 50kg Yara Eletrônicos Preto Preto","Eletrônicos, Áudio e Vídeo","Acessórios para TV","1096","53","Tier 2 — llevaría a 15.000 items"
"4223673715","Suporte Tv Tri-articulado Universal Braço Longo Reforçado Regulável E Inclinável Lcd Led Plasmas 14 A 55 Polegadas Cor Preto","Eletrônicos, Áudio e Vídeo","Acessórios para TV","1093","47","Tier 2 — llevaría a 15.000 items"
"4223673715","Suporte Articulado Para Tv De 14  A 55  Na Parede Com Inclinação E Giro 360 Preto","Eletrônicos, Áudio e Vídeo","Acessórios para TV","1059","47","Tier 2 — llevaría a 15.000 items"
"3905582445","Suporte Tri Articulado Tv De 26 Até 60 Polegadas Aço Reforçado Suporta Até 30kg Para Parede E Painel Preto","Eletrônicos, Áudio e Vídeo","Acessórios para TV","922","127","Tier 2 — llevaría a 15.000 items"
"6441816274","Antena Digital Sinal 4k Smart Tv Interna Externa Amplificador Hdtv Uhf Com Cabo Longo E Base Magnética Bahrein Preto","Eletrônicos, Áudio e Vídeo","Acessórios para TV","863","20","Tier 2 — llevaría a 15.000 items"
"4152820912","Suporte Para Tv Articulado Brasforma Bra3.0 Preto","Eletrônicos, Áudio e Vídeo","Acessórios para TV","843","39","Tier 2 — llevaría a 15.000 items"
"4093699351","Conversor Vga Macho P/ Hdmi Fêmea Adaptador De Vídeo 1080p Preto","Eletrônicos, Áudio e Vídeo","Acessórios para Áudio e Vídeo","949","24","Tier 2 — llevaría a 15.000 items"
"4462086491","Adaptador Videogame Game Stick M15  2 Controles Game Stick Branco Game Stick 5v","Eletrônicos, Áudio e Vídeo","Acessórios para Áudio e Vídeo","946","165","Tier 2 — llevaría a 15.000 items"
"6282238170","Conversor De Audio Digital Fibra Para Rca Com Cabo Optico Ideal Para Som Analógico - Yuso Preto 127/220v","Eletrônicos, Áudio e Vídeo","Acessórios para Áudio e Vídeo","945","30","Tier 2 — llevaría a 15.000 items"
"5371691382","Receptor Parabólica Digital Tv Conversor Áudio Vídeo Bs990s Preto 127/220v","Eletrônicos, Áudio e Vídeo","Acessórios para Áudio e Vídeo","899","92","Tier 2 — llevaría a 15.000 items"
"4268514789","Espumas Fone Compatível Jbl Tune600 T450 T450bt T500bt T500 Preto","Eletrônicos, Áudio e Vídeo","Acessórios para Áudio e Vídeo","879","34","Tier 2 — llevaría a 15.000 items"
"4484617079","Conversor Digital Full Hd Compacto Aquário Alta Qualidade Preto 127/220v","Eletrônicos, Áudio e Vídeo","Acessórios para Áudio e Vídeo","858","76","Tier 2 — llevaría a 15.000 items"
"5528743132","Cabo Hdmi Divisor Y 1 Macho 2 Fêmea Splitter 1080p Adaptador Duplicador Sinal 30cm Hdtv Monitor Projetor Compatível 480p 720p 1080i 1080p Conexão Simultânea","Eletrônicos, Áudio e Vídeo","Acessórios para Áudio e Vídeo","854","19","Tier 2 — llevaría a 15.000 items"
"3945312905","Mini Adaptador Usb Bluetooth Dongle Baseus Notebook Pc Win","Eletrônicos, Áudio e Vídeo","Acessórios para Áudio e Vídeo","831","49","Tier 2 — llevaría a 15.000 items"
"6207973114","Cabo Hdmi 2.1 8k Ultra Hd 120hz Blindado 2 Metros - Máxima Qualidade De Imagem Jogo Transmissão Para Tv Suporta Hdr, Compatível Com Ps5, Xbox, Monitor, Projetores, Pc - Yuso","Eletrônicos, Áudio e Vídeo","Cabos","1086","25","Tier 2 — llevaría a 15.000 items"
"4558826047","Cabo Vga Para Monitor Lcd Pc Tv Projetor Conexão Vídeo Analógica Alta Qualidade Compatível Computador Notebook Desktop Tela Externa Uso Residencial E Profissional Marca: Tsaleach Active","Eletrônicos, Áudio e Vídeo","Cabos","1046","19","Tier 2 — llevaría a 15.000 items"
"5177159308","Cabo Hdmi 2m Reforçado Dupla Blindagem Alta Durabilidade Versão 2.0 4k Ultra Hd Hdr Arc Cec Ethernet Conector Banhado A Ouro 2 Metros","Eletrônicos, Áudio e Vídeo","Cabos","1032","23","Tier 2 — llevaría a 15.000 items"
"6219476620","Cabo Hdmi 2.1 8k Gold Ultra Hd Compatível Com Ps5 Xbox Series X/s 3 Metros","Eletrônicos, Áudio e Vídeo","Cabos","1025","38","Tier 2 — llevaría a 15.000 items"
"3434846147","Cabo Hdmi Para Dvi 24+1 - 1,80 Metros","Eletrônicos, Áudio e Vídeo","Cabos","988","23","Tier 2 — llevaría a 15.000 items"
"3006767754","Cabo Coaxial 4 Mm Bipolar Hd 100 Mts Dupla Blindagem P/ Cftv","Eletrônicos, Áudio e Vídeo","Cabos","965","79","Tier 2 — llevaría a 15.000 items"
"3592993589","Kit 1 Cabo Rca 5 M + 2 Y Dupla Blindagem Cobre Som","Eletrônicos, Áudio e Vídeo","Cabos","922","68","Tier 2 — llevaría a 15.000 items"
"5263633356","Cabo Hdmi 1m Reforçado Dupla Blindagem Alta Durabilidade Versão 2.0 4k Ultra Hd Hdr Arc Cec Ethernet Conector Banhado A Ouro 1 Metro","Eletrônicos, Áudio e Vídeo","Cabos","861","23","Tier 2 — llevaría a 15.000 items"
"5177039318","Cabo Hdmi 5m Reforçado Dupla Blindagem Alta Durabilidade Versão 2.0 4k Ultra Hd Hdr Arc Cec Ethernet Conector Banhado A Ouro 5 Metros","Eletrônicos, Áudio e Vídeo","Cabos","858","27","Tier 2 — llevaría a 15.000 items"
"4510736543","Cabo Usb-c Para Hdmi Adaptador Conversor 4k 60hz Tipo C 2m Monitor E Tv Para Macbook Notebook Celular Macho - Yuso","Eletrônicos, Áudio e Vídeo","Cabos","845","32","Tier 2 — llevaría a 15.000 items"
"5743033304","Cabo Adaptador Displayport Macho Para Hdmi Macho 1.80 Metros Transferir Áudios E Vídeos Notebook Projetores Pc Mac Macbook Plug And Play Suporta Monitor/tv Ultra Wide Marca Chrome Technology","Eletrônicos, Áudio e Vídeo","Cabos","837","20","Tier 2 — llevaría a 15.000 items"
"4125408033","Kit 10 Cabos De Força Tripolar Padrão Atx Energia Para Pc Fonte Monitor Estabilizador 1,5m Alta Resistência Reforçado Compatível Universal Cor Preto Davely","Eletrônicos, Áudio e Vídeo","Cabos","831","56","Tier 2 — llevaría a 15.000 items"
"6483449564","Espaguete Termo Retrátil 560 Pç Isolante Fios Cabos Elétrico Não Aplica Colorido","Eletrônicos, Áudio e Vídeo","Componentes Eletrônicos","1085","27","Tier 2 — llevaría a 15.000 items"
"2860521829","Placa Esp32 Pino Soldado Wifi Bluetooth Com Esp32-wroom-32","Eletrônicos, Áudio e Vídeo","Componentes Eletrônicos","1063","39","Tier 2 — llevaría a 15.000 items"
"5786643472","Inversor De Corrente 12v Para 110v 1000w Transformador","Eletrônicos, Áudio e Vídeo","Componentes Eletrônicos","1044","154","Tier 2 — llevaría a 15.000 items"
"5952955048","Módulo Rf 433mhz Com Rele 12v Canal Controle Remoto Sem Fio 12v","Eletrônicos, Áudio e Vídeo","Componentes Eletrônicos","1007","38","Tier 2 — llevaría a 15.000 items"
"5299512708","Fonte Chaveada 12v 30a 360w P/ Cftv Fita Led Som Automotivo","Eletrônicos, Áudio e Vídeo","Componentes Eletrônicos","1002","30","Tier 2 — llevaría a 15.000 items"
"3786730067","Esp32 Doit Devkit Com Esp32-wroom-32","Eletrônicos, Áudio e Vídeo","Componentes Eletrônicos","1000","39","Tier 2 — llevaría a 15.000 items"
"3347414109","Fonte Chaveada 30a 12v 360w P/ Cftv Fita Led Som Automotivo Cftv","Eletrônicos, Áudio e Vídeo","Componentes Eletrônicos","1000","43","Tier 2 — llevaría a 15.000 items"
"5800198496","Kit 560 Peças Espaguete Isolante Termo Retrátil Colorido Branco","Eletrônicos, Áudio e Vídeo","Componentes Eletrônicos","982","26","Tier 2 — llevaría a 15.000 items"
"6185333466","Terminais Elétrico Tubular Ilhós 1200 Unidade 0,5mm Até 10mm","Eletrônicos, Áudio e Vídeo","Componentes Eletrônicos","964","31","Tier 2 — llevaría a 15.000 items"
"4250639419","Kit 10 Conector Genérico Saída Frontal P/ Disjuntor 6 A 25mm Branco","Eletrônicos, Áudio e Vídeo","Componentes Eletrônicos","949","44","Tier 2 — llevaría a 15.000 items"
"4049421663","Relé Fotocélula Corujito Qualitronix Qr51 Bivolt 127/220v","Eletrônicos, Áudio e Vídeo","Componentes Eletrônicos","945","22","Tier 2 — llevaría a 15.000 items"
"6244406870","Inversor Tensão 12v Para 110v 350w Conversor Automotivo Mccc","Eletrônicos, Áudio e Vídeo","Componentes Eletrônicos","941","143","Tier 2 — llevaría a 15.000 items"
"5947314908","Fonte Colméia 12v 10a 120w Bivolt Estabilizada Led Câmera","Eletrônicos, Áudio e Vídeo","Componentes Eletrônicos","935","28","Tier 2 — llevaría a 15.000 items"
"5770504350","Kit Alicate De Crimpar Cr22 Com 1200 Terminais Ilhós 0,25-10mm","Eletrônicos, Áudio e Vídeo","Componentes Eletrônicos","899","59","Tier 2 — llevaría a 15.000 items"
"6194833792","Kit 100 Conector De Pressão Emenda 2 Vias Sem Solda Bipolar Branco","Eletrônicos, Áudio e Vídeo","Componentes Eletrônicos","878","37","Tier 2 — llevaría a 15.000 items"
"5384417130","Inversor Transformador De Tensao Conversor 12v 110v 1000w","Eletrônicos, Áudio e Vídeo","Componentes Eletrônicos","877","152","Tier 2 — llevaría a 15.000 items"
"3822476119","Inversor De Carro Digital 12v-110v / 12v-220v 4000w Com Usb","Eletrônicos, Áudio e Vídeo","Componentes Eletrônicos","874","276","Tier 2 — llevaría a 15.000 items"
"4408811011","Interface A Relé Entrada 24vcc Saída 4a/28vcc Modelo Prz","Eletrônicos, Áudio e Vídeo","Componentes Eletrônicos","865","39","Tier 2 — llevaría a 15.000 items"
"4131216582","Fonte Chaveada 12v 30a 360w P/ Cftv Fita Led Som Capa Preta","Eletrônicos, Áudio e Vídeo","Componentes Eletrônicos","864","32","Tier 2 — llevaría a 15.000 items"
"3393121481","Gravador Programador Eprom Ch341a + Pinça Jacaré Soic8","Eletrônicos, Áudio e Vídeo","Componentes Eletrônicos","860","46","Tier 2 — llevaría a 15.000 items"
"3697545915","Placa Compatível Uno Atmega328 Ch340 + Cabo Usb","Eletrônicos, Áudio e Vídeo","Componentes Eletrônicos","832","35","Tier 2 — llevaría a 15.000 items"
"5507380400","Controle Remoto Para LG Universal Tv Smart Led Preto","Eletrônicos, Áudio e Vídeo","Controles Remotos","1039","20","Tier 2 — llevaría a 15.000 items"
"4234607421","Controle Remoto Compatível Tv Roku Semp Tcl Philco Britânia Aoc Smart 4k Led Preto","Eletrônicos, Áudio e Vídeo","Controles Remotos","1007","19","Tier 2 — llevaría a 15.000 items"
"4501040559","Controle Remoto Para Tv Samsung Bn59-01432b Compativel Solar Preto","Eletrônicos, Áudio e Vídeo","Controles Remotos","976","46","Tier 2 — llevaría a 15.000 items"
"6291082898","Controle Remoto Para Smart Tv Philco 4k Com Botões De Acesso Rapido Preto","Eletrônicos, Áudio e Vídeo","Controles Remotos","967","19","Tier 2 — llevaría a 15.000 items"
"4439976935","Controle Remoto Com Voz Compatível Amazon Fire Tv Lite Fire Stick 4k Com Pilhas Cor Preto - Redd","Eletrônicos, Áudio e Vídeo","Controles Remotos","959","36","Tier 2 — llevaría a 15.000 items"
"4988757270","Controle Remoto Para Tv Samsung Smart Hub Universal Com Pilhas Gcase Acessorios","Eletrônicos, Áudio e Vídeo","Controles Remotos","935","20","Tier 2 — llevaría a 15.000 items"
"4482415257","Controle Remoto Para Smart Tv LG Com Botões Netflix E Prime Video Preto","Eletrônicos, Áudio e Vídeo","Controles Remotos","931","19","Tier 2 — llevaría a 15.000 items"
"4468579929","Controle Remoto Com Voz Compatível Amazon Fire Tv Lite Fire Stick 4k Cor Preto Casenn","Eletrônicos, Áudio e Vídeo","Controles Remotos","931","40","Tier 2 — llevaría a 15.000 items"
"3799767979","Kit 2 Controle Remoto Para Tv Samsung 4k Lcd Led Plasma Teclas Smart Hub E Futebol Parosflux","Eletrônicos, Áudio e Vídeo","Controles Remotos","924","22","Tier 2 — llevaría a 15.000 items"
"4234607421","Controle Remoto Compatível Tv Roku Semp Tcl Philco Britânia Aoc Smart 4k Led Megabum Preto","Eletrônicos, Áudio e Vídeo","Controles Remotos","892","19","Tier 2 — llevaría a 15.000 items"
"2153482335","Controle Remoto Tv LG Smart Full Hd 4k Smart Original","Eletrônicos, Áudio e Vídeo","Controles Remotos","849","54","Tier 2 — llevaría a 15.000 items"
"6539421364","Tv Stick Smart Streaming 4k 128gb Wi-fi Android Full Hd Hdmi Preto Padrão","Eletrônicos, Áudio e Vídeo","Media Streaming","1041","144","Tier 2 — llevaría a 15.000 items"
"6148407784","Tv Box Tomate Mcd-125 4k Android 10 Com Visor Digital Preto De Voz","Eletrônicos, Áudio e Vídeo","Media Streaming","934","188","Tier 2 — llevaría a 15.000 items"
"6616381148","Tv Box 4k Android 8gb Ram 512gb Wifi 5g Bluetooth Netflix Youtube Iptv Conversor Smart Ultra Hd Hdmi Canais Abertos... Preto Padrão","Eletrônicos, Áudio e Vídeo","Media Streaming","905","137","Tier 2 — llevaría a 15.000 items"
"4118889775","Roku Streaming Stick 2025 Para Tv Hd/fhd Controle Por Voz Preto De Voz","Eletrônicos, Áudio e Vídeo","Media Streaming","856","230","Tier 2 — llevaría a 15.000 items"
"5605127916","Roku Streaming Stick Tvbox Aparelho Transforma Tv Em Smart Conversor Smart Tv Controle Voz Wi-fi Longo Alcance | Original Nf-e | Com Apps E Canais Ao Vivo Grátis Sistema Rápido Preto De Voz","Eletrônicos, Áudio e Vídeo","Media Streaming","832","270","Tier 2 — llevaría a 15.000 items"
"3540877988","Kit 2 Fonte De Alimentação 12v 2a Bivolt Ac/dc- Adapter + Nf Preto","Eletrônicos, Áudio e Vídeo","Pilhas e Carregadores","1097","23","Tier 2 — llevaría a 15.000 items"
"4321989778","Kit 8 Pilhas Recarregáveis Aa/aaa+ Carregador Rápido Bivolt","Eletrônicos, Áudio e Vídeo","Pilhas e Carregadores","1088","55","Tier 2 — llevaría a 15.000 items"
"2776432809","Pilha Comum Panasonic Aaa - Tubo C/40 Unidades","Eletrônicos, Áudio e Vídeo","Pilhas e Carregadores","1085","53","Tier 2 — llevaría a 15.000 items"
"6285229930","Bateria Alcalina 9v Blister Embalagem Com 1 Unidade Elgin","Eletrônicos, Áudio e Vídeo","Pilhas e Carregadores","1080","8","Tier 2 — llevaría a 15.000 items"
"3958295997","Cartela C/ 4 Pilhas Aa Recarregável Carregavel Controle Game","Eletrônicos, Áudio e Vídeo","Pilhas e Carregadores","1072","26","Tier 2 — llevaría a 15.000 items"
"4189652541","Pilha Alcalina Elgin Aa 2a Longa Duração Cartela 16 Unidades","Eletrônicos, Áudio e Vídeo","Pilhas e Carregadores","1054","34","Tier 2 — llevaría a 15.000 items"
"3143466735","Fonte De Alimentação 12v 2a Para Câmeras E Fitas De Led","Eletrônicos, Áudio e Vídeo","Pilhas e Carregadores","1053","15","Tier 2 — llevaría a 15.000 items"
"2050335287","Elgin Litio Cr2032 5 Baterias Pilha Botão 3v","Eletrônicos, Áudio e Vídeo","Pilhas e Carregadores","1030","9","Tier 2 — llevaría a 15.000 items"
"4330196227","Fonte Genérica 12v-2a Para Câmera Ip De Segurança Fita Led","Eletrônicos, Áudio e Vídeo","Pilhas e Carregadores","1018","29","Tier 2 — llevaría a 15.000 items"
"4113688221","Kit 8 Pilhas Aa Recarregáveis + Carregador Rápido Bivolt - Marca Redd 127/220v","Eletrônicos, Áudio e Vídeo","Pilhas e Carregadores","1017","52","Tier 2 — llevaría a 15.000 items"
"4024770117","Kit Com 32 Pilhas Alcalinas Aaa Duracell","Eletrônicos, Áudio e Vídeo","Pilhas e Carregadores","980","156","Tier 2 — llevaría a 15.000 items"
"3671717381","24 Pilhas Baterias Aa Elgin 2a Pequena Lr6 Alcalina 1 Tubo","Eletrônicos, Áudio e Vídeo","Pilhas e Carregadores","977","35","Tier 2 — llevaría a 15.000 items"
"2835532995","Bateria Alcalina 9v Duracell Com 2 Unidades","Eletrônicos, Áudio e Vídeo","Pilhas e Carregadores","967","50","Tier 2 — llevaría a 15.000 items"
"4932250992","Kit Duracell Com 16 Pilhas Aa E 16 Pilhas Aaa","Eletrônicos, Áudio e Vídeo","Pilhas e Carregadores","965","156","Tier 2 — llevaría a 15.000 items"
"4100939049","Kit 8 Pilha Panasonic Pequena Aa Comum 1.5v Anti Vazamento","Eletrônicos, Áudio e Vídeo","Pilhas e Carregadores","952","22","Tier 2 — llevaría a 15.000 items"
"6405087290","Bateria Cr2032 Duracell 3v Lithium Original Longa Durabilidade","Eletrônicos, Áudio e Vídeo","Pilhas e Carregadores","949","49","Tier 2 — llevaría a 15.000 items"
"4460290219","Carregador C/ 4 Pilhas Philips Recarregaveis Aa 2450mah","Eletrônicos, Áudio e Vídeo","Pilhas e Carregadores","949","128","Tier 2 — llevaría a 15.000 items"
"6228940510","Pilha Alcalina Aa 4 C/4 - Duracell","Eletrônicos, Áudio e Vídeo","Pilhas e Carregadores","942","17","Tier 2 — llevaría a 15.000 items"
"6039041152","Kit 4 Pilhas Recarregáveis Aa + Carregador Bivolt Rápido 127/220v","Eletrônicos, Áudio e Vídeo","Pilhas e Carregadores","942","40","Tier 2 — llevaría a 15.000 items"
"5381003892","Kit 12 Pilhas Aaa Palito Uso Controle Relógio Brinquedo Etc","Eletrônicos, Áudio e Vídeo","Pilhas e Carregadores","941","31","Tier 2 — llevaría a 15.000 items"
"4746728660","Pilha Recarregável Aaa Palito 900mah Duracell 4 Unidades","Eletrônicos, Áudio e Vídeo","Pilhas e Carregadores","941","104","Tier 2 — llevaría a 15.000 items"
"5384966684","Pilha Recarregável Aaa Palito 900mah Elgin Blister C/4 Unid","Eletrônicos, Áudio e Vídeo","Pilhas e Carregadores","927","20","Tier 2 — llevaría a 15.000 items"
"4329779399","Bateria Alcalina 9v Duracell Com 1 Unidade","Eletrônicos, Áudio e Vídeo","Pilhas e Carregadores","906","25","Tier 2 — llevaría a 15.000 items"
"4278674286","Fonte De Alimentação Bivolt 5v 2a P4 Compatível Tv Box","Eletrônicos, Áudio e Vídeo","Pilhas e Carregadores","899","19","Tier 2 — llevaría a 15.000 items"
"3686779712","Pilha Alcalina Aa Pequena Duracell Com 16 Unidades","Eletrônicos, Áudio e Vídeo","Pilhas e Carregadores","868","80","Tier 2 — llevaría a 15.000 items"
"4602239231","Pilha Alcalina Aa Pequena Duracell Com 16 Unidades","Eletrônicos, Áudio e Vídeo","Pilhas e Carregadores","839","75","Tier 2 — llevaría a 15.000 items"
"5335419156","Fonte De Alimentação 5v 2a P4 Bivolt","Eletrônicos, Áudio e Vídeo","Pilhas e Carregadores","831","19","Tier 2 — llevaría a 15.000 items"
"4100126391","Suporte Projetor De Teto Parede Datashow Universal Regulável Cor Branco","Eletrônicos, Áudio e Vídeo","Projetores e Telas","1092","48","Tier 2 — llevaría a 15.000 items"
"6114124616","Magcubic Projetor Smart Mini Portátil Hy300pro Led 290ansi 4k Full Hd Android Wi-fi6 Bluetooth5.4 Home Theater Cinema Em... 127/220v","Eletrônicos, Áudio e Vídeo","Projetores e Telas","1070","229","Tier 2 — llevaría a 15.000 items"
"5402487730","Projetor Portátil Full Hd 4k T15 Pro 10000lm Cores Fortes Hd Preto 127/220v","Eletrônicos, Áudio e Vídeo","Projetores e Telas","1006","337","Tier 2 — llevaría a 15.000 items"
"4100126395","Suporte Projetor Com Garra Teto Parede Universal Regulável Cor Preto","Eletrônicos, Áudio e Vídeo","Projetores e Telas","942","48","Tier 2 — llevaría a 15.000 items"
"5691824580","Projetor Portátil Vlx Hy300 Smart Android 11 Wi-fi Bluetooth, Branco, Com Imagem Hd 720p E Suporte A 4k 127/220v","Eletrônicos, Áudio e Vídeo","Projetores e Telas","878","171","Tier 2 — llevaría a 15.000 items"
"5687476954","Projetor Smart Portátil Full Hd 4k Bluetooth Wifi Cor Branco Android 11.0 5g Tv Cinema Em Casa Several Importados 127/220v","Eletrônicos, Áudio e Vídeo","Projetores e Telas","870","164","Tier 2 — llevaría a 15.000 items"
"5377475594","Caixa De Som Bluetooth Multimídia Led Rgb Usb Fm Tws 50w Cor Cs-29 127/220v","Eletrônicos, Áudio e Vídeo","Áudio","1082","110","Tier 2 — llevaría a 15.000 items"
"5339928880","Fone De Ouvido Com Fio Tune 310c Usb C Jbl Branco","Eletrônicos, Áudio e Vídeo","Áudio","1080","96","Tier 2 — llevaría a 15.000 items"
"5394980504","Mini Gravador Voz Som Digital Espião 96h - Micro Escuta Nf Preto","Eletrônicos, Áudio e Vídeo","Áudio","1053","78","Tier 2 — llevaría a 15.000 items"
"4584015093","Fone De Ouvido Sem Fio Kaidi Kd771 Bluetooth 5.1 Cor Preto","Eletrônicos, Áudio e Vídeo","Áudio","1009","48","Tier 2 — llevaría a 15.000 items"
"4129613937","Caixa Som Bluetooth Jbl Go 4 Portátil Original Prova D'água Preto 127/220v","Eletrônicos, Áudio e Vídeo","Áudio","1006","283","Tier 2 — llevaría a 15.000 items"
"5751439100","Galaxy Buds Core Preto","Eletrônicos, Áudio e Vídeo","Áudio","989","275","Tier 2 — llevaría a 15.000 items"
"4222312961","Samsung Galaxy Buds Core Preto","Eletrônicos, Áudio e Vídeo","Áudio","987","277","Tier 2 — llevaría a 15.000 items"
"3749196046","Processador De Áudio Taramps Pro 2.4s Digital 4 Vias Saída Rca E Fio Crossover Equalizador 15 Bandas Anti-puff Alinhamento Som Automotivo Profissional Alta Performance 12 Presets Dsp 12v","Eletrônicos, Áudio e Vídeo","Áudio","984","198","Tier 2 — llevaría a 15.000 items"
"4219016285","Fone De Ouvido Sem Fio Philips Bluetooth Preto Tat1139bk/00","Eletrônicos, Áudio e Vídeo","Áudio","973","118","Tier 2 — llevaría a 15.000 items"
"5513227542","Fone De Ouvido Soundcore P20i Bluetooth 5.3 Grave Potente Drivers 10mm 30h Bateria Carregamento Rápido App Personalização De Som Via App Ipx5 2 Mics Ia Para Chamadas Claras Case Compacto Cor Rosa","Eletrônicos, Áudio e Vídeo","Áudio","966","166","Tier 2 — llevaría a 15.000 items"
"5914188632","Radio Retro Vintage A Pilha E Tomada Fm Am Bluetooth Usb Mp3 Marrom 127/220v","Eletrônicos, Áudio e Vídeo","Áudio","960","82","Tier 2 — llevaría a 15.000 items"
"2134434437","Fone De Ouvido Gamer Quantum 50 Com Microfone Jbl Cor Preto Luz N/a Black","Eletrônicos, Áudio e Vídeo","Áudio","953","128","Tier 2 — llevaría a 15.000 items"
"2916757425","Mini Gravador Voz Som Digital Espião Espia - Micro Escuta Nf Preto - 8gb","Eletrônicos, Áudio e Vídeo","Áudio","951","79","Tier 2 — llevaría a 15.000 items"
"4420076851","Fone De Ouvido Bluetooth6.0 Esportivo Sem Fio Gancho Com Led Cor Preto","Eletrônicos, Áudio e Vídeo","Áudio","951","180","Tier 2 — llevaría a 15.000 items"
"2797384313","Caixa De Som Amplificada Bluetooth 250w Cm250 Cor Preto Mondial 127/220v","Eletrônicos, Áudio e Vídeo","Áudio","943","286","Tier 2 — llevaría a 15.000 items"
"4193862399","Alexa Amazon Echo Dot 5a Geração Com Assistente Virtual Casa Preto","Eletrônicos, Áudio e Vídeo","Áudio","942","472","Tier 2 — llevaría a 15.000 items"
"5934587642","Caixa De Som Portatil Inova Caixinha Com Rgb Tws Recarregável Subwoofer, Potente Caixas Bluetooth Ideal Festas Ao Ar Livre E Uso Diário Cor Preto 127/220v","Eletrônicos, Áudio e Vídeo","Áudio","938","80","Tier 2 — llevaría a 15.000 items"
"4446298937","Caixa De Som Sabala Dr901-10w 2200mah Tws Ipx6","Eletrônicos, Áudio e Vídeo","Áudio","935","101","Tier 2 — llevaría a 15.000 items"
"5518055160","Fone De Ouvido In-ear Gamer Qkz Premium Ak6 Preto","Eletrônicos, Áudio e Vídeo","Áudio","934","28","Tier 2 — llevaría a 15.000 items"
"3865230925","Caixa De Som Amplificada 2000w Bluetooth + Microfone Preto","Eletrônicos, Áudio e Vídeo","Áudio","919","195","Tier 2 — llevaría a 15.000 items"
"4147178861","Caixa De Som Bluetooth A'gold 100w Portátil Bass Boost Com Luz Rgb Ipx6 Preto","Eletrônicos, Áudio e Vídeo","Áudio","911","168","Tier 2 — llevaría a 15.000 items"
"4096212535","Fone De Ouvido Sem Fio Para Treinos Soundcore Da Anker Sport X20 Anc Adaptativo 3.0 Ganchos Ajustáveis Graves Intensos Ip68 À Prova De Suor E Poeira 48h De Reprodução Fones Para Academia Cor Preto","Eletrônicos, Áudio e Vídeo","Áudio","905","535","Tier 2 — llevaría a 15.000 items"
"4107597973","Caixa De Som Flip7 Bluetooth Prova D'água Preta Jbl Bivolt Preto 5v","Eletrônicos, Áudio e Vídeo","Áudio","895","695","Tier 2 — llevaría a 15.000 items"
"5306087580","Fone De Ouvido Sem Fio Tws Philips Tat1109wt/00 Na Cor Branca, Com Bluetooth, Microfone, Tecnologia Ipx4 Branco","Eletrônicos, Áudio e Vídeo","Áudio","891","153","Tier 2 — llevaría a 15.000 items"
"3373105951","Processador De Áudio Taramps Pro 2.4s Digital 4 Vias Saída Rca E Fio Crossover Equalizador 15 Bandas Anti-puff Alinhamento Som Automotivo Profissional Alta Performance 12 Presets Dsp 12v","Eletrônicos, Áudio e Vídeo","Áudio","887","202","Tier 2 — llevaría a 15.000 items"
"6085213118","Mini Globo Led Rgb Giratorio Jogo De Luz De Festa Balada Dj 127/220v","Eletrônicos, Áudio e Vídeo","Áudio","884","33","Tier 2 — llevaría a 15.000 items"
"5978768410","Caixinha Som Karaokê 2 Microfones Bluetooth Infantil Adulto Cor Rosa","Eletrônicos, Áudio e Vídeo","Áudio","881","40","Tier 2 — llevaría a 15.000 items"
"6068325930","Fone De Ouvido Qkz Ak6 Ares Profissional Retorno De Palco Dj Cor Preto","Eletrônicos, Áudio e Vídeo","Áudio","872","33","Tier 2 — llevaría a 15.000 items"
"5741673858","Apple AirPods Pro 3 - Distribuidor Autorizado Branco","Eletrônicos, Áudio e Vídeo","Áudio","871","2355","Tier 2 — llevaría a 15.000 items"
"5284925490","Rádio Vintage X-bass Portátil Fm Am Usb Aux Kapbom Cor Azul Voltagem 127/220v","Eletrônicos, Áudio e Vídeo","Áudio","868","60","Tier 2 — llevaría a 15.000 items"
"4189415919","Caixa De Som Jbl Go4 Portátil Bluetooth 4.2w À Prova D'água Ipx7 White Branco","Eletrônicos, Áudio e Vídeo","Áudio","867","265","Tier 2 — llevaría a 15.000 items"
"5713230456","Inova Caixa Som Bluetooth Caixa De Som Pequena Som Casa","Eletrônicos, Áudio e Vídeo","Áudio","862","85","Tier 2 — llevaría a 15.000 items"
"5327564402","Fone Bluetooth Wave Buds 2 Tws, Azul, Jblwbuds2blu","Eletrônicos, Áudio e Vídeo","Áudio","861","258","Tier 2 — llevaría a 15.000 items"
"5761655788","Caixa De Som Mondial Cm-150 Amplificada Connect Party Plus Cor Preto 127/220v","Eletrônicos, Áudio e Vídeo","Áudio","856","179","Tier 2 — llevaría a 15.000 items"
"6360336932","Fone De Ouvido Jbl Bluetooth Sem Fio Endurance Peak 4- Preto Preto","Eletrônicos, Áudio e Vídeo","Áudio","856","630","Tier 2 — llevaría a 15.000 items"
"4170749979","Radio Antigo Para Levar Zona Rural Pesca E Casa Usb Bluetoot Preto 127/220v","Eletrônicos, Áudio e Vídeo","Áudio","843","106","Tier 2 — llevaría a 15.000 items"
"4149395477","Fone De Ouvido Soundcore By Anker Liberty 4nc Anc Redução De Ruído De 98,5% Cancelamento Adaptativo Bluetooth 5.3 Multiponto Cor Preto Para Ouvidos E Ambiente Áudio Hi-res 50h Bateria Carga Sem Fio","Eletrônicos, Áudio e Vídeo","Áudio","841","469","Tier 2 — llevaría a 15.000 items"
"5345692404","Fone De Ouvido Bluetooth Jbl Tune Flex 2 Preto","Eletrônicos, Áudio e Vídeo","Áudio","837","482","Tier 2 — llevaría a 15.000 items"
"5731630644","Caixa De Som Bluetooth Portátil Thop Tech Al 1115 Com Karaokê E Luzes Led Preto 127/220v","Eletrônicos, Áudio e Vídeo","Áudio","834","27","Tier 2 — llevaría a 15.000 items"
"5410758826","Fone De Ouvido Bluetooth 5.4 Soundcore P30i Da Anker, Cancelamento De Ruído Adaptativo, Graves Poderosos, 45h De... Verde-escuro","Eletrônicos, Áudio e Vídeo","Áudio","834","208","Tier 2 — llevaría a 15.000 items"
"3257539447","Caixinha Som Bluetooth Tws Metal Redonda Mini Speaker 3w","Eletrônicos, Áudio e Vídeo","Áudio","825","30","Tier 2 — llevaría a 15.000 items"
"5432449528","Caixa De Som Partybox Encore 2 Com Microfone Jbl Preto 127/220v","Eletrônicos, Áudio e Vídeo","Áudio","823","2308","Tier 2 — llevaría a 15.000 items"
"6099851384","Fone Bluetooth 5.4 Sem Fio Tws Kaidi Kd780 Graves Potentes Preto","Eletrônicos, Áudio e Vídeo","Áudio","821","40","Tier 2 — llevaría a 15.000 items"
"6156895968","Faixa Jiu Jitsu Kenshin Adulto Reforçada Conforto Premium","Esportes e Fitness","Artes Marciais e Boxe","1026","37","Tier 2 — llevaría a 15.000 items"
"2058706661","Bandagem Elástica Rhino Bandana 5m Metros - Preto","Esportes e Fitness","Artes Marciais e Boxe","932","33","Tier 2 — llevaría a 15.000 items"
"5337354122","Bastão Retrátil Metal Defesa Cassetete Retrátil Tático 67 Cm","Esportes e Fitness","Artes Marciais e Boxe","854","57","Tier 2 — llevaría a 15.000 items"
"1149699466","Bolsa Térmica De Gel - Quente Ou Fria Mercur Media","Esportes e Fitness","Artes Marciais e Boxe","839","20","Tier 2 — llevaría a 15.000 items"
"4092897147","Faixa Branca Jiu Jitsu Kaki Tamanho Adulto","Esportes e Fitness","Artes Marciais e Boxe","839","39","Tier 2 — llevaría a 15.000 items"
"4149385404","Bola De Basquete Playoff Ix Laranja Penalty","Esportes e Fitness","Basquete","896","71","Tier 2 — llevaría a 15.000 items"
"5605993756","Garrafa Térmica 1 Litro C/ Gatilho Café Chá Água Turquesa Preto","Esportes e Fitness","Camping, Caça e Pesca","1098","40","Tier 2 — llevaría a 15.000 items"
"5275513838","Bolsa Isotérmica Térmica Lancheira 14l Porta Marmita Alça Transversal Removível De Ombro Academia Trabalho Passeio 2 Compartimentos Elegante Premium Cor Cinza Tche Amo Cinza-claro","Esportes e Fitness","Camping, Caça e Pesca","1091","38","Tier 2 — llevaría a 15.000 items"
"4090053765","Copo Térmico Inox 380ml Com Tampa Para Café E Chá Civago","Esportes e Fitness","Camping, Caça e Pesca","1089","75","Tier 2 — llevaría a 15.000 items"
"6288917832","Garrafa 800ml Térmica Inox Academia Esportiva Água Gelada Azul-marinho","Esportes e Fitness","Camping, Caça e Pesca","1077","35","Tier 2 — llevaría a 15.000 items"
"5586833982","Lanterna Cabeça Recarregável Fita Led À Prova D'água Sensor Branco Preto","Esportes e Fitness","Camping, Caça e Pesca","1072","17","Tier 2 — llevaría a 15.000 items"
"6031940646","Caneta Canivete 2 Em 1 Faca Com Lâmina Escondida Def Pessoal","Esportes e Fitness","Camping, Caça e Pesca","1069","22","Tier 2 — llevaría a 15.000 items"
"4447576181","Kit 4 Latas Refil Ntk 227g Camping  + 01 Maçarico Fogareiro  Laranja","Esportes e Fitness","Camping, Caça e Pesca","1053","58","Tier 2 — llevaría a 15.000 items"
"3951075309","Garrafa Térmica 800ml Espacial Quente Frio Com Isolamento","Esportes e Fitness","Camping, Caça e Pesca","1049","29","Tier 2 — llevaría a 15.000 items"
"5755622716","Linha De Pesca Multifilamento 500m Pe 4 Fios Super Forte X4 Cor Cinza-0.23mm-11kg-2.0","Esportes e Fitness","Camping, Caça e Pesca","1042","60","Tier 2 — llevaría a 15.000 items"
"6415685992","Kit 4 Latas Refil Ntk 227g Camping Maçarico Fogareiro Laranja","Esportes e Fitness","Camping, Caça e Pesca","1033","46","Tier 2 — llevaría a 15.000 items"
"4448105743","Molinete De Pesca He 6000 18+1 Rolamentos Drag 9kg 5.2:1 Preto 1000 Direito/esquerdo","Esportes e Fitness","Camping, Caça e Pesca","1028","44","Tier 2 — llevaría a 15.000 items"
"4941863336","Garrafa De Cafe Térmica Vacuum Jug Com Termômetro Digital 1l","Esportes e Fitness","Camping, Caça e Pesca","1021","46","Tier 2 — llevaría a 15.000 items"
"4203979531","Lanterna De Cabeça 500 Lúmens Recarregável Bom-4008 Branco Preto","Esportes e Fitness","Camping, Caça e Pesca","1019","27","Tier 2 — llevaría a 15.000 items"
"4118303915","Lanterna Ultravioleta Uv Led Super Potente Luz Negra Detecta Nota Falsa Escorpião Secagem De Unha Cob Lateral Luz Roxa Lilás Preto","Esportes e Fitness","Camping, Caça e Pesca","1001","23","Tier 2 — llevaría a 15.000 items"
"5236970244","Bolsa Térmica Fitness Master Black Multiuso Porta Marmita Frasqueira Everbags Preto","Esportes e Fitness","Camping, Caça e Pesca","1001","75","Tier 2 — llevaría a 15.000 items"
"5310299246","Copo Térmico De Cerveja Stanley Matte Black Preto | 473ml","Esportes e Fitness","Camping, Caça e Pesca","999","85","Tier 2 — llevaría a 15.000 items"
"4171019477","Bomba Elétrica Inflador Bivolt Manevox Piscina Colchão 127/220v","Esportes e Fitness","Camping, Caça e Pesca","987","42","Tier 2 — llevaría a 15.000 items"
"3829139997","Soco Inglês Soqueira Defesa Pessoal Tático Rápida Cor Preto Lisa Liso","Esportes e Fitness","Camping, Caça e Pesca","980","22","Tier 2 — llevaría a 15.000 items"
"6044988094","Garrafa Térmica Fresh Inox Dupla Camada Gocase 650ml","Esportes e Fitness","Camping, Caça e Pesca","979","90","Tier 2 — llevaría a 15.000 items"
"5242803190","Copo Térmico Personalizado Inox Com Tampa Logo Nome Time","Esportes e Fitness","Camping, Caça e Pesca","972","30","Tier 2 — llevaría a 15.000 items"
"5643433152","Lanterna Cabeça Testa Capacete Com Foco Recarregável Usb Ajustável Com Imã Resistente Água Led T6 + 1 Led Cob Forte Potente Cor Luz Branco Preto","Esportes e Fitness","Camping, Caça e Pesca","970","20","Tier 2 — llevaría a 15.000 items"
"5479800992","T9 Lanterna Mais Forte Do Mundo Ultra Potente Bm6502 Cor Preto Fluoreled Presente","Esportes e Fitness","Camping, Caça e Pesca","969","49","Tier 2 — llevaría a 15.000 items"
"4492554155","Lanterna Tática Led T9 Alta Potência Recarregável Usb-c Super Brilho Zoom P90 Ajustável Mais Forte Do Mundo Potente Branco Preto","Esportes e Fitness","Camping, Caça e Pesca","966","36","Tier 2 — llevaría a 15.000 items"
"4146809915","Garrafa Térmica 500ml Com Kit 3 Xícara Café Chá Revomax Cor Cinza","Esportes e Fitness","Camping, Caça e Pesca","965","28","Tier 2 — llevaría a 15.000 items"
"4564436517","Modus Garrafa Térmica 950ml Aço Inox 304 Com Alça Paracord Cor Preto","Esportes e Fitness","Camping, Caça e Pesca","950","71","Tier 2 — llevaría a 15.000 items"
"2794651931","Kit Camisa De Pesca + Bandana Dryfit Proteção Uv50+ C/peixes","Esportes e Fitness","Camping, Caça e Pesca","948","56","Tier 2 — llevaría a 15.000 items"
"4308562565","Garrafa Térmica Copo Inox 900ml Alça Tampa T. Flip Canudo","Esportes e Fitness","Camping, Caça e Pesca","946","48","Tier 2 — llevaría a 15.000 items"
"6482405960","Bomba Inflador De Ar Elétrico Portátil Bivolt 3 Bicos Colchão Inflável Piscina Boia 50w Haixia 127/220v","Esportes e Fitness","Camping, Caça e Pesca","919","47","Tier 2 — llevaría a 15.000 items"
"6225380196","Garrafa Térmica 800ml Água Gelada Squeeze Inox Esporte Café Quente Só-lar Azul","Esportes e Fitness","Camping, Caça e Pesca","917","36","Tier 2 — llevaría a 15.000 items"
"4318916588","Garrafa Térmica Termolar Magic Pump 1l Preta Preto","Esportes e Fitness","Camping, Caça e Pesca","912","59","Tier 2 — llevaría a 15.000 items"
"4306724981","Garrafa Térmica Quick Flip Stanley Preto 710ml","Esportes e Fitness","Camping, Caça e Pesca","911","186","Tier 2 — llevaría a 15.000 items"
"4204168329","Chumbo Esferico (1 Kg) Esfera Granulado - Perdiz","Esportes e Fitness","Camping, Caça e Pesca","905","37","Tier 2 — llevaría a 15.000 items"
"6191335498","Lanterna Mais Forte Do Mundo Recarregável Tática Potente Led Apfer Branco Preto","Esportes e Fitness","Camping, Caça e Pesca","898","50","Tier 2 — llevaría a 15.000 items"
"6410474352","Kit 12 Latas Refil Ntk 227g Camping  + 01 Maçarico Laranja","Esportes e Fitness","Camping, Caça e Pesca","895","138","Tier 2 — llevaría a 15.000 items"
"5323969360","Garrafa Termica Inox 500ml Camping Viagem Cafe Agua Original Metálico","Esportes e Fitness","Camping, Caça e Pesca","892","38","Tier 2 — llevaría a 15.000 items"
"4314803273","Lanterna Tática T9 Led Cree Recarregável Usb Zoom Ajustável 1000 Metros 5 Modos Ipx4 Alumínio Resistente Luz Branca Camping Pesca Emergência Life Play Tech Preta","Esportes e Fitness","Camping, Caça e Pesca","890","38","Tier 2 — llevaría a 15.000 items"
"4244610470","Molinete Joyfox Dc Alumínio 4000 Para Pesca Com 1 Rolamento E Fricção De 8 Kg Prateado Direito/esquerdo","Esportes e Fitness","Camping, Caça e Pesca","889","59","Tier 2 — llevaría a 15.000 items"
"4233740645","Bolsa Termica Marmita Lancheira Grande Alça Ombro Trabalho Academia Passeio Azul","Esportes e Fitness","Camping, Caça e Pesca","880","35","Tier 2 — llevaría a 15.000 items"
"3134862250","Linha De Pesca Multifilamento 500m  15-20-30-40-50-60-100 Lb","Esportes e Fitness","Camping, Caça e Pesca","879","62","Tier 2 — llevaría a 15.000 items"
"4307326515","Canivete Inox De Bolso E Cinto Dobrável Com Presilha E Trava Estilo Aço Zebu Marca T7 Prateado","Esportes e Fitness","Camping, Caça e Pesca","879","24","Tier 2 — llevaría a 15.000 items"
"4862945080","Balança Portátil Digital 50kg Para Mala Viagem Bagagem Pesca","Esportes e Fitness","Camping, Caça e Pesca","878","19","Tier 2 — llevaría a 15.000 items"
"4206805157","Garrafa Térmica 500ml Aço Inox Dupla Camada Antivazamento Portátil Com Tampa Rosqueável Para Café Chá Água Bebidas Design Moderno Preto Swave","Esportes e Fitness","Camping, Caça e Pesca","877","36","Tier 2 — llevaría a 15.000 items"
"4628802296","Vittak Garrafa Térmica Água Aço Inox 500ml Portátil Leve Segura Resistente Moderna Prateado","Esportes e Fitness","Camping, Caça e Pesca","872","33","Tier 2 — llevaría a 15.000 items"
"5333067590","Lampião Lâmpada Luz Led Usb Recarregavel Barraca Acampamento Led Branco 127/220v","Esportes e Fitness","Camping, Caça e Pesca","870","47","Tier 2 — llevaría a 15.000 items"
"4160207023","Balança Digital Suspensa 100kg 200kg Alta Precisão Laranja-claro","Esportes e Fitness","Camping, Caça e Pesca","862","47","Tier 2 — llevaría a 15.000 items"
"6238520504","Lanterna De Cabeça Com Sensor De Presença A Prova De Chuvas Branco Preto","Esportes e Fitness","Camping, Caça e Pesca","859","29","Tier 2 — llevaría a 15.000 items"
"4200066041","Bomba Elétrica Inflador Encher Colchão Boias Piscinas Bivolt Gurumania","Esportes e Fitness","Camping, Caça e Pesca","858","57","Tier 2 — llevaría a 15.000 items"
"5389074688","Carretilha De Pesca 7.2:1/5 Rolamentos 10kg Direito Vermelho","Esportes e Fitness","Camping, Caça e Pesca","857","55","Tier 2 — llevaría a 15.000 items"
"6202913526","Lanterna Tática Led Sofirn Sp35t 3800 Lúmens Alcance 280m Usb Branco Preto","Esportes e Fitness","Camping, Caça e Pesca","855","222","Tier 2 — llevaría a 15.000 items"
"6160384660","Garrafa Térmica Inox 800ml Água Squeeze Academia Trabalho Viagem Parede Dupla Vácuo Quente Frio Café Tampa Com Abridor Alça Anti Vazamento Uso Diário Preto","Esportes e Fitness","Camping, Caça e Pesca","848","33","Tier 2 — llevaría a 15.000 items"
"6089292444","Garrafa Térmica Termolar Lúmina Bomba De Pressão 1l","Esportes e Fitness","Camping, Caça e Pesca","847","75","Tier 2 — llevaría a 15.000 items"
"4477573855","Vittak Garrafa Térmica 1,9 Litros Café Chá Leite Quente E Fria Inox Airpot Ampola De Vidro Hotel Escritório Consultório Empresas","Esportes e Fitness","Camping, Caça e Pesca","844","72","Tier 2 — llevaría a 15.000 items"
"6204709774","Copo Térmico Gigante 1,2l Inox Com Tampa E Canudo Rosa Intenso Cor Pura / Material Fosco","Esportes e Fitness","Camping, Caça e Pesca","839","50","Tier 2 — llevaría a 15.000 items"
"3347647193","Bolsa Térmica Para Marmita Pequena Academia Camping Passeio","Esportes e Fitness","Camping, Caça e Pesca","835","24","Tier 2 — llevaría a 15.000 items"
"6175355588","Lampião Led Solar Lanterna Trabalho Recarregável Usb Camping Amarelo Usb","Esportes e Fitness","Camping, Caça e Pesca","835","49","Tier 2 — llevaría a 15.000 items"
"6233721944","Garrafa 800ml Térmica Inox Academia Esportiva Água Gelada Rosa-claro","Esportes e Fitness","Camping, Caça e Pesca","828","33","Tier 2 — llevaría a 15.000 items"
"3512214587","Kit Pesca Esportiva Summer Estojo Anzol Nickel Variedade Captura Peixes","Esportes e Fitness","Camping, Caça e Pesca","827","53","Tier 2 — llevaría a 15.000 items"
"5527777218","Térmica Tereré Garrafa 2,5l Inox Frio 24 Horas Quente Frio Cinza","Esportes e Fitness","Camping, Caça e Pesca","825","96","Tier 2 — llevaría a 15.000 items"
"4329777365","Lanterna Tática Militar Led Potente Bmax P90 Profissional Preta","Esportes e Fitness","Camping, Caça e Pesca","823","106","Tier 2 — llevaría a 15.000 items"
"5065078948","Alicate De Pesca Bestfer Bico Longo 8,5  22cm Em Aço Inox Laranja","Esportes e Fitness","Camping, Caça e Pesca","821","41","Tier 2 — llevaría a 15.000 items"
"1758073881","Bolsa Porta Celular/documento Smart Case Quadro Bike Preto","Esportes e Fitness","Ciclismo","1093","23","Tier 2 — llevaría a 15.000 items"
"4413541196","Corrente Cadeado Para Bicicleta Moto Trava Tranca C/ Segredo Preto","Esportes e Fitness","Ciclismo","1093","35","Tier 2 — llevaría a 15.000 items"
"5979024944","Cinto Porta Numero Para Corrida Triathlon Ciclismo Carbo Gel Preto","Esportes e Fitness","Ciclismo","1073","19","Tier 2 — llevaría a 15.000 items"
"4243419583","Bomba De Ar Portátil Digital Compressor Pneu Carro Moto Bike Preto 127/220v","Esportes e Fitness","Ciclismo","1067","80","Tier 2 — llevaría a 15.000 items"
"4437188489","Kit 2 Cintos Porta Número Corrida Triathlon Ciclismo Preto","Esportes e Fitness","Ciclismo","1049","28","Tier 2 — llevaría a 15.000 items"
"4212813041","Pedal Bicicleta Aluminio Plataforma Ampla Bike Mtb Rosca Grossa 9/16 Com Refletores Rosca Inglesa Antiderrapante Leve Resistente Cor Preto Sign","Esportes e Fitness","Ciclismo","1042","29","Tier 2 — llevaría a 15.000 items"
"5724828204","Farol Buzina De Bike Recarregável Usb Lanterna Para Bicicleta Luz Led Branca Potente Resistente A Água Cor Preto","Esportes e Fitness","Ciclismo","1033","26","Tier 2 — llevaría a 15.000 items"
"3596084313","Kit 2 Camaras De Ar Bicicleta Bike Aro 26 - Bico Grosso Tipo Da Válvula Schrader","Esportes e Fitness","Ciclismo","1022","25","Tier 2 — llevaría a 15.000 items"
"5709616968","Chave Extrator Pino Corrente Moto Ferramenta Profissional Extratora Bike Bicicleta Tamanho 420,428,520,525,530 Alta Precisão Qualidade E Durabilidade Sign","Esportes e Fitness","Ciclismo","1007","22","Tier 2 — llevaría a 15.000 items"
"5142123542","Pedal Plataforma Absolute Brutus Flat 9/16 Bike Bmx Mtb Preto","Esportes e Fitness","Ciclismo","999","36","Tier 2 — llevaría a 15.000 items"
"5463447820","Freio Shimano Hidráulico Br-mt200 Preto Traseiro 1700mm","Esportes e Fitness","Ciclismo","986","153","Tier 2 — llevaría a 15.000 items"
"4119346493","Camisa Premium Ciclismo Manga Curta Masculino Bike Speed Mtb","Esportes e Fitness","Ciclismo","983","50","Tier 2 — llevaría a 15.000 items"
"4020410563","Bolsa Quadro Bicicletal Impermeável Suporte Celular Bike Preto","Esportes e Fitness","Ciclismo","977","46","Tier 2 — llevaría a 15.000 items"
"5524213124","Farol Bike Recarregável Usb 8 Leds T6 Lanterna Bicicleta Profissional Led Super Potente Powerbank Ciclismo Forte Luz Branca","Esportes e Fitness","Ciclismo","950","115","Tier 2 — llevaría a 15.000 items"
"4010196310","Manopla Punho Bike Light Tsw Silicone Gel Conforto Aderencia","Esportes e Fitness","Ciclismo","947","27","Tier 2 — llevaría a 15.000 items"
"5305004524","Kit Lanterna E Farol Bicicleta Potente 6 Leds Recarregável Preto","Esportes e Fitness","Ciclismo","944","58","Tier 2 — llevaría a 15.000 items"
"3619938809","Suporte Para Pendurar Bicicleta De Parede Horizontal Preto Passador De Cadeado","Esportes e Fitness","Ciclismo","931","33","Tier 2 — llevaría a 15.000 items"
"5760120998","Descanso Central Pezinho Bike Apoio Reforçado Em Ligas De Alumínio Com Regulagem De Altura Bicicleta Mtb Speed Aro 20 A 29 Ajustável Antiderrapante Cor Preto Sign","Esportes e Fitness","Ciclismo","930","23","Tier 2 — llevaría a 15.000 items"
"4339318675","Banco Bicicleta Selim Bicicleta Gta Comfort Gel Tech Refletor Elastomero Preto 10 Cm 20 Cm","Esportes e Fitness","Ciclismo","922","34","Tier 2 — llevaría a 15.000 items"
"5943704682","Farol Led Bike Luz Lanterna Bicicleta Light Recarregável Usb Preto","Esportes e Fitness","Ciclismo","915","37","Tier 2 — llevaría a 15.000 items"
"4091118229","Óculos Esportivo Ciclismo Beachtenis Pesca Corrida Uv400","Esportes e Fitness","Ciclismo","912","35","Tier 2 — llevaría a 15.000 items"
"5763552526","Óculos Esportivo Ciclismo Corrida Pesca Volei Beachtenis","Esportes e Fitness","Ciclismo","912","39","Tier 2 — llevaría a 15.000 items"
"4500329169","Suporte De Chão Tudo Bike Para Bicicletas Aro 24 A 29 Antiferrugem Preto","Esportes e Fitness","Ciclismo","912","24","Tier 2 — llevaría a 15.000 items"
"3996713503","Pé De Apoio Bike Ajustável Antiderrapante Descanso Lateral Bicicleta Pezinho Reforçado Ex Decor Preto","Esportes e Fitness","Ciclismo","904","22","Tier 2 — llevaría a 15.000 items"
"4455290981","Bomba De Ar De Pé Luatek Manual Alta Pressão Lkd-210 Com Manômetro Para Bicicletas Azul","Esportes e Fitness","Ciclismo","898","31","Tier 2 — llevaría a 15.000 items"
"4440640891","Óculos Esportivo Movement De Corrida Bike Beach Tennis Uv400","Esportes e Fitness","Ciclismo","898","95","Tier 2 — llevaría a 15.000 items"
"4161439927","Capa De Selim Em Gel Para Bancos Ergométrica E Bicicleta Cor Preto Marca Legna","Esportes e Fitness","Ciclismo","896","26","Tier 2 — llevaría a 15.000 items"
"1353122693","Par De Luvas Gel Ciclismo Dedo Curto Bike Academia Proteção","Esportes e Fitness","Ciclismo","884","30","Tier 2 — llevaría a 15.000 items"
"3879103749","Kit Remendo Bike Pneu Camara De Ar +10 Reparos Estrela Vipal","Esportes e Fitness","Ciclismo","862","25","Tier 2 — llevaría a 15.000 items"
"5655394796","Kit Farol E Lanterna Bike 6 Leds Recarregável Usb Potente Compacto Resistente À Chuva - Spirobol Preto","Esportes e Fitness","Ciclismo","854","58","Tier 2 — llevaría a 15.000 items"
"4035889337","Camara De Ar Aro 26 Kenda Bike Bico Grosso Balão Mtb Tipo Da Válvula Schrader","Esportes e Fitness","Ciclismo","842","20","Tier 2 — llevaría a 15.000 items"
"5862823018","Capacete Ciclismo Masculino Bike Feminino Mtb Leve Bicicleta","Esportes e Fitness","Ciclismo","837","60","Tier 2 — llevaría a 15.000 items"
"5729045162","Banco Bicicleta Selim Bicicleta Gta Comfort Gel Tech Refletor Elastomero Preto 10 Cm 20 Cm","Esportes e Fitness","Ciclismo","836","34","Tier 2 — llevaría a 15.000 items"
"3917649437","Freio A Disco Mecânico Absolute Para Bike Com Rotor 160mm E Pastilha","Esportes e Fitness","Ciclismo","834","32","Tier 2 — llevaría a 15.000 items"
"4413776375","Capa Cobrir Bicicleta Elétrica Anti Risco Impermeável Preto Universal","Esportes e Fitness","Ciclismo","826","40","Tier 2 — llevaría a 15.000 items"
"5370605838","Passador Alavanca Marchas Rapid Fire Gts 3x7 21v Bike","Esportes e Fitness","Ciclismo","825","28","Tier 2 — llevaría a 15.000 items"
"4572042609","Pedal Gts Plataforma Aluminio Bike Par Preto","Esportes e Fitness","Ciclismo","821","30","Tier 2 — llevaría a 15.000 items"
"3676440389","Polo Masculina Lacoste Slim Fit - Original","Esportes e Fitness","Equitação","1034","270","Tier 2 — llevaría a 15.000 items"
"4186446683","Camisa Polo Tecido Tech Costura Laser Tecnologica","Esportes e Fitness","Equitação","972","60","Tier 2 — llevaría a 15.000 items"
"3806436354","Luva Academia Musculação Esporte Neoprene Treino Exercícios","Esportes e Fitness","Fitness e Musculação","1096","39","Tier 2 — llevaría a 15.000 items"
"3990045459","Halter Peso 1kg Bola Emborrachado Par Exercício Em Casa Academia Ginástica Fisioterapia Crossfit Cor Preto Preto","Esportes e Fitness","Fitness e Musculação","1091","40","Tier 2 — llevaría a 15.000 items"
"2112459767","Straps Com Munhequeira, Musculação, Academia Profissional","Esportes e Fitness","Fitness e Musculação","1073","30","Tier 2 — llevaría a 15.000 items"
"5309287354","Bandagem Elástica Adesiva Faixa De Atadura 3 Un. De 10cm","Esportes e Fitness","Fitness e Musculação","1061","38","Tier 2 — llevaría a 15.000 items"
"6247830144","Luva Academia Protetor Mão Treino Luva Para Musculacao Grip Preto 9cm Topline Brasil Unico","Esportes e Fitness","Fitness e Musculação","1059","20","Tier 2 — llevaría a 15.000 items"
"3229102306","Kit 4un Bandagem Elástica Flexível S/ Látex 5cm Várias Cores","Esportes e Fitness","Fitness e Musculação","1058","29","Tier 2 — llevaría a 15.000 items"
"4208339085","Arco Anel Pilates Yoga Fisioterapia Preto 37 Cm Metal Com Eva","Esportes e Fitness","Fitness e Musculação","1047","36","Tier 2 — llevaría a 15.000 items"
"5713460438","Tala Strap Para Crossfit E Academia De Algodão Preto","Esportes e Fitness","Fitness e Musculação","1040","19","Tier 2 — llevaría a 15.000 items"
"4113776295","Elastico Para Exercicios Kit 5 Elastico Exercicio Cor Cores","Esportes e Fitness","Fitness e Musculação","1033","19","Tier 2 — llevaría a 15.000 items"
"5704201786","Kit 3 Faixas Elástica Thera Band Exercício Fisioterapia Yoga Cor Variadas","Esportes e Fitness","Fitness e Musculação","1031","22","Tier 2 — llevaría a 15.000 items"
"3697761131","Bola Suiça Pilates Fisio 65cm + Faixa Elastica + 5 Mini Band Bola De Pilates Elásticos","Esportes e Fitness","Fitness e Musculação","1023","64","Tier 2 — llevaría a 15.000 items"
"4165978695","Bola Suíça Fitball Justgofit 65cm Antiestouro Yoga Pilates Roxo","Esportes e Fitness","Fitness e Musculação","1003","44","Tier 2 — llevaría a 15.000 items"
"4618958067","Equipamento Auxiliar Profissional Para Treino De Abdominais Cinza-escuro","Esportes e Fitness","Fitness e Musculação","978","60","Tier 2 — llevaría a 15.000 items"
"5507179214","Fita Kinesio Tape 5 Metros Bandagem Elástica Adesiva Taping Fisioterapia Suporte Muscular Estabilização Articular... Sortido","Esportes e Fitness","Fitness e Musculação","978","19","Tier 2 — llevaría a 15.000 items"
"3622231215","Faixa Elástica Rubber Fit Mini Band Multicolor - Kit De 5","Esportes e Fitness","Fitness e Musculação","975","35","Tier 2 — llevaría a 15.000 items"
"3746120721","Silicone Spray Lubrificar Esteira Ergométrica Academia 400ml","Esportes e Fitness","Fitness e Musculação","964","29","Tier 2 — llevaría a 15.000 items"
"3928658360","Par Strap Academia Musculação 100% Algodão Crossfit Lpo Pro Preto","Esportes e Fitness","Fitness e Musculação","964","19","Tier 2 — llevaría a 15.000 items"
"3658490697","Kit C/ 2 Blocos De Yoga Para Exercícios Alongamento Pilates Meditação Tijolo Funcional Alongamento Ioga Cor Preto Jcanova Store","Esportes e Fitness","Fitness e Musculação","953","43","Tier 2 — llevaría a 15.000 items"
"6474379088","Kit Faixa Elástica Treino Fitness - Band Pilates Elásticos Preto-roxo-vermelho-amarelo","Esportes e Fitness","Fitness e Musculação","946","54","Tier 2 — llevaría a 15.000 items"
"3757043862","Mini Bicicleta Ergométrica Cicloergômetro Pedalinho Odin Fit","Esportes e Fitness","Fitness e Musculação","943","152","Tier 2 — llevaría a 15.000 items"
"5383539548","Faixa Elástica Kit 3 Thera Band Exercicios Fisioterapia Sortido","Esportes e Fitness","Fitness e Musculação","935","22","Tier 2 — llevaría a 15.000 items"
"3571734287","Bola De Pilates Suíça Justgofit 65cm Cinza Com Bomba Antiestouro","Esportes e Fitness","Fitness e Musculação","920","43","Tier 2 — llevaría a 15.000 items"
"4059909073","Luva Musculação Academia Hand Grip Protetor Treino Mão Calos","Esportes e Fitness","Fitness e Musculação","912","19","Tier 2 — llevaría a 15.000 items"
"3608582865","Strap Com Munhequeira Musculação Velcro Ajustável Grip Par","Esportes e Fitness","Fitness e Musculação","901","66","Tier 2 — llevaría a 15.000 items"
"5362401910","Luva Para Academia Treino Fitness Crossfit Unissex","Esportes e Fitness","Fitness e Musculação","901","21","Tier 2 — llevaría a 15.000 items"
"4079520613","Vittak Corda De Pular Cross Speed Rope Rolamento Profissional Fit Silicone Cor Azul","Esportes e Fitness","Fitness e Musculação","889","14","Tier 2 — llevaría a 15.000 items"
"6238081022","Equipamento Auxiliar Deabdominais Fitness Muscular Abdominal Suporte Para Celular Não Incluído (cor Aleatória)","Esportes e Fitness","Fitness e Musculação","889","62","Tier 2 — llevaría a 15.000 items"
"5266827498","Kit Tubing Elástico 11 Itens Extensor Para Treinamento Funcional Pilates Fisioterapia Academia Ginastica Musculação Marca Ex Decor Multicolor","Esportes e Fitness","Fitness e Musculação","885","38","Tier 2 — llevaría a 15.000 items"
"4409222227","Par De Halter Bola Emborrachado Exercício Ginástica Fisioterapia Academia 2kg Peso Para Exercício Fisioterapia Ginástica 2 Kg Cor Preto","Esportes e Fitness","Fitness e Musculação","874","57","Tier 2 — llevaría a 15.000 items"
"2706813762","Elástico Treino Extensor Exercícios Academia Em Casa Fitness","Esportes e Fitness","Fitness e Musculação","871","35","Tier 2 — llevaría a 15.000 items"
"4087210271","Kit Faixas Elasticas Musculaçao, Super Band Elasticos Treino Vermelho","Esportes e Fitness","Fitness e Musculação","871","56","Tier 2 — llevaría a 15.000 items"
"2927385401","Luva Musculação Neoprene Antiderrapante Crossfit Treino","Esportes e Fitness","Fitness e Musculação","867","40","Tier 2 — llevaría a 15.000 items"
"4612739371","Kinesiology Tape Fita Kinésio Sportstape Bandagem Elástica Cor Preto","Esportes e Fitness","Fitness e Musculação","865","19","Tier 2 — llevaría a 15.000 items"
"3649470179","Kit Super Band 3 Intensidades Odin Fit Elasticos Power [preto, Violeta-escuro, Azul]","Esportes e Fitness","Fitness e Musculação","856","114","Tier 2 — llevaría a 15.000 items"
"4289436851","Par De Halter Bola Emborrachado Exercício Em Casa Academia Ginástica Fisioterapia Crossfit 1kg Cor Preto","Esportes e Fitness","Fitness e Musculação","846","33","Tier 2 — llevaría a 15.000 items"
"4415840857","Bola Pilates Suiça Yoga Abdominal Gym Ball 55cm Bomba Cor Roxo","Esportes e Fitness","Fitness e Musculação","839","49","Tier 2 — llevaría a 15.000 items"
"3948148311","3 Bandagem Elástica Autoadesiva Flexível Pet Atadura 10cm","Esportes e Fitness","Fitness e Musculação","838","40","Tier 2 — llevaría a 15.000 items"
"5501823340","Joelheira Compressão Tensor Joelho Alivia Dores Crossfit Esportivo Academia Ortopédica Imobilizador Estabilizador... Preto Único","Esportes e Fitness","Fitness e Musculação","837","27","Tier 2 — llevaría a 15.000 items"
"6500343494","20 Itens: Elasticos Extensor Miniband Crosstube Thera Corda","Esportes e Fitness","Fitness e Musculação","832","53","Tier 2 — llevaría a 15.000 items"
"5348576976","Kit 4 Fitas Kinesio Tape Fita Bandagem Elástica Taping Fisioterapia E Tratamentos Musculares 5 Metros Cores Sortidas - Lupita","Esportes e Fitness","Fitness e Musculação","823","37","Tier 2 — llevaría a 15.000 items"
"3784053455","Kit Chuteira Futsal Impactor + Meião Bolsa Caneleira Relógio","Esportes e Fitness","Futebol","1099","78","Tier 2 — llevaría a 15.000 items"
"4214528115","Apito Profissional Fox 40 Classic Juiz Com Cordão 115 Decibéis Cor Preto","Esportes e Fitness","Futebol","1039","23","Tier 2 — llevaría a 15.000 items"
"4862502206","Kit Chuteira Society Adulto Infantil Impactor + Meião Bolsa","Esportes e Fitness","Futebol","1026","69","Tier 2 — llevaría a 15.000 items"
"1827410863","Meia Esportiva Futsocks Antiderrapante Futebol Cano Medio","Esportes e Fitness","Futebol","1021","19","Tier 2 — llevaría a 15.000 items"
"6417335600","Kit 2 Shorts 2 Em 1 Masculino Dryfit Academia Azul E Preto Liso Gg","Esportes e Fitness","Futebol","1020","57","Tier 2 — llevaría a 15.000 items"
"4166043955","Camisa Palmeiras Away 25/26 Torcedor Masculina","Esportes e Fitness","Futebol","1017","179","Tier 2 — llevaría a 15.000 items"
"4198884500","Bola De Futebol Para Campo 22 I Topper Cor Branco/verde Mar/preto","Esportes e Fitness","Futebol","1009","62","Tier 2 — llevaría a 15.000 items"
"5398406226","Bola De Futebol Society Topper Ultra Colagem Dupla Oficial","Esportes e Fitness","Futebol","1009","63","Tier 2 — llevaría a 15.000 items"
"3888584577","Chuteira Futsal/salão+palmilha Oferta Únicacolada Ecosturada","Esportes e Fitness","Futebol","986","85","Tier 2 — llevaría a 15.000 items"
"3957626523","Camisa Casual Corinthians Algodão Preta Licenciada","Esportes e Fitness","Futebol","962","128","Tier 2 — llevaría a 15.000 items"
"2950313696","Shorts Calção Futebol Academia Treino Corrida Penalty Adulto","Esportes e Fitness","Futebol","961","52","Tier 2 — llevaría a 15.000 items"
"6202546410","Chuteira Futsal Umbr Pro 5 Club Salão Quadra Macia Promoção","Esportes e Fitness","Futebol","952","107","Tier 2 — llevaría a 15.000 items"
"6042568568","Kit 6 Pares Meia Antiderrapante Esportiva Futebol Treino","Esportes e Fitness","Futebol","932","47","Tier 2 — llevaría a 15.000 items"
"5580187830","Bola De Futebol De Campo Topper Ultra Dupla Colagem Cor Dourado","Esportes e Fitness","Futebol","932","64","Tier 2 — llevaría a 15.000 items"
"4032394945","Kit 10 Cones Demarcatorio Treino Agilidade Futebol Futsal","Esportes e Fitness","Futebol","905","24","Tier 2 — llevaría a 15.000 items"
"6417335608","Kit 2 Shorts 2 Em 1 Masculino Dryfit Academia Azul E Preto Liso M","Esportes e Fitness","Futebol","905","61","Tier 2 — llevaría a 15.000 items"
"4103452991","Luva De Goleiro Poker Training Infinity Campo Profissional","Esportes e Fitness","Futebol","897","100","Tier 2 — llevaría a 15.000 items"
"5769384800","Chuteira Futsal Masculino Adulto Infantil Branqueada Ouro","Esportes e Fitness","Futebol","895","100","Tier 2 — llevaría a 15.000 items"
"3392775875","Chuteira Campo Original Unissex Costurada Masculina/feminina","Esportes e Fitness","Futebol","877","99","Tier 2 — llevaría a 15.000 items"
"4429865103","Chuteira Futsal Infantil Dourada Do 26 Ao 35","Esportes e Fitness","Futebol","871","90","Tier 2 — llevaría a 15.000 items"
"4234266641","Apito Profissional Fox 40 Classic Juiz Com Cordão 115 Decibéis Cor Preto","Esportes e Fitness","Futebol","868","22","Tier 2 — llevaría a 15.000 items"
"5459442180","Camiseta Seleção Brasileira Torcedor Nome E No Personalizado","Esportes e Fitness","Futebol","864","50","Tier 2 — llevaría a 15.000 items"
"3918751603","Chuteira Futsal Umbro Pro 5 Bump Club Profissional Reforçada","Esportes e Fitness","Futebol","862","291","Tier 2 — llevaría a 15.000 items"
"5022231220","Kit 2 Shorts 2 Em 1 Masculino Dryfit Academia","Esportes e Fitness","Futebol","857","68","Tier 2 — llevaría a 15.000 items"
"4196326945","Uniforme Infantil Juvenil Time  Camisa E Shorts Varios Times","Esportes e Fitness","Futebol","856","45","Tier 2 — llevaría a 15.000 items"
"3666471923","Camiseta Seleção Brasileira Torcedor Patriota Do Brasil","Esportes e Fitness","Futebol","844","48","Tier 2 — llevaría a 15.000 items"
"3965937657","Sapatilha Híbrida Náutica Pesca Praia Anti Derrapante","Esportes e Fitness","Mergulho","835","42","Tier 2 — llevaría a 15.000 items"
"4028637197","Calça Térmica Masculina Legging Esportiva Com Compressão","Esportes e Fitness","Moda Fitness","1062","59","Tier 2 — llevaría a 15.000 items"
"3909927989","Sapatilha Dancin Ballet Feminina Tecido Meia Pontas","Esportes e Fitness","Moda Fitness","1025","36","Tier 2 — llevaría a 15.000 items"
"3950808135","Kit 4 Blusas Fitness Dry Fit Camiseta Academia Feminina","Esportes e Fitness","Moda Fitness","886","64","Tier 2 — llevaría a 15.000 items"
"2198858586","Camisa Dry Fit Academia Esportiva Com Proteção Uv","Esportes e Fitness","Moda Fitness","878","37","Tier 2 — llevaría a 15.000 items"
"3828368063","Kit 2 Bermuda 2 Em 1  Masculino  Academia Shorts Masculino","Esportes e Fitness","Moda Fitness","875","67","Tier 2 — llevaría a 15.000 items"
"3820779781","Bermuda 2 Em 1 Short Duplo Com Bolso Academia Treino","Esportes e Fitness","Moda Fitness","871","30","Tier 2 — llevaría a 15.000 items"
"6513381292","Meia Poliamida Corrida Lupo Cano Curto Dry Anti Bolha 3pares Preto Logo 41-44 (g)","Esportes e Fitness","Moda Fitness","867","76","Tier 2 — llevaría a 15.000 items"
"3688330538","Bermuda Térmica Masculina Esportiva Corrida Com Bolso","Esportes e Fitness","Moda Fitness","828","46","Tier 2 — llevaría a 15.000 items"
"6195119526","Relógio Smartwatch Redmi Watch 5 Active Caixa Preto","Esportes e Fitness","Monitores Esportivos","859","218","Tier 2 — llevaría a 15.000 items"
"2617064350","Kit 20 Prs Protetor Auricular Plug Espuma Sem Cordão 3m 1100","Esportes e Fitness","Natação","1095","29","Tier 2 — llevaría a 15.000 items"
"3278322413","Kit Óculos De Natação + Touca De Silicone Speedo Adulto","Esportes e Fitness","Natação","1087","66","Tier 2 — llevaría a 15.000 items"
"4270909159","Óculos Infantil Natação Piscina Uv Protetor Ouvido Acoplado","Esportes e Fitness","Natação","1057","42","Tier 2 — llevaría a 15.000 items"
"2198323873","Touca De Natação Speedo De Tecido Xtrafit Cap","Esportes e Fitness","Natação","975","43","Tier 2 — llevaría a 15.000 items"
"4526405085","Protetor Auricular Dormir 2 Pares Natacao Bebe Infantil Tampao Ouvido Silicone Anti Ronco Ruido Estudo Trabalho Viagem Piscina Proteção Auditiva Com Estojo Variado","Esportes e Fitness","Natação","952","19","Tier 2 — llevaría a 15.000 items"
"5958086070","Kit 2 Protetor Auricular Gurumania Silicone Reutilizável Preto Anel Triplo","Esportes e Fitness","Natação","951","25","Tier 2 — llevaría a 15.000 items"
"4296837679","Tampões De Ouvido Com Cancelamento De Ruído Para Dormir Preto-talla Única","Esportes e Fitness","Natação","926","47","Tier 2 — llevaría a 15.000 items"
"6072939516","Óculos De Natação Speedo Classic Starters + Touca Silicone Preto","Esportes e Fitness","Natação","891","59","Tier 2 — llevaría a 15.000 items"
"5654595702","Camiseta Térmica Conforto, Proteção Uv   Pequenos Defeitos","Esportes e Fitness","Rapel, Montanhismo e Escalada","1081","39","Tier 2 — llevaría a 15.000 items"
"5984252012","Fecho Gancho Mosquetão Oval Aço Trava Rosca 25kn Alpinismo","Esportes e Fitness","Rapel, Montanhismo e Escalada","1056","22","Tier 2 — llevaría a 15.000 items"
"4827032750","Refil Mochila Hidratação Bolsa Com Reservatório De Água 2 Litros Com Válvula Torneirinha Bike Trilha Caminhada Corrida Maratona Ciclismo Tumblr","Esportes e Fitness","Rapel, Montanhismo e Escalada","898","27","Tier 2 — llevaría a 15.000 items"
"4446269850","Kit 2 Blusa Térmica Manga Longa Feminina Peluciada Inverno","Esportes e Fitness","Rapel, Montanhismo e Escalada","884","60","Tier 2 — llevaría a 15.000 items"
"5356433666","Kit 4 Camisa Termica Segunda Pele Manga Longa Uv Frio Calor","Esportes e Fitness","Rapel, Montanhismo e Escalada","873","71","Tier 2 — llevaría a 15.000 items"
"4348279316","Kit 5 Camisas Dry Fit Academia Esportiva Com Proteção Uv","Esportes e Fitness","Rugby","990","65","Tier 2 — llevaría a 15.000 items"
"4048206309","Maca Peruana 120 Capsulas 2000mg Pura Premium Importada Homens E Mulheres 2g Por Dose Snake Dragon Sem Sabor","Esportes e Fitness","Suplementos e Shakers","1087","37","Tier 2 — llevaría a 15.000 items"
"6236958434","Solução De Lugol 5% Inorgânico Conta-gotas Sem Sabor 50ml Sem Sabor","Esportes e Fitness","Suplementos e Shakers","1086","43","Tier 2 — llevaría a 15.000 items"
"2607042958","L-glutamina 1kg 100% Pura Soldiers Nutrition Suplemento Recuperação Sem Sabor","Esportes e Fitness","Suplementos e Shakers","1081","129","Tier 2 — llevaría a 15.000 items"
"6086520846","Go! Recovery Gel 10 Sachês De 30g Atlhetica Nutrition Sabor Guaraná Com Açaí","Esportes e Fitness","Suplementos e Shakers","1080","25","Tier 2 — llevaría a 15.000 items"
"5525479474","Vitamina D3 2000ui + Vitamina K2 + Magnésio Quelato 60 Cápsulas, Clean Label, Sem Corantes, Alta Qualidade  Forged Nutrition Sem Sabor","Esportes e Fitness","Suplementos e Shakers","1071","57","Tier 2 — llevaría a 15.000 items"
"4463395723","Coqueteleira Shaker Academia 900ml Com Divisória Misturador Prateado","Esportes e Fitness","Suplementos e Shakers","1056","54","Tier 2 — llevaría a 15.000 items"
"3865513687","Magnésio Mg Complex Essential 90 Cápsulas Alta Absorção Sem Sabor","Esportes e Fitness","Suplementos e Shakers","1054","101","Tier 2 — llevaría a 15.000 items"
"2083556176","Morosil Original Galena 500mg Fórmula Exclusiva Com 30 Doses Sem Sabor","Esportes e Fitness","Suplementos e Shakers","1040","54","Tier 2 — llevaría a 15.000 items"
"4049342659","Ômega 3 Catarinense 120 Cápsulas 1000mg Oleo De Peixe Sem Sabor","Esportes e Fitness","Suplementos e Shakers","1038","36","Tier 2 — llevaría a 15.000 items"
"5827861276","Whey Protein Primal 1kg - Soldiers Nutrition Sabor Chocolate Belga","Esportes e Fitness","Suplementos e Shakers","1026","66","Tier 2 — llevaría a 15.000 items"
"3897886741","Nutri Whey Cookies 900g Integralmedica - Nutrição Equilibrada Para Crescimento Muscular E Energia Nos Treinos Biscoitos","Esportes e Fitness","Suplementos e Shakers","1015","69","Tier 2 — llevaría a 15.000 items"
"5414840762","Whey Protein Concentrado 1kg Sabor Morango Soldiers Nutrition","Esportes e Fitness","Suplementos e Shakers","1009","149","Tier 2 — llevaría a 15.000 items"
"3342218821","Termogênico Thermo Crazy Pote 60 Cáps Ftw - Diabo Verde 60 Cápsulas","Esportes e Fitness","Suplementos e Shakers","1006","43","Tier 2 — llevaría a 15.000 items"
"3106398952","Metilfolato Bigens 400mcg Vitamina B12 B6 60 Cápsulas Sabor Neutro","Esportes e Fitness","Suplementos e Shakers","1001","30","Tier 2 — llevaría a 15.000 items"
"6434043592","Vitamina B12 Comprimido Beneficio Metilcobalamina 60 Capsula Sabor Frutas Vermelhas","Esportes e Fitness","Suplementos e Shakers","1000","38","Tier 2 — llevaría a 15.000 items"
"5116185644","Creatina Turbo Refil 1kg Black Skull Sem Sabor","Esportes e Fitness","Suplementos e Shakers","999","53","Tier 2 — llevaría a 15.000 items"
"4332053225","Creatina 250g Monohidratada Growth Supplements Sabor Sem Sabor","Esportes e Fitness","Suplementos e Shakers","998","60","Tier 2 — llevaría a 15.000 items"
"4159616435","Kit Ômega 3 1000mg Com 300 Cápsulas Catarinense Sem Sabor","Esportes e Fitness","Suplementos e Shakers","996","89","Tier 2 — llevaría a 15.000 items"
"6074601056","Barra De Proteína Crisp Bar Ovomaltine 12 Unidades Integralmédica","Esportes e Fitness","Suplementos e Shakers","993","99","Tier 2 — llevaría a 15.000 items"
"4460475541","Barra De Proteína (cx. 12 Unid.) Growth Supplements - Sabor Cookies & Cream","Esportes e Fitness","Suplementos e Shakers","989","59","Tier 2 — llevaría a 15.000 items"
"5342773672","Supercoffee Choconilla - Economic Size (380g) - Caffeine Army","Esportes e Fitness","Suplementos e Shakers","988","200","Tier 2 — llevaría a 15.000 items"
"5113755858","Suplemento Esportivo Albumina Profit Labs Pó Natural 1kg Refil Sem Sabor","Esportes e Fitness","Suplementos e Shakers","981","62","Tier 2 — llevaría a 15.000 items"
"5348393978","Pasta De Amendoim Com Whey Protein Bueníssimo 600g Dr. Peanut","Esportes e Fitness","Suplementos e Shakers","977","43","Tier 2 — llevaría a 15.000 items"
"3075710242","Suplemento Em Cápsulas Essential Nutrition Super Omega 3 Tg Em Pote 120 Caps","Esportes e Fitness","Suplementos e Shakers","976","149","Tier 2 — llevaría a 15.000 items"
"5490075844","Kit: 2 Creatina Pote 300g 100% Pura Soldiers Nutrition Treino Performance Fortalecimento Sem Sabor","Esportes e Fitness","Suplementos e Shakers","975","77","Tier 2 — llevaría a 15.000 items"
"6222435292","Power Arginine 120 Cáps. (600mg) Growth Supplements Sem Sabor","Esportes e Fitness","Suplementos e Shakers","974","39","Tier 2 — llevaría a 15.000 items"
"2767640704","Salt Reload 30 Cápsulas Sal Premium Hidratação - Bodyaction Sabor Sem Sabor","Esportes e Fitness","Suplementos e Shakers","965","26","Tier 2 — llevaría a 15.000 items"
"4046345235","Pasta De Amendoim Dr. Peanut Gourmet Sabor Chocotine 600g","Esportes e Fitness","Suplementos e Shakers","964","43","Tier 2 — llevaría a 15.000 items"
"5113728434","Suplemento Em Pó Profit Labs Albúmina Sabor Chocolate Em Refil De 1000g","Esportes e Fitness","Suplementos e Shakers","961","58","Tier 2 — llevaría a 15.000 items"
"3979084911","Barra De Proteína Nutrata Whey Grego Havanna De Doce De Leite - Kit 12 Unidades","Esportes e Fitness","Suplementos e Shakers","960","70","Tier 2 — llevaría a 15.000 items"
"2968793859","Snack Proteico Mais Mu Chocowheyfer Sabor Cookies 6g Proteína 12 Unidades Biscoitos","Esportes e Fitness","Suplementos e Shakers","958","57","Tier 2 — llevaría a 15.000 items"
"5525553952","Coenzima Q10 200mg Pura 120 Cápsulas - Forged Nutrition Sabor Sem Sabor","Esportes e Fitness","Suplementos e Shakers","958","138","Tier 2 — llevaría a 15.000 items"
"3987763835","Suplemento Em Pó Bope 300g - Caveira Preta - Black Skull Sabor Frutas Vermelhas","Esportes e Fitness","Suplementos e Shakers","956","42","Tier 2 — llevaría a 15.000 items"
"3825212323","Palatinose Pura 500g Isomaltulose Soldiers Nutrition Carboidrasto Baixo Índice Glicêmico Natural - 100% Puro","Esportes e Fitness","Suplementos e Shakers","955","47","Tier 2 — llevaría a 15.000 items"
"5459361614","Fish Oil Ômega 3 Sem Sabor 120 Cápsulas  Dux Human Health","Esportes e Fitness","Suplementos e Shakers","955","75","Tier 2 — llevaría a 15.000 items"
"4062656431","Atlhetica Nutrition Creatina 100% Pure 300g","Esportes e Fitness","Suplementos e Shakers","954","54","Tier 2 — llevaría a 15.000 items"
"5929928442","Creatina 300 Gr - Max Titanium Sabor Sem Sabor","Esportes e Fitness","Suplementos e Shakers","951","50","Tier 2 — llevaría a 15.000 items"
"5598492190","Exí­mia Fortalize Kera D Suplemento Vitamínico 30 Comprimidos Sabor Sem Sabor","Esportes e Fitness","Suplementos e Shakers","946","160","Tier 2 — llevaría a 15.000 items"
"3844661963","Whey Protein Concentrado 1kg Banana Dark Lab","Esportes e Fitness","Suplementos e Shakers","946","145","Tier 2 — llevaría a 15.000 items"
"4382239229","Ômega 3 1000mg 120 Caps 100% Original - Catarinense Pharma Sem Sabor","Esportes e Fitness","Suplementos e Shakers","942","41","Tier 2 — llevaría a 15.000 items"
"5163269734","Pré Treino Insane Clown 350g Demons Lab Sabor Fruit Punch Ponche De Frutas","Esportes e Fitness","Suplementos e Shakers","941","109","Tier 2 — llevaría a 15.000 items"
"5649063164","Whey Protein Vitafor Isofort Ultra Imuno 900g Cacau Com Creatina E Glutamina Chocolate","Esportes e Fitness","Suplementos e Shakers","941","262","Tier 2 — llevaría a 15.000 items"
"4166408387","Regenesis Premium Com Lipinova Com 60 Cápsulas Sem Sabor","Esportes e Fitness","Suplementos e Shakers","937","147","Tier 2 — llevaría a 15.000 items"
"4121498735","Suplemento En Pó Max Titanium 100% Whey Proteínas De 100% Whey Protein Concentrado Sabor Chocolate X 900g","Esportes e Fitness","Suplementos e Shakers","936","130","Tier 2 — llevaría a 15.000 items"
"4077003895","100% Whey Protein Pote 900g Sabor Cookies - Ftw","Esportes e Fitness","Suplementos e Shakers","936","118","Tier 2 — llevaría a 15.000 items"
"5278897444","Kit 10 Garrafas Squeeze De Água Alumínio C/ Alça 540ml","Esportes e Fitness","Suplementos e Shakers","935","140","Tier 2 — llevaría a 15.000 items"
"5310635308","Coqueteleira / Shaker Academia Bpa Free Triple Shaker - Cor Preto Com 2 Compartimentos: Para Pó E Para Cápsulas Ou Comprimidos - 500ml","Esportes e Fitness","Suplementos e Shakers","934","35","Tier 2 — llevaría a 15.000 items"
"3633720515","Yopro Bar 55g Display Com 12 Unidades Chocolate Nutrata","Esportes e Fitness","Suplementos e Shakers","932","98","Tier 2 — llevaría a 15.000 items"
"5414776600","Whey Protein Concentrado 1kg Sabor Natural 100% Puro Importado On / Optimum - Soldiers Nutrition","Esportes e Fitness","Suplementos e Shakers","927","150","Tier 2 — llevaría a 15.000 items"
"2633118312","Pote Termogênico Fire Black 60 Cáps Max Titanium Sem Sabor","Esportes e Fitness","Suplementos e Shakers","920","43","Tier 2 — llevaría a 15.000 items"
"3778603826","Termogênico Hell - Fórmula Exclusiva Contendo 7 Ingredientes Com Cafeína, L-carnitina, L-tirosina, Mct, Picolinato De Cromo E Vitaminas - 120 Cápsulas Sem Sabor","Esportes e Fitness","Suplementos e Shakers","915","55","Tier 2 — llevaría a 15.000 items"
"3981733487","Super Omega 3 Tg Essential Nutrition 240 Cápsulas Sabor Natural","Esportes e Fitness","Suplementos e Shakers","914","249","Tier 2 — llevaría a 15.000 items"
"3820055058","Complexo B Vegano, Apenas 1 Cápsula Ao Dia, Total 60 Cápsulas, Até 500% Idr, Bigens Neutro","Esportes e Fitness","Suplementos e Shakers","911","41","Tier 2 — llevaría a 15.000 items"
"3588303479","Coenzima Q10 100mg 60 Cápsulas Nutrify Sem Sabor","Esportes e Fitness","Suplementos e Shakers","910","64","Tier 2 — llevaría a 15.000 items"
"5691410586","Energy Gel Z2+ Double Expresso Box 10 Unidades Sachê 40g Double Expresso","Esportes e Fitness","Suplementos e Shakers","909","120","Tier 2 — llevaría a 15.000 items"
"5064668386","Glicina 100% Pura Suplemento Em Pó 500g Myódis Sem Sabor","Esportes e Fitness","Suplementos e Shakers","908","49","Tier 2 — llevaría a 15.000 items"
"3406774071","Pré Hormonal Testo Feminino 60 Cápsulas Sabor Sem Sabor","Esportes e Fitness","Suplementos e Shakers","907","29","Tier 2 — llevaría a 15.000 items"
"5285023056","Garrafa Galão De Água Dagg Tank 2l Squeze Academia De Treino Cor Preto","Esportes e Fitness","Suplementos e Shakers","898","26","Tier 2 — llevaría a 15.000 items"
"4160331257","Barra Whey Grego 40g Display Com 12 Unidades Morango Com Chantilly Nutrata","Esportes e Fitness","Suplementos e Shakers","893","62","Tier 2 — llevaría a 15.000 items"
"4223958809","Kit 2x Creatina Refil Ronnie Coleman 100% Pura 525g +shaker Sem Sabor","Esportes e Fitness","Suplementos e Shakers","889","79","Tier 2 — llevaría a 15.000 items"
"3999648183","Kit 3x Pre Treino Nuclear Rush Gel - 30 Sachês Bodyaction","Esportes e Fitness","Suplementos e Shakers","883","72","Tier 2 — llevaría a 15.000 items"
"2889260975","Arginina 100% Pura - Fórmula Exclusiva Para A Vasodilatação Dos Músculos Com 2328mg De Arginina Por Dose - 120 Cápsulas Sem Sabor","Esportes e Fitness","Suplementos e Shakers","882","50","Tier 2 — llevaría a 15.000 items"
"5342415190","Óleo De Semente De Abóbora 1000mg 60 Cápsulas Jm Suplementos Softgel Sem Sabor","Esportes e Fitness","Suplementos e Shakers","882","27","Tier 2 — llevaría a 15.000 items"
"3964518555","Pro3 Magnésio Dimalato & Quelato Pote Suplemento 60 Cáps Sem Sabor","Esportes e Fitness","Suplementos e Shakers","881","47","Tier 2 — llevaría a 15.000 items"
"5717204004","Prohibido Pré Treino 360g - Sabor: Bubble Gum - A Combinação Perfeita De 8 Ingredientes Que Proporcionam Energia Do Início Ao Fim Do Seu Treino","Esportes e Fitness","Suplementos e Shakers","878","72","Tier 2 — llevaría a 15.000 items"
"3258819762","Dux Melhor Whey Poten Concentrado Wey 100% Puro Ganhar Massa","Esportes e Fitness","Suplementos e Shakers","878","202","Tier 2 — llevaría a 15.000 items"
"5547208364","Pré Treino Beast Kaos 300g - Sabor Frutas Vermelhas - Extra Forte Com Citrulina, Beta Alanina, Cafeína, Arginina, Taurina E Tirosina","Esportes e Fitness","Suplementos e Shakers","873","63","Tier 2 — llevaría a 15.000 items"
"4498789171","Coqueteleira Shaker 700ml Academia Shaikeira Suplementos Whey Home Safe Home Preto","Esportes e Fitness","Suplementos e Shakers","871","20","Tier 2 — llevaría a 15.000 items"
"5534725352","Suplemento Em Pó Black Skull Whey Protein Massa Muscular Proteína De Whey 100% Hd Sabor Baunilha X 900g","Esportes e Fitness","Suplementos e Shakers","869","75","Tier 2 — llevaría a 15.000 items"
"3157014441","Creatina 100% Pura Monohidratada Com Matéria-prima Importada. - Fórmula Avançada Com 3g De Creatina Na Dose - 180 Cápsulas","Esportes e Fitness","Suplementos e Shakers","865","49","Tier 2 — llevaría a 15.000 items"
"5097288628","Creatina Monohidratada 250g Soldiers Nutrition 100% Pura Importada Performance Músculo Treino","Esportes e Fitness","Suplementos e Shakers","861","34","Tier 2 — llevaría a 15.000 items"
"3154201959","Coqueteleira Shake Squeeze Academia Divisórias E Mixer 500ml","Esportes e Fitness","Suplementos e Shakers","860","26","Tier 2 — llevaría a 15.000 items"
"6184425194","Tri Magnésio Quelato Dimalato Treonato 350mg 90 Cápsulas, Fórmula Avançada Tripla Ação, Alta Absorção  Forged Nutrition Sem Sabor","Esportes e Fitness","Suplementos e Shakers","858","140","Tier 2 — llevaría a 15.000 items"
"4046345705","Pasta De Amendoim Com Whey Protein 600g Dr. Peanut Sabor Bueníssimo Sem Glúten","Esportes e Fitness","Suplementos e Shakers","855","44","Tier 2 — llevaría a 15.000 items"
"5408874864","Suplemento Em Pó Creatina 300g Pura Black Skull Sem Sabor Potencialize Sua Força E Recuperacao Muscular","Esportes e Fitness","Suplementos e Shakers","852","34","Tier 2 — llevaría a 15.000 items"
"4043496307","Dilabol Pump Pré Treino Pote 300g Sabor Energético Diabo Verde - Ftw","Esportes e Fitness","Suplementos e Shakers","850","64","Tier 2 — llevaría a 15.000 items"
"5348543804","Pasta De Amendoim Dr. Peanut Sabor Cookies & Cream De 600g","Esportes e Fitness","Suplementos e Shakers","841","39","Tier 2 — llevaría a 15.000 items"
"5414840766","Whey Protein Concentrado 1kg Cookies Soldiers Nutrition Cookies And Cream","Esportes e Fitness","Suplementos e Shakers","835","150","Tier 2 — llevaría a 15.000 items"
"3908870841","Coqueteleira Academia Shaker Compartimentos Whey Suplementos","Esportes e Fitness","Suplementos e Shakers","830","35","Tier 2 — llevaría a 15.000 items"
"5708646712","Go! Energy Now Gel 10 Unidades De 30g Cada Atlhetica Nutrition Sabor Laranja Com Acerola Laranja C/ Acerola","Esportes e Fitness","Suplementos e Shakers","828","30","Tier 2 — llevaría a 15.000 items"
"5408609382","Complexo B - 60 Cápsulas Softgel - Fórmula Com Máxima Concentração E Biodisponibilidade Sem Sabor","Esportes e Fitness","Suplementos e Shakers","828","42","Tier 2 — llevaría a 15.000 items"
"5159053928","Termogenico Thermocaps 200mg 60caps Ftw - Diabo Verde Sem Sabor","Esportes e Fitness","Suplementos e Shakers","826","40","Tier 2 — llevaría a 15.000 items"
"5358503970","Pré-treino B.o.p.e. Black Skull Em Pó, 300g Sabor Frutas Amarelas","Esportes e Fitness","Suplementos e Shakers","823","34","Tier 2 — llevaría a 15.000 items"
"5764996888","Chumbinho Slug 5.5mm Cup 1,26g 19gr Premium 100un - Lfas","Esportes e Fitness","Tiro Esportivo","957","27","Tier 2 — llevaría a 15.000 items"
"5792260868","Chumbinho Slug 5,5mm 1,31g 20 Grains Caça 125 Pcs - Maxshot","Esportes e Fitness","Tiro Esportivo","929","30","Tier 2 — llevaría a 15.000 items"
"3104722148","Testeira Faixa Preta Unissex Tamanho Único Absorção Suor","Esportes e Fitness","Tênis, Paddle e Squash","1063","20","Tier 2 — llevaría a 15.000 items"
"3937973917","Kit 3 Bola De Tenis Profissional Jogo Bolinhas Tennis Verde Verde","Esportes e Fitness","Tênis, Paddle e Squash","1052","28","Tier 2 — llevaría a 15.000 items"
"5768916518","Par Munhequeira Atoalhada Pulso Tênis Basquete Squash Preta Preto Único Petalas Douradas 8cm","Esportes e Fitness","Tênis, Paddle e Squash","969","19","Tier 2 — llevaría a 15.000 items"
"4405197833","Kit 3 Bola De Tênis Bolinhas Tennis Profissional Treinamento Treino Competição Alta Durabilidade Bolas Para Quadra Saibro Piso Rápido Clubes Aulas Jogadores Iniciantes E Avançados Premium Verde","Esportes e Fitness","Tênis, Paddle e Squash","947","26","Tier 2 — llevaría a 15.000 items"
"5272770564","Overgrip Wilson Ultra Wrap Preto - Pack Com 3 Unidades","Esportes e Fitness","Tênis, Paddle e Squash","909","37","Tier 2 — llevaría a 15.000 items"
"2788145297","Camiseta Feminina Proteção Uv Academia Treino Caminhada","Esportes e Fitness","Tênis, Paddle e Squash","837","34","Tier 2 — llevaría a 15.000 items"
"3999874181","3 Faixas De Cabelo Suor Corrida Futebol Testeira Vôlei Tênis","Esportes e Fitness","Tênis, Paddle e Squash","832","20","Tier 2 — llevaría a 15.000 items"
"4477176977","Tênis Unissex Skatista Casual Academia Confortável Knu","Esportes e Fitness","Vôlei","1051","97","Tier 2 — llevaría a 15.000 items"
"3590367477","Bola De Vôlei Vp 5000 Amarelo E Roxo Penalty Amarelo/roxo","Esportes e Fitness","Vôlei","986","144","Tier 2 — llevaría a 15.000 items"
"5744437268","Bola De Vôlei Profissional Pro 2.0 Amarela Oficial Para Quadra E Praia - Alta Durabilidade E Precisão Amarelo","Esportes e Fitness","Vôlei","980","55","Tier 2 — llevaría a 15.000 items"
"4703308272","Bola De Vôlei De Quadra Mikasa V360w Fivb + Bomba De Ar Amarelo","Esportes e Fitness","Vôlei","878","186","Tier 2 — llevaría a 15.000 items"
"5444326444","Kit Manguito E Joelheira Para Volei Proteção Anti Impacto","Esportes e Fitness","Vôlei","835","37","Tier 2 — llevaría a 15.000 items"
"3451884095","Disco De Corte Brax Aço Inox 4 1/2 115mm A60t-bf Kit 50 Unidades","Ferramentas","Acessórios para Ferramentas","1083","49","Tier 2 — llevaría a 15.000 items"
"4264279079","Kit 3 Disco Flap De Desbaste Para Madeira Removedor De Tintas Fundos Vernizes Para Esmerilhadeira E Lixadeira 115mm Bradex Roxo","Ferramentas","Acessórios para Ferramentas","1065","35","Tier 2 — llevaría a 15.000 items"
"5491856964","Jogo De Brocas Furadeira Para Madeira Concreto Parafusadeira","Ferramentas","Acessórios para Ferramentas","1052","127","Tier 2 — llevaría a 15.000 items"
"3903690577","Bico De Ar Encher Pneu P/ Mangueira E Compressor Pino Engate","Ferramentas","Acessórios para Ferramentas","1051","23","Tier 2 — llevaría a 15.000 items"
"1570120973","Manta Asfáltica Auto Adesiva Aluminizada - 30cm X 10m","Ferramentas","Acessórios para Ferramentas","1041","52","Tier 2 — llevaría a 15.000 items"
"5509063558","Disco Corte Fino Inox 4.1/2 X 1,0 Esmerilhadeira 40 Peças The Black Tools Amarelo E Prata","Ferramentas","Acessórios para Ferramentas","1039","43","Tier 2 — llevaría a 15.000 items"
"4215818435","Kit 7 Brocas Excêntricas Serrilhada Multiuso Titânio 3 12mm","Ferramentas","Acessórios para Ferramentas","1028","55","Tier 2 — llevaría a 15.000 items"
"4473349481","Kit 10 Unidades Disco Corta Metal 115mm Esmerilhadeira Mfl","Ferramentas","Acessórios para Ferramentas","1025","20","Tier 2 — llevaría a 15.000 items"
"6393469860","Kit 6 Brocas Excêntrica Serrilhada Ponta Cruzada Tungstenio 6mm/6mm/6mm/8mm/10mm/12mm","Ferramentas","Acessórios para Ferramentas","1017","40","Tier 2 — llevaría a 15.000 items"
"3927983235","Kit Engate Rápido 1/4 Evotek Ferramentas Acessórios Compressor Ar","Ferramentas","Acessórios para Ferramentas","1011","66","Tier 2 — llevaría a 15.000 items"
"5351691476","Broca Cônica Diamantada M14 50mm Para Porcelanato Rebol","Ferramentas","Acessórios para Ferramentas","989","25","Tier 2 — llevaría a 15.000 items"
"1319390487","Arame Para Solda Mig Uso Sem Gás 0.8mm Rolo De 1 Kg","Ferramentas","Acessórios para Ferramentas","987","52","Tier 2 — llevaría a 15.000 items"
"4411997645","Óculos De Solda Para Soldador C/ Escurecimento Automático Preto","Ferramentas","Acessórios para Ferramentas","969","28","Tier 2 — llevaría a 15.000 items"
"4170356491","Kit 5 Discos De Corte Diamantados Porcelanato Turbo 105mm Cinza-escuro","Ferramentas","Acessórios para Ferramentas","967","45","Tier 2 — llevaría a 15.000 items"
"4181304777","Kit Jogo Brocas Com Estojo Ferro Concreto Madeira Videa Aço Estojo Com 16 Peças Smarter Tools","Ferramentas","Acessórios para Ferramentas","959","31","Tier 2 — llevaría a 15.000 items"
"4653126268","Máscara Solda 4k Auto Escurecimento Mak Solar + 4 Esquadros Cor Preto Liso","Ferramentas","Acessórios para Ferramentas","943","148","Tier 2 — llevaría a 15.000 items"
"6198465760","Alicate Desencapador Multifuncional Para Fios E Cabos","Ferramentas","Acessórios para Ferramentas","928","23","Tier 2 — llevaría a 15.000 items"
"3394551607","Kit 4 Esquadro Magnetico Solda 12 Kg Soldador Serralheiro Mfl","Ferramentas","Acessórios para Ferramentas","927","47","Tier 2 — llevaría a 15.000 items"
"5576067746","Mandril 1/2  1,5-13mm Com Adaptador Impacto Chave","Ferramentas","Acessórios para Ferramentas","925","30","Tier 2 — llevaría a 15.000 items"
"3688688519","Kit Com 10 Discos Flap De Desbaste Galzer Para Metal Grão 40 Azul","Ferramentas","Acessórios para Ferramentas","923","40","Tier 2 — llevaría a 15.000 items"
"4077560751","Jogo Ponteira Bits Ph2 Imantado Limitador Parafusar Drywall","Ferramentas","Acessórios para Ferramentas","923","19","Tier 2 — llevaría a 15.000 items"
"4533569916","Arame Para Solda Mig De 0,8mm Rolo Com 1kg Sem Gás Vonder Preto","Ferramentas","Acessórios para Ferramentas","919","36","Tier 2 — llevaría a 15.000 items"
"3547146038","Máscara Para Solda Com Regulagem Automática Msl-5000 Lynus Preto Liso","Ferramentas","Acessórios para Ferramentas","907","79","Tier 2 — llevaría a 15.000 items"
"4512708315","Suporte Para Lixadeira Furadeira + 20 Lixas Com Adaptador Vermelho/amarelo","Ferramentas","Acessórios para Ferramentas","899","34","Tier 2 — llevaría a 15.000 items"
"4514469671","Adaptador Serra Tico Tico Para Furadeira Parafusadeira","Ferramentas","Acessórios para Ferramentas","895","31","Tier 2 — llevaría a 15.000 items"
"5254737072","Arame Solda Mig 0,8 Mm 1kg Sem Gás Com Fluxo Lam-1 Lynus","Ferramentas","Acessórios para Ferramentas","892","38","Tier 2 — llevaría a 15.000 items"
"3670797157","Suporte De Boina Furadeira Lixadeira + 30 Discos Lixa 125mm Suporte Velcro / 30 Lixas","Ferramentas","Acessórios para Ferramentas","891","39","Tier 2 — llevaría a 15.000 items"
"4969128512","Galzer Sem Regulagem Fotosensível Preto Lisa Liso","Ferramentas","Acessórios para Ferramentas","873","51","Tier 2 — llevaría a 15.000 items"
"3925330229","Lupa De Luxo Com Lente De Aumento Zoom 10x 70mm Mf-70","Ferramentas","Acessórios para Ferramentas","871","19","Tier 2 — llevaría a 15.000 items"
"4118418489","Anel De Vedação Oring Jogo Estojo Borracha Kit 1200 Pçs Nbr","Ferramentas","Acessórios para Ferramentas","869","38","Tier 2 — llevaría a 15.000 items"
"3859633739","Ponta Bits Ph2 50mm + 70mm + 90mm Ponteira Magnética 6 Peças","Ferramentas","Acessórios para Ferramentas","869","27","Tier 2 — llevaría a 15.000 items"
"3855311021","Bits Magnético Ponteira Philips Parafusadeira Ph2 Kit 10 Und","Ferramentas","Acessórios para Ferramentas","869","30","Tier 2 — llevaría a 15.000 items"
"4626062838","Kit Com 9 Soquetes 5 A 13mm + Kit 10 Ponteiras Parafusadeira","Ferramentas","Acessórios para Ferramentas","869","29","Tier 2 — llevaría a 15.000 items"
"4907923916","Disco Corte Fino Inox 4.1/2 X 1,0 Para Esmerilhadeira 100 Peças Start Preto","Ferramentas","Acessórios para Ferramentas","853","120","Tier 2 — llevaría a 15.000 items"
"4039029885","Jogo 15 Bits Parafusadeira Soquete Canhão Sextavado Ponteira","Ferramentas","Acessórios para Ferramentas","850","58","Tier 2 — llevaría a 15.000 items"
"5842194892","Kit 10 Brocas Liga Quatro Lâminas Titanio Dura Universal","Ferramentas","Acessórios para Ferramentas","845","51","Tier 2 — llevaría a 15.000 items"
"4029329385","Kit 7 Disco Diamantado Lixar Polir Mármore Granito + Suporte","Ferramentas","Acessórios para Ferramentas","840","49","Tier 2 — llevaría a 15.000 items"
"5950761012","Kit 2 Abridores De Roscas Interna Externa Tubos Pvc 1/2 3/4","Ferramentas","Acessórios para Ferramentas","839","29","Tier 2 — llevaría a 15.000 items"
"4097413819","Bits Magnético Ponteira Philips Parafusadeira Ph2 Jogo 6 Pcs Imantado Antiderrapante Magnética Com Imã Sextavado Profissional 1/4 25mm 50mm 65mm 70mm 90mm 150mm Blueforce","Ferramentas","Acessórios para Ferramentas","839","31","Tier 2 — llevaría a 15.000 items"
"4299237901","Kit 5 Disco De Desbaste Para Esculpir Madeiras Profissional Kit 14","Ferramentas","Acessórios para Ferramentas","837","69","Tier 2 — llevaría a 15.000 items"
"4105757437","Jogo 3 Broca Escalonada Titanio 3-12 4-20 -32mm","Ferramentas","Acessórios para Ferramentas","833","32","Tier 2 — llevaría a 15.000 items"
"5890670240","Ponta Bits Ph2 50mm + 70mm + 90mm Ponteira Magnética 6 Peças Bradex","Ferramentas","Acessórios para Ferramentas","821","19","Tier 2 — llevaría a 15.000 items"
"3928705461","Kit De Ferramentas Eletricista Forte Durável Lona 14 Polegad 14 Polegadas","Ferramentas","Caixas e Organizadores","970","39","Tier 2 — llevaría a 15.000 items"
"4501167459","14 Polegada Bolsa De Ferramentas Forte Durvel Lona Engrossa Verde","Ferramentas","Caixas e Organizadores","963","38","Tier 2 — llevaría a 15.000 items"
"3739197877","Painel Ferramenta Porta Parafuso 20 Cx Organizador Gaveteiro","Ferramentas","Caixas e Organizadores","879","75","Tier 2 — llevaría a 15.000 items"
"3664955565","Maleta De Medicamentos 2,8 L Nitron  Ideal Para Primeiros Socorros, Com Alça Resistente, Design Médio E Compartimentos Internos Para Armazenar Remédios E Curativos Com Praticidade E Segurança","Ferramentas","Caixas e Organizadores","829","21","Tier 2 — llevaría a 15.000 items"
"4477204585","Chave De Impacto 21v Brushless Com 2 Baterias Sem Escova Verde 127/220v","Ferramentas","Ferramentas Elétricas","1091","222","Tier 2 — llevaría a 15.000 items"
"3939657639","Furadeira Parafusadeira De Impacto 2 Baterias 21v 3/8 Tb-21pkx Com Jogo De Soquetes 40 Peças The Black Tools Amarelo 50hz/60hz","Ferramentas","Ferramentas Elétricas","1069","220","Tier 2 — llevaría a 15.000 items"
"3944784681","Parafusadeira Furadeira Sem Fio Gradiente Gpb21vw Impacto 21v Maleta Cinza/preto 127/220v 60hz","Ferramentas","Ferramentas Elétricas","1069","171","Tier 2 — llevaría a 15.000 items"
"6517348818","Parafusadeira Furadeira Sparkbr 2 Baterias 21v + Maleta Com Acessórios Kit Completo Led Eixo Flexível 2 Níveis Velocidade Torque Amarelo 127/220v 50/60 Hz","Ferramentas","Ferramentas Elétricas","1062","121","Tier 2 — llevaría a 15.000 items"
"4198052833","Compressor Calibrador De Pneus Calibrador B&g Portátil Mini Digital Carro Bike Sem Fio Cor Preto Com Powerbank 127/220v 50w","Ferramentas","Ferramentas Elétricas","1060","61","Tier 2 — llevaría a 15.000 items"
"5117726760","Lavadora De Alta Pressão Lav 1600, 1.600 Lbf/pol² Vonder","Ferramentas","Ferramentas Elétricas","1060","408","Tier 2 — llevaría a 15.000 items"
"5563545772","Esmerilhadeira Angular Profissional Brushless 9000 Rpm 21v Com 02 Baterias E Acessórios The Black Tools Amarelo 127/220v 50/60hz","Ferramentas","Ferramentas Elétricas","1055","327","Tier 2 — llevaría a 15.000 items"
"6217700776","Lixadeira Orbital 350w Profissional Circular 125mm Velocidade Variável Com 16 Lixas E Auto Sucção Coletor De Pó Desoon 127v Preto","Ferramentas","Ferramentas Elétricas","1050","205","Tier 2 — llevaría a 15.000 items"
"4047844199","Adaptador Lâmina Oscilante Corte Esmerilhadeira Rebarbadora Prateado","Ferramentas","Ferramentas Elétricas","1048","41","Tier 2 — llevaría a 15.000 items"
"5530794098","Kit Ferro De Solda Profissional 60w Com Regulagem De Temperatura E Pontas 127v","Ferramentas","Ferramentas Elétricas","1045","35","Tier 2 — llevaría a 15.000 items"
"5439101548","Soldadora Inversora Portátil Mma 220v Maquina Solda 260a","Ferramentas","Ferramentas Elétricas","1040","243","Tier 2 — llevaría a 15.000 items"
"3938289048","Fita Malha Dessoldadora Cobre Dessolda Retrabalho Eletrônica 127/220v","Ferramentas","Ferramentas Elétricas","1037","18","Tier 2 — llevaría a 15.000 items"
"5791934282","Parafusadeira Furadeira De Impacto Profissional 21v Modelo Gpb21vx 2 Baterias Com Maleta Gpb21vx Gradiente Cinza/preto 127/220v 60hz","Ferramentas","Ferramentas Elétricas","1033","187","Tier 2 — llevaría a 15.000 items"
"4289001195","Afiador Corrente Motosserra 5 Cabeças Ferramentas Ajustavel","Ferramentas","Ferramentas Elétricas","1027","44","Tier 2 — llevaría a 15.000 items"
"4188228096","Soprador Térmico Vonder 2000w Stv200 3 Estágios + Acessórios Voltagem Amarelo 127v","Ferramentas","Ferramentas Elétricas","1022","179","Tier 2 — llevaría a 15.000 items"
"3765304439","Parafusadeira Furadeira Sem Fio Bateria 21v Duas Baterias Preto Amarelado 127/220v 60hz","Ferramentas","Ferramentas Elétricas","1019","137","Tier 2 — llevaría a 15.000 items"
"6289899844","Esmerilhadeira Lixadeira Angular 850w 50/60hz 110/220v 115mm Amarelo 220v 50hz/60hz","Ferramentas","Ferramentas Elétricas","1009","119","Tier 2 — llevaría a 15.000 items"
"3954384095","Compressor De Ar Digital Mini Portátil Sem Fio Digital Para Carro, Moto, Bicicleta E Bola Com Led Preto 127/220v 60 Hz Monofásica","Ferramentas","Ferramentas Elétricas","1006","65","Tier 2 — llevaría a 15.000 items"
"2808596068","Serra Circular Lith Lt8000 185mm 1400w 110v Para Madeira Amarelo/preto 127v","Ferramentas","Ferramentas Elétricas","1000","270","Tier 2 — llevaría a 15.000 items"
"5385219838","Esmerilhadeira Angular Sem Fio Ecosen 8000rpm 21v Bateria Lítio Azul Azul-celeste 127/220v 50hz/60hz","Ferramentas","Ferramentas Elétricas","986","241","Tier 2 — llevaría a 15.000 items"
"4755555056","Parafusadeira E Furadeira De Impacto Wap Wf 700fe Mandril De 3/8'' 700w Cinza E Amarela 127v 60 Hz","Ferramentas","Ferramentas Elétricas","983","126","Tier 2 — llevaría a 15.000 items"
"5846531240","Pistola Pintura Eletrica Pulverizador Tinta Paint Pro 127v","Ferramentas","Ferramentas Elétricas","982","135","Tier 2 — llevaría a 15.000 items"
"5113485526","Máquina Inversora De Solda Mma Mi150d 120a Com Eletrodo E Óculos The Black Tools Amarelo 220v","Ferramentas","Ferramentas Elétricas","980","293","Tier 2 — llevaría a 15.000 items"
"3546822459","Parafusadeira Furadeira De Impacto Profissional 21v 3/8 10mm Philco Ppf21mf Com Maleta E 74 Acessórios Cor Azul 127/220v 60 Hz","Ferramentas","Ferramentas Elétricas","980","300","Tier 2 — llevaría a 15.000 items"
"4791040280","Kit Parafusadeira E Furadeira A Bateria 12v Maleta + Brocas Azul 60hz 127/220v","Ferramentas","Ferramentas Elétricas","973","150","Tier 2 — llevaría a 15.000 items"
"5252581384","Pistola Pintura Gravidade Caneca 1000 Ml Rosca 1/4 Btpt1000 The Black Tools Prateado","Ferramentas","Ferramentas Elétricas","965","107","Tier 2 — llevaría a 15.000 items"
"5004243762","Tupia Manual Laminadora + Jogo Fresas 15pçs Corte Madeira","Ferramentas","Ferramentas Elétricas","964","187","Tier 2 — llevaría a 15.000 items"
"4081148590","Pistola De Pintura Hvlp Deko Portátil 800ml 3 Bicos 550w Preto 127v","Ferramentas","Ferramentas Elétricas","952","256","Tier 2 — llevaría a 15.000 items"
"5761501496","Esmerilhadeira Lixadeira Portátil 18v Profissional Bivolt Amarelo E Preto 127/220v","Ferramentas","Ferramentas Elétricas","952","129","Tier 2 — llevaría a 15.000 items"
"4475085647","Máquina De Solda Mig 200a Bivolt Mma Eletrodo Tig Lift Smart Preto 127/220v","Ferramentas","Ferramentas Elétricas","950","480","Tier 2 — llevaría a 15.000 items"
"4060986983","Serra Mármore Concreto Profissional 4.3/8 110mm 1240w Fasterr Tools Fst056","Ferramentas","Ferramentas Elétricas","946","188","Tier 2 — llevaría a 15.000 items"
"5310019714","Soprador Termico 1500w Gamma G1935/br1 Cor Azul","Ferramentas","Ferramentas Elétricas","943","113","Tier 2 — llevaría a 15.000 items"
"6553247424","Pistola Pulverizador Tinta Portatil 21v Duas Baterias 800w Amarelo 127/220v","Ferramentas","Ferramentas Elétricas","943","220","Tier 2 — llevaría a 15.000 items"
"5498847180","Pulverizador Pistola Pintura Elétrica 550w 3 Bicos Tssaper Cor Azul-petróleo 127v","Ferramentas","Ferramentas Elétricas","943","232","Tier 2 — llevaría a 15.000 items"
"3420494567","Lavadora De Alta Pressão Master 42545 Jato Regulável 1500psi Com 1200w Amarelo E Preto Tramontina 127v 50 Hz/60 Hz","Ferramentas","Ferramentas Elétricas","941","322","Tier 2 — llevaría a 15.000 items"
"4461780803","Parafusadeira Elétrica 48v Sem Fio 2 Bateria E 28 Acessorios Amarelo 110v/220v 50hz/60hz","Ferramentas","Ferramentas Elétricas","931","116","Tier 2 — llevaría a 15.000 items"
"5844782244","Máquina De Solda Inversora Mig 130a Sem Gás 220v Im130a Black Mig Cor Preto/amarelo Frequência 50hz/60hz The Black Tools","Ferramentas","Ferramentas Elétricas","926","403","Tier 2 — llevaría a 15.000 items"
"6217712896","Lixadeira Orbital 350w Profissional Circular 125mm Velocidade Variável Com 16 Lixas E Auto Sucção Coletor De Pó Desoon 220v Preto","Ferramentas","Ferramentas Elétricas","922","204","Tier 2 — llevaría a 15.000 items"
"4393451831","Lavadora De Alta Pressão Wap Ousada Black 2200 Potência De 1500w 1750psi Preto/amarelo 127v 60 Hz","Ferramentas","Ferramentas Elétricas","922","442","Tier 2 — llevaría a 15.000 items"
"3873387473","Esmerilhadeira Angular 4.1/2 850 Watts M9510b Makita Azul-turquesa 220v 50 Hz/60 Hz","Ferramentas","Ferramentas Elétricas","920","314","Tier 2 — llevaría a 15.000 items"
"5829996294","Parafusadeira Furadeira Impacto Sem Fio 21v 2 Bateria 2.000mah Bivolt Kit Chave Completo Com Maleta Brocas Chaves Mestri M-150 Amarelo 24v 60 Hz","Ferramentas","Ferramentas Elétricas","917","150","Tier 2 — llevaría a 15.000 items"
"5933589484","Máquina De Solda Inversora Elétrica Portátil Start Black Arc 120a Mma Eletrodo Tig Amarelo 220v","Ferramentas","Ferramentas Elétricas","910","204","Tier 2 — llevaría a 15.000 items"
"5068570118","Pistola Lavadora De Alta Pressão C/ 2 Baterias Recarregavel Preto 127/220v 50hz","Ferramentas","Ferramentas Elétricas","907","110","Tier 2 — llevaría a 15.000 items"
"4353089679","Lavadora Alta Pressão 1400w Lav 1600 Vonder 220v Amarelo 60hz","Ferramentas","Ferramentas Elétricas","900","348","Tier 2 — llevaría a 15.000 items"
"5060228384","Pistola De Pintura Pulverizar Tinta 750w C/ Bico De Metal","Ferramentas","Ferramentas Elétricas","889","206","Tier 2 — llevaría a 15.000 items"
"3057440812","Serra Circular Elétrica Lith Lt8000 185mm 1400w 220v Corte Preciso Amarelo/preto","Ferramentas","Ferramentas Elétricas","885","282","Tier 2 — llevaría a 15.000 items"
"2001003587","Econ Lavadora De Alta Pressão 1200w 1500 Psi Tramontina Cor Amarelo 220v 50 Hz/60 Hz","Ferramentas","Ferramentas Elétricas","884","323","Tier 2 — llevaría a 15.000 items"
"4700283122","Esmerilhadeira Lixadeira Angular 880w 115mm 11000rpm","Ferramentas","Ferramentas Elétricas","866","137","Tier 2 — llevaría a 15.000 items"
"4713818452","Serra Circular Philco Force 1500w 5500rpm Psc01 220v Azul-celeste","Ferramentas","Ferramentas Elétricas","866","339","Tier 2 — llevaría a 15.000 items"
"5525826072","Kit Chave De Precisão Eletrica Fenda Parafusadeira 68 Em 1 Cinza-escuro","Ferramentas","Ferramentas Elétricas","866","129","Tier 2 — llevaría a 15.000 items"
"6582382804","Maquina Assentar Piso Porcelanato Sem Fio Vibratória Ventosa 2 Baterias 48v Bolsa Transporte","Ferramentas","Ferramentas Elétricas","861","211","Tier 2 — llevaría a 15.000 items"
"6204072570","Chave De Impacto 320nm Com 2 Baterias Sem Escova Preto 48v","Ferramentas","Ferramentas Elétricas","861","251","Tier 2 — llevaría a 15.000 items"
"4084759577","Lavadora De Alta Pressão Vonder Leve Lav 1300 90bar - Cor Amarelo-preto Frequência 60 Hz 127v","Ferramentas","Ferramentas Elétricas","853","303","Tier 2 — llevaría a 15.000 items"
"3994848436","Furadeira De Impacto 3/8 Pol. 10mm 550w + Kit 300 Peças","Ferramentas","Ferramentas Elétricas","849","176","Tier 2 — llevaría a 15.000 items"
"6279425146","Misturador Elétrico De Argamassa E Tinta Hm120 - Cortag 220v","Ferramentas","Ferramentas Elétricas","845","298","Tier 2 — llevaría a 15.000 items"
"4491468443","Pistola De Pintura Profissional Gravidade 1.4mm 600ml Automotiva Alto Volume Baixa Pressão Hvlp Premium Lecom Amarelo","Ferramentas","Ferramentas Elétricas","843","75","Tier 2 — llevaría a 15.000 items"
"3950912265","Pistola Pintura Sucção 1000ml 3 Bicos 1.2 1.5 1.8 Btpt1100 Profissional The Black Tools Prateado","Ferramentas","Ferramentas Elétricas","840","96","Tier 2 — llevaría a 15.000 items"
"5937837244","Yolo Pulverizador Tinta 550w 1l - Pistola Elétrica","Ferramentas","Ferramentas Elétricas","830","159","Tier 2 — llevaría a 15.000 items"
"3748562941","Lavadora De Alta Pressão C/ Jato Vap Regulável Hlx1600 Tekna Cor Amarelo Frequência 60hz 127v","Ferramentas","Ferramentas Elétricas","828","291","Tier 2 — llevaría a 15.000 items"
"6034503430","Pistola De Pintura 450w Profissional Elétrica Pulverizadora 800ml Regulações De Spray Prevenção De Refluxo Para Projetos De Renovação Doméstica 110v Marca Colpaq","Ferramentas","Ferramentas Elétricas","821","144","Tier 2 — llevaría a 15.000 items"
"5433775144","5m Mangueira Para Lavadora Alta Pressão Wap Ousada Plus 2200 Preto","Ferramentas","Ferramentas Industriais","1053","65","Tier 2 — llevaría a 15.000 items"
"3828748149","Cinta Catraca 9m X 5cm Laranja 3 Toneladas Para Amarração De Cargas Gancho J S-forte","Ferramentas","Ferramentas Manuais","1098","35","Tier 2 — llevaría a 15.000 items"
"2889126707","Jogo Soquetes 12 Peças 10 A 22mm Kit De Ferramentas Completo Cinza","Ferramentas","Ferramentas Manuais","1093","38","Tier 2 — llevaría a 15.000 items"
"4076938427","Maçarico Lança Chama Maxchama Portátil Turbo Controle Manual Aço","Ferramentas","Ferramentas Manuais","1081","35","Tier 2 — llevaría a 15.000 items"
"5781551164","2 Adesivo Silicone Selante Pu40 Uso Geral + Aplicador","Ferramentas","Ferramentas Manuais","1077","42","Tier 2 — llevaría a 15.000 items"
"3832195117","Kit Jogo De Ferramentas Marca Quicko Profissional 46 Peças Chave Fenda Philips Soquete 1/4 Em Aço Crv Resistente Completo Para Manutenção Carro Moto Casa Vermelho","Ferramentas","Ferramentas Manuais","1071","30","Tier 2 — llevaría a 15.000 items"
"3621373075","Kit 4 Jogos Cinta Catraca Amarração Carga 800kg 4,6 Metros","Ferramentas","Ferramentas Manuais","1070","74","Tier 2 — llevaría a 15.000 items"
"5713493724","Ventosa Sucção Vácuo Desamassar Puxador Vidro Porcelanato Marmore Cietec","Ferramentas","Ferramentas Manuais","1067","62","Tier 2 — llevaría a 15.000 items"
"4172472501","Kit 12 Chaves Combinadas Boca Estrela Aço Carbono 6 A 22 Mm S Siqueira Cromado","Ferramentas","Ferramentas Manuais","1063","44","Tier 2 — llevaría a 15.000 items"
"4568676375","Kit Chaves Ferramentas Jogo Fenda Philips Catraca Soquete Allen 46 Peças Com Maleta Completa Manual Ideal Mecânico Manutenção Casa Carro Profissional Resistente Portátil Compacto Quicko Vermelho","Ferramentas","Ferramentas Manuais","1050","29","Tier 2 — llevaría a 15.000 items"
"6564478860","Kit Jogo De Ferramentas 58 Peças Completo Profissional Soquete 46 Peças + Chave Combinada 12 Peças Conserto Carro Moto... Vermelho","Ferramentas","Ferramentas Manuais","1043","88","Tier 2 — llevaría a 15.000 items"
"5375120154","Kit 2 Cinta Catraca 800kg Amarração Carga Moto Carreto 3 Mts","Ferramentas","Ferramentas Manuais","1038","40","Tier 2 — llevaría a 15.000 items"
"4432619091","Kit De Jogo De Chave De Fenda E Philips 6 Peças Profissional","Ferramentas","Ferramentas Manuais","1034","26","Tier 2 — llevaría a 15.000 items"
"2901698465","Espaçador Nivelador Para Porcelanato Piso 500 Peças - Cortag","Ferramentas","Ferramentas Manuais","1033","97","Tier 2 — llevaría a 15.000 items"
"6298191644","Tramontina 1001108 Alicate Universal 8  1000v Color Amarelo","Ferramentas","Ferramentas Manuais","1031","35","Tier 2 — llevaría a 15.000 items"
"6243631000","Kit Martelo Unha 25mm Cabeça Aço + 25 Pregos Com Cabo De Fibra Emborrachado Profissional Carpinteiro Marceneiro - Marca Well Tools","Ferramentas","Ferramentas Manuais","1030","23","Tier 2 — llevaría a 15.000 items"
"4427061625","Jogo Escovas De Aço Circular C/ Haste Kit 6 Peças Para Furadeira Parafusadeira Com Haste - Ideal Para Limpeza De Grelha E Peças Metálicas, Remoção De Ferrugem, Polimento E Acabamento","Ferramentas","Ferramentas Manuais","1030","27","Tier 2 — llevaría a 15.000 items"
"3820477793","Catraca Com Cinta 3 Toneladas Amarração De Carga 9 Metros Com Gancho J Alta Resistência Segurança Reforçada Fixação Firme Ideal Para Caminhão Carreta Reboque Transporte Pesado Uso Profissional Laranja","Ferramentas","Ferramentas Manuais","1028","34","Tier 2 — llevaría a 15.000 items"
"3855893231","Kit 3 Alicates Universal Bico Corte P/ Artesanato Bijuteria","Ferramentas","Ferramentas Manuais","1021","23","Tier 2 — llevaría a 15.000 items"
"6267510522","Martelo Unha Cabeça Aço 400g Cabo Emborrachado Carpinteiro","Ferramentas","Ferramentas Manuais","1017","24","Tier 2 — llevaría a 15.000 items"
"4070332651","50 Unid Disco De Lixas Velcro 125mm 8 Furos - Varios Grãos","Ferramentas","Ferramentas Manuais","1016","37","Tier 2 — llevaría a 15.000 items"
"6223417164","Jogo De Ferramentas 40 Pçs Bit Torx Allen Multidentado Crv Vermelho","Ferramentas","Ferramentas Manuais","1002","49","Tier 2 — llevaría a 15.000 items"
"5706408660","Alicate Para Anéis Interno E Externo Bico Curvo E Reto 04 Pc","Ferramentas","Ferramentas Manuais","1000","45","Tier 2 — llevaría a 15.000 items"
"3840962829","Espaçador 1,5mm Nivelador De Piso Porcelanato Cortag 500 Pçs","Ferramentas","Ferramentas Manuais","996","72","Tier 2 — llevaría a 15.000 items"
"3521913475","Jogo 5 Removedor Extrator De Parafusos Quebrados Espanados Mfl","Ferramentas","Ferramentas Manuais","995","19","Tier 2 — llevaría a 15.000 items"
"4008192187","Espátula Rejunte Raspador Removedor Calafetagem Silicone Unidade Silicone Arga Massa","Ferramentas","Ferramentas Manuais","992","20","Tier 2 — llevaría a 15.000 items"
"2718535409","1000 Espaçadores / Nivelador Slim + 100 Cunhas Slim Cortag","Ferramentas","Ferramentas Manuais","991","107","Tier 2 — llevaría a 15.000 items"
"1867836343","Alicate Pressão 10'' Gedore Red","Ferramentas","Ferramentas Manuais","988","57","Tier 2 — llevaría a 15.000 items"
"6663443672","10x Jogo Chave Canhão Soquete Sextavada Longa 1/2 8-24mm Preto","Ferramentas","Ferramentas Manuais","988","35","Tier 2 — llevaría a 15.000 items"
"5958596878","Kit 2 Cinta P/ Carga Catraca Automatica Retrátil 680kg Nevvo Verde","Ferramentas","Ferramentas Manuais","983","177","Tier 2 — llevaría a 15.000 items"
"3506497645","Jogo De Espátulas De Nylon Automotivas Com 9 Peças Para Som","Ferramentas","Ferramentas Manuais","981","24","Tier 2 — llevaría a 15.000 items"
"6058922642","Conjunto 1/2 De Chaves De Catraca Reversível 12 Peças 8-24mm Vermelho","Ferramentas","Ferramentas Manuais","975","40","Tier 2 — llevaría a 15.000 items"
"4189056081","Jogo De Estilete Profissional Com Trava 12 Lâminas 18mm Embo Vonder Es 218","Ferramentas","Ferramentas Manuais","971","20","Tier 2 — llevaría a 15.000 items"
"5504075202","Rebitadeira Alicate Rebitador Profissional Cm 4 Bicos Vonder","Ferramentas","Ferramentas Manuais","970","29","Tier 2 — llevaría a 15.000 items"
"6177751544","Alicate Pressão 10 Bico Curvo Reto - Ferramenta Profissional Para Crimpagem E Reparos Aço Carbono Regulável","Ferramentas","Ferramentas Manuais","965","38","Tier 2 — llevaría a 15.000 items"
"3832195117","Kit Jogo De Ferramentas Marca Quicko Profissional 46 Peças Completa Chave Catraca Fenda Philips Soquete 1/4 Em Aço Crv Resistente Completo Para Manutenção Carro Moto Casa Vermelho","Ferramentas","Ferramentas Manuais","962","26","Tier 2 — llevaría a 15.000 items"
"4422167491","Kit Maçarico Culinário Profissional + 4 Refil Gás Ntk Branco","Ferramentas","Ferramentas Manuais","952","53","Tier 2 — llevaría a 15.000 items"
"2873499552","Jogo De Chave Catraca Canhão Cachimbo Com 40 Peças Soquetes","Ferramentas","Ferramentas Manuais","940","39","Tier 2 — llevaría a 15.000 items"
"5640831210","Jogo Chaves Combinadas Gedore Robust S09105012 06-22mm 12 Peças Cromado","Ferramentas","Ferramentas Manuais","939","98","Tier 2 — llevaría a 15.000 items"
"6245515294","Jogo De Macho Roscas Tarraxa Eletroduto M3 A M12 Abrir 8 Pçs Prateado","Ferramentas","Ferramentas Manuais","938","24","Tier 2 — llevaría a 15.000 items"
"2174834666","Nivelador Espaçador Reutilizável Pisos Porcelanato 100un","Ferramentas","Ferramentas Manuais","935","60","Tier 2 — llevaría a 15.000 items"
"4512319387","Alicate Crimpar Prensa Terminais 800 Ilhós Tubular W&g","Ferramentas","Ferramentas Manuais","932","44","Tier 2 — llevaría a 15.000 items"
"4325017609","Kit Chaves Ferramentas Jogo Fenda Philips Catraca Soquete Allen 46 Peças Com Maleta Completa Manual Ideal Mecânico Manutenção Casa Carro Profissional Resistente Portátil Compacto Quicko Vermelho","Ferramentas","Ferramentas Manuais","930","27","Tier 2 — llevaría a 15.000 items"
"3917646325","Jogo 100 Peças Chaves De Fenda/ Phillips E Bits Fortg Pro Fortgpro-fg8193","Ferramentas","Ferramentas Manuais","928","165","Tier 2 — llevaría a 15.000 items"
"6289502732","Kit Alicate Crimpar Descascador 1200 Terminais Ilhós Tubular","Ferramentas","Ferramentas Manuais","927","79","Tier 2 — llevaría a 15.000 items"
"3827395919","Cortador De Vidro E Espelho Profissional Diamante Sd Tools","Ferramentas","Ferramentas Manuais","919","21","Tier 2 — llevaría a 15.000 items"
"6231202496","Kit 4 Cintas Catraca 4m 800kg Poliéster Trançado Ultra Resistente Gancho Emborrachado Transporte Seguro Cargas Caminhão Mudança Moto Laranja","Ferramentas","Ferramentas Manuais","916","51","Tier 2 — llevaría a 15.000 items"
"4784383156","Kit 10 Disco Lixa + Suporte Velcro Furadeira Lixadeira 125mm","Ferramentas","Ferramentas Manuais","891","29","Tier 2 — llevaría a 15.000 items"
"5695047712","Grampeador Tapeceiro Madeira Estofado Profissional Tapeçaria Alta Pressão Com 1000 Grampos","Ferramentas","Ferramentas Manuais","887","48","Tier 2 — llevaría a 15.000 items"
"5315972866","Jogo Soquete Longo Sextavado Impacto 1/2 8 A 32 Mm 15pcs Azul-petróleo","Ferramentas","Ferramentas Manuais","884","83","Tier 2 — llevaría a 15.000 items"
"4121001959","Martelo Manual Unha Mfl Martelo Unha 340g","Ferramentas","Ferramentas Manuais","882","20","Tier 2 — llevaría a 15.000 items"
"4233801865","Jogo De Soquete Aco Crv 1/4 Catraca Chave Allen C/ Maleta 46 Vermelho","Ferramentas","Ferramentas Manuais","873","28","Tier 2 — llevaría a 15.000 items"
"5380937794","Alicate Eletricista Corta Tudo Descasca Crimpa 8 Polegadas","Ferramentas","Ferramentas Manuais","872","40","Tier 2 — llevaría a 15.000 items"
"4244298147","Kit Jogo De Soquetes 1/2 Polegadas Com Maleta Completo Cromado","Ferramentas","Ferramentas Manuais","869","155","Tier 2 — llevaría a 15.000 items"
"6131118284","Jogo Chaves Combinadas Gedore Robust S09105012 06-22mm 12 Peças Cromado","Ferramentas","Ferramentas Manuais","863","98","Tier 2 — llevaría a 15.000 items"
"6288710534","Chave Hidráulica De Instalação Torneira Pia Ferramenta 8em1 Vermelho","Ferramentas","Ferramentas Manuais","860","19","Tier 2 — llevaría a 15.000 items"
"4094234663","Jogo De Ferramentas 40 Pçs Bit Crv Torx Allen Multidentado Vermelho","Ferramentas","Ferramentas Manuais","856","51","Tier 2 — llevaría a 15.000 items"
"4292017685","Kit 12 Jogo Chaves Isoladas Imã Fenda E Phillips Eletricista","Ferramentas","Ferramentas Manuais","853","49","Tier 2 — llevaría a 15.000 items"
"3711850501","Kit Chave Inglesa Alicate Bomba Grifo Alicate Pressão Prateado.","Ferramentas","Ferramentas Manuais","848","100","Tier 2 — llevaría a 15.000 items"
"5858224168","Rebitador Sulforce Manual Rebitadeira Tipo Alicate 4 Bicos + 100 Rebites Alta Resistência Uso Profissional Ideal Para Metal Alumínio Reparos Oficina Construção Fácil Manuseio","Ferramentas","Ferramentas Manuais","847","38","Tier 2 — llevaría a 15.000 items"
"4480995835","Kit 3 Escovas Mini Aço Nylon Latão Para Oficinas Limpeza Detalhe Remoção De Sujeiras","Ferramentas","Ferramentas Manuais","838","19","Tier 2 — llevaría a 15.000 items"
"1350449553","Kit Jogo De Chave Combinada  6 A 22 Mm 12 Peças Prateado","Ferramentas","Ferramentas Manuais","834","61","Tier 2 — llevaría a 15.000 items"
"4487187700","Alicate Vazador 9pol Furador Couro Eva Cinto Chinelo 6 Furos","Ferramentas","Ferramentas Manuais","829","27","Tier 2 — llevaría a 15.000 items"
"5020868798","Pinador Pneumático Para Pinos De 10 À 50mm Pf Mtx 574109","Ferramentas","Ferramentas Pneumáticas","1062","183","Tier 2 — llevaría a 15.000 items"
"5535264252","Kit Aerógrafo Recarregável Mini Compressor Portátil Sem Fio Preto","Ferramentas","Ferramentas Pneumáticas","1050","69","Tier 2 — llevaría a 15.000 items"
"4296824805","Kit Compressor Aerógrafo Sem Fio Portátil Usb Recarregável Preto","Ferramentas","Ferramentas Pneumáticas","987","68","Tier 2 — llevaría a 15.000 items"
"3399471171","Kit Completo Aerografia Mini Compressor Ar + Aerógrafo 0,3mm","Ferramentas","Ferramentas Pneumáticas","838","250","Tier 2 — llevaría a 15.000 items"
"5729663690","Soprador De Folhas Elétrico Turbo Portátil 21v Potente Amarelo 127/220v","Ferramentas","Ferramentas para Jardim","1097","130","Tier 2 — llevaría a 15.000 items"
"6500794772","Pulverizador Borrifador Melfi Manual Pressão 2 Litros Profissional","Ferramentas","Ferramentas para Jardim","1026","24","Tier 2 — llevaría a 15.000 items"
"3449265717","Carretel Completo Para Aparador De Grama Tramontina Cor Preto Com 1 Fio De Nylon","Ferramentas","Ferramentas para Jardim","991","30","Tier 2 — llevaría a 15.000 items"
"3918391321","Pulverizador Manual Borrifador Spray Alta Pressão 2 Litros Branco","Ferramentas","Ferramentas para Jardim","962","56","Tier 2 — llevaría a 15.000 items"
"5108397862","Lâmina Disco Serra 40 Dentes Para Roçadeira Universal","Ferramentas","Ferramentas para Jardim","893","32","Tier 2 — llevaría a 15.000 items"
"5780882690","Pulverizador Borrifador Manual Pressão 2 Litros Profissional Verde","Ferramentas","Ferramentas para Jardim","879","30","Tier 2 — llevaría a 15.000 items"
"6205719456","Pulverizador Manual De Compressão Prévia 1,2 Litros Guarany Cor Branco","Ferramentas","Ferramentas para Jardim","874","71","Tier 2 — llevaría a 15.000 items"
"5765225224","Soprador Turbo Jet  De 130000 Rpm 200w Preto 127/220v","Ferramentas","Ferramentas para Jardim","873","60","Tier 2 — llevaría a 15.000 items"
"5235271694","Soprador De Folhas A Bateria Aspirador Elétrico Com Saco Coletor Tcb21b The Black Tools Amarelo E Preto 127/220v","Ferramentas","Ferramentas para Jardim","872","198","Tier 2 — llevaría a 15.000 items"
"6652803884","Soprador Turbo Jet De 130000 Rpm 200w Preto 127/220v","Ferramentas","Ferramentas para Jardim","835","59","Tier 2 — llevaría a 15.000 items"
"6616096890","Mini Motosserra Elétrica Portátil 6 Pol. Duas Baterias 1800w Azul-celeste 127/220v","Ferramentas","Ferramentas para Jardim","832","143","Tier 2 — llevaría a 15.000 items"
"5830118924","Carretel Nylon Automático Roçadeira Carga Fácil Universal Laranja","Ferramentas","Ferramentas para Jardim","823","33","Tier 2 — llevaría a 15.000 items"
"6236835164","Fita Métrica Trena Corporal Antropométrica Retrátil 1.5m Fitness Medidas Corporais","Ferramentas","Medições e Instrumentação","1028","19","Tier 2 — llevaría a 15.000 items"
"2170845247","Medidor De Ph Digital Águas Doces Salgadas Aquários Piscinas","Ferramentas","Medições e Instrumentação","1017","39","Tier 2 — llevaría a 15.000 items"
"4100200935","Fita Metrica Corporal Automatica Trena Medida Costura Corpo","Ferramentas","Medições e Instrumentação","1013","21","Tier 2 — llevaría a 15.000 items"
"6211339110","Calibrador Pressão Pneu 150 Libras Caminhão Carro Carreta","Ferramentas","Medições e Instrumentação","1007","38","Tier 2 — llevaría a 15.000 items"
"4561387759","Trena 10 Metros Fita Métrica Profissional Fluorescente Aço Com Trava Retrátil Automática Autotrava 25mm Marca Fortner","Ferramentas","Medições e Instrumentação","981","31","Tier 2 — llevaría a 15.000 items"
"3975094993","Papel Indicador De Ph 0-14 Caixa - C/150 Fitas -","Ferramentas","Medições e Instrumentação","976","30","Tier 2 — llevaría a 15.000 items"
"2923766064","Multimetro Digital + Caneta Tensão +alicate Amperimetro Kit ","Ferramentas","Medições e Instrumentação","971","64","Tier 2 — llevaría a 15.000 items"
"4352546561","Caneta Teste Voltagem 6/12/24v: Chave Teste Fusível Carro Vermelho","Ferramentas","Medições e Instrumentação","938","28","Tier 2 — llevaría a 15.000 items"
"5762229724","Trena Emborrachada 10 Metros Profissional 25mm 10m Aço Com Trava","Ferramentas","Medições e Instrumentação","917","25","Tier 2 — llevaría a 15.000 items"
"6099530184","Caneta Detectora De Energia Elétrica Teste Tensão Sonora Bip Lanterna Led Luz Fios Tomadas Tsaleach Active Preto","Ferramentas","Medições e Instrumentação","870","19","Tier 2 — llevaría a 15.000 items"
"4066529382","Teste Fácil Identificador De Tomadas 110 Ou 220v","Ferramentas","Medições e Instrumentação","869","21","Tier 2 — llevaría a 15.000 items"
"3888767561","Multímetro Capacímetro Digital Portátil Completo Display Lcd","Ferramentas","Medições e Instrumentação","868","32","Tier 2 — llevaría a 15.000 items"
"3876931035","Filtro Eliminador De Água E Óleo Com Regulador Pressão 1/4 150 Psi Evotek Ferramentas","Ferramentas","Medições e Instrumentação","867","46","Tier 2 — llevaría a 15.000 items"
"6219905230","Multímetro Digital Com Iluminação Bip Profissional Portátil","Ferramentas","Medições e Instrumentação","864","29","Tier 2 — llevaría a 15.000 items"
"4004536101","Nível Laser 12 Linhas + Tripé + Maleta Controle 2 Baterias","Ferramentas","Medições e Instrumentação","858","268","Tier 2 — llevaría a 15.000 items"
"5836182356","Multímetro Digital Profissional Multifunções Com Beep E Iluminação Display Lcd Elétrica E Eletrônica Alta Precisão Para Medir Voltagem Corrente Resistência E Continuidade Several Importados","Ferramentas","Medições e Instrumentação","854","33","Tier 2 — llevaría a 15.000 items"
"6687947014","Termômetro Infravermelho Sem Contato Digital Medição Rápida Alta Precisão Display Lcd Memória Alarme Sensor Davely","Ferramentas","Medições e Instrumentação","852","30","Tier 2 — llevaría a 15.000 items"
"4349551769","Trena 10m Fita Métrica Fluorescente Profissional Aço Com Trava Automática Autotrava 25mm Marca Colpaq","Ferramentas","Medições e Instrumentação","851","31","Tier 2 — llevaría a 15.000 items"
"3207957135","Controlador Temperatura Digital Chocadeira Aquário Freezer","Ferramentas","Medições e Instrumentação","842","30","Tier 2 — llevaría a 15.000 items"
"5070636880","Paquímetro Digital 150mm Fibra Carbono Estojo 2 Baterias","Ferramentas","Medições e Instrumentação","830","38","Tier 2 — llevaría a 15.000 items"
"5954988006","Nível A Laser Profissional 3d Autonivelante 2 Linhas Bateria","Ferramentas","Medições e Instrumentação","829","108","Tier 2 — llevaría a 15.000 items"
"5576270124","Kit 2 Trena 10m Retrátil Skyartes Aço Carbono C/ Trava E Revestimento Fluorescente","Ferramentas","Medições e Instrumentação","824","47","Tier 2 — llevaría a 15.000 items"
"1940437395","Multimetro Digital Profissional C/ Capacímetro Bateria","Ferramentas","Medições e Instrumentação","821","35","Tier 2 — llevaría a 15.000 items"
"4788356186","Kit Óculos Coloridos 50un Divertido Festa Balada Sortidos","Festas e Lembrancinhas","Artigos para Festas","998","46","Tier 2 — llevaría a 15.000 items"
"3143487894","Kit 50 Tubete 13cm Várias Cores Lembrancinha Festa Full","Festas e Lembrancinhas","Decoração de Festa","1059","34","Tier 2 — llevaría a 15.000 items"
"1543235781","Vareta Pega Balão 30 Cm - 100 Un - Cor A Escolher","Festas e Lembrancinhas","Decoração de Festa","1059","27","Tier 2 — llevaría a 15.000 items"
"5830099564","Inflador Balões Máquina Encher Bexiga Bomba Elétrica 2 Bicos Compressor Balão Festa Profissional Cuphead 110v 127v","Festas e Lembrancinhas","Decoração de Festa","1042","67","Tier 2 — llevaría a 15.000 items"
"6068245128","Kit 50 Balões Bubble Transparentes Redfin De 24  (60cm) Para Festas E Decoração Transparente","Festas e Lembrancinhas","Decoração de Festa","1041","43","Tier 2 — llevaría a 15.000 items"
"6185166098","Kit 2 Suporte Balão 70cm Com Led 7 Hastes Decoração Festa Incolor","Festas e Lembrancinhas","Decoração de Festa","1041","33","Tier 2 — llevaría a 15.000 items"
"4529596057","Kit Balão Feliz Aniversário 26 Peças Decoração Festa Letreiro Prata E Cortina Bexigas Azul","Festas e Lembrancinhas","Decoração de Festa","1012","37","Tier 2 — llevaría a 15.000 items"
"6110691842","Eps-777011 Inflador Compressor Bomba Elétrico Balões Bexigas 2 Bicos 220v","Festas e Lembrancinhas","Decoração de Festa","1004","59","Tier 2 — llevaría a 15.000 items"
"5791202618","Kit C/ 4un Cortina Metalizada Fitas Para Decoração Cor Prata","Festas e Lembrancinhas","Decoração de Festa","991","23","Tier 2 — llevaría a 15.000 items"
"3911916551","Kit 50 Balões Bolha Transparentes 24 (60cm) Premium | Bexiga Bolha Translúcida Grande Para Festa, Casamento E... Liso Transparente","Festas e Lembrancinhas","Decoração de Festa","990","49","Tier 2 — llevaría a 15.000 items"
"4587472519","Combo 10 Mini Painéis 50x50 Sortidos Bibi Painéis Lançamento Sortidos","Festas e Lembrancinhas","Decoração de Festa","978","31","Tier 2 — llevaría a 15.000 items"
"3420628960","50 Chaveiros Mdf  Coração De Mãe Lembrancinha Dia Das Mães.","Festas e Lembrancinhas","Decoração de Festa","970","51","Tier 2 — llevaría a 15.000 items"
"4508028685","Kit Balão Feliz Aniversário Festa Cortina Faixa Decoração Pink","Festas e Lembrancinhas","Decoração de Festa","962","34","Tier 2 — llevaría a 15.000 items"
"5296941952","Kit 10 Balão Coração Metalizado 45 Cms Primeira Linha","Festas e Lembrancinhas","Decoração de Festa","961","19","Tier 2 — llevaría a 15.000 items"
"3356733975","Balão Bexiga Liso Festa Decoração 9 Polegadas 50 Unidades","Festas e Lembrancinhas","Decoração de Festa","914","15","Tier 2 — llevaría a 15.000 items"
"2028971478","Kit 100 Potinhos De Acrílico Cristal C/ Tampa P/ Amostra 4g","Festas e Lembrancinhas","Decoração de Festa","912","52","Tier 2 — llevaría a 15.000 items"
"5830099564","Inflador Balões Máquina Encher Bexiga Bomba Elétrica 2 Bicos Compressor Balão Festa Profissional 110v Cuphead 127v","Festas e Lembrancinhas","Decoração de Festa","903","66","Tier 2 — llevaría a 15.000 items"
"5214292012","50 Unidades Balão Bubble 18 Polegadas 45cm Transparente","Festas e Lembrancinhas","Decoração de Festa","899","38","Tier 2 — llevaría a 15.000 items"
"6022154418","Kit 100 Balão Metalizado Bexiga N5 Festa Aniversário Evento","Festas e Lembrancinhas","Decoração de Festa","895","28","Tier 2 — llevaría a 15.000 items"
"4165159825","100 Balão Bexiga Liso Festa Decoração 9 Polegadas Branco","Festas e Lembrancinhas","Decoração de Festa","890","28","Tier 2 — llevaría a 15.000 items"
"6187852398","50 Balão Metalizado Bexiga Nº 10 Dourado Decoração Para Festa Aniversário","Festas e Lembrancinhas","Decoração de Festa","885","22","Tier 2 — llevaría a 15.000 items"
"3390142584","Bexiga Balão Liso Cores Fest Ball 16 Polegadas 12 Unidades","Festas e Lembrancinhas","Decoração de Festa","876","26","Tier 2 — llevaría a 15.000 items"
"3269958399","Kit Romântico - Namora Comigo 800 Pétalas 30 Velas 12 Balões","Festas e Lembrancinhas","Decoração de Festa","873","46","Tier 2 — llevaría a 15.000 items"
"5169946090","10 Balão Flor Margarida Branca 45cm Decoração Festa Jardim Branco","Festas e Lembrancinhas","Decoração de Festa","867","24","Tier 2 — llevaría a 15.000 items"
"1106814096","50 Caixinhas Acrilica 5x5 Transparente","Festas e Lembrancinhas","Decoração de Festa","865","44","Tier 2 — llevaría a 15.000 items"
"5517597262","Balão Número 40cm Metalizado 0 A 9 Festa Aniversário","Festas e Lembrancinhas","Decoração de Festa","858","11","Tier 2 — llevaría a 15.000 items"
"1064476008","1.000 Forminhas De Acetato Destacadas - Com 30% Off","Festas e Lembrancinhas","Decoração de Festa","849","75","Tier 2 — llevaría a 15.000 items"
"6171332562","50 Unidades Balão Bubble 24 Polegadas 60cm Transparente Decoração Festas","Festas e Lembrancinhas","Decoração de Festa","843","52","Tier 2 — llevaría a 15.000 items"
"4484873387","Kit 10 Toalha Mesa Descartável Plástica 78x78 Festa Evento","Festas e Lembrancinhas","Decoração de Festa","828","23","Tier 2 — llevaría a 15.000 items"
"5454160638","400 Pétalas + 15 Balões Coração + Te Amo + Fitilho + 10 Vela","Festas e Lembrancinhas","Decoração de Festa","826","38","Tier 2 — llevaría a 15.000 items"
"3760823935","10 Unidades Balão Bubble - 24 Polegadas - 60 Cm - Cristal","Festas e Lembrancinhas","Decoração de Festa","825","21","Tier 2 — llevaría a 15.000 items"
"3785260937","Balão Bubble Bolha Transparente 24 Pol Pacote Com 50 Und Liso","Festas e Lembrancinhas","Decoração de Festa","825","49","Tier 2 — llevaría a 15.000 items"
"2749886578","Kit 50 Talher Garfos E Facas Descartável Reforçada Churrasco","Festas e Lembrancinhas","Descartáveis para Festa","1076","28","Tier 2 — llevaría a 15.000 items"
"3983914349","Copo Papel 60ml Café Expresso Chá 100copos Biodegradável Cor Kraft","Festas e Lembrancinhas","Descartáveis para Festa","978","27","Tier 2 — llevaría a 15.000 items"
"4723790118","Cálice Santa Ceia Com 1.000 Unidades - Nota Fiscal  Transparente","Festas e Lembrancinhas","Descartáveis para Festa","901","79","Tier 2 — llevaría a 15.000 items"
"4080343945","Kit Festa Aniversário 50 Pessoas Acrílico Pratos Copos Garfo","Festas e Lembrancinhas","Descartáveis para Festa","826","66","Tier 2 — llevaría a 15.000 items"
"4697354564","80 Forminhas De Doce Flor De Seda Aniversário Casamento Mesa","Festas e Lembrancinhas","Equipamento para Festas","825","36","Tier 2 — llevaría a 15.000 items"
"6063963932","Kit 2 Bastão Fumaça Chá Revelação Azul Rosa Verde Lilás","Festas e Lembrancinhas","Espuma, Serpentinas e Confete","966","24","Tier 2 — llevaría a 15.000 items"
"3930988137","Fantasia Infantil Criança Homem-aranha Spiderman","Festas e Lembrancinhas","Fantasias e Cosplay","872","68","Tier 2 — llevaría a 15.000 items"
"4340443056","50 Presilhas Cartão Decorativo Lembrancinha Brindes Mães","Festas e Lembrancinhas","Lembrancinhas","883","55","Tier 2 — llevaría a 15.000 items"
"1847766342","10 Lembrancinhas  Hidratante Brindes Dia Das Mães","Festas e Lembrancinhas","Lembrancinhas","841","30","Tier 2 — llevaría a 15.000 items"
"4578448456","Caramelos Lua Cheia Frutas Sabor Framboesa, Cereja E Laranja Sem Glúten 600g","Festas e Lembrancinhas","Lembrancinhas para Fiestas","842","11","Tier 2 — llevaría a 15.000 items"
"1714733573","Suporte Porta Controle Videogame Gamer Para Ps4 Xbox Ps5","Games","Acessórios para Consoles","1085","20","Tier 2 — llevaría a 15.000 items"
"3564035432","Controle Para Nitendo Switch Pro Bluetooth Wireless Vibração Preto","Games","Acessórios para Consoles","1064","94","Tier 2 — llevaría a 15.000 items"
"5465146450","Microfone Hollyland Lark A1 Duo Usb-c Preto Preto","Games","Acessórios para Consoles","1032","345","Tier 2 — llevaría a 15.000 items"
"5735218812","Kit 2 Controle Sem Fio Para Ps2 Joystick Manete Plug And Play - Crowley Preto","Games","Acessórios para Consoles","1002","102","Tier 2 — llevaría a 15.000 items"
"6563040816","Pokemon Pokopia Switch 2 Br","Games","Acessórios para Consoles","912","348","Tier 2 — llevaría a 15.000 items"
"5701254038","Kit 2 Controle Sem Fio Para Ps3 Joystick Manete Com Cabo Carregador - Crowley Preto","Games","Acessórios para Consoles","892","62","Tier 2 — llevaría a 15.000 items"
"4304425753","Microfone Lapela Redondo Sem Fio Tipo-c Duplo Anti Ruído P/ Android E iPhone 15 16 17 Com Caixinha Para Carregamento Cor Preto Nixzen","Games","Acessórios para Consoles","891","58","Tier 2 — llevaría a 15.000 items"
"5356023078","Memory Card + Opl Pronto Atualizado Compatível Com Ps2","Games","Acessórios para Consoles","881","28","Tier 2 — llevaría a 15.000 items"
"4279553875","Microfone Lapela Sem Fio Duplo Kaidi Profissional Imã Redondo Lightning iPhone 11 12 13 14 Gravação Celular Beexcellent","Games","Acessórios para Consoles","879","64","Tier 2 — llevaría a 15.000 items"
"6617525728","Controle Sem Fio Dualsense Edição Limitada 007 First Light Playstation Branco","Games","Acessórios para Consoles","853","600","Tier 2 — llevaría a 15.000 items"
"3992126330","Kit Chave Torx T8 T6 T10 Pincel Palheta Xbox One 360 Ps4 Ps5","Games","Acessórios para Consoles","848","30","Tier 2 — llevaría a 15.000 items"
"6517387272","Headset Qcy H3 Anc Adaptativo Bluetooth 5.3 Multiponto 60h Cor Preto","Games","Acessórios para Consoles","842","294","Tier 2 — llevaría a 15.000 items"
"3748251123","Kit 5 Fita Larga Durex 500m Transparente Embalar Caixa Ec Cor Amarelo","Indústria e Comércio","Embalagem e Logística","1093","44","Tier 2 — llevaría a 15.000 items"
"4473927491","Kit 50 Abraçadeiras Automotiva Nylon Auto Travante Resistente Multiuso E Fácil De Usar Preto Carro Para Choque","Indústria e Comércio","Embalagem e Logística","1068","21","Tier 2 — llevaría a 15.000 items"
"4766179928","Kit 500 Abraçadeiras Nylon Enforca Gato 2,5 X 200mm Mfl","Indústria e Comércio","Embalagem e Logística","1057","23","Tier 2 — llevaría a 15.000 items"
"5439002240","100 Caixa De Pastel Emlagem Para Delivery - Tamanho M Preto - Amarelo","Indústria e Comércio","Embalagem e Logística","1051","69","Tier 2 — llevaría a 15.000 items"
"5770889552","Envelope Segurança 19x25 1000und Saco Plástico Correios Ecommerce Marketplace Embalagem Expedição Cinza Reciclado Economy","Indústria e Comércio","Embalagem e Logística","1049","99","Tier 2 — llevaría a 15.000 items"
"4464704863","Suporte Médio Fita Durex Grande Pequena  Pesado K16 Preto Preto","Indústria e Comércio","Embalagem e Logística","1038","21","Tier 2 — llevaría a 15.000 items"
"5770774036","Envelope Segurança 26x36 100und Coex Branco Saco Plástico Correios Sedex Envios Ecommerce Marketplace Embalagem Expedição Acesso","Indústria e Comércio","Embalagem e Logística","1029","27","Tier 2 — llevaría a 15.000 items"
"4450052508","Abraçadeira De Metal Para Mangueira Aço Inox 30pçs Reforçada","Indústria e Comércio","Embalagem e Logística","926","32","Tier 2 — llevaría a 15.000 items"
"2882908713","1000un Potinho Molheira Pote Descartável Molho C/ Tampa 30ml","Indústria e Comércio","Embalagem e Logística","908","147","Tier 2 — llevaría a 15.000 items"
"6213067168","50 Caixas De Papelão Embalagem Correios Sedex E Pac 19x12x12 Parda","Indústria e Comércio","Embalagem e Logística","906","53","Tier 2 — llevaría a 15.000 items"
"3997442925","Kit Com 10 Rolos De Filme Stretch 10cm - Com Aplicador","Indústria e Comércio","Embalagem e Logística","898","62","Tier 2 — llevaría a 15.000 items"
"5386295520","Kit 500 Fita Hellerman Cinta Plástica Enforca Gato 5 Tamanho Preto","Indústria e Comércio","Embalagem e Logística","897","52","Tier 2 — llevaría a 15.000 items"
"3899719551","Saco Cinza 12x18 1000 Saco 12x18 Envelope Cinza 12x18 1000","Indústria e Comércio","Embalagem e Logística","886","45","Tier 2 — llevaría a 15.000 items"
"3701762157","Envelope Cinza Segurança Saco Embalagem 20x30 1000uni","Indústria e Comércio","Embalagem e Logística","839","114","Tier 2 — llevaría a 15.000 items"
"6578206478","Kit 50 Abraçadeiras Automotiva Nylon Enforca Gato Fivela Reforçada Tipo T Para Carro Reparo Veicular Multius Choque Preto","Indústria e Comércio","Embalagem e Logística","833","22","Tier 2 — llevaría a 15.000 items"
"6070406004","Maquininha De Cartão Mercado Pago Point Smart 2 - Chip Vivo 127/220v","Indústria e Comércio","Equipamento para Comércios","1097","198","Tier 2 — llevaría a 15.000 items"
"6070508668","Maquininha De Cartão Mercado Pago Point Smart 2 4g Wifi Nfc Claro 127/220v","Indústria e Comércio","Equipamento para Comércios","1092","193","Tier 2 — llevaría a 15.000 items"
"6166254652","Fita Compatível Etiquetador Brother Pt-70 Pt-80 Pt-90 M95 Branco","Indústria e Comércio","Equipamento para Comércios","1062","15","Tier 2 — llevaría a 15.000 items"
"6070406004","Maquininha De Cartão Mercado Pago Point Smart 2 4g Wifi Nfc Vivo 127/220v","Indústria e Comércio","Equipamento para Comércios","1061","191","Tier 2 — llevaría a 15.000 items"
"3675664539","Kit 10 Rolo Etiqueta Térmica 40x25 1 Coluna Envio Full Zebra Branco","Indústria e Comércio","Equipamento para Comércios","1004","65","Tier 2 — llevaría a 15.000 items"
"2787642522","Etiquetadora Manual De Preços 8 Dígitos + Refil + Etiquetas","Indústria e Comércio","Equipamento para Comércios","973","35","Tier 2 — llevaría a 15.000 items"
"5824380118","Lacres Autenticidade 1000 Unid Tag Roupa Segurança. Preto","Indústria e Comércio","Equipamento para Comércios","972","26","Tier 2 — llevaría a 15.000 items"
"6619031250","Pistola De Etiqueta Etiquetadora Roupas Aplicador Tag Pins Máquina De Etiquetar Com Agulha + 500 Pinos Gurumania","Indústria e Comércio","Equipamento para Comércios","928","27","Tier 2 — llevaría a 15.000 items"
"6632381514","Balança Basto Comercial Digital Eletrônica 40kg Precisão Mercado Industria Bivolt Cozinha Açougue 127/220v","Indústria e Comércio","Equipamento para Comércios","920","147","Tier 2 — llevaría a 15.000 items"
"6028638790","Balança Digital Eletrônica Comercial 40kg Precisão P/ Uso Interno De Mercado Lojas Comércios Resistente Durável C/... 127/220v","Indústria e Comércio","Equipamento para Comércios","910","196","Tier 2 — llevaría a 15.000 items"
"3653927899","Kit 100 Ganchos Para Painel Canaletado Cor Branco 15cm Marca Mfl","Indústria e Comércio","Equipamento para Comércios","901","107","Tier 2 — llevaría a 15.000 items"
"5019281434","Pistola Aplicador De Etiquetas Tag Roupas Pin Etiquetadora","Indústria e Comércio","Equipamento para Comércios","868","27","Tier 2 — llevaría a 15.000 items"
"3977067581","1 Rolo Papel Etiqueta Niimbot D110 D101 D11 30x15mm (210un) Branco","Indústria e Comércio","Equipamento para Comércios","835","35","Tier 2 — llevaría a 15.000 items"
"2038153354","Precificador Porta Etiquetas Gondola 10,5x3,5 Cm 100 Unid.","Indústria e Comércio","Equipamento para Comércios","821","69","Tier 2 — llevaría a 15.000 items"
"5912468386","Lixeira Inteligente Sensor Automática Banheiro Cozinha 16l Branco Branco","Indústria e Comércio","Equipamento para Escritórios","824","70","Tier 2 — llevaría a 15.000 items"
"3456496959","Plástico P/ Plastificação Mares A4 220x307 0,05 100 Unidades","Indústria e Comércio","Gráfica e Impressão","1080","59","Tier 2 — llevaría a 15.000 items"
"4139080087","Percarbonato De Sódio Tira Mancha 100% Poder O2 Calisul 3 Kg N/d","Indústria e Comércio","Outros","1072","67","Tier 2 — llevaría a 15.000 items"
"1859930560","Placa De Sinalização Saída Fotoluminescente","Indústria e Comércio","Publicidade e Promoção","1063","14","Tier 2 — llevaría a 15.000 items"
"4807275288","01 Crachá Cordão Personalizado Identificação Pvc Arte Grátis","Indústria e Comércio","Publicidade e Promoção","1056","15","Tier 2 — llevaría a 15.000 items"
"1262615596","10 Folhas Imã Manta Imantada Adesivada A4 0,3mm Preto","Indústria e Comércio","Publicidade e Promoção","1000","37","Tier 2 — llevaría a 15.000 items"
"6238540866","Kit 100 Sacola Plástica Personalizada Gratidão 30x40 Palhaço Preto Frase Gratidão","Indústria e Comércio","Publicidade e Promoção","994","41","Tier 2 — llevaría a 15.000 items"
"5282097010","100 Pulseira Identificação Festas Eventos Baladas","Indústria e Comércio","Publicidade e Promoção","955","19","Tier 2 — llevaría a 15.000 items"
"5420875582","100 Fitas Pulseiras Identificação Festas Eventos Congressos","Indústria e Comércio","Publicidade e Promoção","949","18","Tier 2 — llevaría a 15.000 items"
"4157125795","Saco De Papel Kraft Sos Para Delivery Lanche 5kg Com 100un","Indústria e Comércio","Publicidade e Promoção","933","40","Tier 2 — llevaría a 15.000 items"
"2809268848","Sacolas Boca De Palhaço 20x30 C/100 Unidades. Brilho Premium","Indústria e Comércio","Publicidade e Promoção","912","29","Tier 2 — llevaría a 15.000 items"
"4292084599","Placa Pix Qr Code Display Pagamentos Acrílico Branco E Preto","Indústria e Comércio","Publicidade e Promoção","900","20","Tier 2 — llevaría a 15.000 items"
"6518862690","Sacola De Presente Natura Com Laço Tamanho M","Indústria e Comércio","Publicidade e Promoção","897","6","Tier 2 — llevaría a 15.000 items"
"3896085819","10 Plaquinha Pix Suporte Qrcode 10x15 Vertical L A6 Mesa Transparente","Indústria e Comércio","Publicidade e Promoção","892","36","Tier 2 — llevaría a 15.000 items"
"6288365356","Kit 5 Display Parede Vertical A4 Expositor Porta Folha +fita Transparente","Indústria e Comércio","Publicidade e Promoção","850","30","Tier 2 — llevaría a 15.000 items"
"2658177278","Chaveiro Acrílico - Para Foto 3x4 - 100 Unidades","Indústria e Comércio","Publicidade e Promoção","847","84","Tier 2 — llevaría a 15.000 items"
"4004629323","Placa Fotoluminescente Saída Esquerda S14 Rota Fuga Abnt","Indústria e Comércio","Publicidade e Promoção","832","14","Tier 2 — llevaría a 15.000 items"
"5905298622","10 Pr Luva Emborrachada Reforçada Epi Rubber Trabalho Pesado Laranja","Indústria e Comércio","Segurança Laboral","1091","69","Tier 2 — llevaría a 15.000 items"
"6049227912","Bota Botina Masculina Couro Trabalho Segurança Epi Bico Pvc Preto 40 Br","Indústria e Comércio","Segurança Laboral","1088","42","Tier 2 — llevaría a 15.000 items"
"3355392863","Bota Botina Segurança Bico Pvc Eletricista Bidensidade Epi","Indústria e Comércio","Segurança Laboral","1086","63","Tier 2 — llevaría a 15.000 items"
"5052647914","Luva De Açougueiro Fios De Aço Inox Anti Corte Alta Proteção","Indústria e Comércio","Segurança Laboral","1057","36","Tier 2 — llevaría a 15.000 items"
"3796845653","12 Luva Pu Multitato Epi Emborrachada Mecânico Manutenção","Indústria e Comércio","Segurança Laboral","1052","36","Tier 2 — llevaría a 15.000 items"
"3423705457","Sapato Cozinha Hospital Limpeza Antiderrapante Flip Monseg","Indústria e Comércio","Segurança Laboral","1036","49","Tier 2 — llevaría a 15.000 items"
"3000905829","Bota Botina Segurança Couro Marluvas Premier Bico Pvc Com Ca","Indústria e Comércio","Segurança Laboral","1031","254","Tier 2 — llevaría a 15.000 items"
"5246233852","Kit 5 Colete Segurança Tipo Blusão Refletivo 1 Bolso Zíper","Indústria e Comércio","Segurança Laboral","1021","77","Tier 2 — llevaría a 15.000 items"
"2742258449","Luva De Proteção Anticorte Com Pu Profissional Resistente","Indústria e Comércio","Segurança Laboral","1009","27","Tier 2 — llevaría a 15.000 items"
"3796538927","Protetor Facial Com Tela De Aço Para Operadores De Roçadeira Amarelo","Indústria e Comércio","Segurança Laboral","989","43","Tier 2 — llevaría a 15.000 items"
"3968242893","Abafador De Som Preto Confortável 18db Ajustável Concha","Indústria e Comércio","Segurança Laboral","964","26","Tier 2 — llevaría a 15.000 items"
"4149026047","Mascara Facial Respirador C/ Filtro Gases Ácidos E Vapores Alltec U","Indústria e Comércio","Segurança Laboral","961","24","Tier 2 — llevaría a 15.000 items"
"5060628632","Máscara Protetor Facial Anatômico Transparente Preto/transparente","Indústria e Comércio","Segurança Laboral","941","25","Tier 2 — llevaría a 15.000 items"
"2190243742","Bota Botina De Segurança Bico Aço Marluvas Epi Com Ca","Indústria e Comércio","Segurança Laboral","916","76","Tier 2 — llevaría a 15.000 items"
"3966205617","Sapato Trabalho Fechado Antiderrapante Cozinha Indust Bgx094","Indústria e Comércio","Segurança Laboral","904","38","Tier 2 — llevaría a 15.000 items"
"3966764541","Sapato Fechado Trabalho Antiderrapante Profissional Bgx094","Indústria e Comércio","Segurança Laboral","892","39","Tier 2 — llevaría a 15.000 items"
"4271623869","Coala Essência Aromatizante Concentrado Chá Branco 10ml","Indústria e Comércio","Segurança Laboral","884","15","Tier 2 — llevaría a 15.000 items"
"3872877071","Bota De Trabalho Com Ca Segurança Em Couro Biqueira De Pvc","Indústria e Comércio","Segurança Laboral","875","52","Tier 2 — llevaría a 15.000 items"
"4370749403","Sapato Antiderrapante Enfermagem Hospitalar Cozinha Spider","Indústria e Comércio","Segurança Laboral","869","50","Tier 2 — llevaría a 15.000 items"
"5041038856","Capacete Segurança 3m H700 C/ Jugular Engenheiro Eletricista","Indústria e Comércio","Segurança Laboral","868","61","Tier 2 — llevaría a 15.000 items"
"6415682250","Mascara Protetor Facial Viseira Transparente Policarbonato Ajustavel Protecao Total Rosto Olhos Roçadeira Jardinagem Construção Paintball Impacto Profissional Riel Music","Indústria e Comércio","Segurança Laboral","848","28","Tier 2 — llevaría a 15.000 items"
"5683553890","Epi Máscara Respirador Azul Pff2 Valvula C.a. Kit 50 Unidade Azul","Indústria e Comércio","Segurança Laboral","847","59","Tier 2 — llevaría a 15.000 items"
"1990958446","Óculos De Proteção Carbografite Evolution Cinza","Indústria e Comércio","Segurança Laboral","827","21","Tier 2 — llevaría a 15.000 items"
"3404875323","Abafador Ruido Ouvido Protetor Auricular 26 Db Tipo Concha","Indústria e Comércio","Segurança Laboral","821","54","Tier 2 — llevaría a 15.000 items"
"3068964042","Kit 5 Macacão Descartável Impermeável Química Epi Pintura","Indústria e Comércio","Uniformes e Roupa de Trabalho","1060","59","Tier 2 — llevaría a 15.000 items"
"3934790209","Fone De Ouvido Headphone Dapon H02d Bluetooth 5.1 Over-ear 22 Horas De Bateria Cor Azul","Informática","Acessórios para PC Gaming","1077","78","Tier 2 — llevaría a 15.000 items"
"5524957232","Fone De Ouvido Xiaomi Redmi Buds 6 Play Preto Preto","Informática","Acessórios para PC Gaming","1045","103","Tier 2 — llevaría a 15.000 items"
"5761878524","Galaxy Buds Core Preto","Informática","Acessórios para PC Gaming","1028","264","Tier 2 — llevaría a 15.000 items"
"4094460995","Xbox Cartão Presente Brl 40 Gift Card (digital)","Informática","Acessórios para PC Gaming","1004","40","Tier 2 — llevaría a 15.000 items"
"5481596370","Free Fire - 1.060 Diamantes + 10% De Bonus Gift Card (digital)","Informática","Acessórios para PC Gaming","929","45","Tier 2 — llevaría a 15.000 items"
"5481609304","Free Fire - 520 Diamantes + 10% De Bonus Gift Card (digital)","Informática","Acessórios para PC Gaming","926","21","Tier 2 — llevaría a 15.000 items"
"5504354810","Controle Sem Fio Bluetooth Para Ps4 Videogame Joystick Tv Samsung Pc P4 Ps 4 Dual Shock Manete Pc Gamer Tv Smart Controle Bluetooth Sem Fio Celular Headset Com P2 Cor Preto","Informática","Acessórios para PC Gaming","921","52","Tier 2 — llevaría a 15.000 items"
"5202888940","Fone De Ouvido Jbl Com Fio Tune 110 Original","Informática","Acessórios para PC Gaming","903","97","Tier 2 — llevaría a 15.000 items"
"3974437833","Controle Celular Gamepad Joystick Bluetooth Para Jogar Jogos","Informática","Acessórios para PC Gaming","890","56","Tier 2 — llevaría a 15.000 items"
"6575378320","Fone De Ouvido Headphone Dapon H02d Bluetooth 5.1 Over-ear 22 Horas De Bateria Rosa","Informática","Acessórios para PC Gaming","834","80","Tier 2 — llevaría a 15.000 items"
"5408530236","Nintendo Gift Card Eshop R$ 500 (digital)","Informática","Acessórios para PC Gaming","828","500","Tier 2 — llevaría a 15.000 items"
"4548216785","Fone De Ouvido Plantronics Blackwire C3220 Usb Tipo A E Tipo C Preto","Informática","Acessórios para PC Gaming","823","230","Tier 2 — llevaría a 15.000 items"
"5677274792","Cabo Adaptador Usb 3.0 Para Sata Leitor Hd Ssd 2.5 Cor Preto","Informática","Armazenamento","965","27","Tier 2 — llevaría a 15.000 items"
"5376591660","Pendrive Twist Preto 64gb Multilaser Modelo Pd590 Preto/prateado","Informática","Armazenamento","949","45","Tier 2 — llevaría a 15.000 items"
"5325275732","Case Ssd M2 Nvme E Sata Ngff Adaptador Hd Externo M.2 Usb 3.1 Tipo C 10gb Transparente - Inv Tech","Informática","Armazenamento","936","67","Tier 2 — llevaría a 15.000 items"
"5762515932","Case Hd Externo 2.5 Usb 3.1 Tipo-c Hypefull Transparente Para Ssd/hdd","Informática","Armazenamento","899","38","Tier 2 — llevaría a 15.000 items"
"3792308823","Pendrive Kingston 64gb Datatraveler Exodia M Dtxm Melhor","Informática","Armazenamento","827","62","Tier 2 — llevaría a 15.000 items"
"4072476771","Cabo 12v/24v De Carregamento Para Starlink Mini Cinzeiro 3m Cinza 127/220v","Informática","Cabos e Hubs USB","1059","26","Tier 2 — llevaría a 15.000 items"
"5713429942","Cabo Carregador 3 Em 1 Veicular Cinzeiro Starlink Mini Compativel Usb Tipo C 12v 24v Cinzero Carro Suporta Pd 72w Creator Brasi","Informática","Cabos e Hubs USB","1031","70","Tier 2 — llevaría a 15.000 items"
"4498300575","Hub Usb Adaptador 3.0 Extensor 7 Portas Em 2 Cabeça Dupla Speed Tipo-c Hd Pen Drive 4k Personalized View Cinza","Informática","Cabos e Hubs USB","1029","39","Tier 2 — llevaría a 15.000 items"
"6607689290","Hub Usb 3.0 7 Portas Entradas Alta Velocidade 5gbps Com Led E Botões Individuais Plug And Play Compatível Com Notebook... Preto","Informática","Cabos e Hubs USB","995","21","Tier 2 — llevaría a 15.000 items"
"5771821714","Hub De Expansao Usb 3.0 7 Portas De Entrada Several Importados Ultra Rápido Para Pen Drive Notebook Extensão Hub Preto","Informática","Cabos e Hubs USB","978","26","Tier 2 — llevaría a 15.000 items"
"4475064137","Cabo De Força Tipo 8 Iec C7 Bivolt Bipolar 1,5 Metros Padrão Brasileiro Tv Notebook Monitor Videogame Fonte Energia... Preto 127/220v","Informática","Cabos e Hubs USB","924","18","Tier 2 — llevaría a 15.000 items"
"5439139308","Hub Usb C 5 Portas Em 1 Anker Dock Station Adaptador Hdmi 4k, Usb 3.0 5gbps, Power Delivery 90w, Compatível Com Thunderbolt Para Macbook Pro/air, Notebooks Windows Cinza","Informática","Cabos e Hubs USB","886","144","Tier 2 — llevaría a 15.000 items"
"4310615021","Cabo Usb C Para Hdmi Elephant 1,8m Preto 4k 60hz","Informática","Cabos e Hubs USB","870","37","Tier 2 — llevaría a 15.000 items"
"6027934210","Cabo De Força Hardline Tripolar Panela Pressão Elétrica Arroz Fio Fonte Monitor Pc Energia Tomada - Marca Hardline Preto 127/220v","Informática","Cabos e Hubs USB","870","20","Tier 2 — llevaría a 15.000 items"
"5975556368","Hub Usb Hardline 4 Portas 3.0 5 Gbps Extensor Adaptador Computador Pc Notebook Alta Velocidade Transferencia Dados... Prateado","Informática","Cabos e Hubs USB","852","19","Tier 2 — llevaría a 15.000 items"
"5970288364","Hub Usb 8 Portas 3.0 E 2.0 Cabo Tipo C + A Híbrido P2 Estéreo Áudio Thunderbolt Extensor Adaptador Dock Station Dex... Alumínio Tipo A E C Híbrido 8p","Informática","Cabos e Hubs USB","838","49","Tier 2 — llevaría a 15.000 items"
"6439053490","Ventoinha Gamer Rise Mode 120mm Silenciosa 50cfm 1500rpm Molex","Informática","Componentes para PC","1085","20","Tier 2 — llevaría a 15.000 items"
"6654682878","Memória Ram Kingston 8gb Ddr3 Pc3 12800 Kvr16n11/8 Pc","Informática","Componentes para PC","1071","131","Tier 2 — llevaría a 15.000 items"
"4032948013","Placa-mãe Asus P/amd Am4 B550m-plus Tuf Gaming 4xddr4 Matx Preto","Informática","Componentes para PC","1062","815","Tier 2 — llevaría a 15.000 items"
"4021642651","Cabo Força Pc Ac Fonte Tripolar Plug 10 Amperes 1,50m","Informática","Componentes para PC","1023","19","Tier 2 — llevaría a 15.000 items"
"5286186004","Placa-mãe Asus P/amd Am4 B550m-plus Tuf Gaming 4xddr4 Matx Preto","Informática","Componentes para PC","1008","805","Tier 2 — llevaría a 15.000 items"
"5795991786","Case Ssd M.2 Nvme X-drive Usb 3.0 Prata Compatível Até 4tb Prateado","Informática","Componentes para PC","905","58","Tier 2 — llevaría a 15.000 items"
"6297444934","Fonte Mancer Thunder 500w Bronze 80 Plus, Mcr-thr500-bl01 Cor Preto","Informática","Componentes para PC","885","204","Tier 2 — llevaría a 15.000 items"
"4144342303","Ventilador Cooler Ventoinha Fan 120x120x25mm 12v","Informática","Componentes para PC","855","22","Tier 2 — llevaría a 15.000 items"
"3851702183","Placa Mae Tgt H61-t, Ddr3, Lga 1155, M-atx Chipset Intel H61","Informática","Componentes para PC","848","159","Tier 2 — llevaría a 15.000 items"
"3632043611","Adaptador Nano Usb Bluetooth 5.0 Ub500 Tp-link","Informática","Conectividade e Redes","1091","59","Tier 2 — llevaría a 15.000 items"
"4387204417","Cabo De Rede Cat6 20 Metros Ethernet Lan Giga 10/1000 Marca Mfl","Informática","Conectividade e Redes","1090","31","Tier 2 — llevaría a 15.000 items"
"5619042806","Tp-link Deco X10(2-pack) Roteador Mesh Wifi6 Ax1500 Cobre Até 360m²","Informática","Conectividade e Redes","1070","573","Tier 2 — llevaría a 15.000 items"
"4231776325","Adaptador Wifi Computador Pc Notebook Usb Dual Band 5ghz Wifi 6 - Placa De Rede Wifi Gigabit Alta Velocidade - Adaptador Ethernet Usb Rj45 Compatível Com Mac Windows Linux - Chrome Technology","Informática","Conectividade e Redes","1060","38","Tier 2 — llevaría a 15.000 items"
"5921980086","Repetidor De Wi-fi Titanis 4 Antenas Branco Rede Estável Longo Alcance","Informática","Conectividade e Redes","1054","65","Tier 2 — llevaría a 15.000 items"
"5709492688","Injetor Poe Ubiquiti U-poe-af 48v 15.36w 802.3af Gigabit Ethernet 110/220v 127/220v","Informática","Conectividade e Redes","1050","78","Tier 2 — llevaría a 15.000 items"
"4439939555","Cabo De Rede Cat6 10 Metros Ethernet Lan Giga 10/1000 Marca Mfl","Informática","Conectividade e Redes","1042","20","Tier 2 — llevaría a 15.000 items"
"3632043611","Adaptador Nano Usb Bluetooth 5.3 Tp-link","Informática","Conectividade e Redes","1023","60","Tier 2 — llevaría a 15.000 items"
"5115424946","Switch Poe 4 Portas Poe Ativo + 2 Uplink Fast 10/100 Mbps Hz-1006p-ea2","Informática","Conectividade e Redes","1014","140","Tier 2 — llevaría a 15.000 items"
"3947577665","Alicate Crimpar Rj45 Vazado + Testador + 50 Rj45 Ez Passagem","Informática","Conectividade e Redes","990","73","Tier 2 — llevaría a 15.000 items"
"4569727180","Switch 8 Portas Gigabit 1000 Mbps Hub Para Internet Com Nota","Informática","Conectividade e Redes","981","80","Tier 2 — llevaría a 15.000 items"
"4414243157","Tenda Roteador Wi-fi Ac1200 Dual-band 1200mbps, 4 Antenas Externas 5dbi, 3 Portas Gigabit Wan/lan, Mu-mimo, Ipv6, Wi-fi Para Convidados, Modo Ap Compatível Com Todas Operadoras, Ideal Para Casa (ac8)","Informática","Conectividade e Redes","970","145","Tier 2 — llevaría a 15.000 items"
"3355164429","Adaptador Usb Wi-fi Tp-link Archer T3u Ac1300 Dual Band 5ghz","Informática","Conectividade e Redes","968","166","Tier 2 — llevaría a 15.000 items"
"2631327125","Cabo Vention Rede Rj45 Cat8 40gbps 2000mhz 2m 2 Metros Ikabh","Informática","Conectividade e Redes","964","35","Tier 2 — llevaría a 15.000 items"
"6296741374","Vittak Kit 60 Clips Organizador De Mesa Fixador Adesivo De Cabo Fios Parede Silicone Cor Transparente","Informática","Conectividade e Redes","957","19","Tier 2 — llevaría a 15.000 items"
"6200632712","Cabo De Rede Cat6 30 Metros Ethernet Lan Giga 10/1000 Marca Mfl","Informática","Conectividade e Redes","952","44","Tier 2 — llevaría a 15.000 items"
"6285307928","Kit 2 Emenda Conector Rj45 Fêmea Pino Reto Ethernet Cat5 Cat6 Cabo De Rede Blindado Alta Velocidade Performance Conexão Estável - Yuso","Informática","Conectividade e Redes","948","19","Tier 2 — llevaría a 15.000 items"
"3939961009","Roteador Wireless Multimodo 300 Mbps N300 Tl-wr829n Branco Tp-link","Informática","Conectividade e Redes","947","88","Tier 2 — llevaría a 15.000 items"
"5332938428","Organizador De Fios E Cabos Espiral 1/2 12,70mm Informática 5 Metros Cor Preto Proteção Organização Ideal Para Pc Tv Escritório Casa Fácil Instalação","Informática","Conectividade e Redes","946","23","Tier 2 — llevaría a 15.000 items"
"4071990491","Fonte Poe 48v 1a Bivolt 2 Portas Rj45 Aitek P/ Router Access Point 127/220v","Informática","Conectividade e Redes","932","22","Tier 2 — llevaría a 15.000 items"
"5991192394","Switch Rj45 Lan Gigabit 5 Portas Hub Rede 10/100/1000mbps Bivolt","Informática","Conectividade e Redes","929","55","Tier 2 — llevaría a 15.000 items"
"4279422349","Roteador Huawei Wifi Ax2s 5 Ghz Wi-fi 6 Harmonyos Mesh+ Easymeshvisualização De Diagnósticos Do Wi-fi Controle Parental Branco","Informática","Conectividade e Redes","928","149","Tier 2 — llevaría a 15.000 items"
"3851183397","Alicate Crimpar Rj45 Vazado + Testador + 20 Rj45 Blindado Ez","Informática","Conectividade e Redes","911","71","Tier 2 — llevaría a 15.000 items"
"6599947240","Repetidor De Sinal Wifi Roteador Wireless 2.4ghz Longo Alcance Fácil Instalação Potente 300mbps Comica","Informática","Conectividade e Redes","910","41","Tier 2 — llevaría a 15.000 items"
"1979845278","Cabo De Rede Cat6 1 Metro Ethernet Lan Giga 10/1000","Informática","Conectividade e Redes","881","12","Tier 2 — llevaría a 15.000 items"
"5195781008","Repetidor De Wifi 4 Antenas Amplificador Sinal Potente Cor Branco 110v/220v","Informática","Conectividade e Redes","870","67","Tier 2 — llevaría a 15.000 items"
"6520335704","Cabo Rede Blindado 2 Metros Ethernet Rj45 Cat6 Azul Para Internet Rápida Anti-lag Marca: Tsaleach Active","Informática","Conectividade e Redes","862","19","Tier 2 — llevaría a 15.000 items"
"4411107241","Tp-link Archer Ax53 Roteador Wifi6 Ax3000 Gigabit Banda Dupla","Informática","Conectividade e Redes","859","253","Tier 2 — llevaría a 15.000 items"
"6039605574","Conversor Rj45 Mídia Fibra Óptica Rede Gigabit 10/100/1000mb Par A+b Extensor Compatível Com Starlink Ethernet Cftv Xcolds","Informática","Conectividade e Redes","857","80","Tier 2 — llevaría a 15.000 items"
"4341211701","Adaptador Receptor Wireless Usb Wi-fi 5ghz Dual Band","Informática","Conectividade e Redes","842","24","Tier 2 — llevaría a 15.000 items"
"5766595376","50x Presilha 15cm Fita Abraçadeira  Cabos Chicote Fios Preto","Informática","Conectividade e Redes","842","21","Tier 2 — llevaría a 15.000 items"
"5157341186","Elgin Selada Bateria 12v 7a Alarme E Cerca Elétrica","Informática","Estabilizadores e No Breaks","982","79","Tier 2 — llevaría a 15.000 items"
"5716168528","Tinta Hp Gt53 Preto 90 Ml Tank 517 532 617 5822 416 116 Preto","Informática","Impressão","1084","38","Tier 2 — llevaría a 15.000 items"
"6478547050","Kit Refil Garrafa De Tinta Epson 544 Ecotank Preto Ciano Magenta Amarelo Preto/magenta/ciano/amarelo","Informática","Impressão","1059","136","Tier 2 — llevaría a 15.000 items"
"6289036000","Kit 4 Tinta Para Epson T544 L3250 L3210 L5190 L3110 Original Diversas","Informática","Impressão","1055","150","Tier 2 — llevaría a 15.000 items"
"4340413944","Papel Sulfite Report Premium A4 75g 500 Folhas Branco","Informática","Impressão","1048","37","Tier 2 — llevaría a 15.000 items"
"4413772119","Filamento De Impressora 3d Petg 1,75mm 1kg Masterprint Preto","Informática","Impressão","1046","59","Tier 2 — llevaría a 15.000 items"
"4456355893","Kit 4 Tinta Para Epson T544 L3110 L1350 L3250 Original Diversos","Informática","Impressão","1042","153","Tier 2 — llevaría a 15.000 items"
"5761797884","Kit Tintas Original Para Canon G3111 G4111 G4100 Gi190 G3110 Diversas","Informática","Impressão","1034","151","Tier 2 — llevaría a 15.000 items"
"4410664988","1000 Etiquetas Térmicas 10x15 Alta Qualidade Formato Resma Cor Branco","Informática","Impressão","1020","48","Tier 2 — llevaría a 15.000 items"
"3250386491","100 Folhas Papel Foto Glossy 180g A4 Brilho Prova D'agua Branco","Informática","Impressão","1010","31","Tier 2 — llevaría a 15.000 items"
"5699255398","1000 Resma Etiquetas Térmicas 10x15 (100x150) Cor Branco","Informática","Impressão","986","49","Tier 2 — llevaría a 15.000 items"
"3928119747","Cx 12 Ribbons Cera 110x74 Armor Inkanto Para Argox Zebra Elgin Impressora","Informática","Impressão","986","54","Tier 2 — llevaría a 15.000 items"
"4369060185","Cartucho De Tinta Hp Tricolor 667","Informática","Impressão","973","77","Tier 2 — llevaría a 15.000 items"
"6075863978","Kit 4 Tinta 544 Impressora L3250 L3210 L5190 L3110 Colorido","Informática","Impressão","971","181","Tier 2 — llevaría a 15.000 items"
"6290495062","Filamento Bambu Lab 3d Pla Lite 1kg Sem Carretel Cores Branco","Informática","Impressão","960","116","Tier 2 — llevaría a 15.000 items"
"5663918148","Toner Hp W1105a 105a 107a 107w Mfp 135w 135a 137fn M135a Preto","Informática","Impressão","958","109","Tier 2 — llevaría a 15.000 items"
"5079914276","Kit Tinta Cartucho Hp 667 Preto E 667 Colorido","Informática","Impressão","945","183","Tier 2 — llevaría a 15.000 items"
"5575075328","Filamento De Impressora 3d Petg 1,75mm 1kg Masterprint Preto","Informática","Impressão","940","65","Tier 2 — llevaría a 15.000 items"
"4505641179","Mini Impressora Térmica Bluetooth Cupom Pedido Ifood Qr Code Cor Preto Knup Kp-1025","Informática","Impressão","940","90","Tier 2 — llevaría a 15.000 items"
"5909674120","Filamento De Impressora 3d Petg 1,75mm 1kg Masterprint Preto","Informática","Impressão","927","62","Tier 2 — llevaría a 15.000 items"
"6020541974","Filamento De Impressora 3d Petg 1,75mm Rolo 1kg Masterprint Cor Prata","Informática","Impressão","925","77","Tier 2 — llevaría a 15.000 items"
"4479894507","Filamento De Impressora 3d Petg 1,75mm 1kg Masterprint Preto","Informática","Impressão","923","57","Tier 2 — llevaría a 15.000 items"
"4516233081","Kit 6 Refil Tintas Epson T544 L3150 L3110 L3210 L3250 L5190 Preto E Color","Informática","Impressão","922","265","Tier 2 — llevaría a 15.000 items"
"3498753103","Impressora Térmicas Monocromática Elgin I9 Full Guilhotina Preto 127/220v","Informática","Impressão","917","706","Tier 2 — llevaría a 15.000 items"
"4542520883","Filamento Pla Dourado Ultra Vsilk 1kg Impressão Premium Dourado Ultra Vsilk","Informática","Impressão","913","133","Tier 2 — llevaría a 15.000 items"
"4678636310","Cartucho De Tinta Hp 667 Deskjet Ink Advantage Cor Preto E Colorido Do 4 Ml 2 Unidades","Informática","Impressão","910","176","Tier 2 — llevaría a 15.000 items"
"6292158754","Toner Compativel Para Hp P1102w M1132 P1102 85a M1212 Evolut Preto","Informática","Impressão","909","33","Tier 2 — llevaría a 15.000 items"
"4409085507","Voolt3d Filamento Pla Premium Outlet 1,75mm 1kg","Informática","Impressão","897","75","Tier 2 — llevaría a 15.000 items"
"6047667732","1000 Resma Etiquetas Térmicas 10x15 (100x150) Cor Branco","Informática","Impressão","895","39","Tier 2 — llevaría a 15.000 items"
"5343773582","Kit 03 Almofada Esponja Feltro L3110 L3150 L3250 L5190 L5290","Informática","Impressão","894","29","Tier 2 — llevaría a 15.000 items"
"5846655858","Kit 200 Folhas Papel Fotografico A4 Glossy 180g Masterprint Cor Branco","Informática","Impressão","889","48","Tier 2 — llevaría a 15.000 items"
"4211708747","Filamento Impressora 3d Masterprint Petg 1.75mm Preto Preto","Informática","Impressão","874","69","Tier 2 — llevaría a 15.000 items"
"3467541911","1.000 Etiquetas Térmicas Sem Rolo 10x15 Cm Formato Resma","Informática","Impressão","862","55","Tier 2 — llevaría a 15.000 items"
"4645551560","Papel Cartão Branco Offset Grosso A4 180g Fosca 100 Folhas Branco","Informática","Impressão","861","33","Tier 2 — llevaría a 15.000 items"
"4994543730","Filamento Pla Premium 1kg Branco High Speed Impressora 3d","Informática","Impressão","859","103","Tier 2 — llevaría a 15.000 items"
"4735301022","Cartucho De Tinta Hp 667 Cor Preto Do 2 Ml","Informática","Impressão","859","79","Tier 2 — llevaría a 15.000 items"
"5572957742","1.000 Etiquetas Térmicas Sem Rolo 10x15 Formato Resma Branca Branco","Informática","Impressão","857","52","Tier 2 — llevaría a 15.000 items"
"3932800579","Impressora Termica Cupom Nao Fiscal 58mm Tickts Pc Bivolt Preto 127/220v","Informática","Impressão","828","96","Tier 2 — llevaría a 15.000 items"
"2989608952","Álcool Isopropilico 99,8% 1 Lt Limpeza De Telas E Circuitos","Informática","Limpeza de PCs","1027","38","Tier 2 — llevaría a 15.000 items"
"3452438397","Álcool Isopropilico Puro 99,8% 250ml Limpador Implastec","Informática","Limpeza de PCs","1013","21","Tier 2 — llevaría a 15.000 items"
"3822969717","Pasta Térmica Implastec Ts Cold 4g, Espátula + Sachê Cleaner Cinza","Informática","Limpeza de PCs","1008","41","Tier 2 — llevaría a 15.000 items"
"5578563328","Kit Limpeza 8x1 Escova Macia Teclado Fones Celular Eficiente","Informática","Limpeza de PCs","977","20","Tier 2 — llevaría a 15.000 items"
"6682469614","Álcool Isopropílico 99,8% 1l Quimivida","Informática","Limpeza de PCs","934","25","Tier 2 — llevaría a 15.000 items"
"4381981587","Limpa Contato Eletrico Spray P/ Eletronicos Car80 Carcontato","Informática","Limpeza de PCs","931","20","Tier 2 — llevaría a 15.000 items"
"5575475172","Kit Limpa Telas Notebook Celulares Homefy + Pano Microfibra","Informática","Limpeza de PCs","850","21","Tier 2 — llevaría a 15.000 items"
"6029320964","Kit 2 Mouse Pad Apoio Ergonômico Para Punho Antiderrapante","Informática","Periféricos para PC","1098","22","Tier 2 — llevaría a 15.000 items"
"6252397096","Webcam Hd Logitech C270 Com Microfone Embutido Hd Preto","Informática","Periféricos para PC","1091","153","Tier 2 — llevaría a 15.000 items"
"5366706184","Mouse Slim Sem Fio Wireless Multilaser 1200dpi Mo307 Cor Preto","Informática","Periféricos para PC","1087","28","Tier 2 — llevaría a 15.000 items"
"5643536794","Mouse Sem Fio Bluetooth Recarregável  Gamer Ergonômico 2.4g Preto","Informática","Periféricos para PC","1057","57","Tier 2 — llevaría a 15.000 items"
"5885613970","Mouse Usb Preto Com 7 Botoes - Havit Ms966se","Informática","Periféricos para PC","1042","101","Tier 2 — llevaría a 15.000 items"
"5017283894","Mousepad Gamer Rgb Aportex 11 Modos Rbg Profissional Preto","Informática","Periféricos para PC","1036","42","Tier 2 — llevaría a 15.000 items"
"6288935026","Mouse Pad Gamer 60x30cm Preto Liso Sem Logo Escritório Alta Qualidade Grande Speed Profissional Ergonômico Deskpad Nexhome","Informática","Periféricos para PC","1032","25","Tier 2 — llevaría a 15.000 items"
"3809042468","Mouse Sem Fio Logitech M280 Com Pilha Inclusa - Cinza","Informática","Periféricos para PC","1026","80","Tier 2 — llevaría a 15.000 items"
"4281030505","Caixa De Som Para Pc Caixinha Computador Notebook P2 Potente Cinza/preto 127/220v","Informática","Periféricos para PC","1013","54","Tier 2 — llevaría a 15.000 items"
"3867249228","Mouse Sem Fio Logitech M170 Com Pilha Inclusa - Azul Claro Azul-acinzentado","Informática","Periféricos para PC","1002","63","Tier 2 — llevaría a 15.000 items"
"1691549671","Mouse Pad Gamer Grande Preto Liso Sem Estampa Costurada","Informática","Periféricos para PC","982","31","Tier 2 — llevaría a 15.000 items"
"4159252083","Mouse Com Fio Hp 150 Usb Preto 240j6aa#abm","Informática","Periféricos para PC","957","36","Tier 2 — llevaría a 15.000 items"
"4484101217","Caixa Caixinha De Som 10w Led Rgb Para Computador Gamer Pc Notebook Projetor Potente Subwoofer Portátil Alta Qualidade Usb P2 Cor Preto Digital Informática 127/220v","Informática","Periféricos para PC","956","51","Tier 2 — llevaría a 15.000 items"
"6227533514","Emeet S600 4k Webcam Autofoco Com Microfone Camera Para Pc","Informática","Periféricos para PC","956","368","Tier 2 — llevaría a 15.000 items"
"4095321253","Caixa Caixinha De Som Para Computador Gamer Pc Notebook Projetor Potente Subwoofer Portátil Alta Qualidade Usb P2 Cor Preto Digital Informática 127/220v","Informática","Periféricos para PC","952","47","Tier 2 — llevaría a 15.000 items"
"6223841140","Webcam Emeet Smartcam S600 4k Com Foco Automático Preto","Informática","Periféricos para PC","948","382","Tier 2 — llevaría a 15.000 items"
"3894657297","Mouse Com Fio Hp 100 Usb 1600dpi Cabo 1.5m Preto Classic","Informática","Periféricos para PC","941","37","Tier 2 — llevaría a 15.000 items"
"4100314615","Mouse Gamer Para Jogo 4800 Dpi Óptico Chroma Com Luzes Led Rgb 7 Botões Preto Digital Informática","Informática","Periféricos para PC","939","43","Tier 2 — llevaría a 15.000 items"
"4264540139","Teclado Mecânico Gamer 60% Switch Huano Brow Red Pc Computador Switch Vermelho Português Brasil - Titorion Preto","Informática","Periféricos para PC","904","156","Tier 2 — llevaría a 15.000 items"
"4167180375","Mouse Sem Fio Intelbras Msi50 1200 Dpi Clique Silencioso Preto Com Pilha Inclusa","Informática","Periféricos para PC","894","53","Tier 2 — llevaría a 15.000 items"
"5792499784","Caixa Caixinha De Som Portátil Pc Notebook Usb P2 Led Rgb Preto 127/220v","Informática","Periféricos para PC","875","46","Tier 2 — llevaría a 15.000 items"
"4230049872","Mouse Sem Fio Bluetooth Logitech M240 - Grafite","Informática","Periféricos para PC","866","75","Tier 2 — llevaría a 15.000 items"
"3935810693","Mousepad Ergônomico Apoio De Pulso Profissional Gamer","Informática","Periféricos para PC","865","15","Tier 2 — llevaría a 15.000 items"
"4407075229","Mouse Óptico Usb Com Fio Usb Ergonômico 1200 Dpi Pc Notebook Preto","Informática","Periféricos para PC","836","21","Tier 2 — llevaría a 15.000 items"
"5612723310","Teclado Mecânico Gamer 60% Switch Huano Brow Red Pc Computador Switch Marron Português Brasil - Titorion Cinza-escuro","Informática","Periféricos para PC","822","156","Tier 2 — llevaría a 15.000 items"
"6435182486","Fonte Carregador Notebook Universal Pinos Turbo 120w Bivolt Compatível Com Asus Lenovo Dell Positivo Acer Sony Vaio... Preto","Informática","Portáteis e Acessórios","1037","45","Tier 2 — llevaría a 15.000 items"
"6006698744","Carregador Fonte Universal Para Notebook Laptop 120w Alta Potência Compatível Com Diversos Modelos Notebooks Em Geral Fonte Bivolt 110v/220v Regulável 12v 24v Com Led Indicador Newdragon Cor Preto","Informática","Portáteis e Acessórios","1035","33","Tier 2 — llevaría a 15.000 items"
"4231817577","Cabo Adaptador Tipo C Para P2 3,5mm Som Estéreo Conector Metálico Reforçado Plug And Play Pvc Flexível Compatível Com Dispositivos Digitais Portátil Resistência Marca Chrome Technology Cinza","Informática","Portáteis e Acessórios","1029","20","Tier 2 — llevaría a 15.000 items"
"5744011236","Capa P/ Macbook Air 13 M4 M3 M2 Protetor Teclado + Bag 2025+ Cor Transparente Cristal","Informática","Portáteis e Acessórios","1003","126","Tier 2 — llevaría a 15.000 items"
"5896508160","Adaptador Cabo P2 Para Fone De Ouvido Com Conector Reforçado Compatível Com iPhone Smartphones Tablets Ios 7 8 11 12 13 Pro Áudio Estéreo Alta Qualidade Transmissão Estável Plug Tsaleach Active Branco","Informática","Portáteis e Acessórios","1001","19","Tier 2 — llevaría a 15.000 items"
"6201101960","Suporte Notebook Alumínio Portátil Dobrável Anti Derrapante Cor Prateado Resistente Vtwk","Informática","Portáteis e Acessórios","975","24","Tier 2 — llevaría a 15.000 items"
"4552645741","Apresentador Slides Laser Pointer Caneta Sem Fio Controle Passador Remoto Powerpoint Apontador Passar Wireless Chrome Technology Preto","Informática","Portáteis e Acessórios","956","23","Tier 2 — llevaría a 15.000 items"
"6538401302","Apresentador Controle Passador Slide Caneta Laser Profissional Sem Fio Preto Mouse Multimidia Wireless Usb Para Palestras Aulas Reuniões Usb - Diggicom","Informática","Portáteis e Acessórios","955","22","Tier 2 — llevaría a 15.000 items"
"4618542709","Fonte Carregador Para Notebook Dell La65ns2-01 Pa-1650-02b4 19.5v 3.34a Plug Fino 4.5x3.0mm Marca Dell Preto","Informática","Portáteis e Acessórios","908","49","Tier 2 — llevaría a 15.000 items"
"3750293479","Fonte Para Notebook Acer Aspire 5 A515-54-57en 19v 3.42a 65w Preto","Informática","Portáteis e Acessórios","901","48","Tier 2 — llevaría a 15.000 items"
"5482499812","Fonte Carregador 65w Tipo C Usb-c Type C Para Notebook Laptop Lenovo Thinkpad E14 Gen 2 Yoga Dell H740p G15 Xps Latitude... Preto","Informática","Portáteis e Acessórios","896","78","Tier 2 — llevaría a 15.000 items"
"1830837079","Fonte Carregador Para Acer Aspire 5 A515-54 19v 2,37a 45w","Informática","Portáteis e Acessórios","881","48","Tier 2 — llevaría a 15.000 items"
"6203623636","Fonte Carregador Compativel Notebook Acer Aspire 5 A515-54 Preto","Informática","Portáteis e Acessórios","863","44","Tier 2 — llevaría a 15.000 items"
"4325362869","Projetor De Estrelas Astronauta Para Quarto Com Luz Nebulosa E Galáxia","Informática","Portáteis e Acessórios","857","37","Tier 2 — llevaría a 15.000 items"
"4265370319","Suporte Notebook Ergonômico Wk Waka Alumínio Dobrável Preto Ajustável","Informática","Portáteis e Acessórios","855","24","Tier 2 — llevaría a 15.000 items"
"4202973791","Placa-mãe Msi A520m-a Pro Am4 Matx Ddr4 Hdmi Dvi M.2 Preto","Informática","Portáteis e Acessórios","834","409","Tier 2 — llevaría a 15.000 items"
"5361400422","Película De Vidro Impacto Para iPad A16 11th Geração 2025","Informática","Tablets e Acessórios","1067","29","Tier 2 — llevaría a 15.000 items"
"5415722762","Capa Case Anti Shock Sleep Para iPad 9a 8a 7a Geração 10.2","Informática","Tablets e Acessórios","1050","43","Tier 2 — llevaría a 15.000 items"
"5454724676","Capa Para Kindle 11 Rs23cv (2024) 6 Polegadas C2v2l3 (2022)","Informática","Tablets e Acessórios","1024","35","Tier 2 — llevaría a 15.000 items"
"4542518111","Carregador Portátil Power Bank Turbo 20000mah Carga Rápida Universal Compatível Com iPhone Samsung Apple Motorlola... Branco","Informática","Tablets e Acessórios","988","60","Tier 2 — llevaría a 15.000 items"
"5347359256","Tab A9 64gb 4gb Ram Enterprise Edition Tela 8.7.  X115 4g Grafite Cinza","Informática","Tablets e Acessórios","903","1227","Tier 2 — llevaría a 15.000 items"
"6190876092","Capa Para Galaxy Tab A11 Tela 8.7 X133 + Pelicula E Caneta","Informática","Tablets e Acessórios","893","57","Tier 2 — llevaría a 15.000 items"
"5158371502","Capa Capinha Para Kindle 11 (2024) 6 Polegadas Rs23cv","Informática","Tablets e Acessórios","889","35","Tier 2 — llevaría a 15.000 items"
"3886110325","Caneta Touch Screen Stylus Universal 2 Em 1 Tablet Celular","Informática","Tablets e Acessórios","866","20","Tier 2 — llevaría a 15.000 items"
"4160761281","Jogo Cordas Violão Nylon Giannini Genw 5921 Canário 6 Cordas 0.028-0.043","Instrumentos Musicais","Instrumentos de Corda","1069","24","Tier 2 — llevaría a 15.000 items"
"3637591583","Encordoamento Cordas Violão Aço Daddario 09 010 011 Mi Extra","Instrumentos Musicais","Instrumentos de Corda","1069","60","Tier 2 — llevaría a 15.000 items"
"5259320862","Afinador Digital Eletrico Violão Guitarra Baixo Ukulele Cor Preto","Instrumentos Musicais","Instrumentos de Corda","1035","28","Tier 2 — llevaría a 15.000 items"
"4148485934","Capotraste Braçadeira Dolphin Prata Violão Aço / Guitarra","Instrumentos Musicais","Instrumentos de Corda","996","20","Tier 2 — llevaría a 15.000 items"
"4502481871","Transmissor Receptor P10 Sem Fio Para Guitarra Baixo Violão","Instrumentos Musicais","Instrumentos de Corda","887","75","Tier 2 — llevaría a 15.000 items"
"3944966123","Flauta Doce Germânica Soprano Alemã Com Bag E Vareta De Limpeza Cor Creme","Instrumentos Musicais","Instrumentos de Sopro","1095","30","Tier 2 — llevaría a 15.000 items"
"6185232178","Flauta Doce Germânica Soprano Alemã Com Bag E Vareta De Limpeza Cor Creme Marfim","Instrumentos Musicais","Instrumentos de Sopro","981","24","Tier 2 — llevaría a 15.000 items"
"5444712388","Gaita Boca Harmônica Orleans Stone Diatônica C Dó 10 Furos Preto","Instrumentos Musicais","Instrumentos de Sopro","851","45","Tier 2 — llevaría a 15.000 items"
"6087517412","Microfone Lapela Sem Fio A'gold 2 Em 1 Anti Ruído Para Celular E Computador Preto","Instrumentos Musicais","Microfones e Amplificadores","1056","91","Tier 2 — llevaría a 15.000 items"
"4241826027","Microfone Com Fio Profissional Dinâmico Metal P10 Som Claro E Potente Para Karaoke Igreja Culto Podcast Palestra Aula Estúdio Gravação Voz Canto Amplificador Caixa De Som Relacart Preto","Instrumentos Musicais","Microfones e Amplificadores","983","41","Tier 2 — llevaría a 15.000 items"
"5756313398","Microfone Lapela Redondo Imã Sem Fio Preto Duplo Anti Ruído Cor Preto - Tipo-c Android Ou iPhone 15 E 16","Instrumentos Musicais","Microfones e Amplificadores","973","59","Tier 2 — llevaría a 15.000 items"
"4188131335","Microfone Lapela Duplo 2 Em 1 Profissional Type C E Lightning Para iPhone Celular Preto","Instrumentos Musicais","Microfones e Amplificadores","927","65","Tier 2 — llevaría a 15.000 items"
"4169974341","Kit 12 Microfone Sem Fio Profissional Uhf Led Com Receptor Preto","Instrumentos Musicais","Microfones e Amplificadores","836","87","Tier 2 — llevaría a 15.000 items"
"4462388451","Microfone Dinâmico Profissional Em Metal Com Fio 5 Metros P10 Para Igreja Karaoke Palestras Eventos Som Potente Preto","Instrumentos Musicais","Microfones e Amplificadores","823","39","Tier 2 — llevaría a 15.000 items"
"4239826875","5 Bateria Murata Sony 377 Sr626sw - 01 Cartela - Original","Joias e Relógios","Acessórios Para Relógios","1037","20","Tier 2 — llevaría a 15.000 items"
"5304334496","Caixa Maleta Estojo Porta Relógios Organizadora 6 Lugares Cor Preto Marca Pb Comércio Mix","Joias e Relógios","Acessórios Para Relógios","876","56","Tier 2 — llevaría a 15.000 items"
"1908877329","Pulseira Sport Compatível C/ Apple Watch 38mm 40mm 42mm 44mm","Joias e Relógios","Acessórios Para Relógios","868","20","Tier 2 — llevaría a 15.000 items"
"5482060752","Kit Teste Ouro Prata Balança Pedra De Toque Joias Joalharia","Joias e Relógios","Artigos de Joalharia","855","54","Tier 2 — llevaría a 15.000 items"
"4006390027","Brinco Zircônia Prata 925 Pequeno Ponto De Luz Prateado","Joias e Relógios","Joias e Bijuterias","1095","29","Tier 2 — llevaría a 15.000 items"
"5864670492","Corrente Cordão Masculino Grumet Aço Inox + Pulseira Conjunto Colar 70cm Correntinha Masculina Para Presente Cor Prateado Prata Gourmet","Joias e Relógios","Joias e Bijuterias","1092","19","Tier 2 — llevaría a 15.000 items"
"4506870125","Colar Feminino Prata 925 Ponto De Luz Coração Prateado","Joias e Relógios","Joias e Bijuterias","1013","31","Tier 2 — llevaría a 15.000 items"
"3943262213","Kit Brinco E Colar Gravata 2 Folheado Ouro Antialérgico Dourado","Joias e Relógios","Joias e Bijuterias","965","37","Tier 2 — llevaría a 15.000 items"
"2167264516","Colar 2 Fotos Relicário Luxo Coração Banhado A Ouro 18k  Dourado","Joias e Relógios","Joias e Bijuterias","940","77","Tier 2 — llevaría a 15.000 items"
"1640872905","Par Alianças 4mm Abauladas Moeda Antiga + Anel Solitário","Joias e Relógios","Joias e Bijuterias","923","106","Tier 2 — llevaría a 15.000 items"
"6240159178","Kit Colar + Brincos E Pulseira Folheados + Relógio Feminino Dourado","Joias e Relógios","Joias e Bijuterias","921","79","Tier 2 — llevaría a 15.000 items"
"5566767248","Pulseira Vermelha Cabala Kabbalah 7 Nós Protecao Do Mal","Joias e Relógios","Joias e Bijuterias","916","21","Tier 2 — llevaría a 15.000 items"
"4178151849","Kit 5 Pulseiras Vermelhas 7 Nós Ajustáveis Em Seda Proteção, Equilíbrio E Energia Positiva Inspiradas Kabbalah Acessório Unissex Para Presente E Uso Diário Com Design Artesanal Vermelho","Joias e Relógios","Joias e Bijuterias","911","19","Tier 2 — llevaría a 15.000 items"
"4237061871","Conjunto Colar E Pulseira A Prata 925 Original Coração Luxo Prata","Joias e Relógios","Joias e Bijuterias","870","31","Tier 2 — llevaría a 15.000 items"
"4587759441","Kit Com 50 Brincos Pérola + Tag Dia Das Mães Lembrancinha Creme","Joias e Relógios","Joias e Bijuterias","870","25","Tier 2 — llevaría a 15.000 items"
"4411093484","Trio De Brincos Femininos Argolas Finas Cravejadas Banho Prata 925 Evidence P M G Prateado","Joias e Relógios","Joias e Bijuterias","850","28","Tier 2 — llevaría a 15.000 items"
"2738519382","100 Peças Brincos Perola 8mm + Tarracha De Silicone Atacado","Joias e Relógios","Joias e Bijuterias","847","19","Tier 2 — llevaría a 15.000 items"
"4499443175","Kit 2 Pulseiras 7 Nós São Bento Proteção Contra Inveja","Joias e Relógios","Joias e Bijuterias","841","23","Tier 2 — llevaría a 15.000 items"
"3682019901","Presente Feminino Rosa Eterna + Colar Eu Te Amo 100 Idiomas Rosa","Joias e Relógios","Joias e Bijuterias","839","57","Tier 2 — llevaría a 15.000 items"
"3307887239","Aliança Tradicional 4mm Banhada Ouro 18k Tungstênio Avulsa","Joias e Relógios","Joias e Bijuterias","827","27","Tier 2 — llevaría a 15.000 items"
"4472023140","Colar Feminino Letra Inicial Cravejada Prata 925 Letrinha","Joias e Relógios","Joias e Bijuterias","822","66","Tier 2 — llevaría a 15.000 items"
"4997537288","Piercing Nostril Nariz Prata 925 Cravejado 9mm Fino Delicado Prateado","Joias e Relógios","Piercings","1036","21","Tier 2 — llevaría a 15.000 items"
"3938621677","Piercing Titânio Ponto De Luz Zircônia Conchlabret Helix Pvd","Joias e Relógios","Piercings","845","16","Tier 2 — llevaría a 15.000 items"
"4431838274","Porta Joias Maleta Grande Para Viagem Organizador Portátil Preto","Joias e Relógios","Porta Joias","857","58","Tier 2 — llevaría a 15.000 items"
"4486282817","Porta Joias 3 Camadas Couro Caixa De Jóias Feminina Cor Branco","Joias e Relógios","Porta Joias","836","83","Tier 2 — llevaría a 15.000 items"
"3620687217","Relógio Digital A Prova D`água Masculino Original Esportivo","Joias e Relógios","Relógios","1021","47","Tier 2 — llevaría a 15.000 items"
"3866896268","Relógio Masculino Technos Militar Aço Inoxidável 50m 2115nbq/1p Prateado Preto","Joias e Relógios","Relógios","992","299","Tier 2 — llevaría a 15.000 items"
"3826670083","Relógio Parede Cozinha Sala Quarto Plasfort Tradicional","Joias e Relógios","Relógios","965","23","Tier 2 — llevaría a 15.000 items"
"5499346782","Relógio Feminino + Kit Colar Brincos Folheados Ouro 18k","Joias e Relógios","Relógios","947","49","Tier 2 — llevaría a 15.000 items"
"5046812106","Relógio Feminino Mondaine Dourado Com Pulseira De Aço Inox Dourado 1","Joias e Relógios","Relógios","936","188","Tier 2 — llevaría a 15.000 items"
"3557264671","Relógio Casio Masculino Digital Preto De Resina W-59-1vq","Joias e Relógios","Relógios","921","108","Tier 2 — llevaría a 15.000 items"
"5656974534","Relógio Masculino Clássico Pulseira Prata Correia Prateada Bisel Prateado Fundo Azul Marinho Saint Germain 42mm Elegante Detalhes Bronze","Joias e Relógios","Relógios","914","138","Tier 2 — llevaría a 15.000 items"
"5268356964","Relógio Feminino Prova Dágua Analógico + Kit Colar E Brincos","Joias e Relógios","Relógios","907","53","Tier 2 — llevaría a 15.000 items"
"3954020905","Relógio Esportivo Digital À Prova D'água Original Top","Joias e Relógios","Relógios","906","30","Tier 2 — llevaría a 15.000 items"
"5960290986","Relógio De Pulso Casio Vintage A159 Com Corpo Cinza Prateado Preto/cinza","Joias e Relógios","Relógios","905","184","Tier 2 — llevaría a 15.000 items"
"5226291572","Olevs Relógio Masculino Original Aço À Prova D'água 2892","Joias e Relógios","Relógios","876","169","Tier 2 — llevaría a 15.000 items"
"4611366686","Relógio Masculino Champion Cn27670t Cor Da Correia Prateado Com Fundo Preto Prova D´agua 50 Metros Minimalista Prata Preto 2","Joias e Relógios","Relógios","861","184","Tier 2 — llevaría a 15.000 items"
"6474811230","Relógio Feminino+ Colar Pingente Brincos Folheado A Ouro 18k Rosê Branco","Joias e Relógios","Relógios","860","32","Tier 2 — llevaría a 15.000 items"
"4401983128","Relógio Feminino Digital Redondo Barato Original + Pulseira","Joias e Relógios","Relógios","854","39","Tier 2 — llevaría a 15.000 items"
"3744390439","Relógio Casio G-shock Masculino Digital Dw-5600uhr-1dr Preto/vermelho Preto","Joias e Relógios","Relógios","850","334","Tier 2 — llevaría a 15.000 items"
"3936036045","Opk Original Relógio Masculino Quartzo À Prova D'água 6003","Joias e Relógios","Relógios","845","109","Tier 2 — llevaría a 15.000 items"
"4464956623","Relógio Masculino A Prova D'agua Digital Esportivo Bisel Modelo Gp-519 Wr200-m Preto Cinza","Joias e Relógios","Relógios","842","34","Tier 2 — llevaría a 15.000 items"
"5270022730","Relógio Masculino Saint Germain Murray De Quartzo Com Pulseira Preta E Caixa Prateada De 40mm Preto Prateado","Joias e Relógios","Relógios","834","135","Tier 2 — llevaría a 15.000 items"
"1087859259","Relógio Technos Feminino Dourado Social Aco Inoxidável Dourado","Joias e Relógios","Relógios","828","324","Tier 2 — llevaría a 15.000 items"
"4151346474","Kit Relógio Feminino Champion Digital Dourado Colar Brincos Cor Do Fundo Led Vermelho Ch40086v Com Pulseira Em Aço Inoxidável Presente Perfeito Namorada Mãe Esposa Led Vermelho 2","Joias e Relógios","Relógios","825","216","Tier 2 — llevaría a 15.000 items"
"6636149396","Kit Relógio Feminino Digital + Colar, Brincos, Porta Joias Dourado","Joias e Relógios","Relógios","823","76","Tier 2 — llevaría a 15.000 items"
"5708847524","Bíblia Sagrada Feminina Letra Grande Botão - Pink - C/ Harpa 12x16cm, De João Ferreira De Almeida. Editora Cpp, Capa Dura, Revista E Corrigida","Livros, Revistas e Comics","Livros Físicos","1098","29","Tier 2 — llevaría a 15.000 items"
"3816367251","Diário De Pilar Amazônia, De Flávia Lins E Silva. Editora Pequena Zahar, Capa Mole Em Português","Livros, Revistas e Comics","Livros Físicos","1093","40","Tier 2 — llevaría a 15.000 items"
"5157617730","Confissões De Santo Agostinho - Edição De Luxo Almofadada","Livros, Revistas e Comics","Livros Físicos","1082","35","Tier 2 — llevaría a 15.000 items"
"6716736648","Kit Álbum Capa Dura Ouro + 140 Figurinhas - Copa Do Mundo 26","Livros, Revistas e Comics","Livros Físicos","1081","294","Tier 2 — llevaría a 15.000 items"
"3409337319","Bíblia Nvi, Couro Soft, Marrom | Thomas Nelson Brasil. Vida Melhor Editora S.a, Em Português, 2021","Livros, Revistas e Comics","Livros Físicos","1079","96","Tier 2 — llevaría a 15.000 items"
"6693587276","Kit Álbum + 35 Figurinhas Copa Do Mundo Fifa 2026 Panini","Livros, Revistas e Comics","Livros Físicos","1076","69","Tier 2 — llevaría a 15.000 items"
"1984479973","Revista Lições Bíblicas Ebd 2° Trimestre Adulto Aluno Cpad","Livros, Revistas e Comics","Livros Físicos","1073","11","Tier 2 — llevaría a 15.000 items"
"6546133026","Copa Do Mundo 2026 - Álbum Capa Dura Prata - Fifa World Cup 2026","Livros, Revistas e Comics","Livros Físicos","1069","80","Tier 2 — llevaría a 15.000 items"
"3783948239","O Menino Do Dedo Verde, De Maurice Druon. Editora Jose Olympio, Capa Mole, Edição 2017 Em Português, 2019","Livros, Revistas e Comics","Livros Físicos","1034","40","Tier 2 — llevaría a 15.000 items"
"3832175987","Em Busca De Sentido: Um Psicólogo No Campo De Concentração De Viktor E. Frankl Editora Vozes 60ª Edição 1991","Livros, Revistas e Comics","Livros Físicos","1032","52","Tier 2 — llevaría a 15.000 items"
"4561726275","Livro Biblia De Estudo Para O Cotidiano Da Mulher Nva Capa Dura - Preta, De João Ferreira De Almeida, Vol. Único. Editora Casa Publicadora Paulista, Capa Dura (2025)","Livros, Revistas e Comics","Livros Físicos","1030","60","Tier 2 — llevaría a 15.000 items"
"3781111225","O Ladrão De Raios: Série Percy Jackson E Os Olimpianos (novas Capas), De Rick Riordan. Série Percy Jackson E Os Olimpianos, Vol. 1. Editora Intrínseca Ltda., Capa Mole, Edição 1 Em Português, 2023","Livros, Revistas e Comics","Livros Físicos","1019","42","Tier 2 — llevaría a 15.000 items"
"4166053947","Bíblia Infantil Cristã Ilustrada Para Crianças E Bebês Evangelização E Catequese Capa Dura Presente Religioso Educativo Menino Menina Gospel","Livros, Revistas e Comics","Livros Físicos","1016","19","Tier 2 — llevaría a 15.000 items"
"3097244542","Livro Fisico Extraordinário De R.j. Palacio","Livros, Revistas e Comics","Livros Físicos","1010","37","Tier 2 — llevaría a 15.000 items"
"3917339693","Biblia Sagrada Letra Gigante Luxo Popular - Preto - Com Harpa: Bíblia Sagrada Letra Gigante Preta, De João Ferreira De Almeida. Bíblia Sagrada, Vol. Único. Editorial Cpp, Tapa Dura En Português, 2021","Livros, Revistas e Comics","Livros Físicos","996","28","Tier 2 — llevaría a 15.000 items"
"3107628834","Bíblia Sagrada Com Zíper Tamanho Médio Marrom Ave Maria","Livros, Revistas e Comics","Livros Físicos","994","74","Tier 2 — llevaría a 15.000 items"
"4422382897","Livro Grimório Sagrado E Secreto De São Bento Original","Livros, Revistas e Comics","Livros Físicos","988","68","Tier 2 — llevaría a 15.000 items"
"3781324213","Amor, Teoricamente: Amor, Teoricamente, De Hazelwood, Ali. Editora Arqueiro, Capa Mole, Edição 1 Em Português, 2023","Livros, Revistas e Comics","Livros Físicos","985","45","Tier 2 — llevaría a 15.000 items"
"4577196689","Copa Do Mundo 2026 - Album Capa Brochura Fifa World Cup 2026","Livros, Revistas e Comics","Livros Físicos","982","35","Tier 2 — llevaría a 15.000 items"
"4346858116","Liderança Livro Mais Esperto Que O Diabo - Tamanho Normal","Livros, Revistas e Comics","Livros Físicos","975","19","Tier 2 — llevaría a 15.000 items"
"4129158643","Mulheres Com Deus - 365 Dias De Fé - Devocional","Livros, Revistas e Comics","Livros Físicos","973","22","Tier 2 — llevaría a 15.000 items"
"4000978987","Devoradores De Estrelas; Editora: Suma","Livros, Revistas e Comics","Livros Físicos","972","64","Tier 2 — llevaría a 15.000 items"
"3845218305","Pai Rico, Pai Pobre - Edição De 20 Anos Atualizada E Ampliada: O Que Os Ricos Ensinam A Seus Filhos Sobre Dinheiro - Editora Alta Books","Livros, Revistas e Comics","Livros Físicos","971","40","Tier 2 — llevaría a 15.000 items"
"4292329849","Alchemised - Edição Especial Capa Dura, Intrínseca (2025)","Livros, Revistas e Comics","Livros Físicos","971","82","Tier 2 — llevaría a 15.000 items"
"2744819040","Bíblia Sagrada - Capa Eucaristia, De Vários Autores. Editora Ação Social Claretiana, Capa Mole","Livros, Revistas e Comics","Livros Físicos","953","78","Tier 2 — llevaría a 15.000 items"
"3783972823","A Paciente Silenciosa: Não Aplica, De : Alex Michaelides. Série Não Aplica, Vol. Não Aplica. Editora Record, Capa Mole, Edição Não Aplica Em Português, 2020","Livros, Revistas e Comics","Livros Físicos","940","38","Tier 2 — llevaría a 15.000 items"
"4577475655","Copa Mundo 26 Album Capa Mole +7 Envelopes Fifa World Cup 26","Livros, Revistas e Comics","Livros Físicos","935","74","Tier 2 — llevaría a 15.000 items"
"3203486794","Bíblia Sagrada Letra Gigante Com Harpa Luxo 14x21cm - Preta","Livros, Revistas e Comics","Livros Físicos","927","45","Tier 2 — llevaría a 15.000 items"
"4179784763","Livro Nunca Minta De Freida Mcfadden, 280 Páginas, Português, Editora Record, Capa Blanda","Livros, Revistas e Comics","Livros Físicos","924","32","Tier 2 — llevaría a 15.000 items"
"3924299953","O Diário De Uma Princesa Desastrada 2: O Segredo Das Flores, De Maidy Lacerda. Editora Outro Planeta - Grupo Planeta, Capa Mole Em Português","Livros, Revistas e Comics","Livros Físicos","923","42","Tier 2 — llevaría a 15.000 items"
"5277109312","Livro Deixe De Ser Pobre - Edição Econômica: Os Segredos Para Você Sair Da Pindaíba E Conquistar Sua Independência Financeira | Por Eduardo Feldberg - Maquinaria Editorial","Livros, Revistas e Comics","Livros Físicos","900","19","Tier 2 — llevaría a 15.000 items"
"4463692611","Livro Eu Minhas Lutas Internas E Deus Estela Costa - Cristão","Livros, Revistas e Comics","Livros Físicos","888","21","Tier 2 — llevaría a 15.000 items"
"3963753597","Livro Assistente Do Vilão De Hannah Nicole Maehrer 2024 Editora Globo Alt","Livros, Revistas e Comics","Livros Físicos","885","44","Tier 2 — llevaría a 15.000 items"
"4328149750","O Poder Da Autorresponsabilidade","Livros, Revistas e Comics","Livros Físicos","883","9","Tier 2 — llevaría a 15.000 items"
"5541460134","Biblia Sagrada Letra Gigante Luxo Popular - Preta - Com Harpa - Rc","Livros, Revistas e Comics","Livros Físicos","873","32","Tier 2 — llevaría a 15.000 items"
"3783998109","Livro Uma Segunda Chance, De Hoover, Colleen. Editorial Editora Galera, Capa Mole Em Português, 2022","Livros, Revistas e Comics","Livros Físicos","872","40","Tier 2 — llevaría a 15.000 items"
"5505478528","A Última Carta","Livros, Revistas e Comics","Livros Físicos","864","56","Tier 2 — llevaría a 15.000 items"
"5999368838","Bíblia De Estudo Kja King James Atualizada Letra Hipergigante Capa Dura Tradicional","Livros, Revistas e Comics","Livros Físicos","857","55","Tier 2 — llevaría a 15.000 items"
"4479078899","Vade Mecum Saraiva Tradicional - 41ª Edição 2026","Livros, Revistas e Comics","Livros Físicos","856","189","Tier 2 — llevaría a 15.000 items"
"3964841167","Kit 30 Livros De Histórias Infantis - Classicos De Ouro - Fabulas Inesquecíveis - Classicos De Sempre","Livros, Revistas e Comics","Livros Físicos","854","43","Tier 2 — llevaría a 15.000 items"
"5965129558","Livro Murdoku, De Manuel Garand, Editora Sextante, Aventura Interativa, Capa Mole, Português, 80 Mistérios Para Resolver Usando A Lógica, Livro Jogo","Livros, Revistas e Comics","Livros Físicos","847","46","Tier 2 — llevaría a 15.000 items"
"4574645165","Copa Do Mundo 2026 - Kit Com 12 Envelopes De Figurinhas - Fifa World Cup 2026","Livros, Revistas e Comics","Livros Físicos","846","84","Tier 2 — llevaría a 15.000 items"
"4631215431","O Diário De Uma Princesa Desastrada 4: O Mistério Do Rei ","Livros, Revistas e Comics","Livros Físicos","844","85","Tier 2 — llevaría a 15.000 items"
"4577659471","Copa Do Mundo 2026 - Album + 5 Envelopes Fifa World Cup 2026","Livros, Revistas e Comics","Livros Físicos","844","66","Tier 2 — llevaría a 15.000 items"
"3783972959","Livro Todas As Suas (im)perfeições, De Hoover, Colleen. Editora Galera, Capa Mole (2019)","Livros, Revistas e Comics","Livros Físicos","841","35","Tier 2 — llevaría a 15.000 items"
"3783935697","É Assim Que Acaba, De Collen Hoover. Editora Galera","Livros, Revistas e Comics","Livros Físicos","836","36","Tier 2 — llevaría a 15.000 items"
"6419571854","Bíblia Sagrada Almeida Evangélica C/ Harpa - Letra Jumbo Extra Grande","Livros, Revistas e Comics","Livros Físicos","834","79","Tier 2 — llevaría a 15.000 items"
"4574645165","Copa Do Mundo 2026 - Kit Com 12 Envelopes - Fifa World Cup 2026","Livros, Revistas e Comics","Livros Físicos","824","84","Tier 2 — llevaría a 15.000 items"
"3816367271","Livro A Menina Que Queria Ir Para A Escola De Adriana Carranca Da Editora Companhia Das Letrinhas Capa Mole","Livros, Revistas e Comics","Livros Físicos","824","36","Tier 2 — llevaría a 15.000 items"
"4445569833","Revista Professor Adulto 2° Trimestre 2026 Cpad - Lições","Livros, Revistas e Comics","Revistas","1085","16","Tier 2 — llevaría a 15.000 items"
"2929048570","Capa Plástica Protetora Para Álbum Brochura Da Copa Do Mundo","Livros, Revistas e Comics","Revistas","838","20","Tier 2 — llevaría a 15.000 items"
"5499190988","Kit 2 Bebedouros Para Beija Flores Com Bandeja 250ml Cor Sortidas Hannover Home","Pet Shop","Aves e Acessórios","902","23","Tier 2 — llevaría a 15.000 items"
"5368646178","Chocadeira Automática 20 Ovos + Kit Automático De Água.","Pet Shop","Aves e Acessórios","873","329","Tier 2 — llevaría a 15.000 items"
"5477042100","Bola Elétrica Interativa Brinquedo Inteligente Gato Cachorro Sortidos","Pet Shop","Cães","1093","19","Tier 2 — llevaría a 15.000 items"
"4574254285","Luva Tirar Pelo Pet Roupa Sofá Mágica Luva Reutilizável Removedor De Pelos Pet Preto","Pet Shop","Cães","1067","19","Tier 2 — llevaría a 15.000 items"
"3762993267","Kit 20 Refil Cata Caca Biodegradável 300 Saquinho Saco P/pet Verde-claro","Pet Shop","Cães","1060","28","Tier 2 — llevaría a 15.000 items"
"4613470360","Petlike Tapete Higiênico Para Cães Ultra Pads Lavanda 80cm X 60cm Com 30 Unidades Branco","Pet Shop","Cães","1058","60","Tier 2 — llevaría a 15.000 items"
"4156256515","Cortador Unha Pet Cães E Gatos Com Luz Alicate Para Cachorro Verde/branco Pequeno E Médio","Pet Shop","Cães","1051","28","Tier 2 — llevaría a 15.000 items"
"4473758372","Simparic 20 Mg 5,1 A 10 Kg 1 Unidade Zoetis Marrom-claro","Pet Shop","Cães","1050","70","Tier 2 — llevaría a 15.000 items"
"5688718212","Grade Pet Cercadinho Cercado De Filhotinho Cerca 1,80 Metros Cor Preto","Pet Shop","Cães","1050","44","Tier 2 — llevaría a 15.000 items"
"3962033667","Gummy Dermatológico Reduz Coceira Lambeduras Queda De Pêlo","Pet Shop","Cães","1027","90","Tier 2 — llevaría a 15.000 items"
"4484171529","Bola Pet Automática Para Cães E Gatos Brinquedo Interativo Com Cauda E Led Bolinha Giratória Para Pets","Pet Shop","Cães","1020","18","Tier 2 — llevaría a 15.000 items"
"4125518079","Tapete Higienico Para Cães Ultrapads Lavanda 80x60cm 30 Und Branco","Pet Shop","Cães","1017","60","Tier 2 — llevaría a 15.000 items"
"6218637344","Tapete Higienico Uai Pet 80x60 Aroma Lavanda 30 Unidades Tapetinho Cão Cachorros Cães Manta Absorvente","Pet Shop","Cães","1012","51","Tier 2 — llevaría a 15.000 items"
"4237727433","Aparelho Para Tosa Aparador Recarregável Cachorro Maquininha Tosador Tosa Silenciosa Tosquiar Caes Tosar Cachorro A... Preto","Pet Shop","Cães","1010","40","Tier 2 — llevaría a 15.000 items"
"3948253789","Zoetis Simparic 80mg Antipulgas Carrapatos Cães 20-40kg 1 Comprimido Cinza","Pet Shop","Cães","1003","99","Tier 2 — llevaría a 15.000 items"
"5481972266","Colchonete Grande Cachorro Gato Caminha Pet 90x63 Cm Tam Gg","Pet Shop","Cães","1000","39","Tier 2 — llevaría a 15.000 items"
"5501729782","Comedouro E Bebedouro Automático Inteligente Alimentador","Pet Shop","Cães","999","64","Tier 2 — llevaría a 15.000 items"
"3943502977","Roupa Pós Cirúrgica Operatória Gato Femea  Tamanhos 1, 2, 3","Pet Shop","Cães","998","31","Tier 2 — llevaría a 15.000 items"
"4321792884","Coleira Antipulgas E Carrapatos Elanco Seresto Caes E Gatos Até 8kg","Pet Shop","Cães","990","130","Tier 2 — llevaría a 15.000 items"
"4032233493","Pacote Traqueia Bovina 12 Unid Natural Mordedor Pra Cachorro Natural","Pet Shop","Cães","982","24","Tier 2 — llevaría a 15.000 items"
"4027063743","Condropure Suplemento Para Cães Condroitina E Glucosamina","Pet Shop","Cães","976","131","Tier 2 — llevaría a 15.000 items"
"4365170475","Frontline Plus Pipeta Antipulgas Gatos Carrapato Piolhos Pulgas 1 A 10kg Verde","Pet Shop","Cães","955","51","Tier 2 — llevaría a 15.000 items"
"4277128051","Bola Pet Inteligente Giratória Recarregável Usb Brinquedo Cachorro Cão E Gato - Marca Shengke Sortido","Pet Shop","Cães","946","19","Tier 2 — llevaría a 15.000 items"
"4187765943","Coleira Seresto Elanco Antipulgas E Carrapatos Cachorros +8kg 1unid Cor Cinza","Pet Shop","Cães","946","134","Tier 2 — llevaría a 15.000 items"
"3948132389","Antipulgas Cães Simparic 80mg 20-40kg 3 Comprimidos Verde-claro","Pet Shop","Cães","944","241","Tier 2 — llevaría a 15.000 items"
"3618747109","Calmapet Calmante Natural Para Cães E Gatos Viagem","Pet Shop","Cães","944","24","Tier 2 — llevaría a 15.000 items"
"4189110987","Máquina Tosa Pet Kamufla Profissional Silenciosa Bivolt + Kit Completo Com Alicate Unha Cães Cachorro Gato Dourado 127/220v","Pet Shop","Cães","939","40","Tier 2 — llevaría a 15.000 items"
"3406203803","Tapete Higiênico Zee.dog 80x60 6 Camadas Descartável Bambu 30 Unidades Preto","Pet Shop","Cães","935","119","Tier 2 — llevaría a 15.000 items"
"4558139425","Floratic 14g Probiótico Pet Para Cães E Gatos Suplemento","Pet Shop","Cães","933","20","Tier 2 — llevaría a 15.000 items"
"4898490938","Antipulgas E Carrapatos Nexgard Spectra Cães De 3,6 A 7,5kg","Pet Shop","Cães","932","66","Tier 2 — llevaría a 15.000 items"
"4545906485","Bravecto Cães 10-20kg 500mg 1 Comp. Mastigável Msd Verde Verde-limão","Pet Shop","Cães","923","139","Tier 2 — llevaría a 15.000 items"
"3875071543","Ração Seca Premier Cão Pequeno Hipoalergênica Mandioca 2kg","Pet Shop","Cães","922","89","Tier 2 — llevaría a 15.000 items"
"5330437020","Colar Elizabetano Ajustável Macio Cães Gatos Pp Ao G","Pet Shop","Cães","922","40","Tier 2 — llevaría a 15.000 items"
"3956052698","Tapete Higienico Good Pad 50 Unidades Branco","Pet Shop","Cães","919","60","Tier 2 — llevaría a 15.000 items"
"5277433542","Tapete Higiênico Para Cães Premium 80x60 C/ 30 Un Lavanda Branco","Pet Shop","Cães","905","61","Tier 2 — llevaría a 15.000 items"
"3401620173","Kit Escova De Dente Pet + Pasta De Dente Para Cachorro Gato","Pet Shop","Cães","897","24","Tier 2 — llevaría a 15.000 items"
"4189110987","Máquina Tosa Pet Kamufla Profissional Silenciosa Bivolt + Kit Completo Com Alicate Unha Cachorro Gato Dourado 127/220v","Pet Shop","Cães","895","37","Tier 2 — llevaría a 15.000 items"
"3629130671","Coleira Scalibor Msd Antiparasitária Para Cães Pequenos 48cm Branco","Pet Shop","Cães","893","67","Tier 2 — llevaría a 15.000 items"
"4328507326","Coleira Seresto Elanco Antipulgas E Carrapatos Cachorros +8kg 1unid Cor Cinza","Pet Shop","Cães","884","140","Tier 2 — llevaría a 15.000 items"
"6248347948","Comedouro Madeira Pet Tigelas Porcelana 210ml Cachorro Gato Branco","Pet Shop","Cães","877","38","Tier 2 — llevaría a 15.000 items"
"4107619389","Tapete Higiênico 80x60 Super Premium Cachorro 30 Unidades Branco","Pet Shop","Cães","874","51","Tier 2 — llevaría a 15.000 items"
"4374859085","Tapete Higiênico Ultra Pet Arz 80x60cm 50 Unidades Branco","Pet Shop","Cães","870","66","Tier 2 — llevaría a 15.000 items"
"6543789320","Petlike Tapete Higiênico Para Cães Ultra Pads Lavanda 80cm X 60cm Com 30 Unidades Branco","Pet Shop","Cães","869","56","Tier 2 — llevaría a 15.000 items"
"3015792667","Máquina De Tosa Profissional Para Pets Gato Cachorro Sem Fio Preto 127/220v","Pet Shop","Cães","865","119","Tier 2 — llevaría a 15.000 items"
"4094022589","Jornal P/ Pets E Gatos - 6 Pacotes C/50 Folhas Cada","Pet Shop","Cães","852","53","Tier 2 — llevaría a 15.000 items"
"3543217141","Kit 3 Tapete Higiênico Lavável Cães Cachorro Xixi Grande Dog Tapete Pet Branco Fácil Visualização Do Xixi Dog, Pode Também Verificar Qualquer Alteração Do Xixi Do Seu Cachorro.","Pet Shop","Cães","845","45","Tier 2 — llevaría a 15.000 items"
"6002295342","Tapete Higiênico Pet 60x55cm 50 Unidades Descartável Super Absorvente Antiodor Cães Gatos Azul","Pet Shop","Cães","838","52","Tier 2 — llevaría a 15.000 items"
"4394549219","Kit 2x Desinfetante Pet Super Concentrado Herbal Be Dog 1l","Pet Shop","Cães","834","59","Tier 2 — llevaría a 15.000 items"
"3793334781","Pasta Probiótica Cães E Gatos 14g Alivet Prebióticos Pet","Pet Shop","Cães","827","22","Tier 2 — llevaría a 15.000 items"
"6249653012","Porta Ração Pote Com Tampa Pet Gato Cachorro Dispenser 2l Transparente","Pet Shop","Cães","827","28","Tier 2 — llevaría a 15.000 items"
"1824819625","Roupa Pós Cirúrgica P/ Felinos (fêmeas) - Tamanho N°1, 2, 3","Pet Shop","Cães","825","23","Tier 2 — llevaría a 15.000 items"
"1928947624","Guia Para Cães Coleira Peitoral Com Alça Reforçado Pit Bull","Pet Shop","Cães","824","32","Tier 2 — llevaría a 15.000 items"
"5576151146","Toalha Lenço Umedecido Para Caes E Gatos Pet 6 Pacotes C/ 50","Pet Shop","Cães","821","46","Tier 2 — llevaría a 15.000 items"
"4183485361","Kit 6 Unidades Gatos Churu Atum E Salmão 14g X 4 = 56g (24 Saches) Petisco Alimento Úmido","Pet Shop","Gatos","1056","123","Tier 2 — llevaría a 15.000 items"
"3940896779","Areia Higiênica Para Gatos Mandioca Bob Esconde Saco De 4 Kgs","Pet Shop","Gatos","1054","50","Tier 2 — llevaría a 15.000 items"
"4300381239","Bolinha Interativa Recarregável Growshop Para Gato E Cachorro Pequeno Vermelho","Pet Shop","Gatos","1045","19","Tier 2 — llevaría a 15.000 items"
"5142451914","Kit 8 Brinquedos Interativos Para Gato Com Varinha Diversão Coloridos","Pet Shop","Gatos","1040","25","Tier 2 — llevaría a 15.000 items"
"4086825935","Areia Sanitária Higiênica Para Gato 2kg Super Torrão Natural Mandioca Biodegradável Descarte Fácil Sustentável Ecológico","Pet Shop","Gatos","1018","25","Tier 2 — llevaría a 15.000 items"
"6556151214","Petisco Gatos Wanpy Truly Creamy Sabores Variados Com 50un 50 Uni Sortido","Pet Shop","Gatos","1011","138","Tier 2 — llevaría a 15.000 items"
"5064826052","Ração Úmida Gatos Castrados Salmão Frango Gran Plus 18 Sachês 85g","Pet Shop","Gatos","946","52","Tier 2 — llevaría a 15.000 items"
"5197647568","Areia Sanitária Gatos Milho Mandioca Kadi Graos Mistos 4kg","Pet Shop","Gatos","916","42","Tier 2 — llevaría a 15.000 items"
"4291856451","Bolinha Interativa Inteligente Gato Cachorro Recarregável Cores Sortida","Pet Shop","Gatos","883","20","Tier 2 — llevaría a 15.000 items"
"4023780847","Bola Elétrica Rolante De Brinquedo Inteligente Para Gatos","Pet Shop","Gatos","855","19","Tier 2 — llevaría a 15.000 items"
"5813045348","Shampoo - Syntec Micodine - Para Cães E Gatos - 500ml Fragrância Neutra","Pet Shop","Gatos","848","70","Tier 2 — llevaría a 15.000 items"
"3354574445","Boden Bebedouro Fonte De Água Com Filtro Cor Branco 2,6l 5v","Pet Shop","Gatos","847","79","Tier 2 — llevaría a 15.000 items"
"5384380160","Guia Coleira Unificada Passeio E Adestramento K9 1,85 Metros Guia Unificada Cor Preto Original Top10pet","Pet Shop","Guias para Animais","868","23","Tier 2 — llevaría a 15.000 items"
"3941878956","Guia Adestramento De Cães Coleira Unificada Educativa 2,00m Preto","Pet Shop","Guias para Animais","821","25","Tier 2 — llevaría a 15.000 items"
"5732463622","Bomba Submersa 1000l/h Lagos Bombinha Recalque Fontes Aquários Cascata Chafariz Motor Água Doce Salgada Marinho Fonte Hidroponia Aquaponia - 110v 127v","Pet Shop","Peixes","1015","41","Tier 2 — llevaría a 15.000 items"
"4455265103","Bomba Submersa 2000l/h 2m Lagos Recalque Fontes Aquários Cascata Chafariz Motor Água Doce Salgada Marinho Fonte Hidroponia Aquaponia 127v","Pet Shop","Peixes","1003","70","Tier 2 — llevaría a 15.000 items"
"6136491670","Bomba Submersa 2000l/h 2m Lagos Recalque Fontes Aquários Cascata Chafariz Motor Água Doce Salgada Marinho Fonte Hidroponia Aquaponia 220v","Pet Shop","Peixes","922","72","Tier 2 — llevaría a 15.000 items"
"3330022176","Motor Bomba Submersa Para Aquário Fontes Água Bivolt Gatos Bivolt","Pet Shop","Peixes","899","26","Tier 2 — llevaría a 15.000 items"
"6293351916","Bomba Submersa 1000 L/h Bombinha 1,5m Lagos Recalque Fontes Aquários Cascata Chafariz Motor Água Doce Salgada Marinho Fonte Hidroponia Aquaponia 127v","Pet Shop","Peixes","874","49","Tier 2 — llevaría a 15.000 items"
"3188125949","Bomba Submersa 2000 L/h Para Lagos Aquário Fonte 2,0m C/nf-e","Pet Shop","Peixes","871","76","Tier 2 — llevaría a 15.000 items"
"5354415422","Inalador E Neb G-tech Nebmesh2 Adulto E Infantil Bivolt Branco 127/220v","Saúde","Cuidado da Saúde","1094","145","Tier 2 — llevaría a 15.000 items"
"3397838863","Aparelho Medidor Pressão Digital Braço La800 G-tech + Fonte Cor Azul-claro","Saúde","Cuidado da Saúde","1093","159","Tier 2 — llevaría a 15.000 items"
"2097950661","Gases Estéril 13 Fios 50 Pacotes Com 10 Total 500 Unidades","Saúde","Cuidado da Saúde","1089","40","Tier 2 — llevaría a 15.000 items"
"4134357790","Algodão Quadrado Sem Perfume Cremer 100 Un Kit C/ 3 Pacotes","Saúde","Cuidado da Saúde","1079","62","Tier 2 — llevaría a 15.000 items"
"6551356838","Percarbonato De Sódio 100% Tira Manchas Calisul - Roupas Brancas E Coloridas","Saúde","Cuidado da Saúde","1078","22","Tier 2 — llevaría a 15.000 items"
"3817664899","Compressa De Gaze Estéril 13 Fios Nobre 500 Unidades (50 Pacotes C/10) Branco","Saúde","Cuidado da Saúde","1076","38","Tier 2 — llevaría a 15.000 items"
"1943298359","Compressas De Gazes 13 Fios Com 1000 Unidades Não Esteril","Saúde","Cuidado da Saúde","1071","53","Tier 2 — llevaría a 15.000 items"
"6156594588","Balança De Bioimpedância 8 Sensores Relaxmedic Digital Preto 127/220v","Saúde","Cuidado da Saúde","1040","469","Tier 2 — llevaría a 15.000 items"
"4238004323","Balança Digital Corporal Vidro Ate 180kg Banheiro Academia Com Medidor De Temperatura Pilhas Inclusas Marca Mfl Branco","Saúde","Cuidado da Saúde","1039","35","Tier 2 — llevaría a 15.000 items"
"6551371192","Percarbonato De Sódio Clareador Quimivida Alvejapro 1kg, Sem Cloro","Saúde","Cuidado da Saúde","1038","19","Tier 2 — llevaría a 15.000 items"
"5945336078","3 Algodão Quadrado Cremer Sem Perfume Bebê 300 Unidades","Saúde","Cuidado da Saúde","1036","63","Tier 2 — llevaría a 15.000 items"
"5400607598","Inalador Nebulizador Compressor Omron Ne-c810 Inalar Compact Inalação Eficiente Portátil Silencioso Anvisa Inmetro Branco 127/220v","Saúde","Cuidado da Saúde","1032","100","Tier 2 — llevaría a 15.000 items"
"3715351316","Inalador Nebulizador Gtech Bivolt Infantil Adulto Silencioso Branco 127/220v","Saúde","Cuidado da Saúde","1017","136","Tier 2 — llevaría a 15.000 items"
"6476279080","Inalador Nebulizador Portátil Mesh Sem Fio Silencioso Branco Compacto Mesh Bivolt Nebulizador Com Rede Vibratória Aparelho Para Inalação Inalador Silencioso A Pilha Ou Cabo Usb Marca Davely 127/220v","Saúde","Cuidado da Saúde","1016","25","Tier 2 — llevaría a 15.000 items"
"5478236006","Percarbonato Sódio Tira Manchas 100% Rende 80 Lavagens 2 Kg","Saúde","Cuidado da Saúde","1000","43","Tier 2 — llevaría a 15.000 items"
"6273248992","Balança Domestica De Pesagem Corporal 180kg Preta Pilhas Inclusas Marca Mfl Preto","Saúde","Cuidado da Saúde","999","39","Tier 2 — llevaría a 15.000 items"
"4912077952","Preservativo Masculino Lubrificado Efeito Retardante Prudence Pacote Leve 8 Pague 6 Unidades","Saúde","Cuidado da Saúde","983","16","Tier 2 — llevaría a 15.000 items"
"5470181774","Termômetro Clínico Digital De Braço G-tech Infantil E Adulto","Saúde","Cuidado da Saúde","980","22","Tier 2 — llevaría a 15.000 items"
"4651678414","Compressas De Gazes 13 Fios Hidrófila 720g De Gaze 100% Algodão Nobre Slim Branco","Saúde","Cuidado da Saúde","968","59","Tier 2 — llevaría a 15.000 items"
"4188073768","Limpador De Lentes De Contato Bausch + Lomb Boston Simplus 120ml","Saúde","Cuidado da Saúde","960","65","Tier 2 — llevaría a 15.000 items"
"3926052707","Curativo Redondo Pós Coleta P/ Estancamento De Sangue C/500 Bege","Saúde","Cuidado da Saúde","945","22","Tier 2 — llevaría a 15.000 items"
"4480452690","Monitor De Pressão Arterial De Pulso Hem-6181 Omron Branco","Saúde","Cuidado da Saúde","944","89","Tier 2 — llevaría a 15.000 items"
"4102621872","Esfigmomanômetro Aneroide Com Estetoscópio Premium Glicomed Cor Azul Esfs50n","Saúde","Cuidado da Saúde","942","76","Tier 2 — llevaría a 15.000 items"
"5605481012","01 Umidificador De Ar Portátil 220ml Purificador Duhome","Saúde","Cuidado da Saúde","942","20","Tier 2 — llevaría a 15.000 items"
"4006028619","5x Alcool 1 L Bactericida Montenegro Original 70 Total 5 L Neutra","Saúde","Cuidado da Saúde","930","67","Tier 2 — llevaría a 15.000 items"
"4470641435","Inalador Nebulizador Compressor Compact Ne-c810 Omron Branco","Saúde","Cuidado da Saúde","928","99","Tier 2 — llevaría a 15.000 items"
"4127919559","Percarbonato De Sódio 1 Kg Tira Manchas Alvejante Sem Cloro","Saúde","Cuidado da Saúde","922","18","Tier 2 — llevaría a 15.000 items"
"3852592033","Bolsa Água Quente Térmica Borracha Compressa Gelo 1000 Ml Vermelho","Saúde","Cuidado da Saúde","921","19","Tier 2 — llevaría a 15.000 items"
"4453703507","Monitor De Pressão Arterial De Braço Comfort Hem-7122 Omron Cor Branco","Saúde","Cuidado da Saúde","917","149","Tier 2 — llevaría a 15.000 items"
"5455255364","Polihexanida Solução Phmb 350ml Pielsana Dbs","Saúde","Cuidado da Saúde","909","44","Tier 2 — llevaría a 15.000 items"
"3339291001","Pielsana Polihexanida Solução Aquosa 350ml","Saúde","Cuidado da Saúde","906","50","Tier 2 — llevaría a 15.000 items"
"4252134417","Aparelho Medidor Pressao Monitor Arterial Digital Automático Branco","Saúde","Cuidado da Saúde","904","40","Tier 2 — llevaría a 15.000 items"
"2697977961","Lente De Contato Soflens 59 Mensal Bausch Miopia Hipermetrop","Saúde","Cuidado da Saúde","904","157","Tier 2 — llevaría a 15.000 items"
"4142693064","Balança Digital Bioimpedância Bluetooth Corporal Aparelho Capacidade Máxima De 180kg App Para Android E Para Ios Preto","Saúde","Cuidado da Saúde","903","37","Tier 2 — llevaría a 15.000 items"
"5466236040","Termômetro Clínico Digital Mod-th150 Branco - G-tech Febre Cinza","Saúde","Cuidado da Saúde","899","22","Tier 2 — llevaría a 15.000 items"
"5858742024","Aparelho Medidor De Pressão Arterial Digital De Pulso Elétrico Com Voz Em Português Usb Recarregável Melhor Aparelho De Pressão Digital Medidor De Pressão De Braço - Marca Bahrein Preto","Saúde","Cuidado da Saúde","895","45","Tier 2 — llevaría a 15.000 items"
"4693924358","Nobre Slim 13 Fios Compressas De Gazes Pacote Com 240gr Algodão 7.5x7.5cm Branco","Saúde","Cuidado da Saúde","894","26","Tier 2 — llevaría a 15.000 items"
"4099272363","Kit Algodão Bellacotton Quadrado Para Bebê - 6 Pacotes","Saúde","Cuidado da Saúde","891","130","Tier 2 — llevaría a 15.000 items"
"4077527271","Compressa De Gaze Não Estéril 11 Fios Pacote 500 Unidades","Saúde","Cuidado da Saúde","888","39","Tier 2 — llevaría a 15.000 items"
"6499983428","Algodão Quadrado Sem Perfume Cremer 100 Un Kit C/ 3 Pacotes","Saúde","Cuidado da Saúde","885","57","Tier 2 — llevaría a 15.000 items"
"803207394","Lentes De Contato Star Colors Bausch Lomb + Estojo","Saúde","Cuidado da Saúde","870","50","Tier 2 — llevaría a 15.000 items"
"6293388684","Aparelho Profissional Pressão Arterial C/ Voz E Monitor Densímetro Digitalizado Automático Hytalux Branco Cardíaco Braço Aparelho De Pressão","Saúde","Cuidado da Saúde","868","42","Tier 2 — llevaría a 15.000 items"
"5541421586","Percarbonato De Sódio Tira Manchas Premium 1kg","Saúde","Cuidado da Saúde","868","17","Tier 2 — llevaría a 15.000 items"
"730512254","Lente De Contato Acuvue Oasys Com Hydraclear Plus - Johnson","Saúde","Cuidado da Saúde","865","245","Tier 2 — llevaría a 15.000 items"
"4475002019","Percarbonato De Sódio 1kg 100% Puro Extra Fino Los Chef Tira Manchas Roupa Colorida E Branca Alvejante Natural","Saúde","Cuidado da Saúde","862","21","Tier 2 — llevaría a 15.000 items"
"6429223852","Caixas Comprimido Porta Medicamento Remédio/capsulas 4x Dia Semanal Mensal","Saúde","Cuidado da Saúde","859","19","Tier 2 — llevaría a 15.000 items"
"5643027882","Bolsa Térmica Compressa Gelo Flexível Articulação Ortopédica Azul","Saúde","Cuidado da Saúde","845","20","Tier 2 — llevaría a 15.000 items"
"5097723796","Aparelho De Pressão G-tech Bsp11 - Medição E Detecção Branco Bivolt","Saúde","Cuidado da Saúde","845","111","Tier 2 — llevaría a 15.000 items"
"5545868722","Pente Fino Inox Extrator De Piolhos E Lêndeas Entrega Rápida Prateado","Saúde","Cuidado da Saúde","844","21","Tier 2 — llevaría a 15.000 items"
"5356396066","Percabonato De Sódio 1kg 100% Puro - Vòng Removedo De Mancha","Saúde","Cuidado da Saúde","841","26","Tier 2 — llevaría a 15.000 items"
"4345497601","Bicarbonato De Sódio 4kg 100% Puro Branqueador Roupas","Saúde","Cuidado da Saúde","838","35","Tier 2 — llevaría a 15.000 items"
"887606920","Lente De Contato Clariti 1 Day Uso Diário 30 Lentes - Cooper","Saúde","Cuidado da Saúde","838","128","Tier 2 — llevaría a 15.000 items"
"4418184071","Nobre Slim 13 Fios Compressas De Gazes Pacote Com 240gr Algodão 7.5x7.5cm Branco","Saúde","Cuidado da Saúde","832","25","Tier 2 — llevaría a 15.000 items"
"4552159944","42 Itens Gel Lubrificante Variados Unissex Atacado Revenda Neutro","Saúde","Cuidado da Saúde","829","74","Tier 2 — llevaría a 15.000 items"
"6449061972","Medidor De Pressão Digital Braço Recarregável Precisão Led Preto","Saúde","Cuidado da Saúde","828","52","Tier 2 — llevaría a 15.000 items"
"4552500133","Kit 02 Un. Percarbonato De Sódio 100% Puro Alvejante Sem Cloro, 2kg","Saúde","Cuidado da Saúde","827","46","Tier 2 — llevaría a 15.000 items"
"4632473666","Aparelho De Medir Pressão Digital Gtech La800 Fonte E Pilhas Branco","Saúde","Cuidado da Saúde","826","151","Tier 2 — llevaría a 15.000 items"
"6465413518","Aparelho De Pressão Digital Automático Pulso G-tech Gp450sp Cinza","Saúde","Cuidado da Saúde","823","85","Tier 2 — llevaría a 15.000 items"
"4350125052","Tiras Medidoras De Glicose Accu-chek Active 50 Unidades Cor Branco","Saúde","Equipamento Médico","1093","56","Tier 2 — llevaría a 15.000 items"
"4423805791","Luva De Látex Talge - 100 Unidades Por Kit Tam P","Saúde","Equipamento Médico","1068","27","Tier 2 — llevaría a 15.000 items"
"6600412378","Seringa De Insulina Sol Millennium 1ml 8mm X 0,3mm Com Agulha Fixa E Dispositivo De Segurança Retrátil 1 Ml","Saúde","Equipamento Médico","1059","74","Tier 2 — llevaría a 15.000 items"
"3670113548","Agulha HiPodérmica Descartável 20x0,55mm Medix Caixa Com 100 Unidades","Saúde","Equipamento Médico","1054","19","Tier 2 — llevaría a 15.000 items"
"6582324972","Seringa De Insulina Com Agulha, Descartável 13 X 0.45 26 G12 1 Ml 100 Ui Caixa Com 100 Unidades Medix","Saúde","Equipamento Médico","1053","39","Tier 2 — llevaría a 15.000 items"
"3366203751","Seringa De Insulina 1ml C/ Agulha Fixa 6x0,25 - Cx C/ 100 Un 1 Ml","Saúde","Equipamento Médico","1029","148","Tier 2 — llevaría a 15.000 items"
"5065550080","Luva Nitrílica Preta Talge Tamanho G Sem Pó Descartável Antiderrapante Uso Profissional Alta Resistência Para Procedimentos Estética Tatuagem Cozinha 100 Unidades Preto","Saúde","Equipamento Médico","1001","28","Tier 2 — llevaría a 15.000 items"
"6543946980","10un Seringa Insulina 1ml Agulha Blister 8x0,30m 30g Venper 1 Ml","Saúde","Equipamento Médico","999","24","Tier 2 — llevaría a 15.000 items"
"2021542156","Seringa Insulina 1ml 13x0,45mm 100un 1 Ml","Saúde","Equipamento Médico","996","55","Tier 2 — llevaría a 15.000 items"
"5720342778","Massinha Restauração Dente Provisório+ De 300 Bolinhas Massa","Saúde","Equipamento Médico","992","19","Tier 2 — llevaría a 15.000 items"
"5896128886","Luvas Descartáveis Antiderrapantes Medix Procedimento Cor Rosa Tamanho P De Nitrilo 100 Unidades","Saúde","Equipamento Médico","980","27","Tier 2 — llevaría a 15.000 items"
"5441231044","Pino Cápsula 0,2ml Incolor Pacote C/ 1.000 Unidades","Saúde","Equipamento Médico","974","37","Tier 2 — llevaría a 15.000 items"
"3660426709","4 Placas Moldável Para Bruxismo Ranger Dentes Protetor Bucal","Saúde","Equipamento Médico","970","22","Tier 2 — llevaría a 15.000 items"
"6224167902","Seringa De Agulha Fixa Estéril 1ml Insulina Botox Estética Toxina Botulinica Descartável 1 Ml Agulha Fixa 8x30 8x0,30 Fina Com Agulha","Saúde","Equipamento Médico","963","95","Tier 2 — llevaría a 15.000 items"
"5681551532","Seringa Insulina 1ml Agulha Fixa Ultrafina 0,30mmx8mm 1 Ml","Saúde","Equipamento Médico","961","110","Tier 2 — llevaría a 15.000 items"
"2658582413","Luvas Descartáveis Látex Com Pó Supermax Branco Tamanho P 100 Unidades","Saúde","Equipamento Médico","949","27","Tier 2 — llevaría a 15.000 items"
"1974471666","Oxímetro Led G-tech Branco/azul","Saúde","Equipamento Médico","948","74","Tier 2 — llevaría a 15.000 items"
"1609449878","Sol-m Seringa De Insulina 0,5ml Com Agulha Fixa 31g 6mm 0.5 Ml","Saúde","Equipamento Médico","945","129","Tier 2 — llevaría a 15.000 items"
"2185365779","Luva Nitrílica Para Procedimento Não Cirúrgicos Sem Pó Preta G Descarpack Com 100 Unidades Preto","Saúde","Equipamento Médico","931","31","Tier 2 — llevaría a 15.000 items"
"2725298852","Kit Agulha P/caneta De Insulina 4mm 32g Com 300un - Uniqmed","Saúde","Equipamento Médico","915","57","Tier 2 — llevaría a 15.000 items"
"3642053548","Seringa 1ml Insulina Descartável Sem Agulha Medix - 100 Unid 1 Ml","Saúde","Equipamento Médico","910","39","Tier 2 — llevaría a 15.000 items"
"3956683475","30 Unid. Frasco Vidro Âmbar 30ml Conta Gotas Preto Completo","Saúde","Equipamento Médico","908","62","Tier 2 — llevaría a 15.000 items"
"6142968362","Mascara Cirurgica Tripla C/elastico 50un C/anvisa Descarpack Cor Branco","Saúde","Equipamento Médico","908","18","Tier 2 — llevaría a 15.000 items"
"6258977132","Seringa Insulina 1ml Ag Fina 6x0,25mm 31g - Kit 10un Medix 1 Ml","Saúde","Equipamento Médico","902","28","Tier 2 — llevaría a 15.000 items"
"5980228196","Caixa 100 Agulha Hipodermica Rosa 18g 40x12 Mm Seringa Luer Capacidade Em Volume 1 Ml","Saúde","Equipamento Médico","901","21","Tier 2 — llevaría a 15.000 items"
"5416178628","Luva Descartável Vinil Sem Pó Talge Tamanho M 1000 Unidades Transparente","Saúde","Equipamento Médico","895","152","Tier 2 — llevaría a 15.000 items"
"6530825834","Seringa Insulina 1ml Solidor Com Agulha 13x0,45 100 Unidades 1 Ml","Saúde","Equipamento Médico","894","31","Tier 2 — llevaría a 15.000 items"
"4434751273","Seringa Insulina 13 X 0.45 26 G½ 1 Ml 100 Unidades Descarpack","Saúde","Equipamento Médico","876","40","Tier 2 — llevaría a 15.000 items"
"3946764483","Luvas Nitrílicas Antiderrapantes Medix Azul Tamanho G Sem Pó 100 Unidades","Saúde","Equipamento Médico","863","26","Tier 2 — llevaría a 15.000 items"
"6203820360","Seringa Sem Agulha 1ml Bico Slip Descartável Descarpack 100u 1 Ml","Saúde","Equipamento Médico","862","26","Tier 2 — llevaría a 15.000 items"
"2822961817","Tiras Accu-chek Active Caixa Com 50 Unidades Promoção Verde-escuro","Saúde","Equipamento Médico","860","61","Tier 2 — llevaría a 15.000 items"
"4423870781","Luva De Látex Talge - 100 Unidades Por Kit Tam G","Saúde","Equipamento Médico","858","28","Tier 2 — llevaría a 15.000 items"
"4502069095","Seringa Insulina 50ui Agulha 6mmx25mm Fixa 0,5ml 15 Unidades 0.5 Ml","Saúde","Equipamento Médico","858","36","Tier 2 — llevaría a 15.000 items"
"4445793966","Seringa Insulina 1ml Agulha Fixa 8x0,30mm 30g Venper - 100un 1 Ml 1 Ml - 8x0.30mm","Saúde","Equipamento Médico","852","123","Tier 2 — llevaría a 15.000 items"
"4612795887","Kit Com 30 - Seringa Insulina Botox Fixa 0,5ml 6x0,25 50ui 0.5 Ml","Saúde","Equipamento Médico","852","52","Tier 2 — llevaría a 15.000 items"
"5770234844","Luva Latex C/pó Kit Com 1000 Kit 10cx Branco Pp","Saúde","Equipamento Médico","850","222","Tier 2 — llevaría a 15.000 items"
"6482742948","Colchão Pneumático Antiescaras Air Plus 135kg  127v Bege","Saúde","Equipamento Médico","847","139","Tier 2 — llevaría a 15.000 items"
"6100131572","Luva Nitrílica Para Procedimento Não Cirúrgicos Sem Pó Preta M Descarpack Com 100 Unidades Preto","Saúde","Equipamento Médico","846","33","Tier 2 — llevaría a 15.000 items"
"4493176801","Seringa Insulina 0,5ml U.l C/ag 0,6 X 0,25 Mm - Venper 0.5 Ml","Saúde","Equipamento Médico","842","128","Tier 2 — llevaría a 15.000 items"
"2185342404","Luva Nitrílica Para Procedimento Não Cirúrgicos Sem Pó Preta M Descarpack Com 100 Unidades Preto","Saúde","Equipamento Médico","840","32","Tier 2 — llevaría a 15.000 items"
"5012490976","Tiras Reagentes Onetouch Select Plus De 50 Unidades Azul","Saúde","Equipamento Médico","823","35","Tier 2 — llevaría a 15.000 items"
"2782454487","Envelope P/ Esterilização Auto Selante 9x26 C/200 Unidades","Saúde","Equipamento Médico","821","43","Tier 2 — llevaría a 15.000 items"
"6249146882","Kit 4 Massageador Portatil Elétrico Eletroestimulador Ems Alivia Tensão Pés Recarregável Dor Pescoço Coluna Muscular Fisioterapia Aparelho Ex Decor 127/220v Azul (4pcs)","Saúde","Massagem","1058","24","Tier 2 — llevaría a 15.000 items"
"4483149613","Massageador Pistola Elétrico Profissional 6velocidades 3200r 127 220v Preto","Saúde","Massagem","1009","76","Tier 2 — llevaría a 15.000 items"
"3565555023","Rolo Pedra De Jade Com Placa Guasha Facial Cor Verde","Saúde","Massagem","1009","19","Tier 2 — llevaría a 15.000 items"
"5964584144","Massageador Muscular Profissional Elétrico Portátil Pistola Aparelho Fisioterapia 127/220v Preto","Saúde","Massagem","967","30","Tier 2 — llevaría a 15.000 items"
"6412875114","Massageador Facial Anti Rugas Skin Care Terapia Cor Branco Epsilon Eps-603","Saúde","Massagem","962","29","Tier 2 — llevaría a 15.000 items"
"4028259745","Kit 3 Massageadores Portáteis Estimulação Ems Alívio Dores Pescoço E Coluna Preto","Saúde","Massagem","928","19","Tier 2 — llevaría a 15.000 items"
"4585663349","Massageador Pescoço Ombro Recarregável Maozinha Deep Jojosee 127/220v Verde-musgo","Saúde","Massagem","922","165","Tier 2 — llevaría a 15.000 items"
"4063240007","Massageador Muscle Gun Sem Fio Recarregável De 6 Vel. Foto 127/220v","Saúde","Massagem","891","38","Tier 2 — llevaría a 15.000 items"
"6596540606","Almofada Anatômica Coccix Assento Lombar Gel Ergonômico Carr Preto","Saúde","Mobilidade","988","96","Tier 2 — llevaría a 15.000 items"
"4078502488","Par De Tornozeleira Crossfit Compressão Ortopédica Ajustável","Saúde","Ortopedia","1095","21","Tier 2 — llevaría a 15.000 items"
"6235214138","Palmilha De Gel Anatomica Confortável Ortopédica Alto Conforto 42 Preto E Laranja","Saúde","Ortopedia","1070","20","Tier 2 — llevaría a 15.000 items"
"3972422249","Ombreira Ortopédica Suporte Ombro Neoprene Ajustável Premium Preto Único","Saúde","Ortopedia","1066","35","Tier 2 — llevaría a 15.000 items"
"4466379765","Palmilha De Gel Anatomica Confortável Ortopédica Alto Conforto 41 Preto E Laranja","Saúde","Ortopedia","1064","20","Tier 2 — llevaría a 15.000 items"
"6070425512","Par Tornozeleira Compressão Tensor Alívio Estabiliza Dores Tornozelo Crossfit Ortopedica Meia Articulada Perna Ex Decor Preta Único","Saúde","Ortopedia","1055","27","Tier 2 — llevaría a 15.000 items"
"5283145800","Cotoveleira Compressão Ajustável Epicondilite Basquete Sport","Saúde","Ortopedia","1046","28","Tier 2 — llevaría a 15.000 items"
"3327088711","Cinta Ergonômica Lombar Coluna Abdominal P/ Carga E Postura","Saúde","Ortopedia","1033","42","Tier 2 — llevaría a 15.000 items"
"4008239655","Meia Ortopédica P/ Alivio De Dores Fascite Plantar Inchaço","Saúde","Ortopedia","1021","40","Tier 2 — llevaría a 15.000 items"
"4460642043","Cinta Corretor Postural Lombar Coluna Costas Ortopedico","Saúde","Ortopedia","1001","30","Tier 2 — llevaría a 15.000 items"
"6235223550","Palmilha De Gel Anatomica Confortável Ortopédica Alto Conforto Original 40 Preto E Laranja","Saúde","Ortopedia","975","20","Tier 2 — llevaría a 15.000 items"
"6250478778","Munhequeira Ortopédica Alta Compressão Ajustável Tendinite Preto Único","Saúde","Ortopedia","941","19","Tier 2 — llevaría a 15.000 items"
"3119801868","Sandália Baruk Apoio Retrope Hallux Valgo Chantal Evolution","Saúde","Ortopedia","933","126","Tier 2 — llevaría a 15.000 items"
"4518545787","Cotoveleira De Compressão Esporte Academia Fitness Cotovelo Preta Gurumania Preto","Saúde","Ortopedia","932","22","Tier 2 — llevaría a 15.000 items"
"3783753105","Munhequeira Ortopédica Ajustável Pulso Compressão Tendinite Preto Único","Saúde","Ortopedia","925","29","Tier 2 — llevaría a 15.000 items"
"6243774386","Cinta Ergonômica Lombar Steelflex Com Suspensório Proteção Coluna Tamanho M","Saúde","Ortopedia","873","48","Tier 2 — llevaría a 15.000 items"
"5346072618","Palmilha De Gel Ortopédica Anatômica De Alto Conforto Absorção Impacto Kallucci 41 Laranja","Saúde","Ortopedia","857","19","Tier 2 — llevaría a 15.000 items"
"6235661206","Palmilha De Gel Anatomica Confortável Ortopédica Alto Conforto Original 39 Preto","Saúde","Ortopedia","853","20","Tier 2 — llevaría a 15.000 items"
"2088251302","Cinta Tennis Elbow Antebraço Dor Epicondilite Ajustável Novo","Saúde","Ortopedia","849","31","Tier 2 — llevaría a 15.000 items"
"4288799097","Joelheira Ortopedica Leg Fix  Original - Promoção Urgente","Saúde","Ortopedia","844","70","Tier 2 — llevaría a 15.000 items"
"3665869027","Bota Ortopédica Imobilizadora Curta M1 Mercur Bc0648","Saúde","Ortopedia","841","138","Tier 2 — llevaría a 15.000 items"
"5371602068","Meia De Compressão Lupo 3/4 Cano Longo Corrida Performance","Saúde","Ortopedia","833","50","Tier 2 — llevaría a 15.000 items"
"3955971677","Cinta Ergonômica Lombar Abdominal Coluna Cargas Pesadas","Saúde","Ortopedia","823","42","Tier 2 — llevaría a 15.000 items"
"1501508683","Espessante Thicken Up Clear 125g - Nestlé","Saúde","Outros","902","63","Tier 2 — llevaría a 15.000 items"
"5411735514","Pre Treino Raze Melancia 300g Dark Lab","Saúde","Suplementos Alimentares","1096","90","Tier 2 — llevaría a 15.000 items"
"5019643974","Sumplemento Alimentar Em Pó Glutamax Sem Sabor 300g Vitafor","Saúde","Suplementos Alimentares","1095","59","Tier 2 — llevaría a 15.000 items"
"3618777693","Suplemento Magnésio E Inositol 210g Bodyaction","Saúde","Suplementos Alimentares","1090","63","Tier 2 — llevaría a 15.000 items"
"4026220419","Whey Protein Feminino Isolado Concentrado Suplemento Pó 1kg","Saúde","Suplementos Alimentares","1090","71","Tier 2 — llevaría a 15.000 items"
"4635557190","Creatina Hardcore 300g Integralmédica Sem Sabor","Saúde","Suplementos Alimentares","1090","40","Tier 2 — llevaría a 15.000 items"
"4972837090","Whey Pro Baunilha Dark Lab Protein Pro Com Bcaa E Aminoácidos 1kg","Saúde","Suplementos Alimentares","1089","75","Tier 2 — llevaría a 15.000 items"
"3953507583","Vitamina K2 Mk7 Menaquinona-7 100% Pura - Fórmula Exclusiva Com Máxima Absorção E Pureza - 60 Cápsulas Sem Sabor","Saúde","Suplementos Alimentares","1085","45","Tier 2 — llevaría a 15.000 items"
"3878460111","Noherps Lisina 1200mg Vitamina C B6 Zinco Unilife 90 Comprimidos Sem Sabor","Saúde","Suplementos Alimentares","1085","31","Tier 2 — llevaría a 15.000 items"
"4271465737","Keranat 300mg 90 Cápsulas Softgel Fortalecimento Capilar Sem Sabor","Saúde","Suplementos Alimentares","1073","153","Tier 2 — llevaría a 15.000 items"
"5850282226","Barra De Proteína Nutrata Whey Grego Havanna De Doce De Leite - Kit 12 Unidades","Saúde","Suplementos Alimentares","1070","74","Tier 2 — llevaría a 15.000 items"
"4057050248","Creatina Max Titanium Creatine Monohidratada 100g Sem Sabor","Saúde","Suplementos Alimentares","1068","20","Tier 2 — llevaría a 15.000 items"
"6507133124","Creatina Creapure 250g Growth Supplements Sem Sabor Em Pó Suplemento Esportivo","Saúde","Suplementos Alimentares","1066","77","Tier 2 — llevaría a 15.000 items"
"3905040169","Pré Treino Évora Pw Darkness Uva 300g Integralmédica","Saúde","Suplementos Alimentares","1063","86","Tier 2 — llevaría a 15.000 items"
"5973661068","Maca Peruana Premium 120 Capsulas 500mg Revitalize Neutro","Saúde","Suplementos Alimentares","1062","24","Tier 2 — llevaría a 15.000 items"
"3357609355","Suplemento Em Pó Adaptogen Science Panic Pré Treino Com Creatina Pote 300g Sabor Maçã Verde","Saúde","Suplementos Alimentares","1061","70","Tier 2 — llevaría a 15.000 items"
"3905039201","Glutamine L-glutamina Isolada 100% Sem Sabor 150g Integralmédica","Saúde","Suplementos Alimentares","1060","27","Tier 2 — llevaría a 15.000 items"
"4652423697","Creatina Dux Nutrition 300gr Monohidratada Pura Sabor Neutro","Saúde","Suplementos Alimentares","1058","47","Tier 2 — llevaría a 15.000 items"
"3905015831","Zinco Nutrify 60 Cápsulas Neutro Sem Sabor","Saúde","Suplementos Alimentares","1056","33","Tier 2 — llevaría a 15.000 items"
"5276772526","Colágeno + Ácido Hialurônico Renova Be Colágeno Hidrolisado Zero Lactose Vitamina E, C, Vitamina B6, B7 Biotina E Zinco Cranberry","Saúde","Suplementos Alimentares","1056","114","Tier 2 — llevaría a 15.000 items"
"5102451348","Creatina Max Titanium Monohidratada Em Pó Pote 300g Creatina Po Sem Sabor","Saúde","Suplementos Alimentares","1051","50","Tier 2 — llevaría a 15.000 items"
"5283857220","Precursor Testo Dilated Concentrado + Arginina 120 Cáps Sabor Sem Sabor","Saúde","Suplementos Alimentares","1050","38","Tier 2 — llevaría a 15.000 items"
"6482694464","Iso Size Zero Lactose 900g Whey Isolado - Synthesize Sabor Wafer Cookies E Cream","Saúde","Suplementos Alimentares","1050","65","Tier 2 — llevaría a 15.000 items"
"3905027231","Évora Pré Treino Frutas Amarelas 300g Darkness","Saúde","Suplementos Alimentares","1047","83","Tier 2 — llevaría a 15.000 items"
"5765072080","Bio Zinco 30 Cápsulas Sem Sabor Puravida","Saúde","Suplementos Alimentares","1044","32","Tier 2 — llevaría a 15.000 items"
"6552026218","Nac 600mg N-acetil L-cisteína Antioxidante - Fórmula Com Máxima Concentração E Pureza 120 Cápsulas - Forged Nutrition Sem Sabor","Saúde","Suplementos Alimentares","1044","71","Tier 2 — llevaría a 15.000 items"
"3389850153","Vitamina D3 10.000ui Recover Farma Imunidade E Ossos 60 Cápsulas Natural","Saúde","Suplementos Alimentares","1044","32","Tier 2 — llevaría a 15.000 items"
"4239708643","Berberina Hcl 1500mg 60 Caps. Dr. Botanico Sabor Sem Sabor","Saúde","Suplementos Alimentares","1043","31","Tier 2 — llevaría a 15.000 items"
"4209688845","Whey Protein Cookies Iso Blend Complex 2kg Zero Açúcar - Xpro Nutrition Biscoitos","Saúde","Suplementos Alimentares","1042","95","Tier 2 — llevaría a 15.000 items"
"5384513880","Creatina Monohidratada 100% Pura Mais Mu Sabor Melancia 500g","Saúde","Suplementos Alimentares","1036","69","Tier 2 — llevaría a 15.000 items"
"3904676917","100% Whey - Isolado E Concentrado Refil 900g - Profit Sabor Cookies And Cream","Saúde","Suplementos Alimentares","1035","75","Tier 2 — llevaría a 15.000 items"
"4224500383","Solução De Lugol Inorganico 5% Gotas Suplemento 30ml Sem Sabor","Saúde","Suplementos Alimentares","1035","27","Tier 2 — llevaría a 15.000 items"
"4387940291","Combo Testo Hard Bionutri 120 Caps + Creatina 300g 100% Pura Quantum Nutrition Sem Sabor","Saúde","Suplementos Alimentares","1034","76","Tier 2 — llevaría a 15.000 items"
"5724159372","Magnésio Glicinato 500mg 120 Cápsulas - Magnésio Glicina Sem Sabor","Saúde","Suplementos Alimentares","1032","46","Tier 2 — llevaría a 15.000 items"
"6428977858","Lavitan Carmed Cabelos/unhas C/60 Cprs Mastigaveis Iogurte Com Morango","Saúde","Suplementos Alimentares","1031","28","Tier 2 — llevaría a 15.000 items"
"4465257143","Whey 100% Hd 900g Concentrado E Isolado Black Skull Sabor Cookies & Cream","Saúde","Suplementos Alimentares","1031","87","Tier 2 — llevaría a 15.000 items"
"4366163815","Suplemento Nutricional Danone Cubitan Líquido Proteínas 200ml Unidade Baunilha","Saúde","Suplementos Alimentares","1030","20","Tier 2 — llevaría a 15.000 items"
"5739646814","Suplemento Alimentar Em Pó | All In Greens Brainjuice Abacaxi Com Hortelã","Saúde","Suplementos Alimentares","1030","135","Tier 2 — llevaría a 15.000 items"
"5069226468","Omegafor Plus 120 Cápsulas Ômega 3 Vitafor","Saúde","Suplementos Alimentares","1029","121","Tier 2 — llevaría a 15.000 items"
"5311195710","Suplemento Em Pó Adaptogen Science Panic Pré Treino Com Creatina Pote 300g Sabor Limonada","Saúde","Suplementos Alimentares","1027","69","Tier 2 — llevaría a 15.000 items"
"4635731534","Nutren Senior 370g Sem Sabor - Nestlé Sem Sabor","Saúde","Suplementos Alimentares","1027","77","Tier 2 — llevaría a 15.000 items"
"4110117621","Creatina Hardcore 100% Pura 120 Capsulas Energia E Força - Integralmedica Sem Sabor","Saúde","Suplementos Alimentares","1026","29","Tier 2 — llevaría a 15.000 items"
"6075450546","Magnésio E Inositol Taurina Melatonina 210g Bodyaction Sabor Frutas Vermelhas","Saúde","Suplementos Alimentares","1024","63","Tier 2 — llevaría a 15.000 items"
"5509121546","Whey 100% Hd 900g Concentrado E Isolado Black Skull Sabor Cookies & Cream","Saúde","Suplementos Alimentares","1023","92","Tier 2 — llevaría a 15.000 items"
"3905024837","Whey 100% Pure Cookies 900g Pote - Aumento De Massa Magra Com Proteína De Alta Qualidade","Saúde","Suplementos Alimentares","1023","130","Tier 2 — llevaría a 15.000 items"
"3918200439","Magnésio De Dimalato 300 Mg Com Vitamina B6 | Suporte Muscular, Nervoso E Metabólico | Suplemento Vitaminico De Alívio De Estresse | Sem Glúten, Não Transgênico | 60 Cápsulas | Suplint Sem Sabor","Saúde","Suplementos Alimentares","1019","43","Tier 2 — llevaría a 15.000 items"
"3578707973","Barra De Proteína Sense Bar Absolut Nutrition 12 Unid.","Saúde","Suplementos Alimentares","1016","60","Tier 2 — llevaría a 15.000 items"
"3629420190","Femme Power Aumenta Bumbum, Coxas E Glúteos Pré - Hormonal Natural","Saúde","Suplementos Alimentares","1015","37","Tier 2 — llevaría a 15.000 items"
"6057338742","Pegada Insana - Fórmula Exclusiva Com Feno Grego, Boro, Arginina, Zinco, Selênio, Vitamina B6 E Vitamina B12 - Precursor Testo - 60 Cápsulas Sem Sabor","Saúde","Suplementos Alimentares","1013","59","Tier 2 — llevaría a 15.000 items"
"4311330243","Liquid Iron Plus For Baby & Kids True Source Ferro Gotas Morango 30ml","Saúde","Suplementos Alimentares","1011","75","Tier 2 — llevaría a 15.000 items"
"4733624510","Magnésio + Inositol Relief 3.0 True Source Sabor Maracujá X 350g","Saúde","Suplementos Alimentares","1007","173","Tier 2 — llevaría a 15.000 items"
"3898518011","100% Whey - Isolado E Concentrado Refil 900g - Profit Sabor Baunilha","Saúde","Suplementos Alimentares","1006","75","Tier 2 — llevaría a 15.000 items"
"4533406835","Creatina Creapure Dux Nutrition 300g Monohidratada 100% Pura Selo Alemão Vegana Força Massa Muscular Treino Sem Sabor","Saúde","Suplementos Alimentares","1004","100","Tier 2 — llevaría a 15.000 items"
"4632109385","Dux Human Health Creatina 100% Monohidratada Sem Sabor 300g","Saúde","Suplementos Alimentares","1002","49","Tier 2 — llevaría a 15.000 items"
"5172030840","Nutrify Prebiotic 210g - Fibras Prebióticas - Neutro","Saúde","Suplementos Alimentares","999","54","Tier 2 — llevaría a 15.000 items"
"4930972578","Palatinose Pote 400g Dux Nutrition Sem Sabor","Saúde","Suplementos Alimentares","997","67","Tier 2 — llevaría a 15.000 items"
"4605016240","Dilatex Power 120 Cápsulas - Sanibras","Saúde","Suplementos Alimentares","993","57","Tier 2 — llevaría a 15.000 items"
"4134228063","Kit 2x Colágeno + Ácido Hialurônico Verisol Renova Be Colágeno Hidrolisado Zero Lactose Vitaminas E, C, B6 Biotina E Zinco + Creme Cranberry","Saúde","Suplementos Alimentares","992","184","Tier 2 — llevaría a 15.000 items"
"6429016164","Testo Forged - Zinco, Magnésio, Boro, Cromo, Vitamina D3, B12 - Precursor Da Testosterona - 120 Cápsulas - Forged Nutrition Sem Sabor","Saúde","Suplementos Alimentares","991","61","Tier 2 — llevaría a 15.000 items"
"4693548954","Suplemento Em Pó Adaptogen Science Panic Pré Treino Com Creatina Pote 300g Sabor Melancia","Saúde","Suplementos Alimentares","991","73","Tier 2 — llevaría a 15.000 items"
"4150176163","Supercoffee Doce De Leite - Economic Size (380g) - Caffeine Army","Saúde","Suplementos Alimentares","990","200","Tier 2 — llevaría a 15.000 items"
"3918246071","Picolinato De Cromo 250 Mcg  Suplemento Mineral Vegano Para Metabolismo E Açúcar No Sangue  Sem Glúten E Não Ogm  60 Cápsulas Sem Sabor","Saúde","Suplementos Alimentares","985","40","Tier 2 — llevaría a 15.000 items"
"6476240072","Creatina Creapure 250g Growth Supplements Sem Sabor Em Pó Suplemento Esportivo","Saúde","Suplementos Alimentares","984","77","Tier 2 — llevaría a 15.000 items"
"3611733923","Suplemento Vitalidade Energia Testosterol 1000 Man - 30 Comprimidos Sem Sabor - Inove Nutrition","Saúde","Suplementos Alimentares","984","62","Tier 2 — llevaría a 15.000 items"
"4616482122","Prevcal Mdk 600mg Calcio - 60cpr - Vitaminas D, K, Magnésio Sabor Sem Sabor","Saúde","Suplementos Alimentares","982","35","Tier 2 — llevaría a 15.000 items"
"3905063293","Whey 100% Pure Pouch 1,8kg Baunilha Integralmédica","Saúde","Suplementos Alimentares","982","232","Tier 2 — llevaría a 15.000 items"
"5514642424","Whey 100% Pure Pote 900g Gelato Di Latte Integralmedica Gelatto Di Latte","Saúde","Suplementos Alimentares","978","123","Tier 2 — llevaría a 15.000 items"
"6131244532","Creatina Monohidratada Creatine Vitafor 300g Sem Sabor","Saúde","Suplementos Alimentares","976","77","Tier 2 — llevaría a 15.000 items"
"5178952578","Magnésio Dimalato - Fórmula 100% Pura Com Máxima Concentração E Pureza - 60 Comprimidos Sem Sabor","Saúde","Suplementos Alimentares","975","47","Tier 2 — llevaría a 15.000 items"
"4466366527","3x Cúrcuma + Colágeno Tipo 2 - 360 Cápsulas De 500mg Ryco Sem Sabor","Saúde","Suplementos Alimentares","975","89","Tier 2 — llevaría a 15.000 items"
"4311321259","Suplemento Em Pó Fn Forbis Whey Gourmet Proteínas Sabor Mousse De Maracujá","Saúde","Suplementos Alimentares","973","40","Tier 2 — llevaría a 15.000 items"
"4269699544","2 Potes Vitamina B12 Metilcobalamina - 60caps Nutrify B 12 Cápsulas","Saúde","Suplementos Alimentares","971","58","Tier 2 — llevaría a 15.000 items"
"3763451807","Ômega 3 Tg 1360mg Ultra Concentrado 60 Cápsulas Nutrify Neutro","Saúde","Suplementos Alimentares","966","73","Tier 2 — llevaría a 15.000 items"
"3913424175","Pro Abdomen 60 Cápsulas - Profit Laboratórios Sabor Sem Sabor","Saúde","Suplementos Alimentares","966","29","Tier 2 — llevaría a 15.000 items"
"6428350216","Kit 2 Testo Hard 240caps + Energia Pré Treino Massa Suplemento Alimentar Pré Workout Sem Sabor","Saúde","Suplementos Alimentares","963","78","Tier 2 — llevaría a 15.000 items"
"6219776024","Neo Química Ômega 3 1000mg 60 Cápsulas Gelatinosas Suplemento Alimentar Sem Sabor","Saúde","Suplementos Alimentares","961","21","Tier 2 — llevaría a 15.000 items"
"4365084601","Dimethylex 60 Cápsulas Under Labz - Termogênico Sem Sabor","Saúde","Suplementos Alimentares","956","45","Tier 2 — llevaría a 15.000 items"
"4272324723","Whey Concentrado Refil 1kg Sabor Cookies - Ftw Biscoitos","Saúde","Suplementos Alimentares","953","73","Tier 2 — llevaría a 15.000 items"
"3106231356","Ômega 3 Bigens Meg-3® Epa 1000mg Dha 400mg 60 Cápsulas Sabor Neutro","Saúde","Suplementos Alimentares","950","69","Tier 2 — llevaría a 15.000 items"
"4426959907","Feno Grego Genisis Longlib Pro Man Máxima Pureza 2 Potes 120 Capsulas Sem Sabor","Saúde","Suplementos Alimentares","947","52","Tier 2 — llevaría a 15.000 items"
"5120940234","Isofort Plant Banana Com Canela 450g Vitafor","Saúde","Suplementos Alimentares","946","96","Tier 2 — llevaría a 15.000 items"
"3905037599","Creamass Hipercalórico Pouch Cookies 3kg Integralmédica Biscoitos","Saúde","Suplementos Alimentares","946","89","Tier 2 — llevaría a 15.000 items"
"5537016464","Keranat 300mg 90 Cápsulas Softgel Crescimento Capilar Sem Sabor","Saúde","Suplementos Alimentares","945","160","Tier 2 — llevaría a 15.000 items"
"6471374698","Creatina Monohidratada 500g Soldiers Nutrition 100% Pura Importada Alta Performance Músculo Treino Sem Sabor","Saúde","Suplementos Alimentares","945","36","Tier 2 — llevaría a 15.000 items"
"6132519118","Gaba Premium C/ Magnésio Inositol Para Calma, Sono E Noite 120 Capsulas - Repure","Saúde","Suplementos Alimentares","944","43","Tier 2 — llevaría a 15.000 items"
"3905075605","Protein Crisp Bar Ninho Creme De Avelã 12 Und Integralmédica Leite Em Pó Com Creme De Avelã","Saúde","Suplementos Alimentares","942","93","Tier 2 — llevaría a 15.000 items"
"3423989947","Ômega 3 1000mg Dha Epa Ala Tripla Fonte 120caps  Katiguá Sem Sabor","Saúde","Suplementos Alimentares","941","27","Tier 2 — llevaría a 15.000 items"
"5806345244","Barra Whey Grego 40g 12 Unidades Mousse De Maracujá Nutrata Mousse De Maracujá","Saúde","Suplementos Alimentares","941","63","Tier 2 — llevaría a 15.000 items"
"5432939840","Nutren Senior Baunilha - 740g Kit 2 Latas - (nestle)","Saúde","Suplementos Alimentares","940","290","Tier 2 — llevaría a 15.000 items"
"4521389891","Suplemento En Pó Black Skull Whey Protein Massa Muscular Proteína De Whey 100% Hd Sabor Chocolate X 900g","Saúde","Suplementos Alimentares","937","92","Tier 2 — llevaría a 15.000 items"
"1647064472","Metilcobalamina Vitamina B12 1.000mcg 180cps Sublingual Sabor","Saúde","Suplementos Alimentares","936","66","Tier 2 — llevaría a 15.000 items"
"4317812845","Whey Protein 100% Gourmet Fit Nutrition 900g Cookies","Saúde","Suplementos Alimentares","936","33","Tier 2 — llevaría a 15.000 items"
"6289979498","Ferritin12 - Vitamina De Combate À Queda Capilar 60 Cápsulas Sem Sabor","Saúde","Suplementos Alimentares","936","120","Tier 2 — llevaría a 15.000 items"
"5894141050","Multivitamínico Puro Nutrition, 22 Vitaminas E Minerais De A-z, 120 Cápsulas Sem Sabor","Saúde","Suplementos Alimentares","936","66","Tier 2 — llevaría a 15.000 items"
"4446565494","Multivitamínico 12 Vitaminas 5 Minerais 60 Cápsulas Soldiers Nutrition Energia Bem-estar","Saúde","Suplementos Alimentares","933","32","Tier 2 — llevaría a 15.000 items"
"5172028026","Bcaa 2044mg 90 Cápsulas Integralmédica Sem Sabor","Saúde","Suplementos Alimentares","933","43","Tier 2 — llevaría a 15.000 items"
"4243195293","Vitamina B12 Metilcobalamina 9,94mcg 414% Vd 120 Cápsulas Sem Sabor","Saúde","Suplementos Alimentares","929","32","Tier 2 — llevaría a 15.000 items"
"5127379664","Jumentinho 2 Cx - 100% Original Morango","Saúde","Suplementos Alimentares","929","80","Tier 2 — llevaría a 15.000 items"
"3905063213","Creamass Hipercalórico Pouch Baunilha 3kg Integralmédica","Saúde","Suplementos Alimentares","927","86","Tier 2 — llevaría a 15.000 items"
"5120875626","Isofort Beauty Baunilha 450g Vitafor","Saúde","Suplementos Alimentares","926","116","Tier 2 — llevaría a 15.000 items"
"4394038577","Puravida Vitaminas Bio Vit. B12+ Gotas Frutas Vermelhas 20ml","Saúde","Suplementos Alimentares","925","47","Tier 2 — llevaría a 15.000 items"
"6006047062","Trophic Basic 800g - Prodiet Sabor Baunilha","Saúde","Suplementos Alimentares","922","66","Tier 2 — llevaría a 15.000 items"
"5176900000","B12 Metilcobalamina + Magnésio Treonato + Coenzima Q10 500mg Sabor Sem Sabor","Saúde","Suplementos Alimentares","918","79","Tier 2 — llevaría a 15.000 items"
"5120879842","Vitamina B12 Menta 20ml Vitafor Menta","Saúde","Suplementos Alimentares","916","35","Tier 2 — llevaría a 15.000 items"
"3427726309","Nutren Senior Sem Sabor - 740g - Nestlé Sem Sabor","Saúde","Suplementos Alimentares","916","144","Tier 2 — llevaría a 15.000 items"
"5955384868","Colágeno Verisol Ácido Hialurônico Silício Orgânico Coq-10 Sabor Abacaxi Com Hortelã","Saúde","Suplementos Alimentares","916","64","Tier 2 — llevaría a 15.000 items"
"3697116043","Whey Protein Gourmet Fn Forbis Cookies & Cream 907 G","Saúde","Suplementos Alimentares","914","40","Tier 2 — llevaría a 15.000 items"
"5414393588","Pre Treino Carnage Pink Lemonade 450g Com Creatina Dark Lab","Saúde","Suplementos Alimentares","909","100","Tier 2 — llevaría a 15.000 items"
"3494680369","2x Sibutramil Potente Original - 60 Cápsulas","Saúde","Suplementos Alimentares","908","37","Tier 2 — llevaría a 15.000 items"
"6047555290","Inibidor De Apetite Mounjavitta Suplemento Natural - 60 Cápsulas Sem Sabor","Saúde","Suplementos Alimentares","904","74","Tier 2 — llevaría a 15.000 items"
"4465088583","Suplemento Em Pó 100% Hd Refil Black Skull - 900g Wpc Wpi E Wph Sabor Chocolate","Saúde","Suplementos Alimentares","903","89","Tier 2 — llevaría a 15.000 items"
"3875016317","Suplemento Em Pó Profit Labs Albúmina Sabor Morango Em Refil De 1000g","Saúde","Suplementos Alimentares","902","62","Tier 2 — llevaría a 15.000 items"
"3777339321","Katiguá Ômega 3 Tripla Fonte Dha Epa Ala 240 Cápsulas Óleo De Peixe Chia Linhaça Sem Sabor","Saúde","Suplementos Alimentares","901","41","Tier 2 — llevaría a 15.000 items"
"5120876780","Proteína Vegetal Isofort Plant Cacau 450g Vitafor","Saúde","Suplementos Alimentares","901","97","Tier 2 — llevaría a 15.000 items"
"4311210801","Whey Gourmet 900g Fn Forbis (best) Whey 25g Proteinas Sabor Baunilha Creme","Saúde","Suplementos Alimentares","901","39","Tier 2 — llevaría a 15.000 items"
"2117342935","Refil 100% Whey Protein Concentrado Max Titanium 900g Sabor Baunilha","Saúde","Suplementos Alimentares","898","130","Tier 2 — llevaría a 15.000 items"
"3993960383","Maca Mulher 100% Natural 120 Cáps De 500mg - Premium Suprema Sem Sabor","Saúde","Suplementos Alimentares","897","45","Tier 2 — llevaría a 15.000 items"
"3715761859","Vitamina D3 5000 Ui Recover Farma 60 Cápsulas Sabor Natural Sem Glúten","Saúde","Suplementos Alimentares","897","32","Tier 2 — llevaría a 15.000 items"
"5912013158","Vitamina D3 K2 Mk7 (2000ui + 149mcg) Premium 120 Cáps Repure Sem Sabor","Saúde","Suplementos Alimentares","897","33","Tier 2 — llevaría a 15.000 items"
"4536862633","Pasta De Amendoim Dr. Peanut Sabor Cookies & Cream De 600g","Saúde","Suplementos Alimentares","896","41","Tier 2 — llevaría a 15.000 items"
"5521090136","Creatina Sabor Morango 350g Integralmedica","Saúde","Suplementos Alimentares","894","48","Tier 2 — llevaría a 15.000 items"
"5120860758","Hyaluronic Hair 60 Cápsulas Vitafor Sem Sabor","Saúde","Suplementos Alimentares","894","59","Tier 2 — llevaría a 15.000 items"
"5157340550","Isosource 1.5 1000ml Nestlé Sabor (sem Sabor)","Saúde","Suplementos Alimentares","893","40","Tier 2 — llevaría a 15.000 items"
"5311383040","Berberina Pura 100% Natural 500mg 120 Cápsulas Sem Sabor","Saúde","Suplementos Alimentares","893","43","Tier 2 — llevaría a 15.000 items"
"4175978069","Baristar Com 100 Cápsulas Suplemento Alimentar Sem Sabor","Saúde","Suplementos Alimentares","892","139","Tier 2 — llevaría a 15.000 items"
"4783338038","Colágeno Hidrolisado Com Ácido Hialurônico + Biotina","Saúde","Suplementos Alimentares","891","24","Tier 2 — llevaría a 15.000 items"
"5120017614","Suplemento Creatina Monohidratada Pote De 300g Em Pó Profit Laboratórios","Saúde","Suplementos Alimentares","891","32","Tier 2 — llevaría a 15.000 items"
"6202522590","Suplemento Em Cápsulas Cimed Lavitan Omega 3 90 Cápsulas Sem Sabor","Saúde","Suplementos Alimentares","890","23","Tier 2 — llevaría a 15.000 items"
"4268137291","Biotina 45mcg Cabelo E Unhas 100% Pura - Repure Nutrition 120 Cápsulas (4 Meses)","Saúde","Suplementos Alimentares","888","33","Tier 2 — llevaría a 15.000 items"
"3905027613","Évora Pré Treino Maçã Verde 300g Darkness","Saúde","Suplementos Alimentares","888","82","Tier 2 — llevaría a 15.000 items"
"4425374151","Super Kit Pré-treino Naturais 9 Suplementos Naturais Beterraba Gengibre Natural","Saúde","Suplementos Alimentares","885","38","Tier 2 — llevaría a 15.000 items"
"4311325783","Whey Protein Fn Forbis Gourmet 900g 25g Proteínas Sabor Chocolate Trufado","Saúde","Suplementos Alimentares","884","40","Tier 2 — llevaría a 15.000 items"
"5736147416","Creatina Monohidratada 500g Refil Universal Nutrition Sem Sabor","Saúde","Suplementos Alimentares","883","50","Tier 2 — llevaría a 15.000 items"
"5671033532","Refil Creatina Monohidratada 100% Pura 500g +mu Pink Lemonade","Saúde","Suplementos Alimentares","883","71","Tier 2 — llevaría a 15.000 items"
"4825345270","Whey Isolado Zero 900g Dark Lab - Whey Protein Zero Carb Sabor Morango (low Carb)","Saúde","Suplementos Alimentares","883","251","Tier 2 — llevaría a 15.000 items"
"4063952413","Testo Cycle Under Labz Zinco Magnésio Cromo Boro Vitamina D Testo Cycle 120 Cápsulas","Saúde","Suplementos Alimentares","883","79","Tier 2 — llevaría a 15.000 items"
"4620514010","Creatina 100% Pura 300g Integralmedica - Força E Performance Neutro","Saúde","Suplementos Alimentares","882","43","Tier 2 — llevaría a 15.000 items"
"5897361368","Ômega 3 Equaliv 120 Cápsulas  Ifos + Fos Alta Pureza Neutro","Saúde","Suplementos Alimentares","877","58","Tier 2 — llevaría a 15.000 items"
"6538616516","Creatina Monohidratada 1kg 100% Pura - Everlast Sem Sabor","Saúde","Suplementos Alimentares","875","70","Tier 2 — llevaría a 15.000 items"
"1520269155","Pré-treino Abduzido Nitromax 300g 200mg Cafeína Pump","Saúde","Suplementos Alimentares","874","32","Tier 2 — llevaría a 15.000 items"
"5742362552","Biotina 100% Pura 45mcg 60 Cápsulas Veganas Bodyaction Sabor Sem Sabor","Saúde","Suplementos Alimentares","874","31","Tier 2 — llevaría a 15.000 items"
"3893226979","Creatina 100% Pura 60 Cápsulas Integralmédica Sem Sabor","Saúde","Suplementos Alimentares","872","18","Tier 2 — llevaría a 15.000 items"
"4338807329","Lavitan A-z Mulher Com 60 Comprimidos Suplemento Vitaminico Sem Sabor","Saúde","Suplementos Alimentares","872","19","Tier 2 — llevaría a 15.000 items"
"6464990580","Suplemento Em Pó Diabo Verde Pre Workout Pote 300g Inferno Tangerina Fire","Saúde","Suplementos Alimentares","870","79","Tier 2 — llevaría a 15.000 items"
"5708722940","Go! Energy Now Gel (10 Sachês De 30g) Atlhetica Nutrition Sabor Morango C/ Limão Frutilla Limón","Saúde","Suplementos Alimentares","870","30","Tier 2 — llevaría a 15.000 items"
"4040656234","Vitamina D3 + K2 Mk-7, Em Gotas, D3 2000ui | K2 100mcg, Sabor Limão, 20ml, Bigens","Saúde","Suplementos Alimentares","870","62","Tier 2 — llevaría a 15.000 items"
"4302807627","Vitamina D3 10.000ui + Vitk2 Mk7 100mcg C/240 Cápsulas Sabor N/a","Saúde","Suplementos Alimentares","870","47","Tier 2 — llevaría a 15.000 items"
"4329892517","Pré-treino B.o.p.e. Black Skull Em Pó, 300g Sabor Frutas Amarelas","Saúde","Suplementos Alimentares","869","27","Tier 2 — llevaría a 15.000 items"
"5350924144","Acido Alfa Lipoico 600mg 60 Capsulas - Dr. Botanico Sem Sabor","Saúde","Suplementos Alimentares","868","28","Tier 2 — llevaría a 15.000 items"
"1793872099","Vitd3 10.000ui+vitk2mk7 120mcg+magnésio Dimalato250mg C/120  N/a","Saúde","Suplementos Alimentares","868","36","Tier 2 — llevaría a 15.000 items"
"4818952382","Whey One Protein Proteína Sachê Refil 900g - Dark Lab Sabor Morango","Saúde","Suplementos Alimentares","866","68","Tier 2 — llevaría a 15.000 items"
"3905067217","Colágeno Hidrolisado Collagen Renew Limão 300g Nutrify Limão","Saúde","Suplementos Alimentares","863","67","Tier 2 — llevaría a 15.000 items"
"4818955566","Whey One Protein Proteína Sachê Refil 900g - Dark Lab Sabor Chocolate","Saúde","Suplementos Alimentares","862","74","Tier 2 — llevaría a 15.000 items"
"5159008142","Suplemento Em Pó Pre Treino Pre Workout Pote 300g Sabor Cereja Ice Ftw - Diabo Verde","Saúde","Suplementos Alimentares","861","53","Tier 2 — llevaría a 15.000 items"
"5806290928","Tadavida 5mg Arginina 500mg Natural Premium 60 Capsulas Sem Sabor","Saúde","Suplementos Alimentares","858","60","Tier 2 — llevaría a 15.000 items"
"3909054631","Taurina Com 1000mg Por Dose - Fórmula Exclusiva Com Máxima Concentração E Absorção - 60 Cápsulas Sem Sabor","Saúde","Suplementos Alimentares","857","43","Tier 2 — llevaría a 15.000 items"
"3879710141","Diurex Profit Morango Com Kiwi - 200g","Saúde","Suplementos Alimentares","856","46","Tier 2 — llevaría a 15.000 items"
"4992814222","Suplemento Em Pó 100% Hd Refil Black Skull - 900g Wpc Wpi E Wph Sabor Chocolate","Saúde","Suplementos Alimentares","855","88","Tier 2 — llevaría a 15.000 items"
"5337856792","Ferro Bisglicinato Suplemento Líquido Ydrosolv® Yosen 30ml Sabor Framboesa","Saúde","Suplementos Alimentares","853","86","Tier 2 — llevaría a 15.000 items"
"4454492389","Testo Hard For Man Pre Treino Pre Workout + Energia 120 Cápsulas Suplemento Alimentar Sem Sabor","Saúde","Suplementos Alimentares","847","46","Tier 2 — llevaría a 15.000 items"
"5767861238","Bio Trimag Puravida - 3 Tipos De Magnesio - 60 Caps Softgels Sabor Sem Sabor Spirulina Bogado 120","Saúde","Suplementos Alimentares","840","69","Tier 2 — llevaría a 15.000 items"
"4460657849","Creatina Growth Creapure 250g 100% Pura Original Sem Sabor","Saúde","Suplementos Alimentares","839","84","Tier 2 — llevaría a 15.000 items"
"3417706739","Kit Whey Protein Isolado + Creatina + Pré Treino + Shaker","Saúde","Suplementos Alimentares","835","131","Tier 2 — llevaría a 15.000 items"
"3705196453","Glucosamina 1500mg + Condroitina 1200mg + Msm 600mg Sabor Without Flavor Sem Sabor","Saúde","Suplementos Alimentares","834","62","Tier 2 — llevaría a 15.000 items"
"4235543337","Biotina C/ Silício Orgânico E Ácido Hialurônico  60 Cápsulas Sem Sabor","Saúde","Suplementos Alimentares","833","28","Tier 2 — llevaría a 15.000 items"
"4557626091","Pasta De Amendoim Proteica Dr. Peanut Avelã 600g Sem Açúcar Glúten","Saúde","Suplementos Alimentares","832","45","Tier 2 — llevaría a 15.000 items"
"5720592846","3x Maca Peruana 2500mg 100% Pura 360 Cápsulas Premium Sabor Sem Sabor","Saúde","Suplementos Alimentares","831","79","Tier 2 — llevaría a 15.000 items"
"4825373406","Whey Isolado Zero 900g Dark Lab - Whey Protein Zero Carb Sabor Chocolate (low Carb)","Saúde","Suplementos Alimentares","829","251","Tier 2 — llevaría a 15.000 items"
"5341601222","Ômega 3 Em 1 Com Coenzima Q10 E Vitamina D3 Vhita 60 Caps Sem Sabor","Saúde","Suplementos Alimentares","827","206","Tier 2 — llevaría a 15.000 items"
"3874803203","Whey Protein 100% Concentrado Premium 840g Profit Morango","Saúde","Suplementos Alimentares","825","78","Tier 2 — llevaría a 15.000 items"
"6055446916","Suplemento Nutricional Líquido Danone Cubitan De Morango 200 Ml","Saúde","Suplementos Alimentares","824","21","Tier 2 — llevaría a 15.000 items"
"5251446566","Lavitan Multivitamínico A-z Mulher 90 Comprimidos Sem Sabor","Saúde","Suplementos Alimentares","824","24","Tier 2 — llevaría a 15.000 items"
"5830882084","Cartliv Equaliv 60 Cáps  Colágeno Tipo Ii Collavant N2 Sem Sabor","Saúde","Suplementos Alimentares","824","66","Tier 2 — llevaría a 15.000 items"
"4594866823","Creatina Dux Nutrition 300gr Monohidratada Pura Sabor Neutro","Saúde","Suplementos Alimentares","823","49","Tier 2 — llevaría a 15.000 items"
"3876934505","Suplemento En Po Profit Labs Proteínas De Anabolic Mass 28500 Sabor Cookies And Cream X 3kg","Saúde","Suplementos Alimentares","823","73","Tier 2 — llevaría a 15.000 items"
"2778150342","Dila Pump Pré-treino E Vasodilatador 318g Adaptogen Science Sabor Mango And Orange Manga & Laranja","Saúde","Suplementos Alimentares","821","59","Tier 2 — llevaría a 15.000 items"
"4175894727","Umidificador Purificador De Ar Aromatizador Elétrico 500ml Cor Marrom-claro","Saúde","Terapias Alternativas","1031","46","Tier 2 — llevaría a 15.000 items"
"5986957258","Óleo Essencial Cólica Baby Aromathérapie Blend 10 Ml Massagem","Saúde","Terapias Alternativas","948","30","Tier 2 — llevaría a 15.000 items"
"5109086914","Umidificador Aromatizador Kaizu Chama Fogo Realista Ultrassônico 200ml Usb Bivolt Sortidos 127/220v","Saúde","Terapias Alternativas","947","48","Tier 2 — llevaría a 15.000 items"
"4014755549","Kit 5 Essências Hidrossolúvel A Base De Água 20ml Para Difusor Umidificador Aromatizador","Saúde","Terapias Alternativas","868","28","Tier 2 — llevaría a 15.000 items"
"4210905549","Kit 12 Essencia Para Difusor Umidificador Aromatizador Vaporizador De Ambiente Concentrada Hidrossolúveis 10ml Kaizu","Saúde","Terapias Alternativas","855","41","Tier 2 — llevaría a 15.000 items"
"4050276780","50 Varetas De Fibra De Algodão 25cm 4mm Difusor Aromatizador","Saúde","Terapias Alternativas","833","29","Tier 2 — llevaría a 15.000 items"
"6427446188","Umidificador De Ar Ultrassônico Kian 5 Litros Bivolt Preto 127/220v","Saúde","Terapias Alternativas","833","174","Tier 2 — llevaría a 15.000 items"
