"vertical","agg1","agg2","agg3","dominio","unidades","nmv_brl","pct_del_unidades_zona","pct_del_unidades_vertical","pct_del_nmv_zona","pct_del_nmv_vertical"
"HEALTH","SUPPLEMENTS","HEALTH SUPPLEMENTS","OMEGAS/FISHOILS","SUPPLEMENTS","49737","4647704","2,74","47,161","3,614","55,857"
"FASHION","APPAREL","CLOTHING","PANTS & OTHERS","PANTS","32932","808443","1,814","12,631","0,629","6,381"
"FASHION","FOOTWEAR","SNEAKERS","SPORTS FOOTWEAR","SNEAKERS","20446","2134130","1,126","7,842","1,659","16,846"
"ENTERTAINMENT","BOOKS AND OTHERS","BOOKS","BOOKS","BOOKS","17561","918163","0,968","56,753","0,714","37,464"
"FASHION","APPAREL","CLOTHING","SHIRTS","T_SHIRTS","17035","806957","0,939","6,534","0,627","6,37"
"BEAUTY","FRAGRANCES","FRAGRANCES","FRAGRANCES","PERFUMES","15049","2101569","0,829","12,429","1,634","21,924"
"CONSTRUCTION & INDUSTRY","LIGHTING","WALL & CEILING LIGHTS","WALL & CEILING LIGHTS","FLOOR_CEILING_AND_WALL_LIGHTS","14123","764616","0,778","4,484","0,595","3,822"
"BEAUTY","HAIR","HAIR","HAIR CARE","HAIR_TREATMENTS","13640","1213318","0,751","11,265","0,943","12,658"
"TECHNOLOGY","WEARABLES","HEADPHONES","HEADSETS","HEADPHONES","13295","1558334","0,732","8,707","1,212","5,314"
"CPG","FOODS","BREAKFAST & CEREALS","MILK","MILK","13061","250867","0,72","4,148","0,195","2,077"
"BEAUTY","BEAUTY PERSONAL CARE","BODY CARE","BODY CARE","BODY_SKIN_CARE_PRODUCTS","10578","632658","0,583","8,737","0,492","6,6"
"CPG","DRINKS","ALCOHOLICS","WINES & SPARKLING WINES","WINES","10347","496670","0,57","3,286","0,386","4,111"
"FURNISHING & HOUSEWARE","HOUSEHOLD ITEMS","KITCHEN HOME","FOOD STORAGE","FOOD_STORAGE_CONTAINERS","10169","563757","0,56","4,838","0,438","4,991"
"BEAUTY","BEAUTY PERSONAL CARE","FACIAL CARE","FACIAL CARE","FACIAL_SKIN_CARE_PRODUCTS","10155","851270","0,559","8,387","0,662","8,881"
"CPG","FOODS","BREAKFAST & CEREALS","COFFEE","INFUSION_CAPSULES","10133","260150","0,558","3,218","0,202","2,153"
"FASHION","FOOTWEAR","SANDAL","SANDAL","SANDALS_AND_CLOGS","9892","580529","0,545","3,794","0,451","4,582"
"CPG","CPG HOME CARE","CLEANING PRODUCTS & SUPPLIES","HOUSE CLEANING PRODUCTS","MULTIPURPOSE_CLEANERS_AND_DISINFECTANTS","9714","211464","0,535","3,085","0,164","1,75"
"TECHNOLOGY","SMARTPHONES & TABLETS","SMARTPHONES PARTS & ACCESSORIES","SMARTPHONES & TABLETS CASES & COVERS","CELLPHONE_CASES_AND_COVERS","9604","288452","0,529","6,29","0,224","0,984"
"TECHNOLOGY","SMARTPHONES & TABLETS","SMARTPHONES PARTS & ACCESSORIES","SMARTPHONES DEVICE CHARGERS","MOBILE_DEVICE_CHARGERS","9293","630647","0,512","6,086","0,49","2,15"
"BEAUTY","HAIR","HAIR","HAIR CARE","HAIR_SHAMPOOS_AND_CONDITIONERS","9121","770376","0,503","7,533","0,599","8,037"
"CONSTRUCTION & INDUSTRY","SECURITY","CAMERAS, MONITORS & KITS","CAMERAS, MONITORS & KITS","SURVEILLANCE_CAMERAS","9002","905019","0,496","2,858","0,704","4,524"
"HOME ELECTRONICS","AUDIO & GENERAL ELECTRONICS","AUDIO ACCESSORIES","AUDIO & VIDEO CABLES & ADAPTERS","AUDIO_AND_VIDEO_CABLES_AND_ADAPTERS","8634","334100","0,476","10,55","0,26","5,014"
"FASHION","APPAREL","BASICS","KIT UNDERWEAR&UNDERWEAR","SOCKS","8203","375516","0,452","3,146","0,292","2,964"
"FASHION","APPAREL","CLOTHING","SWEATERS AND CARDIGANS","BLOUSES","8117","215201","0,447","3,113","0,167","1,699"
"TECHNOLOGY","IT PERIPHERALS, PARTS & ACCESSORIES","PERIPHERALS ACCESSORIES","CABLES & ACCESSORIES","DATA_CABLES_AND_ADAPTERS","8022","230484","0,442","5,254","0,179","0,786"
"FASHION","APPAREL","CLOTHING","PANTS & OTHERS","SHORTS","7882","194015","0,434","3,023","0,151","1,531"
"FASHION","APPAREL","CLOTHING","DRESSES","DRESSES","7861","237246","0,433","3,015","0,184","1,873"
"FASHION","APPAREL","CLOTHING","SHIRTS","SHIRTS","7839","292620","0,432","3,007","0,228","2,31"
"CPG","FOODS","BREAKFAST & CEREALS","COFFEE","GROUND_AND_WHOLE_BEANS_COFFEE","7669","303011","0,423","2,436","0,236","2,508"
"CPG","CPG HOME CARE","LAUNDRY PRODUCTS","LAUNDRY PRODUCTS","LAUNDRY_DETERGENTS","7574","308335","0,417","2,406","0,24","2,552"
"CPG","FOODS","CHOCOLATE & SWEETS","CHOCOLATES","CHOCOLATES","7333","269017","0,404","2,329","0,209","2,227"
"CONSTRUCTION & INDUSTRY","STATIONERY","OFFICE & SCHOOL SUPPLIES","GLUES & TAPES","ADHESIVE_TAPES","7326","351500","0,404","2,326","0,273","1,757"
"CONSTRUCTION & INDUSTRY","LIGHTING","BULBS & LED STRIPS","BULBS & LED STRIPS","LIGHT_BULBS","7225","291876","0,398","2,294","0,227","1,459"
"TECHNOLOGY","SMARTPHONES & TABLETS","SMARTPHONES","SMARTPHONES","CELLPHONES","6889","7676479","0,38","4,512","5,969","26,176"
"CPG","FOODS","CHOCOLATE & SWEETS","CANDIES","CANDIES","6797","180185","0,374","2,159","0,14","1,492"
"FASHION","APPAREL","CLOTHING","COAT AND JACKET","JACKETS_AND_COATS","6714","285818","0,37","2,575","0,222","2,256"
"CONSTRUCTION & INDUSTRY","STATIONERY","OFFICE & SCHOOL SUPPLIES","PAPERS","SCHOOL_AND_OFFICE_PAPERS","6388","398688","0,352","2,028","0,31","1,993"
"TECHNOLOGY","SMARTPHONES & TABLETS","SMARTPHONES PARTS & ACCESSORIES","SMARTPHONES SCREENS","CELLPHONE_SCREENS","6180","137156","0,34","4,047","0,107","0,468"
"CONSTRUCTION & INDUSTRY","LIGHTING","BULBS & LED STRIPS","BULBS & LED STRIPS","LED_STRIPS","5920","220324","0,326","1,88","0,171","1,101"
"FURNISHING & HOUSEWARE","HOUSEHOLD ITEMS","TABLETOP","DRINKWARE & ICE","DRINKING_GLASSES","5739","314758","0,316","2,73","0,245","2,787"
"FURNISHING & HOUSEWARE","TEXTILES","BEDROOM TEXTILES","SHEETS & PILLOW COVERS","BED_SHEETS","5735","345930","0,316","2,728","0,269","3,063"
"CONSTRUCTION & INDUSTRY","CONSTRUCTION","FAUCETS","BATHROOM FAUCETS","BATHROOM_FAUCETS_AND_MIXERS","5550","365464","0,306","1,762","0,284","1,827"
"CONSTRUCTION & INDUSTRY","INDUSTRY","ADVERTISEMENT & GRAPHIC DESIGN","ADVERTISEMENT & GRAPHIC DESIGN","COMMERCIAL_AND_EVENT_BAGS","5499","284590","0,303","1,746","0,221","1,423"
"FURNISHING & HOUSEWARE","HOUSEHOLD ITEMS","KITCHEN HOME","WATER DISPENSERS AND FILTERS","WATER_PURIFIER_FILTERS_REPLACEMENTS","5441","394871","0,3","2,588","0,307","3,496"
"CPG","PET","PET FOOD & TREATS","CAT & DOGS FOOD AND TREATS","CAT_AND_DOG_FOODS","5426","462295","0,299","1,723","0,359","3,827"
"FURNISHING & HOUSEWARE","HOUSEHOLD ITEMS","CLEANING & LAUNDRY","HOME CLEANING","WASTE_BASKETS","5389","275295","0,297","2,564","0,214","2,437"
"CPG","CPG HOME CARE","CLEANING PRODUCTS & SUPPLIES","HOUSE CLEANING PRODUCTS","DISHWASHING_DETERGENTS","5319","156508","0,293","1,689","0,122","1,296"
"BEAUTY","BEAUTY PROFESSIONAL","BEAUTY SALOON","HAIR PROFESSIONAL","HAIR_AND_FACE_DYES_AND_BLEACHES","5314","261763","0,293","4,389","0,204","2,731"
"FASHION","APPAREL","CLOTHING","SPORTSWEAR","SPORT_SHORTS","5215","186794","0,287","2","0,145","1,474"
"FASHION","APPAREL ACCESSORIES","WATCH","WATCH","WRISTWATCHES","5137","586976","0,283","1,97","0,456","4,633"
"CPG","DRINKS","NON ALCOHOLICS","WATERS","MINERAL_WATERS","5135","128532","0,283","1,631","0,1","1,064"
"FASHION","APPAREL","BASICS","KIT UNDERWEAR&UNDERWEAR","UNDERPANTS","5134","420678","0,283","1,969","0,327","3,321"
"BEAUTY","BEAUTY ELECTRONICS","BEAUTY ELECTRONICS","ELETRIC_SHAVERS","HAIR_CLIPPERS_ELECTRIC_SHAVERS_AND_HAIR_TRIMMERS","5054","468137","0,278","4,174","0,364","4,884"
"CONSTRUCTION & INDUSTRY","CONSTRUCTION","ELECTRICAL","SWITCHES AND PLUGS","ELECTRICAL_OUTLETS","5042","234375","0,278","1,601","0,182","1,172"
"CONSTRUCTION & INDUSTRY","STATIONERY","OFFICE & SCHOOL SUPPLIES","OTHER OFFICE & SCHOOL SUPPLIES","SELF_ADHESIVE_LABELS","5014","352565","0,276","1,592","0,274","1,762"
"CPG","CPG HOME CARE","TOILET PAPERS & NAPKINS","TOILET PAPERS & NAPKINS","TOILET_PAPERS","4939","145947","0,272","1,569","0,113","1,208"
"CPG","CPG HOME CARE","BATTERIES","CELL BATTERIES","CELL_BATTERIES","4872","235929","0,268","1,547","0,183","1,953"
"CPG","FOODS","COOKIES & SNACKS","COOKIES","COOKIES","4870","132163","0,268","1,547","0,103","1,094"
"FASHION","APPAREL","CLOTHING","PANTS & OTHERS","SKIRTS","4856","98547","0,268","1,863","0,077","0,778"
"CONSTRUCTION & INDUSTRY","CONSTRUCTION","ELECTRICAL","POWER SAVERS & STRIPS","POWER_STRIPS","4833","230294","0,266","1,535","0,179","1,151"
"CPG","CPG HOME CARE","CLEANING PRODUCTS & SUPPLIES","KITCHEN & CLEANING SUPPLIES","CLEANING_CLOTHS","4691","159485","0,258","1,49","0,124","1,32"
"FASHION","APPAREL","CLOTHING","SPORTSWEAR","SPORT_T_SHIRTS","4668","182277","0,257","1,79","0,142","1,439"
"HEALTH","HEALTH GOODS","HEALTH PROFESSIONAL","HEALTH PROFESSIONAL CONSUMABLES","SYRINGES","4637","265975","0,255","4,397","0,207","3,197"
"CPG","CPG HOME CARE","CLEANING PRODUCTS & SUPPLIES","HOUSE CLEANING PRODUCTS","FLOOR_DEODORIZERS","4632","123115","0,255","1,471","0,096","1,019"
"FASHION","APPAREL","CLOTHING","SPORTSWEAR","LEGGINGS","4499","144075","0,248","1,726","0,112","1,137"
"CPG","CPG PERSONAL CARE","PERSONAL CARE ESSENTIALS","DEODORANTS","DEODORANTS","4356","136330","0,24","1,384","0,106","1,128"
"FASHION","APPAREL ACCESSORIES","SUNGLASSES","SUNGLASSES","SUNGLASSES","4356","211239","0,24","1,671","0,164","1,667"
"CPG","CPG PERSONAL CARE","PERSONAL CARE ESSENTIALS","SOAP","LIQUID_HAND_AND_BODY_SOAPS","4345","139414","0,239","1,38","0,108","1,154"
"SPORTS","MOUNTAIN & OUTDOORS","CAMPING","GEAR & EQUIPMENT","BACKPACKS","4252","311160","0,234","7,667","0,242","8,735"
"CPG","CPG HOME CARE","LAUNDRY PRODUCTS","LAUNDRY PRODUCTS","FABRIC_SOFTENERS","4206","148010","0,232","1,336","0,115","1,225"
"CPG","FOODS","GROCERIES","SAUCES & DRESSINGS","SAUCES_AND_DRESSINGS","4167","96257","0,23","1,324","0,075","0,797"
"CPG","FOODS","GROCERIES","OILS","COOKING_OILS","4107","145336","0,226","1,304","0,113","1,203"
"CPG","DRINKS","NON ALCOHOLICS","JUICES","JUICES","4105","109717","0,226","1,304","0,085","0,908"
"FASHION","APPAREL ACCESSORIES","HATS","HATS","HATS_AND_CAPS","4087","200482","0,225","1,568","0,156","1,582"
"CPG","CPG HOME CARE","CLEANING PRODUCTS & SUPPLIES","KITCHEN & CLEANING SUPPLIES","TRASH_BAGS","4045","110406","0,223","1,285","0,086","0,914"
"BEAUTY","BEAUTY PERSONAL CARE","SOLAR CARE","BODY SOLAR CARE","SUNSCREENS","4035","278474","0,222","3,333","0,217","2,905"
"CPG","PET","PET BEAUTY & HYGIENE","SANITARY ACCESSORIES","DOG_POTTY_PADS","4005","250800","0,221","1,272","0,195","2,076"
"HOME ELECTRONICS","TELEVISIONS & STREAMING DEVICES","TELEVISIONS ACCESSORIES","TELEVISIONS ACCESSORIES","TV_AND_MONITOR_STANDS_AND_WALL_HANGERS","3991","214498","0,22","4,876","0,167","3,219"
"CPG","PET","PET HEALTH & MEDICINE","PET HEALTH & MEDICINE","CAT_AND_DOG_SUPPLEMENTS","3966","351305","0,219","1,26","0,273","2,908"
"CONSTRUCTION & INDUSTRY","LIGHTING","EMERGENCY & FLOOD LIGHTS","EMERGENCY & FLOOD LIGHTS","FLOOD_LIGHTS","3943","194698","0,217","1,252","0,151","0,973"
"CPG","PET","PET HEALTH & MEDICINE","PET HEALTH & MEDICINE","NON_PRESCRIPTION_PET_ANTIPARASITICS","3829","388078","0,211","1,216","0,302","3,212"
"HOME ELECTRONICS","HOUSEHOLD APPLIANCES PARTS","PARTS","HOME APPLIANCES ACCESSORIES & SPARE PARTS","HOME_APPLIANCES_ACCESSORIES_AND_REPLACEMENTS","3828","188276","0,211","4,677","0,146","2,826"
"CONSTRUCTION & INDUSTRY","LIGHTING","TABLE & DESK LAMPS","TABLE & DESK LAMPS","TABLE_AND_DESK_LAMPS","3822","174860","0,211","1,214","0,136","0,874"
"FASHION","APPAREL","BASICS","LINGERIE PANTIES","PANTIES","3819","164308","0,21","1,465","0,128","1,297"
"SPORTS","MOUNTAIN & OUTDOORS","CAMPING","GEAR & EQUIPMENT","THERMOSES","3752","222834","0,207","6,766","0,173","6,256"
"HEALTH","HEALTH GOODS","HEALTH PROFESSIONAL","HEALTH PROFESSIONAL CONSUMABLES","DISPOSABLE_GLOVES","3747","173339","0,206","3,553","0,135","2,083"
"CONSTRUCTION & INDUSTRY","CONSTRUCTION","BATHROOM & KITCHEN CONSTRUCTION","BATHTUBS, SHOWERS ACC & DRAINS","DRAIN_GRATES","3729","125563","0,205","1,184","0,098","0,628"
"FURNISHING & HOUSEWARE","HOUSEHOLD ITEMS","TABLETOP","DRINKWARE & ICE","MUGS","3565","165996","0,196","1,696","0,129","1,47"
"TECHNOLOGY","IT PERIPHERALS, PARTS & ACCESSORIES","PC PERIPHERALS","COMPUTER MICE","COMPUTER_MICE","3487","274412","0,192","2,284","0,213","0,936"
"CONSTRUCTION & INDUSTRY","STATIONERY","OFFICE & SCHOOL SUPPLIES","GLUES & TAPES","GLUES_AND_ADHESIVES","3455","146341","0,19","1,097","0,114","0,732"
"CPG","DRINKS","NON ALCOHOLICS","SOFT DRINKS","SOFT_DRINKS","3452","92146","0,19","1,096","0,072","0,763"
"CPG","DRINKS","ALCOHOLICS","BEER","BEERS","3450","131324","0,19","1,096","0,102","1,087"
"CONSTRUCTION & INDUSTRY","CONSTRUCTION","ELECTRICAL","SWITCHES AND PLUGS","PLUG_ADAPTERS","3436","101921","0,189","1,091","0,079","0,509"
"CONSTRUCTION & INDUSTRY","INDUSTRY","SAFETY EQUIPMENT","SAFETY EQUIPMENT","SAFETY_FOOTWEAR","3341","302993","0,184","1,061","0,236","1,515"
"FURNISHING & HOUSEWARE","HOUSEHOLD ITEMS","ORGANIZATION","CLOTHING ORG","CLOTHES_HANGERS","3320","167017","0,183","1,579","0,13","1,479"
"T & B","TOYS AND GAMES","OTHER TOYS & GAMES","OTHER TOYS & GAMES","SQUISHIES","3307","116981","0,182","5,53","0,091","3,138"
"CPG","FOODS","CANNED","CANNED","CANNED_AND_PRESERVED_FOOD","3305","69766","0,182","1,05","0,054","0,578"
"TECHNOLOGY","WEARABLES","SMARTWATCHES","SMARTWATCHES","SMARTWATCHES","3298","997795","0,182","2,16","0,776","3,402"
"CONSTRUCTION & INDUSTRY","INDUSTRY","PACKAGING","PACKAGING","POLY_MAILERS","3272","213428","0,18","1,039","0,166","1,067"
"CPG","CPG HOME CARE","TOILET PAPERS & NAPKINS","TOILET PAPERS & NAPKINS","KITCHEN_PAPER_TOWELS","3262","113575","0,18","1,036","0,088","0,94"
"CONSTRUCTION & INDUSTRY","CONSTRUCTION","FAUCETS","KITCHEN FAUCETS","KITCHEN_FAUCETS","3255","275583","0,179","1,034","0,214","1,378"
"FURNISHING & HOUSEWARE","TEXTILES","BEDROOM TEXTILES","SHEETS & PILLOW COVERS","CUSHION_AND_PILLOW_COVERS","3204","135268","0,177","1,524","0,105","1,198"
"CPG","DRINKS","ALCOHOLICS","WINES & SPARKLING WINES","SPARKLING_WINES","3173","139832","0,175","1,008","0,109","1,157"
"CPG","CPG PERSONAL CARE","PERSONAL CARE ESSENTIALS","SOAP","BAR_SOAPS","3128","97402","0,172","0,994","0,076","0,806"
"CPG","CPG PERSONAL CARE","BABY DIAPERS","BABY DIAPERS","DISPOSABLE_BABY_DIAPERS","3088","211250","0,17","0,981","0,164","1,749"
"CONSTRUCTION & INDUSTRY","TOOLS","MANUAL TOOLS","MANUAL TOOLS FIXING","WRENCHES","3071","152026","0,169","0,975","0,118","0,76"
"FASHION","APPAREL ACCESSORIES","BELT","BELT","BELTS","2990","95703","0,165","1,147","0,074","0,755"
"TECHNOLOGY","SMARTPHONES & TABLETS","SMARTPHONES PARTS & ACCESSORIES","SMARTPHONES, TABLETS & GPS SCREEN PROTECTORS","CELLPHONE_TABLET_AND_GPS_SCREEN_PROTECTORS","2969","90810","0,164","1,945","0,071","0,31"
"FURNISHING & HOUSEWARE","TEXTILES","CARPETS","CARPETS","DECORATIVE_CARPETS","2962","214325","0,163","1,409","0,167","1,897"
"CPG","FOODS","BREAKFAST & CEREALS","TEA","TEA","2954","73263","0,163","0,938","0,057","0,606"
"CPG","PET","PET ACCESSORIES","OTHER ACCESSORIES","CATS_LITTER","2885","129900","0,159","0,916","0,101","1,075"
"FURNISHING & HOUSEWARE","HOUSEHOLD ITEMS","KITCHEN HOME","COOKWARE","KITCHEN_POTS","2873","349164","0,158","1,367","0,271","3,091"
"CONSTRUCTION & INDUSTRY","SECURITY","NOT DIGITAL LOCKS","NOT DIGITAL LOCKS","DOOR_AND_WINDOW_LOCKS","2821","147574","0,155","0,896","0,115","0,738"
"FURNISHING & HOUSEWARE","DECOR","WALLPAPERS & VINILS","WALLPAPERS & VINILS","VINYL_ROLLS_AND_SHEETS","2814","129243","0,155","1,339","0,1","1,144"
"FASHION","APPAREL","BASICS","KIT UNDERWEAR&UNDERWEAR","BRAS","2787","134310","0,154","1,069","0,104","1,06"
"FURNISHING & HOUSEWARE","TEXTILES","CURTAINS, BLINDS AND ACC","CURTAINS & BLINDS ACC","MANUAL_INDOOR_CURTAINS_AND_BLINDS","2777","235900","0,153","1,321","0,183","2,088"
"CPG","CPG PERSONAL CARE","PERSONAL CARE ESSENTIALS","ORAL CARE","TOOTHPASTES","2756","101474","0,152","0,875","0,079","0,84"
"FASHION","APPAREL ACCESSORIES","OTHER APPAREL ACCESSORIES","OTHER APPAREL ACCESSORIES","WEDDING_BANDS","2737","58959","0,151","1,05","0,046","0,465"
"FASHION","APPAREL ACCESSORIES","BAG & BACKPACK","HANDBAGS","HANDBAGS","2730","176544","0,15","1,047","0,137","1,394"
"TECHNOLOGY","IT PERIPHERALS, PARTS & ACCESSORIES","PERIPHERALS ACCESSORIES","NOTEBOOK ACCESSORIES","LAPTOP_CHARGERS","2725","123321","0,15","1,785","0,096","0,421"
"CPG","CPG HOME CARE","CLEANING PRODUCTS & SUPPLIES","HOUSE CLEANING PRODUCTS","AIR_FRESHENERS","2720","92021","0,15","0,864","0,072","0,762"
"VEHICLE PARTS & ACCESSORIES","ACC CARS & VANS","CARS & VANS REPLACEMENT PARTS","CARS & VANS OTHERS","VEHICLE_CELLPHONE_AND_GPS_MOUNTS","2714","76849","0,15","2,784","0,06","0,918"
"FASHION","APPAREL","CLOTHING","OTHER APPAREL","JUMPSUITS_AND_OVERALLS","2704","86770","0,149","1,037","0,067","0,685"
"HOME ELECTRONICS","SMALL APPLIANCES","HOUSING & CLEANING","VACUUM CLEANERS","VACUUM_AND_STEAM_CLEANERS","2618","379914","0,144","3,199","0,295","5,702"
"TECHNOLOGY","IT APPLIANCES","PRINTERS PARTS & ACCESSORIES","PRINTERS 3D ACCESSORIES","3D_PRINTER_FILAMENTS","2611","266604","0,144","1,71","0,207","0,909"
"CONSTRUCTION & INDUSTRY","STATIONERY","OFFICE & SCHOOL SUPPLIES","MARKERS & HIGHLIGHTERS","MARKERS_AND_HIGHLIGHTERS","2599","101281","0,143","0,825","0,079","0,506"
"CPG","CPG HOME CARE","CLEANING PRODUCTS & SUPPLIES","KITCHEN & CLEANING SUPPLIES","CLEANING_SPONGES","2595","48417","0,143","0,824","0,038","0,401"
"T & B","TOYS AND GAMES","BOARD AND CARD GAMES","BOARD GAMES","BOARD_AND_CARD_GAMES","2581","185957","0,142","4,316","0,145","4,988"
"HOME ELECTRONICS","AUDIO & GENERAL ELECTRONICS","ELECTRONIC, TOOLS & COMPONENTS","ELECTRONIC COMPONENTS","AUDIO_AND_VIDEO_CONNECTORS","2579","95748","0,142","3,151","0,074","1,437"
"CPG","FOODS","COOKIES & SNACKS","SNACKS","SALTY_SNACKS","2572","52087","0,142","0,817","0,04","0,431"
"CPG","PET","PET ACCESSORIES","OTHER ACCESSORIES","ANIMAL_AND_PET_PRODUCTS","2558","151733","0,141","0,812","0,118","1,256"
"FASHION","APPAREL","CLOTHING","BEACHWEAR","SWIMWEAR","2558","98608","0,141","0,981","0,077","0,778"
"FURNISHING & HOUSEWARE","TEXTILES","BEDROOM TEXTILES","MATTRESSES & SOMMIER COVERS","MATTRESS_COVERS","2540","136769","0,14","1,208","0,106","1,211"
"CONSTRUCTION & INDUSTRY","TOOLS","POWER TOOLS","DRILLING AND SCREWDRIVING","ELECTRIC_SCREWDRIVERS_AND_IMPACT_WRENCHES","2535","280025","0,14","0,805","0,218","1,4"
"FURNISHING & HOUSEWARE","TEXTILES","BATHROOM TEXTILES","TOWELS & TOILET RUGS","BATH_TOWELS","2530","211177","0,139","1,204","0,164","1,87"
"HOME ELECTRONICS","AUDIO & GENERAL ELECTRONICS","ELECTRONIC, TOOLS & COMPONENTS","ELECTRONIC COMPONENTS","EMBEDDED_SWITCH_MODE_POWER_SUPPLIES","2527","102622","0,139","3,088","0,08","1,54"
"CPG","CPG HOME CARE","LAUNDRY PRODUCTS","LAUNDRY PRODUCTS","STAIN_REMOVERS_AND_FABRIC_WHITENERS","2517","77973","0,139","0,799","0,061","0,645"
"CONSTRUCTION & INDUSTRY","STATIONERY","OFFICE & SCHOOL SUPPLIES","NOTEBOOOKS & PLANNERS","NOTEBOOKS_AND_WRITING_PADS","2477","100465","0,136","0,787","0,078","0,502"
"FURNISHING & HOUSEWARE","HOUSEHOLD ITEMS","KITCHEN HOME","OTHER KITCHEN SUPPLY","KITCHEN_SUPPLIES","2474","111575","0,136","1,177","0,087","0,988"
"CPG","FOODS","COOKIES & SNACKS","SNACKS","DRIED_FRUITS","2472","132315","0,136","0,785","0,103","1,095"
"FASHION","APPAREL","CLOTHING","FOOTBALL SHIRTS","FOOTBALL_SHIRTS","2470","179175","0,136","0,947","0,139","1,414"
"FURNISHING & HOUSEWARE","HOUSEHOLD ITEMS","KITCHEN HOME","FOOD STORAGE","KITCHEN_CABINET_ORGANIZERS","2461","127370","0,136","1,171","0,099","1,128"
"CONSTRUCTION & INDUSTRY","CONSTRUCTION","BATHROOM & KITCHEN CONSTRUCTION","TOILET SEATS AND LIDS","TOILET_SEATS","2453","208699","0,135","0,779","0,162","1,043"
"CONSTRUCTION & INDUSTRY","CONSTRUCTION","FAUCETS","SHOWER HEADS","SHOWER_HEADS","2403","248765","0,132","0,763","0,193","1,244"
"CPG","CPG PERSONAL CARE","CPG BABY CARE","BABY HYGIENE","WET_BABY_WIPES","2398","100088","0,132","0,762","0,078","0,828"
"HOME ELECTRONICS","AUDIO & GENERAL ELECTRONICS","AUDIO","AUDIO DEVICES","SPEAKERS","2398","337950","0,132","2,93","0,263","5,072"
"ENTERTAINMENT","MUSICAL INSTRUMENTS","MICROPHONES","MICROPHONES","MICROPHONES","2397","513020","0,132","7,747","0,399","20,933"
"T & B","TOYS AND GAMES","ACTION FIGURES","ACTION FIGURES","ACTION_FIGURES","2394","263132","0,132","4,003","0,205","7,057"
"T & B","PARTY","PARTY DECORATION","BALOONS & ACESSORIES","BALLOONS","2393","59304","0,132","4,002","0,046","1,591"
"CONSTRUCTION & INDUSTRY","TOOLS","TOOL ACCESSORIES","OTHER TOOLS ACC","TOOL_ACCESSORIES_AND_REPLACEMENTS","2373","141062","0,131","0,754","0,11","0,705"
"TECHNOLOGY","SMARTPHONES & TABLETS","TABLETS & READERS ACCESSORIES","TABLET ACCESSORIES","TABLET_CASES_AND_COVERS","2369","104433","0,131","1,552","0,081","0,356"
"HOME ELECTRONICS","AUDIO & GENERAL ELECTRONICS","OTHER ELECTRONICS","ELECTRONIC PRODUCTS","ELECTRONIC_PRODUCTS","2364","79209","0,13","2,888","0,062","1,189"
"FURNISHING & HOUSEWARE","HOUSEHOLD ITEMS","ORGANIZATION","CLOTHING ORG","CLOTHES_WARDROBE_ORGANIZERS","2353","126630","0,13","1,119","0,098","1,121"
"FURNISHING & HOUSEWARE","HOUSEHOLD ITEMS","TABLETOP","SERVEWARE","SERVING_AND_HOME_TRAYS","2352","127447","0,13","1,119","0,099","1,128"
"FURNISHING & HOUSEWARE","TEXTILES","BEDROOM TEXTILES","PILLOWS","PILLOWS","2351","224581","0,13","1,118","0,175","1,988"
"T & B","TOYS AND GAMES","BOARD AND CARD GAMES","CARDS GAME","TRADING_CARD_GAMES","2341","308599","0,129","3,915","0,24","8,277"
"CPG","FOODS","GROCERIES","BAKERY","SODIUM_BICARBONATE","2325","51382","0,128","0,738","0,04","0,425"
"CONSTRUCTION & INDUSTRY","INDUSTRY","TEXTIL INDUSTRY","TEXTIL INDUSTRY","FABRICS","2303","74727","0,127","0,731","0,058","0,374"
"FASHION","APPAREL","CLOTHING","SPORTSWEAR","SPORT_PANTS","2301","95347","0,127","0,883","0,074","0,753"
"T & B","PARTY","PARTY COSTUMES & ACCESSORIES","COSTUMES","COSTUMES","2297","156674","0,127","3,841","0,122","4,202"
"HOME ELECTRONICS","TELEVISIONS & STREAMING DEVICES","TELEVISIONS ACCESSORIES","TELEVISIONS ACCESSORIES","TV_REMOTE_CONTROLS","2292","84037","0,126","2,801","0,065","1,261"
"FASHION","APPAREL","CLOTHING","SWEATERS AND CARDIGANS","SWEATSHIRTS_AND_HOODIES","2286","134590","0,126","0,877","0,105","1,062"
"FURNISHING & HOUSEWARE","HOUSEHOLD ITEMS","KITCHEN HOME","COOKWARE","KITCHEN_BAKING_DISHES_AND_SHEETS","2286","122714","0,126","1,087","0,095","1,086"
"FURNISHING & HOUSEWARE","TEXTILES","DINING & KITCHEN TEXTILES","TABLECLOTHS, PLACEMATS & NAPKINS","TABLECLOTHS","2272","100625","0,125","1,081","0,078","0,891"
"SPORTS","INDOOR SPORTS","GYM","GYM ACCESORIES","SPORT_AND_BAZAAR_BOTTLES","2245","107870","0,124","4,048","0,084","3,028"
"CONSTRUCTION & INDUSTRY","STATIONERY","OFFICE & SCHOOL SUPPLIES","OTHER OFFICE & SCHOOL SUPPLIES","SHEET_PROTECTORS","2244","100902","0,124","0,713","0,078","0,504"
"VEHICLE PARTS & ACCESSORIES","ACC VEHICULAR MULTIMEDIA","VEHICULAR STEREOS & SCREENS","VEHICULAR STEREOS","VEHICLE_MULTIMEDIA_SYSTEMS","2220","280187","0,122","2,277","0,218","3,348"
"HOME ELECTRONICS","SMALL APPLIANCES","KITCHEN","ELECTRIC KITCHEN TOOLS","BLENDERS","2206","284476","0,122","2,695","0,221","4,269"
"HEALTH","HEALTH GOODS","PHARMACY ARTICLES","PHARMACY ARTICLES","PROTECTIVE_ADHESIVE_BANDAGES","2203","121383","0,121","2,089","0,094","1,459"
"SPORTS","MOUNTAIN & OUTDOORS","CAMPING","GEAR & EQUIPMENT","THERMAL_CUPS_AND_TUMBLERS","2197","115191","0,121","3,962","0,09","3,234"
"TECHNOLOGY","IT PERIPHERALS, PARTS & ACCESSORIES","STORAGE","MEMORY CARD","MEMORY_CARDS","2184","196396","0,12","1,43","0,153","0,67"
"CPG","CPG HOME CARE","CLEANING EQUIPMENT","CLEANING EQUIPMENT","CLEANING_SUPPLIES","2184","102282","0,12","0,694","0,08","0,847"
"FURNISHING & HOUSEWARE","DECOR","CANDLES AND ACC","CANDLES AND ACC","CANDLES","2183","116544","0,12","1,038","0,091","1,032"
"BEAUTY","BEAUTY PROFESSIONAL","BEAUTY SALOON","HAIR PROFESSIONAL","HAIR_FIXATIVES","2180","132733","0,12","1,8","0,103","1,385"
"FASHION","APPAREL","CLOTHING","OTHER APPAREL","CLOTHING_LOTS","2178","74305","0,12","0,835","0,058","0,587"
"CPG","PET","PET ACCESSORIES","FEEDERS","CAT_AND_DOG_DRINKERS_AND_FEEDERS","2175","138957","0,12","0,691","0,108","1,15"
"CONSTRUCTION & INDUSTRY","STATIONERY","OFFICE & SCHOOL SUPPLIES","PEN, PENCILS & ACC","PENS","2172","99128","0,12","0,69","0,077","0,496"
"FURNISHING & HOUSEWARE","HOUSEHOLD ITEMS","ORGANIZATION","DECOR BOXES & BASKETS","DECORATIVE_AND_ORGANIZER_BOXES","2164","112536","0,119","1,029","0,087","0,996"
"FASHION","APPAREL ACCESSORIES","OTHER APPAREL ACCESSORIES","OTHER APPAREL ACCESSORIES","SMARTWATCH_AND_WATCH_BANDS","2160","74098","0,119","0,828","0,058","0,585"
"CONSTRUCTION & INDUSTRY","SECURITY","DIGITAL & ELECTRONIC LOCKS","DIGITAL & ELECTRONIC LOCKS","ELECTRIC_LOCKS","2142","504276","0,118","0,68","0,392","2,521"
"FURNISHING & HOUSEWARE","HOUSEHOLD ITEMS","TABLETOP","FLATWARE","FLATWARE_KITS","2137","147684","0,118","1,017","0,115","1,307"
"CPG","FOODS","GROCERIES","DRY FOOD","FLOUR","2108","49306","0,116","0,67","0,038","0,408"
"CONSTRUCTION & INDUSTRY","INDUSTRY","GASTRONOMY & HOSPITALITY","GASTRONOMY & HOSPITALITY","DISPOSABLE_CUPS","2082","100663","0,115","0,661","0,078","0,503"
"HEALTH","HEALTH GOODS","HEALTH ELECTRONICS","CARDIOLOGY & DIABETES ELECTRONICS","BLOOD_GLUCOSE_METERS","2081","162219","0,115","1,973","0,126","1,95"
"FASHION","FOOTWEAR","BOOTS","BOOTS","BOOTS_AND_BOOTIES","2076","253224","0,114","0,796","0,197","1,999"
"TECHNOLOGY","IT PERIPHERALS, PARTS & ACCESSORIES","PC PERIPHERALS","MOUSE & KEYBOARD KITS","KEYBOARD_AND_MOUSE_KITS","2074","219366","0,114","1,358","0,171","0,748"
"HOME ELECTRONICS","SMALL APPLIANCES","KITCHEN","ELECTRIC KITCHEN TOOLS","ELECTRIC_COFFEE_MAKERS","2065","441055","0,114","2,523","0,343","6,619"
"FASHION","APPAREL ACCESSORIES","OTHER APPAREL ACCESSORIES","OTHER APPAREL ACCESSORIES","BODY_SHAPERS","2062","105262","0,114","0,791","0,082","0,831"
"HEALTH","HEALTH GOODS","MASSAGERS","PORTABLE MASSAGERS","PORTABLE_ELECTRIC_MASSAGERS","2052","195203","0,113","1,946","0,152","2,346"
"CONSTRUCTION & INDUSTRY","SECURITY","PADLOCKS","PADLOCKS","PADLOCKS","2027","98289","0,112","0,644","0,076","0,491"
"T & B","TOYS AND GAMES","TEDDIES","TEDDIES","STUFFED_TOYS","2022","128101","0,111","3,381","0,1","3,436"
"FASHION","APPAREL","BASICS","KIT UNDERWEAR&UNDERWEAR","PAJAMAS","2010","133517","0,111","0,771","0,104","1,054"
"FASHION","APPAREL","CLOTHING","SPORTSWEAR","SPORTSWEAR_SETS","1980","104160","0,109","0,759","0,081","0,822"
"CPG","FOODS","GROCERIES","DRY FOOD","PASTAS","1975","26989","0,109","0,627","0,021","0,223"
"TECHNOLOGY","IT PERIPHERALS, PARTS & ACCESSORIES","DESKTOP PC PARTS","STORAGE DRIVES","HARD_DRIVES_AND_SSDS","1965","906373","0,108","1,287","0,705","3,091"
"HOME ELECTRONICS","HEATING, COOLING & AIR QUALITY","COOLING","FANS","FANS","1958","178957","0,108","2,392","0,139","2,686"
"CONSTRUCTION & INDUSTRY","TOOLS","OTHER TOOLS","OTHER TOOLS","TOOL_AND_CONSTRUCTION_SUPPLIES","1958","161448","0,108","0,622","0,126","0,807"
"FURNISHING & HOUSEWARE","HOUSEHOLD ITEMS","CLEANING & LAUNDRY","HOME CLEANING","CLEANING_MOPS","1942","97147","0,107","0,924","0,076","0,86"
"FURNISHING & HOUSEWARE","HOUSEHOLD ITEMS","KITCHEN HOME","PREP, GADGETS AND ACC","COOKING_SCALES","1942","48488","0,107","0,924","0,038","0,429"
"TECHNOLOGY","CONSOLE GAMING HARDWARE","GAMES ACCESSORIES","GAMEPADS & JOYSTICKS","GAMEPADS_AND_JOYSTICKS","1936","318367","0,107","1,268","0,248","1,086"
"VEHICLE PARTS & ACCESSORIES","ACC CARS & VANS","CARS & VANS REPLACEMENT PARTS","CARS & VANS OTHERS","VEHICLE_COATING_PRODUCTS","1929","100249","0,106","1,978","0,078","1,198"
"FURNISHING & HOUSEWARE","DECOR","WALLPAPERS & VINILS","WALLPAPERS & VINILS","WALLPAPER_ROLLS","1918","74769","0,106","0,912","0,058","0,662"
"FURNISHING & HOUSEWARE","HOUSEHOLD ITEMS","BATHROOM","BATHROOM ACCESSORIES","BATHROOM_SHOWER_ORGANIZERS","1918","74618","0,106","0,912","0,058","0,661"
"FURNISHING & HOUSEWARE","HOUSEHOLD ITEMS","KITCHEN HOME","COOKWARE","FRYING_PANS_WOKS_GRIDDLES_AND_GRILL_PANS","1911","159668","0,105","0,909","0,124","1,414"
"CONSTRUCTION & INDUSTRY","CONSTRUCTION","CONSTRUCTION MATERIALS","CONSTRUCTION MATERIALS FIXING","SCREWS","1909","69451","0,105","0,606","0,054","0,347"
"BEAUTY","MAKEUP","FACIAL MAKEUP","FACIAL MAKEUP","FOUNDATIONS","1906","106674","0,105","1,574","0,083","1,113"
"TECHNOLOGY","IT APPLIANCES","PRINTERS PARTS & ACCESSORIES","PRINTERS SUPPLIES","TONERS","1903","163651","0,105","1,246","0,127","0,558"
"CONSTRUCTION & INDUSTRY","CONSTRUCTION","ELECTRICAL","CABLES & LAMP HOLDERS","ELECTRICAL_CABLES","1903","223946","0,105","0,604","0,174","1,119"
"FASHION","APPAREL ACCESSORIES","JEWELRY","CHARMS","CHARMS","1900","129401","0,105","0,729","0,101","1,021"
"CPG","FOODS","BREAKFAST & CEREALS","COFFEE","INSTANT_COFFEE","1867","64611","0,103","0,593","0,05","0,535"
"HOME ELECTRONICS","SMALL APPLIANCES","KITCHEN","ELECTRIC KITCHEN TOOLS","ELECTRIC_JUGS","1866","126388","0,103","2,28","0,098","1,897"
"SPORTS","MOUNTAIN & OUTDOORS","CAMPING","GEAR & EQUIPMENT","FLASHLIGHTS","1856","94846","0,102","3,347","0,074","2,663"
"TECHNOLOGY","IT PERIPHERALS, PARTS & ACCESSORIES","PC PERIPHERALS","MOUSE PADS","MOUSE_PADS","1851","68428","0,102","1,212","0,053","0,233"
"CONSTRUCTION & INDUSTRY","CONSTRUCTION","ELECTRICAL","OTHER ELECTRICAL","ELECTRICAL_SUPPLIES","1849","102895","0,102","0,587","0,08","0,514"
"CONSTRUCTION & INDUSTRY","SECURITY","ALARMS & SENSORS","ALARMS & SENSORS","HOME_ALARMS_AND_SENSORS","1848","139570","0,102","0,587","0,109","0,698"
"FASHION","APPAREL ACCESSORIES","JEWELRY","BRACELETS_AND_ANKLE_BRACELETS","BRACELETS_AND_ANKLE_BRACELETS","1842","97992","0,101","0,707","0,076","0,773"
"CPG","CPG HOME CARE","LAUNDRY PRODUCTS","LAUNDRY PRODUCTS","BLEACHES","1842","28077","0,101","0,585","0,022","0,232"
"BEAUTY","BEAUTY PERSONAL CARE","PERSONAL CARE KITS","PERSONAL CARE KITS","SKIN_CARE_KITS","1840","168858","0,101","1,52","0,131","1,762"
"TECHNOLOGY","IT PERIPHERALS, PARTS & ACCESSORIES","PARTS COMPONENTS","PC COMPONENTS","NETWORK_CABLES","1832","148763","0,101","1,2","0,116","0,507"
"CONSTRUCTION & INDUSTRY","STATIONERY","ART & CRAFT SUPPLIES","ART & CRAFT SUPPLIES","STICKERS","1831","64374","0,101","0,581","0,05","0,322"
"CONSTRUCTION & INDUSTRY","TOOLS","TOOL ACCESSORIES","DRILLS & SCREWDRIVERS ACC","DRILL_BITS","1822","86930","0,1","0,579","0,068","0,435"
"CONSTRUCTION & INDUSTRY","CONSTRUCTION","FAUCETS","SHOWER HEADS","ELECTRIC_SHOWER_HEADS","1821","279905","0,1","0,578","0,218","1,399"
"BEAUTY","BEAUTY ELECTRONICS","BEAUTY ELECTRONICS","HAIR_BRUSHES","ELECTRIC_HAIR_BRUSHES","1817","176257","0,1","1,501","0,137","1,839"
"FASHION","APPAREL ACCESSORIES","OTHER APPAREL ACCESSORIES","OTHER APPAREL ACCESSORIES","KEYCHAINS","1807","66814","0,1","0,693","0,052","0,527"
"CPG","CPG HOME CARE","CLEANING PRODUCTS & SUPPLIES","KITCHEN & CLEANING SUPPLIES","FREEZER_BAGS","1804","66959","0,099","0,573","0,052","0,554"
"FASHION","FOOTWEAR","SNEAKERS","SNEAKERS","LOAFERS_AND_OXFORDS","1802","187696","0,099","0,691","0,146","1,482"
"TECHNOLOGY","IT APPLIANCES","CONNECTIVITY & NETWORKS","ROUTERS","ROUTERS_AND_WIRELESS_SYSTEMS","1795","555506","0,099","1,176","0,432","1,894"
"HEALTH","HEALTH GOODS","HEALTH PROFESSIONAL","HEALTH PROFESSIONAL CONSUMABLES","ORTHOTIC_INSERTS","1788","44212","0,099","1,695","0,034","0,531"
"FASHION","APPAREL","CLOTHING","SPORTSWEAR","SPORT_BRAS","1788","58064","0,099","0,686","0,045","0,458"
"TECHNOLOGY","IT PERIPHERALS, PARTS & ACCESSORIES","PERIPHERALS ACCESSORIES","NOTEBOOK ACCESSORIES","LAPTOP_STANDS","1783","56912","0,098","1,168","0,044","0,194"
"CONSTRUCTION & INDUSTRY","STATIONERY","ART & CRAFT SUPPLIES","ART & CRAFT SUPPLIES","ARTS_AND_CRAFTS","1781","77910","0,098","0,566","0,061","0,389"
"ENTERTAINMENT","BOOKS AND OTHERS","BOOKS","ALBUMS AND STICKERS","COLLECTIBLE_ALBUM_STICKERS","1770","104109","0,098","5,72","0,081","4,248"
"HEALTH","HEALTH GOODS","PHARMACY ARTICLES","PHARMACY ARTICLES","GAUZES","1770","64548","0,098","1,678","0,05","0,776"
"FURNISHING & HOUSEWARE","DECOR","ORNAMENTS","ORNAMENTS","DECORATIVE_AND_FLOWER_VASES","1761","94025","0,097","0,838","0,073","0,832"
"FURNISHING & HOUSEWARE","HOUSEHOLD ITEMS","KITCHEN HOME","PREP, GADGETS AND ACC","KITCHEN_MOLDS","1758","57921","0,097","0,836","0,045","0,513"
"T & B","TOYS AND GAMES","BUILDING TOYS","BUILDING TOYS","TOY_BUILDING_SETS","1750","237504","0,096","2,926","0,185","6,37"
"HEALTH","HEALTH GOODS","HEALTH ELECTRONICS","WELL BEING ELECTRONICS","ELECTRIC_OIL_DIFFUSERS_HUMIDIFIERS_AND_VAPORIZERS","1741","155078","0,096","1,651","0,121","1,864"
"CPG","CPG PERSONAL CARE","ADULT DIAPERS & PADS","ADULT DIAPERS","ADULT_DIAPERS","1730","118163","0,095","0,549","0,092","0,978"
"BEAUTY","BEAUTY ELECTRONICS","BEAUTY ELECTRONICS","HAIR_DRYERS","HAIR_DRYERS","1725","349007","0,095","1,425","0,271","3,641"
"HOME ELECTRONICS","TELEVISIONS & STREAMING DEVICES","STREAMING MEDIA DEVICES","STREAMING MEDIA DEVICES","STREAMING_MEDIA_DEVICES","1718","205636","0,095","2,099","0,16","3,086"
"CONSTRUCTION & INDUSTRY","INDUSTRY","PACKAGING","PACKAGING","SECURITY_SEALS","1711","63599","0,094","0,543","0,049","0,318"
"FASHION","APPAREL","CLOTHING","PANTS & OTHERS","WORK_PANTS","1694","78954","0,093","0,65","0,061","0,623"
"CPG","DRINKS","NON ALCOHOLICS","ENERGY DRINKS","ENERGY_DRINKS","1685","79160","0,093","0,535","0,062","0,655"
"CONSTRUCTION & INDUSTRY","CONSTRUCTION","ELECTRICAL","SWITCHES AND PLUGS","DIMMERS","1684","141628","0,093","0,535","0,11","0,708"
"FURNISHING & HOUSEWARE","TEXTILES","BATHROOM TEXTILES","TOWELS & TOILET RUGS","TOILET_RUGS","1679","58108","0,093","0,799","0,045","0,514"
"CPG","CPG HOME CARE","INSECTICIDES","INSECTICIDES","HOME_REPELLENTS","1674","66350","0,092","0,532","0,052","0,549"
"TECHNOLOGY","IT APPLIANCES","PRINTERS PARTS & ACCESSORIES","PRINTERS SUPPLIES","PRINTER_INKS","1672","168335","0,092","1,095","0,131","0,574"
"CONSTRUCTION & INDUSTRY","CONSTRUCTION","ELECTRICAL","SWITCHES AND PLUGS","WALL_LIGHT_SWITCHES","1658","79547","0,091","0,526","0,062","0,398"
"FURNISHING & HOUSEWARE","FURNITURE","FURNITURE SPARE PARTS & ACC","FURNITURE SPARE PARTS & ACC","TROLLEY_AND_FURNITURE_WHEELS","1637","92854","0,09","0,779","0,072","0,822"
"SPORTS","INDOOR SPORTS","GYM","GYM ACCESORIES","RESISTANCE_BANDS","1633","61904","0,09","2,945","0,048","1,738"
"FURNISHING & HOUSEWARE","DECOR","ARTIFICIAL FLOWERS AND PLANTS","ARTIFICIAL FLOWERS AND PLANTS","ARTIFICIAL_FLOWERS","1612","55228","0,089","0,767","0,043","0,489"
"FASHION","APPAREL","BASICS","LINGERIE PANTIES","BODYSUITS_AND_CATSUITS","1610","45133","0,089","0,618","0,035","0,356"
"HEALTH","HEALTH GOODS","PHARMACY ARTICLES","PHARMACY ARTICLES","ESSENTIAL_OILS","1609","74358","0,089","1,526","0,058","0,894"
"CONSTRUCTION & INDUSTRY","INDUSTRY","PACKAGING","PACKAGING","PACKAGING_ROLLS","1604","91173","0,088","0,509","0,071","0,456"
"FASHION","APPAREL ACCESSORIES","JEWELRY","EARRING","EARRINGS","1602","69916","0,088","0,614","0,054","0,552"
"CONSTRUCTION & INDUSTRY","CONSTRUCTION","ELECTRICAL","SWITCHES AND PLUGS","CIRCUIT_BREAKERS","1593","97684","0,088","0,506","0,076","0,488"
"T & B","TOYS AND GAMES","TOY VEHICLES","NON REMOTE CONTROL VEHICLES","DIECAST_VEHICLES","1586","152933","0,087","2,652","0,119","4,102"
"FASHION","APPAREL","CLOTHING","SWEATERS AND CARDIGANS","SWEATERS_AND_CARDIGANS","1585","63628","0,087","0,608","0,049","0,502"
"FASHION","FOOTWEAR","SNEAKERS","FOOTBALL FOOTWEAR","FOOTBALL_SHOES","1580","166728","0,087","0,606","0,13","1,316"
"TECHNOLOGY","IT PERIPHERALS, PARTS & ACCESSORIES","PC PERIPHERALS","COMPUTER KEYBOARDS","PC_KEYBOARDS","1580","189050","0,087","1,035","0,147","0,645"
"FASHION","APPAREL ACCESSORIES","BAG & BACKPACK","BAGS","TOILETRY_BAGS","1579","53649","0,087","0,606","0,042","0,423"
"CPG","FOODS","GROCERIES","SAUCES & DRESSINGS","SWEETENERS","1560","49347","0,086","0,495","0,038","0,408"
"FURNISHING & HOUSEWARE","HOUSEHOLD ITEMS","TABLETOP","DINNERWARE","DISHES_PLATES","1554","124246","0,086","0,739","0,097","1,1"
"FASHION","APPAREL ACCESSORIES","JEWELRY","NECKLACES","NECKLACES","1554","95695","0,086","0,596","0,074","0,755"
"CPG","CPG HOME CARE","CLEANING PRODUCTS & SUPPLIES","HOUSE CLEANING PRODUCTS","TOILET_DEODORIZERS","1549","41147","0,085","0,492","0,032","0,341"
"CPG","CPG PERSONAL CARE","PERSONAL CARE ESSENTIALS","ORAL CARE","TOOTHBRUSHES","1548","66708","0,085","0,492","0,052","0,552"
"CONSTRUCTION & INDUSTRY","CONSTRUCTION","CONSTRUCTION MATERIALS","ADHESIVES AND SEALANTS","SEALANTS_AND_SILICONES","1538","74808","0,085","0,488","0,058","0,374"
"CPG","PET","PET FOOD & TREATS","CAT & DOGS FOOD AND TREATS","PET_TREATS","1533","72252","0,084","0,487","0,056","0,598"
"FURNISHING & HOUSEWARE","HOUSEHOLD ITEMS","BATHROOM","BATHROOM ACCESSORIES","BATHROOM_ACCESSORIES_KITS","1517","106634","0,084","0,722","0,083","0,944"
"CPG","CPG HOME CARE","LAUNDRY PRODUCTS","SHOE CLEANING","FOOTWEAR_CLEANERS_AND_POLISHES","1513","60785","0,083","0,481","0,047","0,503"
"HEALTH","HEALTH GOODS","HEALTH PROFESSIONAL","DENTAL SPECIALIZED EQUIPMENT","DENTAL_EQUIPMENT","1512","163020","0,083","1,434","0,127","1,959"
"CONSTRUCTION & INDUSTRY","INDUSTRY","SAFETY EQUIPMENT","SAFETY EQUIPMENT","SAFETY_GLOVES","1497","76392","0,082","0,475","0,059","0,382"
"FASHION","APPAREL","CLOTHING","OTHER APPAREL","SUITS","1496","53037","0,082","0,574","0,041","0,419"
"ENTERTAINMENT","BOOKS AND OTHERS","MUSIC AND MEDIA CONTENT","MUSIC AND MEDIA CONTENT","MUSIC_ALBUMS","1494","166548","0,082","4,828","0,129","6,796"
"CONSTRUCTION & INDUSTRY","INDUSTRY","PACKAGING","PACKAGING","PACKAGING_BOXES","1491","79916","0,082","0,473","0,062","0,399"
"FURNISHING & HOUSEWARE","HOUSEHOLD ITEMS","BATHROOM","BATHROOM ACCESSORIES","TOILET_PAPER_HOLDERS","1486","56149","0,082","0,707","0,044","0,497"
"TECHNOLOGY","IT PERIPHERALS, PARTS & ACCESSORIES","DESKTOP PC PARTS","RAM MEMORY","RAM_MEMORY_MODULES","1474","525117","0,081","0,965","0,408","1,791"
"HEALTH","HEALTH GOODS","HEALTH ELECTRONICS","CARDIOLOGY & DIABETES ELECTRONICS","BLOOD_PRESSURE_MONITORS","1464","105598","0,081","1,388","0,082","1,269"
"VEHICLE PARTS & ACCESSORIES","ACC MOTORCYCLES","MOTORCYCLE ACCESSORIES","MOTORCYCLE ACCESSORIES EXTERIOR","MOTORCYCLE_ACCESSORIES","1463","93372","0,081","1,501","0,073","1,116"
"FURNISHING & HOUSEWARE","HABERDASHERY","HABERDASHERY","HABERDASHERY","HABERDASHERY_SUPPLIES","1462","45477","0,081","0,695","0,035","0,403"
"VEHICLE PARTS & ACCESSORIES","ACC COMMERCIAL VEHICLES","COMMERCIAL VEHICLES REPLACEMENT PARTS","COMMERCIAL VEHICLES LIGHTING","VEHICLE_LED_BULBS","1460","82121","0,08","1,497","0,064","0,981"
"TECHNOLOGY","IT APPLIANCES","PRINTERS","PRINTERS","PRINTERS","1458","509489","0,08","0,955","0,396","1,737"
"FURNISHING & HOUSEWARE","TEXTILES","DINING & KITCHEN TEXTILES","KITCHEN APRONS & TOWELS","KITCHEN_APRONS","1453","61156","0,08","0,691","0,048","0,541"
"HOME ELECTRONICS","SMALL APPLIANCES","HOUSING & CLEANING","IRONS","IRONS","1452","187526","0,08","1,774","0,146","2,814"
"FURNISHING & HOUSEWARE","HOUSEHOLD ITEMS","TABLETOP","SERVEWARE","KITCHEN_BOWLS","1447","82063","0,08","0,688","0,064","0,727"
"TECHNOLOGY","SMARTPHONES & TABLETS","TABLETS & READERS","TABLETS","TABLETS","1446","1341669","0,08","0,947","1,043","4,575"
"BEAUTY","BEAUTY PROFESSIONAL","BEAUTY SALOON","SALOON TOOLS","HAIR_BRUSHES","1444","64669","0,08","1,193","0,05","0,675"
"FURNISHING & HOUSEWARE","HOUSEHOLD ITEMS","CLEANING & LAUNDRY","LAUNDRY","LAUNDRY_WASH_BAGS","1443","40746","0,08","0,686","0,032","0,361"
"CPG","CPG HOME CARE","INSECTICIDES","INSECTICIDES","INSECTICIDES","1442","53585","0,079","0,458","0,042","0,444"
"VEHICLE PARTS & ACCESSORIES","ACC MOTORCYCLES","MOTORCYCLE REPLACEMENT PARTS","MOTORCYCLE FLUIDS","VEHICLE_COOLANTS_AND_ANTIFREEZE","1436","62044","0,079","1,473","0,048","0,741"
"TECHNOLOGY","IT APPLIANCES","CONNECTIVITY & NETWORKS","NETWORK CABLES & ACCESSORIES","NETWORK_CARDS","1434","88133","0,079","0,939","0,069","0,301"
"CONSTRUCTION & INDUSTRY","TOOLS","TOOL ACCESSORIES","CUTTING ACC","CUTTING_AND_GRINDING_DISCS_AND_STONES","1433","77236","0,079","0,455","0,06","0,386"
"VEHICLE PARTS & ACCESSORIES","OILS & FILTERS","OILS","AGRO OILS","ENGINE_OILS","1431","132562","0,079","1,468","0,103","1,584"
"CONSTRUCTION & INDUSTRY","CONSTRUCTION","DOOR, WINDOW & FENCES","DOOR & WINDOW ACC","DOOR_AND_WINDOW_WEATHERSTRIPS","1428","43576","0,079","0,453","0,034","0,218"
"CONSTRUCTION & INDUSTRY","STATIONERY","OFFICE & SCHOOL SUPPLIES","FOLDERS","FOLDERS_AND_EXPANDING_FILES","1428","64270","0,079","0,453","0,05","0,321"
"CONSTRUCTION & INDUSTRY","TOOLS","POWER TOOLS","CLEANING POWER TOOLS","ELECTRIC_PRESSURE_WASHERS","1412","124523","0,078","0,448","0,097","0,622"
"FURNISHING & HOUSEWARE","HABERDASHERY","HABERDASHERY","HABERDASHERY","SEWING_AND_CRAFT_THREADS","1406","40126","0,077","0,669","0,031","0,355"
"BEAUTY","BEAUTY PROFESSIONAL","MANICURE & PEDICURE","NAIL POLISH","NAIL_POLISH","1403","45440","0,077","1,159","0,035","0,474"
"TECHNOLOGY","GAMES, DIGITAL GOODS & SOFTWARE","VIDEO GAMES","DIGITAL VIDEO GAMES","VIDEO_GAMES","1403","270149","0,077","0,919","0,21","0,921"
"CONSTRUCTION & INDUSTRY","CONSTRUCTION","DOOR, WINDOW & FENCES","HARDWARE","FURNITURE_DOOR_AND_WINDOW_HINGES","1396","48265","0,077","0,443","0,038","0,241"
"FURNISHING & HOUSEWARE","HOUSEHOLD ITEMS","BATHROOM","BATHROOM ACCESSORIES","MANUAL_SOAP_AND_DETERGENT_DISPENSERS","1389","64059","0,077","0,661","0,05","0,567"
"HOME ELECTRONICS","AUDIO & GENERAL ELECTRONICS","ELECTRONIC, TOOLS & COMPONENTS","ELECTRONIC TOOLS","AUDIO_AND_VIDEO_CONVERTERS","1382","94128","0,076","1,689","0,073","1,413"
"CONSTRUCTION & INDUSTRY","CONSTRUCTION","DOOR, WINDOW & FENCES","HARDWARE","DOOR_AND_WINDOW_LATCHES","1374","40637","0,076","0,436","0,032","0,203"
"T & B","PARTY","SOUVENIRS","SOUVENIRS","SOUVENIRS","1373","74494","0,076","2,296","0,058","1,998"
"TECHNOLOGY","IT PERIPHERALS, PARTS & ACCESSORIES","PERIPHERALS ACCESSORIES","HUBS USB","USB_HUBS","1367","84797","0,075","0,895","0,066","0,289"
"FASHION","APPAREL ACCESSORIES","BAG & BACKPACK","OTHER BAG&BACKPACK","FANNY_PACKS","1365","42348","0,075","0,524","0,033","0,334"
"FURNISHING & HOUSEWARE","TEXTILES","DINING & KITCHEN TEXTILES","KITCHEN APRONS & TOWELS","KITCHEN_TOWELS","1351","62824","0,074","0,643","0,049","0,556"
"CONSTRUCTION & INDUSTRY","CONSTRUCTION","BATHROOM & KITCHEN CONSTRUCTION","BATHROOM & KITCHEN CONSTRUCTION ACC","BATHROOM_HOOKS","1349","44635","0,074","0,428","0,035","0,223"
"TECHNOLOGY","IT PERIPHERALS, PARTS & ACCESSORIES","PERIPHERALS ACCESSORIES","PROJECTORS","PROJECTORS","1348","204970","0,074","0,883","0,159","0,699"
"CONSTRUCTION & INDUSTRY","TOOLS","POWER TOOLS","COMPRESSORS","AIR_COMPRESSORS","1340","99848","0,074","0,425","0,078","0,499"
"SPORTS","MOUNTAIN & OUTDOORS","CAMPING","GEAR & EQUIPMENT","THERMAL_REFRIGERATORS_AND_BAGS","1317","69437","0,073","2,375","0,054","1,949"
"CONSTRUCTION & INDUSTRY","HOME OUTDOORS","LANDSCAPING & GARDEN CENTER","PLANTS, BULBS & SEEDS","PLANTS","1312","59777","0,072","0,417","0,046","0,299"
"FURNISHING & HOUSEWARE","DECOR","MIRRORS & DECORATIVE ART","MIRRORS & DECORATIVE ART","DECORATIVE_NO_LIGHT_SIGNS","1311","52278","0,072","0,624","0,041","0,463"
"FURNISHING & HOUSEWARE","FURNITURE","STORAGE FURNITURE","RACKS","SHOE_RACKS_AND_CABINETS","1304","70959","0,072","0,62","0,055","0,628"
"CPG","FOODS","GROCERIES","DRY FOOD","SUGAR","1287","16242","0,071","0,409","0,013","0,134"
"FURNISHING & HOUSEWARE","TEXTILES","LIVINGROOM TEXTILES","CUSHIONS & TROW BLANKETS","DECORATIVE_BLANKETS","1285","80789","0,071","0,611","0,063","0,715"
"CONSTRUCTION & INDUSTRY","INDUSTRY","ADVERTISEMENT & GRAPHIC DESIGN","ADVERTISEMENT & GRAPHIC DESIGN","IDENTIFICATION_AND_PRESENTATION_CARDS","1281","51647","0,071","0,407","0,04","0,258"
"TECHNOLOGY","IT PERIPHERALS, PARTS & ACCESSORIES","PERIPHERALS ACCESSORIES","CABLES & ACCESSORIES","POWER_CORDS","1278","40297","0,07","0,837","0,031","0,137"
"CPG","CPG HOME CARE","CLEANING PRODUCTS & SUPPLIES","HOUSE CLEANING PRODUCTS","SCREEN_CLEANERS","1273","48967","0,07","0,404","0,038","0,405"
"CPG","CPG HOME CARE","CLEANING PRODUCTS & SUPPLIES","HOUSE CLEANING PRODUCTS","HOUSEHOLD_CLEANING_WAXES","1263","51581","0,07","0,401","0,04","0,427"
"FASHION","APPAREL","BASICS","LINGERIE PANTIES","PANTYHOSE","1258","35318","0,069","0,483","0,027","0,279"
"BEAUTY","BEAUTY PROFESSIONAL","BEAUTY SALOON","SALOON SUPPLIES","HAIRDRESSING_CAPS","1255","33137","0,069","1,037","0,026","0,346"
"BEAUTY","MAKEUP","LIPS MAKEUP","LIPS MAKEUP","LIPSTICKS","1255","59400","0,069","1,037","0,046","0,62"
"OTHERS","ANTIQUES & HOBBIES","ANTIQUES & HOBBIES","ANTIQUES & HOBBIES","SCULPTURES_AND_STATUES","1251","87009","0,069","13,019","0,068","15,569"
"VEHICLE PARTS & ACCESSORIES","ACC TOOLS","PARTICULAR TOOLS","CHARGERS AND JUMP STARTERS","VEHICLE_BATTERY_CHARGERS","1247","146136","0,069","1,279","0,114","1,746"
"FASHION","APPAREL","CLOTHING","WINTER TOPS SWEATSHIRT","VESTS","1246","28109","0,069","0,478","0,022","0,222"
"FURNISHING & HOUSEWARE","HOUSEHOLD ITEMS","TABLETOP","FLATWARE","KITCHEN_KNIVES","1246","83786","0,069","0,593","0,065","0,742"
"CONSTRUCTION & INDUSTRY","INDUSTRY","PACKAGING","PACKAGING","PACKAGING_CONTAINERS","1243","48226","0,068","0,395","0,037","0,241"
"FURNISHING & HOUSEWARE","HOUSEHOLD ITEMS","ORGANIZATION","DECOR BOXES & BASKETS","DECORATIVE_BASKETS","1242","65238","0,068","0,591","0,051","0,578"
"FURNISHING & HOUSEWARE","HOUSEHOLD ITEMS","ORGANIZATION","OTHER ORG","AIRTIGHT_AND_VACUUM_BAGS","1240","69802","0,068","0,59","0,054","0,618"
"CPG","FOODS","BREAKFAST & CEREALS","CEREALS","CEREAL_BARS","1235","64934","0,068","0,392","0,05","0,538"
"CPG","PET","PET ACCESSORIES","LEASHES & COLLARS","PET_COLLARS","1234","34571","0,068","0,392","0,027","0,286"
"CPG","CPG HOME CARE","CLEANING PRODUCTS & SUPPLIES","KITCHEN & CLEANING SUPPLIES","PLASTIC_WRAPS","1233","63493","0,068","0,392","0,049","0,526"
"FURNISHING & HOUSEWARE","HOUSEHOLD ITEMS","KITCHEN HOME","PREP, GADGETS AND ACC","KITCHEN_SIEVES","1231","37947","0,068","0,586","0,03","0,336"
"HEALTH","HEALTH GOODS","HEALTH ELECTRONICS","WELL BEING ELECTRONICS","BODYWEIGHT_SCALES","1225","98223","0,067","1,162","0,076","1,18"
"HEALTH","HEALTH GOODS","HEALTH ELECTRONICS","DIAGNOSIS & OTHER AILMENTS","NEBULIZERS","1222","88300","0,067","1,159","0,069","1,061"
"FURNISHING & HOUSEWARE","HOUSEHOLD ITEMS","CLEANING & LAUNDRY","LAUNDRY","DRYING_RACKS","1221","52294","0,067","0,581","0,041","0,463"
"TECHNOLOGY","COMPUTERS & NOTEBOOKS","NOTEBOOKS","NOTEBOOKS","NOTEBOOKS","1220","3987586","0,067","0,799","3,1","13,597"
"T & B","TOYS AND GAMES","DOLLS","DOLLS","DOLLS","1215","140443","0,067","2,032","0,109","3,767"
"FURNISHING & HOUSEWARE","TEXTILES","BEDROOM TEXTILES","BLANKETS & COMFORTERS","BLANKETS","1214","67293","0,067","0,578","0,052","0,596"
"CPG","FOODS","BREAKFAST & CEREALS","SWEET","DULCE_DE_LECHE","1207","44282","0,066","0,383","0,034","0,367"
"T & B","PARTY","PARTY DECORATION","PARTY SUPPLIES","PARTY_SUPPLIES","1206","46341","0,066","2,017","0,036","1,243"
"FASHION","FOOTWEAR","SANDAL","SANDAL","HEELS_AND_WEDGES","1206","106113","0,066","0,463","0,083","0,838"
"FURNISHING & HOUSEWARE","HOUSEHOLD ITEMS","KITCHEN HOME","COOKWARE","KITCHEN_COOKWARE_KITS","1201","251608","0,066","0,571","0,196","2,228"
"FURNISHING & HOUSEWARE","HOUSEHOLD ITEMS","ORGANIZATION","KITCHEN ORG","DISHES_RACKS","1201","71329","0,066","0,571","0,055","0,631"
"CONSTRUCTION & INDUSTRY","CONSTRUCTION","BATHROOM & KITCHEN CONSTRUCTION","BATHTUBS, SHOWERS ACC & DRAINS","DRAIN_TRAPS","1199","42805","0,066","0,381","0,033","0,214"
"FURNISHING & HOUSEWARE","DECOR","MIRRORS & DECORATIVE ART","MIRRORS & DECORATIVE ART","MIRRORS","1199","50772","0,066","0,57","0,039","0,449"
"CPG","CPG PERSONAL CARE","PERSONAL CARE ESSENTIALS","FEMENINE CARE","SANITARY_PADS","1197","23508","0,066","0,38","0,018","0,195"
"CONSTRUCTION & INDUSTRY","TOOLS","POWER TOOLS","DRILLING AND SCREWDRIVING","ELECTRIC_DRILLS","1190","220005","0,066","0,378","0,171","1,1"
"HOME ELECTRONICS","SMALL APPLIANCES","KITCHEN","ELECTRIC KITCHEN TOOLS","HAND_BLENDERS","1188","107261","0,065","1,452","0,083","1,61"
"VEHICLE PARTS & ACCESSORIES","ACC MOTORCYCLES","MOTORCYCLE ACCESSORIES","MOTORCYCLE ACCESSORIES CLOTHING & FOOTWEAR","MOTORCYCLE_RAIN_SUITS","1187","57303","0,065","1,217","0,045","0,685"
"CONSTRUCTION & INDUSTRY","CONSTRUCTION","ELECTRICAL","SWITCHES AND PLUGS","HOME_APPLIANCE_CONTACTORS_AND_RELAYS","1185","85011","0,065","0,376","0,066","0,425"
"CONSTRUCTION & INDUSTRY","TOOLS","GARDEN TOOLS","BLOWERS","ELECTRIC_BLOWERS","1184","68938","0,065","0,376","0,054","0,345"
"VEHICLE PARTS & ACCESSORIES","ACC CARS & VANS","CARS & VANS REPLACEMENT PARTS","CARS & VANS OTHERS","VEHICLE_LIGHT_BULBS","1179","52492","0,065","1,209","0,041","0,627"
"CPG","CPG PERSONAL CARE","CPG BODY CARE","OTHERS PERSONAL HYGIENE","HYGIENIC_WET_WIPES","1171","41920","0,065","0,372","0,033","0,347"
"CONSTRUCTION & INDUSTRY","SECURITY","SAFES & PERSONAL SECURITY","SAFES & PERSONAL SECURITY","OBJECT_FINDERS","1160","106186","0,064","0,368","0,083","0,531"
"FASHION","APPAREL ACCESSORIES","JEWELRY","PIERCINGS","PIERCINGS","1159","28719","0,064","0,445","0,022","0,227"
"FASHION","APPAREL ACCESSORIES","OTHER APPAREL ACCESSORIES","OTHER APPAREL ACCESSORIES","NON_CORRECTIVE_GLASSES_AND_FRAMES","1158","81820","0,064","0,444","0,064","0,646"
"VEHICLE PARTS & ACCESSORIES","ACC CARS & VANS","CARS & VANS REPLACEMENT PARTS","CARS & VANS ELECTRONICS","VEHICLE_REMOTE_CONTROL_ALARM_CASES","1146","35681","0,063","1,175","0,028","0,426"
"FURNISHING & HOUSEWARE","DECOR","MIRRORS & DECORATIVE ART","MIRRORS & DECORATIVE ART","DECORATIVE_PAINTINGS","1146","60691","0,063","0,545","0,047","0,537"
"FURNISHING & HOUSEWARE","TEXTILES","BEDROOM TEXTILES","BLANKETS & COMFORTERS","QUILTS_AND_COVERLETS","1135","90636","0,063","0,54","0,07","0,802"
"FASHION","APPAREL ACCESSORIES","BAG & BACKPACK","BAGS","TRAVEL_AND_TRAINING_BAGS","1132","71394","0,062","0,434","0,056","0,564"
"CONSTRUCTION & INDUSTRY","HOME OUTDOORS","LANDSCAPING & GARDEN CENTER","LANDSCAPING ACC","GARDEN_FERTILIZERS","1132","46947","0,062","0,359","0,037","0,235"
"FURNISHING & HOUSEWARE","DECOR","MIRRORS & DECORATIVE ART","MIRRORS & DECORATIVE ART","PICTURE_FRAMES","1128","49108","0,062","0,537","0,038","0,435"
"CONSTRUCTION & INDUSTRY","STATIONERY","ART & CRAFT SUPPLIES","ART & CRAFT SUPPLIES","ARTISTIC_ACRYLIC_PAINTS","1124","50893","0,062","0,357","0,04","0,254"
"CONSTRUCTION & INDUSTRY","CONSTRUCTION","PAINTING","PAINT FINISHING","WATERPROOFING_PROTECTORS_AND_SURFACE_TREATMENTS","1115","114049","0,061","0,354","0,089","0,57"
"CONSTRUCTION & INDUSTRY","CONSTRUCTION","PAINTING","LATEX AND ACRYLIC PAINTS","LATEX_ENAMEL_AND_ACRYLIC_PAINTS","1113","119451","0,061","0,353","0,093","0,597"
"CPG","FOODS","GROCERIES","SAUCES & DRESSINGS","VINEGARS","1107","19453","0,061","0,352","0,015","0,161"
"CONSTRUCTION & INDUSTRY","CONSTRUCTION","BATHROOM & KITCHEN CONSTRUCTION","SANITARY WARE","TOILET_TANKS","1094","61194","0,06","0,347","0,048","0,306"
"CONSTRUCTION & INDUSTRY","TOOLS","MANUAL TOOLS","SCISSORS","SCISSORS","1091","38973","0,06","0,346","0,03","0,195"
"CONSTRUCTION & INDUSTRY","INDUSTRY","OFFICE EQUIPMENT","OFFICE EQUIPMENT","BROCHURE_AND_MENU_HOLDERS","1090","50188","0,06","0,346","0,039","0,251"
"TECHNOLOGY","WEARABLES","SMARTWATCHES","SMARTWATCHES","SMARTWATCH_AND_WRISTWATCH_SCREEN_PROTECTORS","1089","24935","0,06","0,713","0,019","0,085"
"FASHION","APPAREL ACCESSORIES","BAG & BACKPACK","WALLETS","WALLETS_AND_COIN_PURSES","1088","54099","0,06","0,417","0,042","0,427"
"VEHICLE PARTS & ACCESSORIES","ACC MOTORCYCLES","MOTORCYCLE HELMETS","MOTORCYCLE HELMETS","MOTORCYCLE_HELMETS","1086","225944","0,06","1,114","0,176","2,7"
"FURNISHING & HOUSEWARE","FURNITURE","FURNITURE SPARE PARTS & ACC","FURNITURE SPARE PARTS & ACC","WALL_BRACKETS","1085","47832","0,06","0,516","0,037","0,423"
"BEAUTY","BEAUTY PROFESSIONAL","BEAUTY SALOON","SALOON TOOLS","HAIRDRESSING_ACCESSORIES","1084","57276","0,06","0,895","0,045","0,598"
"CPG","FOODS","GROCERIES","DRY FOOD","RICE","1082","18862","0,06","0,344","0,015","0,156"
"CPG","FOODS","INFANTS & BABIES","MILKBASED COMPOUND","BABY_FORMULAS","1081","121308","0,06","0,343","0,094","1,004"
"FURNISHING & HOUSEWARE","HOUSEHOLD ITEMS","ORGANIZATION","KITCHEN ORG","FLATWARE_ORGANIZERS","1080","46737","0,06","0,514","0,036","0,414"
"CPG","DRINKS","ALCOHOLICS","LIQUORS & SPIRITS","WHISKEYS","1079","145317","0,059","0,343","0,113","1,203"
"TECHNOLOGY","IT PERIPHERALS, PARTS & ACCESSORIES","PERIPHERALS ACCESSORIES","CABLES & ACCESSORIES","CABLE_ORGANIZERS","1077","33428","0,059","0,705","0,026","0,114"
"CONSTRUCTION & INDUSTRY","STATIONERY","ART & CRAFT SUPPLIES","ART & CRAFT SUPPLIES","ARTISTIC_AND_TECHNICAL_PAPERS","1075","36351","0,059","0,341","0,028","0,182"
"BEAUTY","MAKEUP","EYES MAKEUP","EYES MAKEUP","MASCARAS","1075","50074","0,059","0,888","0,039","0,522"
"HEALTH","HEALTH GOODS","PHARMACY ARTICLES","PHARMACY ARTICLES","PERSONAL_LUBRICANTS_AND_GELS","1074","41718","0,059","1,018","0,032","0,501"
"CPG","CPG HOME CARE","TOILET PAPERS & NAPKINS","TOILET PAPERS & NAPKINS","PAPER_NAPKINS","1066","30024","0,059","0,339","0,023","0,249"
"CPG","FOODS","OTHER FOOD","OTHER FOOD","FOODS_AND_DRINKS","1064","53580","0,059","0,338","0,042","0,444"
"VEHICLE PARTS & ACCESSORIES","ACC CARS & VANS","CARS & VANS REPLACEMENT PARTS","CARS & VANS OTHERS","VEHICLE_AUXILIARY_LIGHTS","1062","78248","0,059","1,089","0,061","0,935"
"CONSTRUCTION & INDUSTRY","TOOLS","TOOL ACCESSORIES","CUTTING ACC","SANDPAPERS","1061","40520","0,058","0,337","0,032","0,203"
"VEHICLE PARTS & ACCESSORIES","ACC CARS & VANS","CARS & VANS REPLACEMENT PARTS","CARS & VANS OTHERS","VEHICLE_EMBLEMS","1059","64366","0,058","1,086","0,05","0,769"
"FURNISHING & HOUSEWARE","HOUSEHOLD ITEMS","KITCHEN HOME","WATER DISPENSERS AND FILTERS","WATER_PURIFIERS_AND_FILTERS","1059","145179","0,058","0,504","0,113","1,285"
"CPG","CPG HOME CARE","CLEANING EQUIPMENT","CLEANING EQUIPMENT","HOME_CLEANING_BRUSHES","1058","38816","0,058","0,336","0,03","0,321"
"FURNISHING & HOUSEWARE","HOUSEHOLD ITEMS","KITCHEN HOME","FOOD STORAGE","SPICE_RACKS","1057","49853","0,058","0,503","0,039","0,441"
"CPG","DRINKS","NON ALCOHOLICS","ENERGY DRINKS","SPORTS_DRINKS","1057","38500","0,058","0,336","0,03","0,319"
"CPG","PET","PET BEAUTY & HYGIENE","SHAMPOO & CONDITIONER","CAT_AND_DOG_SHAMPOOS_AND_CONDITIONERS","1056","89057","0,058","0,335","0,069","0,737"
"HOME ELECTRONICS","AUDIO & GENERAL ELECTRONICS","ELECTRONIC, TOOLS & COMPONENTS","ELECTRONIC COMPONENTS","MICROCONTROLLER_BOARDS","1046","65275","0,058","1,278","0,051","0,98"
"BEAUTY","BEAUTY PROFESSIONAL","BEAUTY SALOON","SALOON SUPPLIES","BEAUTY_AND_PERSONAL_CARE_SUPPLIES","1046","57407","0,058","0,864","0,045","0,599"
"TECHNOLOGY","IT APPLIANCES","PRINTERS PARTS & ACCESSORIES","PRINTERS SUPPLIES","INK_CARTRIDGES","1045","145042","0,058","0,684","0,113","0,495"
"CONSTRUCTION & INDUSTRY","LIGHTING","EMERGENCY & FLOOD LIGHTS","EMERGENCY & FLOOD LIGHTS","EMERGENCY_LIGHTS","1042","48207","0,057","0,331","0,037","0,241"
"FURNISHING & HOUSEWARE","HOUSEHOLD ITEMS","KITCHEN HOME","PREP, GADGETS AND ACC","CUTTING_BOARDS","1041","53392","0,057","0,495","0,042","0,473"
"TECHNOLOGY","CAMERAS & DRONES","CAMERA ACCESSORIES","SUPPORTS & STABILIZERS","CAMERA_TRIPODS","1035","90109","0,057","0,678","0,07","0,307"
"BEAUTY","BEAUTY PERSONAL CARE","FACIAL CARE","FACIAL CARE","FACE_MASKS","1032","42122","0,057","0,852","0,033","0,439"
"HOME ELECTRONICS","LARGE APPLIANCES","BUILT IN","RANGES, OVENS & COOKTOPS","COOKTOPS","1031","95466","0,057","1,26","0,074","1,433"
"FASHION","APPAREL","KIDS APPAREL","KIDS APPAREL","SCHOOL_SMOCKS","1022","48638","0,056","0,392","0,038","0,384"
"FASHION","APPAREL ACCESSORIES","OTHER APPAREL ACCESSORIES","OTHER APPAREL ACCESSORIES","RINGS","1010","72914","0,056","0,387","0,057","0,576"
"FURNISHING & HOUSEWARE","TEXTILES","LIVINGROOM TEXTILES","CUSHIONS & TROW BLANKETS","CUSHIONS","1009","45530","0,056","0,48","0,035","0,403"
"FURNISHING & HOUSEWARE","FURNITURE","FURNITURE SPARE PARTS & ACC","FURNITURE SPARE PARTS & ACC","FURNITURE_LEGS","1008","42254","0,056","0,48","0,033","0,374"
"VEHICLE PARTS & ACCESSORIES","ACC MOTORCYCLES","MOTORCYCLE ACCESSORIES","MOTORCYCLE ACCESSORIES EXTERIOR","MOTORCYCLE_INTERCOMMUNICATORS","1006","72369","0,055","1,032","0,056","0,865"
"CONSTRUCTION & INDUSTRY","SECURITY","DORBELLS & INTERCOMS","DORBELLS & INTERCOMS","ELECTRIC_ENTRANCE_INTERCOMS","1005","122861","0,055","0,319","0,096","0,614"
"FASHION","FOOTWEAR","FLATS","FLATS","FLATS","1005","59959","0,055","0,385","0,047","0,473"
"TECHNOLOGY","SMARTPHONES & TABLETS","SMARTPHONES PARTS & ACCESSORIES","SMARTPHONES ACCESSORIES","CELLPHONE_ACCESSORIES","1003","27323","0,055","0,657","0,021","0,093"
"TECHNOLOGY","IT PERIPHERALS, PARTS & ACCESSORIES","STORAGE","PEN DRIVES","PENDRIVES","1002","67489","0,055","0,656","0,052","0,23"
"VEHICLE PARTS & ACCESSORIES","ACC CARS & VANS","CARS & VANS REPLACEMENT PARTS","CARS & VANS ELECTRONICS","VEHICLE_IGNITION_SWITCHES","997","33703","0,055","1,023","0,026","0,403"
"FURNISHING & HOUSEWARE","DECOR","ARTIFICIAL FLOWERS AND PLANTS","ARTIFICIAL FLOWERS AND PLANTS","ARTIFICIAL_PLANTS","997","44227","0,055","0,474","0,034","0,392"
"BEAUTY","MAKEUP","MAKEUP KITS AND ACCESSORIES","MAKEUP KITS AND ACCESSORIES","MAKEUP_ORGANIZERS","983","39818","0,054","0,812","0,031","0,415"
"BEAUTY","MAKEUP","LIPS MAKEUP","LIPS MAKEUP","LIP_GLOSSES","981","38623","0,054","0,81","0,03","0,403"
"CONSTRUCTION & INDUSTRY","HOME OUTDOORS","WATERING & IRRIGATION","HOSES & SPRINKLERS","WATER_HOSES","979","56131","0,054","0,311","0,044","0,281"
"CONSTRUCTION & INDUSTRY","TOOLS","GARDEN TOOLS","SPRAYERS","GARDEN_SPRAYERS","974","39276","0,054","0,309","0,031","0,196"
"CPG","FOODS","FRESH FOOD","OTHER FRESH FOOD","COOKING_CREAMS","974","8606","0,054","0,309","0,007","0,071"
"FURNISHING & HOUSEWARE","FURNITURE","FURNITURE SPARE PARTS & ACC","FURNITURE SPARE PARTS & ACC","FURNITURE_KNOBS","967","40548","0,053","0,46","0,032","0,359"
"FURNISHING & HOUSEWARE","DECOR","OTHERS DECOR","OTHERS DECOR","HOME_DECOR","963","41494","0,053","0,458","0,032","0,367"
"FURNISHING & HOUSEWARE","DECOR","CLOCKS","CLOCKS","TABLE_AND_ALARM_CLOCKS","957","31661","0,053","0,455","0,025","0,28"
"CPG","FOODS","GROCERIES","SALT, SPICES & BROTHS","SPICES","943","28269","0,052","0,3","0,022","0,234"
"HOME ELECTRONICS","HOUSEHOLD APPLIANCES PARTS","BUILT IN PARTS","BUILT IN PARTS","NATURAL_GAS_INSTALLATION_KITS","939","60822","0,052","1,147","0,047","0,913"
"TECHNOLOGY","SMARTPHONES & TABLETS","ACCESSORIES & PARTS FOR COMMUNICATION","TELEPHONES","TELEPHONES","938","91756","0,052","0,614","0,071","0,313"
"CPG","FOODS","BREAKFAST & CEREALS","SWEET","SOLID_SWEET_PASTES","936","37602","0,052","0,297","0,029","0,311"
"CONSTRUCTION & INDUSTRY","TOOLS","MANUAL TOOLS","MANUAL TOOLS SETS","COMBINED_TOOL_KITS","935","58771","0,052","0,297","0,046","0,294"
"FURNISHING & HOUSEWARE","HOUSEHOLD ITEMS","ORGANIZATION","KITCHEN ORG","SINK_ORGANIZERS_AND_KITCHEN_SPONGE_HOLDERS","934","32428","0,051","0,444","0,025","0,287"
"VEHICLE PARTS & ACCESSORIES","ACC MOTORCYCLES","MOTORCYCLE REPLACEMENT PARTS","MOTORCYCLE OTHERS","VEHICLE_TUNING_AND_PERFORMANCE","931","54749","0,051","0,955","0,043","0,654"
"TECHNOLOGY","IT PERIPHERALS, PARTS & ACCESSORIES","DESKTOP PC PARTS","COOLERS AND FANS","DESKTOP_COMPUTER_COOLERS_AND_FANS","924","81306","0,051","0,605","0,063","0,277"
"BEAUTY","BEAUTY PERSONAL CARE","FACIAL CARE","FACIAL CARE","LIP_BALMS","924","31440","0,051","0,763","0,024","0,328"
"CPG","FOODS","GROCERIES","SAUCES & DRESSINGS","FOOD_AND_DRINK_SYRUPS","919","46036","0,051","0,292","0,036","0,381"
"CONSTRUCTION & INDUSTRY","CONSTRUCTION","BATHROOM & KITCHEN CONSTRUCTION","BATHTUBS, SHOWERS ACC & DRAINS","HYGIENIC_SHOWERS","911","42649","0,05","0,289","0,033","0,213"
"HEALTH","HEALTH GOODS","PHARMACY ARTICLES","PHARMACY ARTICLES","PILL_BOXES","911","22527","0,05","0,864","0,018","0,271"
"TECHNOLOGY","IT PERIPHERALS, PARTS & ACCESSORIES","PERIPHERALS ACCESSORIES","NOTEBOOK ACCESSORIES","LAPTOP_CASES","909","43105","0,05","0,595","0,034","0,147"
"CONSTRUCTION & INDUSTRY","SECURITY","DOOR AND GATE AUTOMIZATION","DOOR AND GATE AUTOMIZATION","DOOR_AND_GATE_REMOTE_CONTROLS","908","43879","0,05","0,288","0,034","0,219"
"CONSTRUCTION & INDUSTRY","TOOLS","POWER TOOLS","WELDING","ELECTRIC_SOLDERING_IRONS","907","49110","0,05","0,288","0,038","0,245"
"FASHION","APPAREL","CLOTHING","SPORTSWEAR","THERMAL_SHIRTS","906","37416","0,05","0,348","0,029","0,295"
"FURNISHING & HOUSEWARE","DECOR","MIRRORS & DECORATIVE ART","MIRRORS & DECORATIVE ART","MIRROR_AND_PAINTING_FRAMES","906","48017","0,05","0,431","0,037","0,425"
"FURNISHING & HOUSEWARE","HOUSEHOLD ITEMS","CLEANING & LAUNDRY","LAUNDRY","LAUNDRY_BASKETS","906","40441","0,05","0,431","0,031","0,358"
"FURNISHING & HOUSEWARE","HOUSEHOLD ITEMS","TABLETOP","DRINKWARE & ICE","DRINK_JUGS","901","35479","0,05","0,429","0,028","0,314"
"CPG","DRINKS","NON ALCOHOLICS","WATERS","FLAVORED_WATERS","898","25722","0,049","0,285","0,02","0,213"
"FURNISHING & HOUSEWARE","HOUSEHOLD ITEMS","KITCHEN HOME","PREP, GADGETS AND ACC","VEGETABLE_AND_FRUIT_CHOPPERS","892","36330","0,049","0,424","0,028","0,322"
"CPG","DRINKS","ALCOHOLICS","LIQUORS & SPIRITS","LIQUORS","891","90160","0,049","0,283","0,07","0,746"
"FURNISHING & HOUSEWARE","HOUSEHOLD ITEMS","CLEANING & LAUNDRY","HOME CLEANING","TOILET_BRUSHES","891","33070","0,049","0,424","0,026","0,293"
"HOME ELECTRONICS","SMALL APPLIANCES","KITCHEN","MEAL & DRINK MAKERS","ELECTRIC_SANDWICH_MAKERS","891","94572","0,049","1,089","0,074","1,419"
"CPG","FOODS","GROCERIES","SALT, SPICES & BROTHS","SALT","888","18341","0,049","0,282","0,014","0,152"
"SPORTS","MOUNTAIN & OUTDOORS","CAMPING","SHELTER & SLEEP","AIR_MATTRESSES","885","124940","0,049","1,596","0,097","3,508"
"CPG","CPG PERSONAL CARE","PERSONAL CARE ESSENTIALS","ORAL CARE","MOUTHWASHES","885","33447","0,049","0,281","0,026","0,277"
"SPORTS","INDOOR SPORTS","GYM","GYM ACCESORIES","LUMBAR_AND_ABDOMINAL_BRACES","883","44400","0,049","1,592","0,035","1,246"
"VEHICLE PARTS & ACCESSORIES","OILS & FILTERS","FILTERS","COMMERCIAL VEHICLES FILTERS","VEHICLE_AIR_FILTERS","880","55036","0,048","0,903","0,043","0,658"
"CONSTRUCTION & INDUSTRY","TOOLS","MEASURING TOOLS","PRESSURE","ANALOG_PRESSURE_GAUGES","872","47805","0,048","0,277","0,037","0,239"
"FURNISHING & HOUSEWARE","HOUSEHOLD ITEMS","TABLETOP","FLATWARE","KITCHEN_SPOONS","870","27091","0,048","0,414","0,021","0,24"
"VEHICLE PARTS & ACCESSORIES","ACC CARS & VANS","CARS & VANS REPLACEMENT PARTS","CARS & VANS OTHERS","VEHICLE_WHEEL_COVERS","867","54166","0,048","0,889","0,042","0,647"
"FASHION","APPAREL ACCESSORIES","JEWELRY","JEWELRY","JEWELRY_STANDS_AND_CASES","867","45753","0,048","0,333","0,036","0,361"
"FASHION","APPAREL ACCESSORIES","OTHER APPAREL ACCESSORIES","OTHER APPAREL ACCESSORIES","SCARVES_SHAWLS_AND_KERCHIEFS","859","28927","0,047","0,329","0,022","0,228"
"TECHNOLOGY","IT PERIPHERALS, PARTS & ACCESSORIES","MONITORS & ACCESSORIES","MONITORS","COMPUTER_MONITORS","857","253299","0,047","0,561","0,197","0,864"
"BEAUTY","BEAUTY ELECTRONICS","BEAUTY ELECTRONICS","CURLING_IRONS","CURLING_IRONS","857","92848","0,047","0,708","0,072","0,969"
"VEHICLE PARTS & ACCESSORIES","ACC CARS & VANS","CARS & VANS REPLACEMENT PARTS","CARS & VANS LIGHTING","VEHICLE_TURN_SIGNAL_LIGHTS","857","53395","0,047","0,879","0,042","0,638"
"VEHICLE PARTS & ACCESSORIES","ACC CARS & VANS","CARS & VANS REPLACEMENT PARTS","CARS & VANS INTERIOR","VEHICLE_WEATHERSTRIPS","854","38595","0,047","0,876","0,03","0,461"
"CPG","FOODS","GROCERIES","DRY FOOD","EDIBLE_SEEDS","854","24148","0,047","0,271","0,019","0,2"
"CPG","FOODS","BREAKFAST & CEREALS","SWEET","CACAO","853","30804","0,047","0,271","0,024","0,255"
"HOME ELECTRONICS","HOUSEHOLD APPLIANCES PARTS","KITCHEN PARTS","BLENDER PARTS","BLENDER_JARS","853","36715","0,047","1,042","0,029","0,551"
"CONSTRUCTION & INDUSTRY","INDUSTRY","SAFETY EQUIPMENT","SAFETY EQUIPMENT","HEARING_PROTECTORS","849","49421","0,047","0,27","0,038","0,247"
"HOME ELECTRONICS","SMALL APPLIANCES","HOUSING & CLEANING","SEWING MACHINE","SEWING_MACHINE_PRESSER_FEET","849","19117","0,047","1,037","0,015","0,287"
"T & B","TOYS AND GAMES","BOARD AND CARD GAMES","PUZZLE","PUZZLES","848","39114","0,047","1,418","0,03","1,049"
"BEAUTY","MAKEUP","FACIAL MAKEUP","FACIAL MAKEUP","CONCEALERS","847","46957","0,047","0,7","0,037","0,49"
"CONSTRUCTION & INDUSTRY","INDUSTRY","INDUSTRY GENERAL EQUIPMENT","INDUSTRY GENERAL EQUIPMENT","INDUSTRIAL_MAGNETS","845","32510","0,047","0,268","0,025","0,163"
"FASHION","APPAREL ACCESSORIES","OTHER APPAREL ACCESSORIES","OTHER APPAREL ACCESSORIES","NECKTIES","842","16144","0,046","0,323","0,013","0,127"
"CPG","PET","PET ACCESSORIES","OTHER ACCESSORIES","CAT_AND_DOG_BEDS","842","59312","0,046","0,267","0,046","0,491"
"OTHERS","ANTIQUES & HOBBIES","ANTIQUES & HOBBIES","ANTIQUES & HOBBIES","READY_TO_PAINT_FIGURES_AND_OBJECTS","841","35998","0,046","8,752","0,028","6,441"
"CPG","FOODS","BREAKFAST & CEREALS","SWEET","HONEY","840","35764","0,046","0,267","0,028","0,296"
"SPORTS","FOOTBALL","FOOTBALL BALLS","FOOTBALL BALLS","FOOTBALL_BALLS","837","68582","0,046","1,509","0,053","1,925"
"FURNISHING & HOUSEWARE","DECOR","CHRISTMAS DECOR","CHRISTMAS DECOR","CHRISTMAS_AND_DECORATIVE_STRINGS_LIGHTS","836","45652","0,046","0,398","0,035","0,404"
"HOME ELECTRONICS","AUDIO & GENERAL ELECTRONICS","ELECTRONIC, TOOLS & COMPONENTS","ELECTRONIC COMPONENTS","ELECTRONIC_ACCESSORIES_AND_REPLACEMENTS","835","45618","0,046","1,02","0,035","0,685"
"VEHICLE PARTS & ACCESSORIES","ACC CARS & VANS","CARS & VANS REPLACEMENT PARTS","CARS & VANS OTHERS","VEHICLE_WINDSHIELD_WIPERS","835","53440","0,046","0,856","0,042","0,639"
"HEALTH","HEALTH GOODS","HEALTH PROFESSIONAL","ORTHOPEDIC SPECIALIZED EQUIPMENT","COMPRESSION_SOCKS","828","74881","0,046","0,785","0,058","0,9"
"ENTERTAINMENT","MUSICAL INSTRUMENTS","STRING INSTRUMENTS","GUITARS & ACCESSORIES","STRING_INSTRUMENT_STRINGS","828","50625","0,046","2,676","0,039","2,066"
"FASHION","APPAREL","KIDS APPAREL","KIDS APPAREL","BABY_BODYSUITS","826","31514","0,046","0,317","0,025","0,249"
"TECHNOLOGY","IT PERIPHERALS, PARTS & ACCESSORIES","PC PERIPHERALS","WEBCAMS","WEBCAMS","824","144586","0,045","0,54","0,112","0,493"
"CONSTRUCTION & INDUSTRY","CONSTRUCTION","DOOR, WINDOW & FENCES","HARDWARE","FURNITURE_RAILS","822","27159","0,045","0,261","0,021","0,136"
"HOME ELECTRONICS","TELEVISIONS & STREAMING DEVICES","TELEVISIONS ACCESSORIES","TELEVISIONS ACCESSORIES","TV_ANTENNAS","818","26279","0,045","0,999","0,02","0,394"
"BEAUTY","MAKEUP","FACIAL MAKEUP","FACIAL MAKEUP","BLUSHES_HIGHLIGHTERS_AND_COUNTOURS","817","40480","0,045","0,675","0,031","0,422"
"HOME ELECTRONICS","SMALL APPLIANCES","KITCHEN","ELECTRIC POTS SKILLETS & RICE COOKERS","ELECTRIC_POTS_SKILLETS_AND_RICE_COOKERS","816","153680","0,045","0,997","0,119","2,306"
"SPORTS","FOOTBALL","FOOTBALL EQUIPMENT","FOOTBALL ACCESSORIES","FOOTBALL_SOCKS","813","25156","0,045","1,466","0,02","0,706"
"CPG","CPG PERSONAL CARE","PERSONAL CARE ESSENTIALS","ORAL CARE","DENTAL_FLOSSES","813","17177","0,045","0,258","0,013","0,142"
"TECHNOLOGY","SMARTPHONES & TABLETS","TABLETS & READERS ACCESSORIES","STYLUSES","STYLUSES","811","62257","0,045","0,531","0,048","0,212"
"BEAUTY","MAKEUP","MAKEUP KITS AND ACCESSORIES","MAKEUP KITS AND ACCESSORIES","MAKEUP_BRUSHES","809","36544","0,045","0,668","0,028","0,381"
"VEHICLE PARTS & ACCESSORIES","ACC CARS & VANS","CARS & VANS REPLACEMENT PARTS","CARS & VANS OTHERS","VEHICLE_ANTI_THEFT_STUDS","809","88673","0,045","0,83","0,069","1,06"
"T & B","TOYS AND GAMES","OTHER TOYS & GAMES","OTHER TOYS & GAMES","TOYS_AND_GAMES","809","50523","0,045","1,353","0,039","1,355"
"BEAUTY","BEAUTY PERSONAL CARE","FACIAL CARE","FACIAL CARE","MAKEUP_REMOVERS","801","39273","0,044","0,662","0,031","0,41"
"CPG","PET","PET HOUSES, TOYS & FASHION","PET TOYS","CAT_TOYS","794","25820","0,044","0,252","0,02","0,214"
"FURNISHING & HOUSEWARE","HOUSEHOLD ITEMS","BATHROOM","BATHROOM ACCESSORIES","PAPER_TOWEL_DISPENSERS","794","51613","0,044","0,378","0,04","0,457"
"SPORTS","INDOOR SPORTS","GYM","GYM ACCESORIES","TACTICAL_AND_SPORTS_KNEE_PADS","790","34853","0,044","1,425","0,027","0,978"
"TECHNOLOGY","CAMERAS & DRONES","STUDIO & LIGHTING","CONTINUOUS LIGHTING","CONTINUOUS_LIGHTING","790","125621","0,044","0,517","0,098","0,428"
"HOME ELECTRONICS","AUDIO & GENERAL ELECTRONICS","ELECTRONIC, TOOLS & COMPONENTS","ELECTRONIC COMPONENTS","BATTERY_AND_CELL_BATTERIES_CHARGERS","788","40136","0,043","0,963","0,031","0,602"
"HEALTH","HEALTH GOODS","OFTALMOLOGY","LENSES","NON_CORRECTIVE_CONTACT_LENSES","788","134565","0,043","0,747","0,105","1,617"
"TECHNOLOGY","SMARTPHONES & TABLETS","SMARTPHONES PARTS & ACCESSORIES","SMARTPHONES ACCESSORIES","CELLPHONE_HOLDERS_AND_STANDS","787","23467","0,043","0,515","0,018","0,08"
"VEHICLE PARTS & ACCESSORIES","ACC CARS & VANS","CARS & VANS REPLACEMENT PARTS","CARS & VANS ENGINE","VEHICLE_ENGINE_GASKETS","787","76208","0,043","0,807","0,059","0,911"
"FURNISHING & HOUSEWARE","FURNITURE","LIVING & DININGROOM FURNITURE","LIBRARIES AND SHELVES","SHELVES","785","45782","0,043","0,373","0,036","0,405"
"TECHNOLOGY","SMARTPHONES & TABLETS","ACCESSORIES & PARTS FOR COMMUNICATION","WALKIE TALKIE","WALKIE_TALKIES","784","120211","0,043","0,513","0,093","0,41"
"FURNISHING & HOUSEWARE","TEXTILES","DINING & KITCHEN TEXTILES","TABLECLOTHS, PLACEMATS & NAPKINS","PLACEMATS","784","37463","0,043","0,373","0,029","0,332"
"CONSTRUCTION & INDUSTRY","CONSTRUCTION","ELECTRICAL","SWITCHES AND PLUGS","ELECTRONIC_SWITCHES","783","31051","0,043","0,249","0,024","0,155"
"CPG","FOODS","GROCERIES","SAUCES & DRESSINGS","SEASONINGS","780","23026","0,043","0,248","0,018","0,191"
"BEAUTY","BEAUTY PROFESSIONAL","MANICURE & PEDICURE","MANICURE ACCESSORIES & EQUIPMENTS","NAIL_AND_CUTICLE_CUTTERS","780","33148","0,043","0,644","0,026","0,346"
"CONSTRUCTION & INDUSTRY","CONSTRUCTION","ELECTRICAL","CABLES & LAMP HOLDERS","LAMP_HOLDERS","778","24210","0,043","0,247","0,019","0,121"
"VEHICLE PARTS & ACCESSORIES","ACC CARS & VANS","CARS & VANS ACCESSORIES","CARS & VANS ACCESSORIES INTERIOR","VEHICLE_CAMERAS","778","77151","0,043","0,798","0,06","0,922"
"CONSTRUCTION & INDUSTRY","CONSTRUCTION","PAINTING","BRUSHES & ROLLERS","PAINT_BRUSHES","778","24007","0,043","0,247","0,019","0,12"
"SPORTS","MOUNTAIN & OUTDOORS","CAMPING","GEAR & EQUIPMENT","TACTICAL_AND_SPORTING_KNIVES","776","40082","0,043","1,399","0,031","1,125"
"TECHNOLOGY","SMARTPHONES & TABLETS","SMARTPHONES PARTS & ACCESSORIES","SMARTPHONES ACCESSORIES","CELLPHONE_AND_TABLET_FLEX_CABLES","776","12415","0,043","0,508","0,01","0,042"
"CONSTRUCTION & INDUSTRY","STATIONERY","OFFICE & SCHOOL SUPPLIES","PEN, PENCILS & ACC","DESK_ORGANIZERS_AND_PENCIL_HOLDERS","774","34232","0,043","0,246","0,027","0,171"
"FURNISHING & HOUSEWARE","HOUSEHOLD ITEMS","TABLETOP","SERVEWARE","CAKE_AND_CUPCAKE_STANDS","774","41466","0,043","0,368","0,032","0,367"
"CONSTRUCTION & INDUSTRY","CONSTRUCTION","CONSTRUCTION MACHINERY & ACC","CONSTRUCTION ACCESSORIES","MULTIPURPOSE_TARPS","770","35220","0,042","0,244","0,027","0,176"
"CONSTRUCTION & INDUSTRY","HOME OUTDOORS","LANDSCAPING & GARDEN CENTER","SOIL, SUBSTRATES & STONES","GARDEN_SOIL","768","21759","0,042","0,244","0,017","0,109"
"FURNISHING & HOUSEWARE","HABERDASHERY","HABERDASHERY","HABERDASHERY","YARNS","762","27258","0,042","0,362","0,021","0,241"
"FURNISHING & HOUSEWARE","HABERDASHERY","HABERDASHERY","HABERDASHERY","HABERDASHERY_RIBBONS","757","20718","0,042","0,36","0,016","0,183"
"CONSTRUCTION & INDUSTRY","TOOLS","MANUAL TOOLS","MANUAL TOOLS FIXING","MANUAL_SCREWDRIVERS","754","34050","0,042","0,239","0,026","0,17"
"CONSTRUCTION & INDUSTRY","TOOLS","POWER TOOLS","CUTTING","POWER_GRINDERS","753","80756","0,041","0,239","0,063","0,404"
"CPG","CPG PERSONAL CARE","CPG BODY CARE","DEPILATORY","RAZOR_CARTRIDGES","752","31714","0,041","0,239","0,025","0,263"
"BEAUTY","BEAUTY ELECTRONICS","BEAUTY ELECTRONICS","HAIR_STRAIGHTENERS","HAIR_STRAIGHTENERS","752","118230","0,041","0,621","0,092","1,233"
"CONSTRUCTION & INDUSTRY","TOOLS","MANUAL TOOLS","CUTTING AND ROUGHING","UTILITY_KNIVES","752","27644","0,041","0,239","0,021","0,138"
"HOME ELECTRONICS","SMALL APPLIANCES","HOUSING & CLEANING","SEWING MACHINE","SEWING_MACHINES","748","52953","0,041","0,914","0,041","0,795"
"BEAUTY","BEAUTY PROFESSIONAL","MANICURE & PEDICURE","NAIL POLISH","NAIL_STRENGTHENERS","748","36801","0,041","0,618","0,029","0,384"
"CPG","FOODS","BREAKFAST & CEREALS","CEREALS","CEREALS","744","15961","0,041","0,236","0,012","0,132"
"VEHICLE PARTS & ACCESSORIES","ACC CARS & VANS","CARS & VANS REPLACEMENT PARTS","CARS & VANS OTHERS","LIGHT_VEHICLE_ACCESSORIES","739","56532","0,041","0,758","0,044","0,676"
"SPORTS","MOUNTAIN & OUTDOORS","FISHING","FISHING_GEAR_AND_ACCESSORIES","FISHING_LURES","738","42657","0,041","1,331","0,033","1,198"
"FURNISHING & HOUSEWARE","HOUSEHOLD ITEMS","KITCHEN HOME","FOOD STORAGE","SALT_AND_PEPPER_SHAKERS","738","31312","0,041","0,351","0,024","0,277"
"VEHICLE PARTS & ACCESSORIES","ACC CARS & VANS","CARS & VANS REPLACEMENT PARTS","CARS & VANS OTHERS","VEHICLE_TAIL_LIGHTS","738","114738","0,041","0,757","0,089","1,371"
"BEAUTY","BEAUTY PROFESSIONAL","BEAUTY SALOON","HAIR PROFESSIONAL","HAIR_EXTENSIONS","737","49565","0,041","0,609","0,039","0,517"
"HEALTH","HEALTH GOODS","HEALTH PROFESSIONAL","MASK","SURGICAL_AND_INDUSTRIAL_MASKS","734","26370","0,04","0,696","0,021","0,317"
"FURNISHING & HOUSEWARE","HOUSEHOLD ITEMS","BATHROOM","BATHROOM ACCESSORIES","SOAP_HOLDERS","732","21239","0,04","0,348","0,017","0,188"
"FURNISHING & HOUSEWARE","DECOR","CANDLES AND ACC","CANDLES AND ACC","INCENSES","732","28404","0,04","0,348","0,022","0,251"
"CPG","PET","PET ACCESSORIES","OTHER ACCESSORIES","CAT_SCRATCHERS","732","31379","0,04","0,232","0,024","0,26"
"FURNISHING & HOUSEWARE","HOUSEHOLD ITEMS","BAR, WINE & ACC","WINE ACC","CORKSCREWS_AND_BOTTLE_OPENERS","729","32377","0,04","0,347","0,025","0,287"
"CONSTRUCTION & INDUSTRY","TOOLS","MEASURING TOOLS","DISTANCE","TAPE_MEASURES","726","26852","0,04","0,231","0,021","0,134"
"BEAUTY","MAKEUP","EYES MAKEUP","EYES MAKEUP","EYELASH_EXTENSIONS","724","25968","0,04","0,598","0,02","0,271"
"CONSTRUCTION & INDUSTRY","SECURITY","DORBELLS & INTERCOMS","DORBELLS & INTERCOMS","DOORBELLS","724","34945","0,04","0,23","0,027","0,175"
"VEHICLE PARTS & ACCESSORIES","ACC CARS & VANS","CARS & VANS REPLACEMENT PARTS","CARS & VANS OTHERS","VEHICLE_COVERS","723","61949","0,04","0,742","0,048","0,74"
"HEALTH","HEALTH GOODS","HEALTH PROFESSIONAL","ORTHOPEDIC SPECIALIZED EQUIPMENT","ORTHOPEDICS","720","24245","0,04","0,683","0,019","0,291"
"HEALTH","HEALTH GOODS","HEALTH PROFESSIONAL","MEDICAL SPECIALIZED EQUIPMENT","CATHETERS","720","50276","0,04","0,683","0,039","0,604"
"FURNISHING & HOUSEWARE","DECOR","CLOCKS","CLOCKS","WALL_CLOCKS","715","32620","0,039","0,34","0,025","0,289"
"CONSTRUCTION & INDUSTRY","TOOLS","TOOL ACCESSORIES","DRILLS & SCREWDRIVERS ACC","DRILL_AND_SCREWDRIVER_BITS","711","25657","0,039","0,226","0,02","0,128"
"CPG","CPG PERSONAL CARE","CPG BABY CARE","BABY HYGIENE","BABY_CREAMS_AND_OINTMENTS","709","55425","0,039","0,225","0,043","0,459"
"VEHICLE PARTS & ACCESSORIES","ACC CARS & VANS","CARS & VANS REPLACEMENT PARTS","CARS & VANS CLEANING","VEHICLE_AIR_FRESHENERS","708","32378","0,039","0,726","0,025","0,387"
"VEHICLE PARTS & ACCESSORIES","ACC CARS & VANS","CARS & VANS ACCESSORIES","CARS & VANS ACCESSORIES CLEANING","VEHICLE_BRIGHTENERS","705","31636","0,039","0,723","0,025","0,378"
"FURNISHING & HOUSEWARE","DECOR","ORNAMENTS","ORNAMENTS","DECORATIVE_AND_ADVERTISING_MAGNETS","701","27591","0,039","0,333","0,021","0,244"
"HEALTH","HEALTH GOODS","PHARMACY ARTICLES","PHARMACY ARTICLES","ANTIBACTERIAL_ALCOHOL","699","33860","0,039","0,663","0,026","0,407"
"HOME ELECTRONICS","SMALL APPLIANCES","KITCHEN","FOOD PROCESSORS","FOOD_PROCESSORS","698","58506","0,038","0,853","0,045","0,878"
"CONSTRUCTION & INDUSTRY","CONSTRUCTION","PAINTING","BRUSHES & ROLLERS","PAINT_ROLLERS","698","27025","0,038","0,222","0,021","0,135"
"CPG","CPG HOME CARE","CLEANING PRODUCTS & SUPPLIES","HOUSE CLEANING PRODUCTS","HOUSEHOLD_CLEANING_WET_WIPES","697","19320","0,038","0,221","0,015","0,16"
"CONSTRUCTION & INDUSTRY","STATIONERY","OFFICE & SCHOOL SUPPLIES","OTHER OFFICE & SCHOOL SUPPLIES","CALCULATORS","695","54035","0,038","0,221","0,042","0,27"
"CPG","FOODS","BREAKFAST & CEREALS","SWEET","HAZELNUT_CREAMS","694","31032","0,038","0,22","0,024","0,257"
"FASHION","FOOTWEAR","OTHER FOOTWEAR","OTHER FOOTWEAR","SLIPPERS","693","32249","0,038","0,266","0,025","0,255"
"TECHNOLOGY","IT PERIPHERALS, PARTS & ACCESSORIES","DESKTOP PC PARTS","POWER SUPPLIES","DESKTOP_COMPUTER_POWER_SUPPLIES","686","92658","0,038","0,449","0,072","0,316"
"SPORTS","INDOOR SPORTS","YOGA","YOGA MATS","EXERCISE_AND_YOGA_MATS","686","29982","0,038","1,237","0,023","0,842"
"CONSTRUCTION & INDUSTRY","CONSTRUCTION","PAINTING","PAINT FINISHING","CONSTRUCTION_PUTTIES_AND_SPACKELS","685","25475","0,038","0,218","0,02","0,127"
"FASHION","APPAREL ACCESSORIES","OTHER APPAREL ACCESSORIES","OTHER APPAREL ACCESSORIES","UMBRELLAS","682","18258","0,038","0,262","0,014","0,144"
"TECHNOLOGY","IT PERIPHERALS, PARTS & ACCESSORIES","PARTS COMPONENTS","PC COMPONENTS","NETWORK_SWITCHES","681","155883","0,038","0,446","0,121","0,532"
"T & B","PARTY","PARTY EQUIPMENT","PARTY MACHINES","GIFT_BOXES","678","25894","0,037","1,134","0,02","0,694"
"FURNISHING & HOUSEWARE","TEXTILES","LIVINGROOM TEXTILES","FURNITURE COVERS","SOFA_FUTON_AND_ARMCHAIR_COVERS","678","58332","0,037","0,323","0,045","0,516"
"FURNISHING & HOUSEWARE","TEXTILES","BATHROOM TEXTILES","TOWELS & TOILET RUGS","FACIAL_TOWELS","677","29864","0,037","0,322","0,023","0,264"
"CONSTRUCTION & INDUSTRY","INDUSTRY","COMMERCE EQUIPMENT","COMMERCE EQUIPMENT","BAR_CODE_SCANNERS","676","143072","0,037","0,215","0,111","0,715"
"FURNISHING & HOUSEWARE","HOUSEHOLD ITEMS","KITCHEN HOME","FOOD STORAGE","ELECTRIC_LUNCHBOXES","675","24254","0,037","0,321","0,019","0,215"
"BEAUTY","BEAUTY PROFESSIONAL","BEAUTY SALOON","SALOON TOOLS","HAIR_COMBS","671","20684","0,037","0,554","0,016","0,216"
"CONSTRUCTION & INDUSTRY","CONSTRUCTION","ELECTRICAL","SWITCHES AND PLUGS","PUSH_BUTTONS","671","19204","0,037","0,213","0,015","0,096"
"SPORTS","WATER SPORTS","SWIMMING","SWIMMING","SWIMMING_EARPLUGS","669","18560","0,037","1,206","0,014","0,521"
"CPG","CPG HOME CARE","CLEANING EQUIPMENT","CLEANING EQUIPMENT","PLUNGERS","666","25656","0,037","0,212","0,02","0,212"
"SPORTS","FOOTBALL","FOOTBALL EQUIPMENT","FOOTBALL ACCESSORIES","FOOTBALL_KITS","666","34938","0,037","1,201","0,027","0,981"
"VEHICLE PARTS & ACCESSORIES","ACC CARS & VANS","CARS & VANS REPLACEMENT PARTS","CARS & VANS FLUIDS","VEHICLE_ADDITIVES","663","51891","0,037","0,68","0,04","0,62"
"CONSTRUCTION & INDUSTRY","INDUSTRY","INDUSTRY GENERAL EQUIPMENT","INDUSTRY GENERAL EQUIPMENT","INDUSTRIAL_AND_COMMERCIAL_EQUIPMENT","663","57240","0,037","0,211","0,045","0,286"
"VEHICLE PARTS & ACCESSORIES","ACC MOTORCYCLES","MOTORCYCLE REPLACEMENT PARTS","MOTORCYCLE BODYWORK","VEHICLE_CLIPS","662","19353","0,036","0,679","0,015","0,231"
"CONSTRUCTION & INDUSTRY","STATIONERY","OFFICE & SCHOOL SUPPLIES","PEN, PENCILS & ACC","PENCILS","661","30185","0,036","0,21","0,023","0,151"
"FURNISHING & HOUSEWARE","FURNITURE","LIVING & DININGROOM FURNITURE","SOFAS, ACCENT CHAIR & ACC","HOME_AND_OFFICE_FOOTRESTS","660","35321","0,036","0,314","0,027","0,313"
"TECHNOLOGY","IT PERIPHERALS, PARTS & ACCESSORIES","PARTS COMPONENTS","PC COMPONENTS","COMPUTER_EQUIPMENT_AND_REPLACEMENTS","658","47262","0,036","0,431","0,037","0,161"
"BEAUTY","MAKEUP","EYES MAKEUP","EYES MAKEUP","EYELINERS","658","25125","0,036","0,543","0,02","0,262"
"CPG","FOODS","COOKIES & SNACKS","SNACKS","PEANUTS","658","17135","0,036","0,209","0,013","0,142"
"FURNISHING & HOUSEWARE","HOUSEHOLD ITEMS","GRILLS & OUTDOOR COOKING","OUTDOOR COOK ACC","BARBECUE_TOOL_KITS","656","46753","0,036","0,312","0,036","0,414"
"CPG","DRINKS","ALCOHOLICS","READY TO DRINK COCKTAILS","READY_TO_DRINK_COCKTAILS","655","26139","0,036","0,208","0,02","0,216"
"CONSTRUCTION & INDUSTRY","STATIONERY","OFFICE & SCHOOL SUPPLIES","OTHER OFFICE & SCHOOL SUPPLIES","RUBBER_STAMPS","653","26223","0,036","0,207","0,02","0,131"
"FURNISHING & HOUSEWARE","HABERDASHERY","HABERDASHERY","HABERDASHERY","HABERDASHERY_BEADS_AND_TUBES","651","13807","0,036","0,31","0,011","0,122"
"T & B","BABY","BREASTFEED & EATING ACCESSORIES","BABY BOTTLES","BABY_BOTTLES","651","44205","0,036","1,089","0,034","1,186"
"FURNISHING & HOUSEWARE","HOUSEHOLD ITEMS","KITCHEN HOME","BREW","TEAPOTS_AND_KETTLES","647","41423","0,036","0,308","0,032","0,367"
"CPG","FOODS","BREAKFAST & CEREALS","COFFEE","DISPOSABLE_COFFEE_FILTERS","646","8959","0,036","0,205","0,007","0,074"
"CPG","CPG HOME CARE","CLEANING EQUIPMENT","CLEANING EQUIPMENT","SQUEEGEES","642","20419","0,035","0,204","0,016","0,169"
"FASHION","APPAREL ACCESSORIES","OTHER APPAREL ACCESSORIES","OTHER APPAREL ACCESSORIES","HAIR_CLIPS","641","16616","0,035","0,246","0,013","0,131"
"HEALTH","HEALTH GOODS","HEALTH PROFESSIONAL","MEDICAL SPECIALIZED EQUIPMENT","HEALTH_CARE_SUPPLIES","641","55928","0,035","0,608","0,043","0,672"
"CONSTRUCTION & INDUSTRY","CONSTRUCTION","ELECTRICAL","BALLASTS & INVERTERS","VOLTAGE_CONVERTERS","639","68686","0,035","0,203","0,053","0,343"
"VEHICLE PARTS & ACCESSORIES","ACC MOTORCYCLES","MOTORCYCLE ACCESSORIES","MOTORCYCLE ACCESSORIES EXTERIOR","BICYCLE_AND_MOTORCYCLE_LOCKS","638","22577","0,035","0,654","0,018","0,27"
"CPG","FOODS","FRESH FOOD","DAIRY, EGGS & CHEESE","JAMS","637","22431","0,035","0,202","0,017","0,186"
"FASHION","FOOTWEAR","OTHER FOOTWEAR","OTHER FOOTWEAR","SHOELACES","635","13220","0,035","0,244","0,01","0,104"
"CONSTRUCTION & INDUSTRY","CONSTRUCTION","DOOR, WINDOW & FENCES","DOOR & WINDOW ACC","DOOR_STOPPERS","635","21032","0,035","0,202","0,016","0,105"
"CONSTRUCTION & INDUSTRY","INDUSTRY","UNIFORMS","UNIFORMS","WORK_SCRUBS","633","31964","0,035","0,201","0,025","0,16"
"BEAUTY","BEAUTY ELECTRONICS","BEAUTY ELECTRONICS","EPILATORS_AND_TRIMMERS","EPILATORS_AND_TRIMMERS","633","39295","0,035","0,523","0,031","0,41"
"CPG","FOODS","BREAKFAST & CEREALS","MILK","CONDENSED_MILK","632","11268","0,035","0,201","0,009","0,093"
"VEHICLE PARTS & ACCESSORIES","ACC MOTORCYCLES","MOTORCYCLE REPLACEMENT PARTS","MOTORCYCLE BODYWORK","MOTORCYCLE_REARVIEW_MIRRORS","632","30681","0,035","0,648","0,024","0,367"
"CPG","DRINKS","ALCOHOLICS","LIQUORS & SPIRITS","CACHACAS","626","36147","0,034","0,199","0,028","0,299"
"T & B","PARTY","PARTY DECORATION","PARTY DECORATION","PARTY_DECORATION_KITS","625","30306","0,034","1,045","0,024","0,813"
"T & B","PARTY","PARTY DECORATION","PARTY DECORATION ARTICLES","BIRTHDAY_CANDLES_AND_SPARKLERS","624","16840","0,034","1,043","0,013","0,452"
"BEAUTY","MAKEUP","FACIAL MAKEUP","FACIAL MAKEUP","MAKEUP_PRIMERS","624","40625","0,034","0,515","0,032","0,424"
"CONSTRUCTION & INDUSTRY","TOOLS","TOOL ACCESSORIES","TOOL BATTERIES","ELECTRIC_TOOL_BATTERIES","623","63294","0,034","0,198","0,049","0,316"
"VEHICLE PARTS & ACCESSORIES","ACC CARS & VANS","CARS & VANS REPLACEMENT PARTS","CARS & VANS OTHERS","VEHICLE_BRAKE_PADS","622","78202","0,034","0,638","0,061","0,935"
"VEHICLE PARTS & ACCESSORIES","ACC CARS & VANS","CARS & VANS REPLACEMENT PARTS","CARS & VANS OTHERS","LIGHT_VEHICLE_REPLACEMENTS","621","54745","0,034","0,637","0,043","0,654"
"CONSTRUCTION & INDUSTRY","STATIONERY","ART & CRAFT SUPPLIES","ART & CRAFT SUPPLIES","CANVAS_AND_WOODEN_FRAMES","620","26589","0,034","0,197","0,021","0,133"
"CPG","PET","PET BEAUTY & HYGIENE","PET GROOMING","PET_BRUSHES","619","19426","0,034","0,197","0,015","0,161"
"CONSTRUCTION & INDUSTRY","CONSTRUCTION","CONSTRUCTION MATERIALS","ADHESIVES AND SEALANTS","CONSTRUCTION_TILE_GROUTS","618","24564","0,034","0,196","0,019","0,123"
"CPG","PET","PET FOOD & TREATS","OTHER PET FOOD & TREATS","BIRD_FOODS","618","31147","0,034","0,196","0,024","0,258"
"VEHICLE PARTS & ACCESSORIES","ACC VEHICULAR MULTIMEDIA","VEHICULAR AUDIO","VEHICULAR SPEAKERS","VEHICLE_SPEAKERS","617","109836","0,034","0,633","0,085","1,313"
"HOME ELECTRONICS","HOUSEHOLD APPLIANCES PARTS","LAUNDRY PARTS","WASHING & DRYER MACHINE PARTS","WASHING_MACHINE_HOSES","612","18698","0,034","0,748","0,015","0,281"
"CONSTRUCTION & INDUSTRY","CONSTRUCTION","ELECTRICAL","BALLASTS & INVERTERS","POWER_INVERTERS","612","39440","0,034","0,194","0,031","0,197"
"FURNISHING & HOUSEWARE","HOUSEHOLD ITEMS","BATHROOM","BATHROOM ACCESSORIES","TOOTHBRUSH_HOLDERS","611","14600","0,034","0,291","0,011","0,129"
"CONSTRUCTION & INDUSTRY","CONSTRUCTION","BATHROOM & KITCHEN CONSTRUCTION","EXHAUST FANS","BATHROOM_EXHAUST_FANS","611","76462","0,034","0,194","0,059","0,382"
"CONSTRUCTION & INDUSTRY","LIGHTING","FLOOR LAMPS","FLOOR LAMPS","FLOOR_LAMPS","611","56720","0,034","0,194","0,044","0,284"
"FASHION","APPAREL ACCESSORIES","BAG & BACKPACK","OTHER BAG&BACKPACK","PORTABLE_HANGING_SCALES","608","17851","0,033","0,233","0,014","0,141"
"VEHICLE PARTS & ACCESSORIES","ACC TIRES","OTHER ACC TIRES","OTHER ACC TIRES","VEHICLE_TIRE_INNER_TUBES","607","23076","0,033","0,623","0,018","0,276"
"CPG","FOODS","BREAKFAST & CEREALS","BREADS","BREADS","606","13452","0,033","0,192","0,01","0,111"
"VEHICLE PARTS & ACCESSORIES","ACC CARS & VANS","CARS & VANS REPLACEMENT PARTS","CARS & VANS OTHERS","VEHICLE_SIDE_VIEW_MIRRORS","603","77208","0,033","0,618","0,06","0,923"
"CONSTRUCTION & INDUSTRY","STATIONERY","OFFICE & SCHOOL SUPPLIES","ENVELOPES","SCHOOL_AND_OFFICE_ENVELOPES","603","31390","0,033","0,191","0,024","0,157"
"TECHNOLOGY","WEARABLES","SMARTWATCHES","SMARTWATCHES","SMARTWATCH_CHARGERS","596","19071","0,033","0,39","0,015","0,065"
"FASHION","APPAREL","CLOTHING","OTHER APPAREL","ROBES","594","43116","0,033","0,228","0,034","0,34"
"TECHNOLOGY","IT PERIPHERALS, PARTS & ACCESSORIES","DESKTOP PC PARTS","MOTHERBOARDS","COMPUTER_MOTHERBOARDS","593","153006","0,033","0,388","0,119","0,522"
"T & B","TOYS AND GAMES","BOARD AND CARD GAMES","BOARD GAMES","TRADING_CARD_GAME_ACCESSORIES","589","42045","0,032","0,985","0,033","1,128"
"TECHNOLOGY","CAMERAS & DRONES","DRONES, PARTS & ACCESSORIES","DRONES","DRONES","589","182989","0,032","0,386","0,142","0,624"
"CONSTRUCTION & INDUSTRY","INDUSTRY","SAFETY EQUIPMENT","SAFETY EQUIPMENT","SAFETY_GOGGLES","589","22089","0,032","0,187","0,017","0,11"
"FURNISHING & HOUSEWARE","HABERDASHERY","HABERDASHERY","HABERDASHERY","HOOK_AND_LOOP_FASTENERS","586","17252","0,032","0,279","0,013","0,153"
"FASHION","APPAREL ACCESSORIES","OTHER APPAREL ACCESSORIES","OTHER APPAREL ACCESSORIES","BUTTON_PINS","586","29897","0,032","0,225","0,023","0,236"
"CONSTRUCTION & INDUSTRY","STATIONERY","OFFICE & SCHOOL SUPPLIES","PEN, PENCILS & ACC","PENCIL_CASES","585","22000","0,032","0,186","0,017","0,11"
"CONSTRUCTION & INDUSTRY","CONSTRUCTION","CONSTRUCTION MATERIALS","CONSTRUCTION MATERIALS FIXING","WALL_ANCHOR_PLUGS","585","24177","0,032","0,186","0,019","0,121"
"FURNISHING & HOUSEWARE","TEXTILES","LIVINGROOM TEXTILES","FURNITURE COVERS","CHAIR_COVERS","584","31471","0,032","0,278","0,024","0,279"
"CONSTRUCTION & INDUSTRY","STATIONERY","OFFICE & SCHOOL SUPPLIES","OTHER OFFICE & SCHOOL SUPPLIES","SCHOOL_AND_OFFICE_STAPLERS","583","16559","0,032","0,185","0,013","0,083"
"T & B","PARTY","PARTY DISPOSABLES","PARTY DISPOSABLES","DISPOSABLE_PARTY_KITS","583","23983","0,032","0,975","0,019","0,643"
"SPORTS","INDOOR SPORTS","GYM","GYM ACCESORIES","SHAKER_BOTTLES","580","22756","0,032","1,046","0,018","0,639"
"CONSTRUCTION & INDUSTRY","TOOLS","MANUAL TOOLS","BRICKWORK","TILE_LEVELING_WEDGES_AND_CLIPS","580","41453","0,032","0,184","0,032","0,207"
"VEHICLE PARTS & ACCESSORIES","ACC CARS & VANS","CARS & VANS REPLACEMENT PARTS","CARS & VANS OTHERS","VEHICLE_WAXES","580","28158","0,032","0,595","0,022","0,336"
"CPG","FOODS","COOKIES & SNACKS","SNACKS","SWEET_PREMIXES","579","17114","0,032","0,184","0,013","0,142"
"T & B","BABY","BREASTFEED & EATING ACCESSORIES","BABY CUPS AND MUGS","BABY_CUPS_AND_MUGS","578","24365","0,032","0,967","0,019","0,653"
"HOME ELECTRONICS","AUDIO & GENERAL ELECTRONICS","AUDIO","AMPLIFIERS & RECEIVERS","AM_FM_SW_RADIOS","577","29693","0,032","0,705","0,023","0,446"
"CONSTRUCTION & INDUSTRY","CONSTRUCTION","PAINTING","PAINT FINISHING","VARNISHES","577","37006","0,032","0,183","0,029","0,185"
"OTHERS","OTHER","TOBACCO","TOBACCO","CIGARETTE_PAPERS","576","29861","0,032","5,994","0,023","5,343"
"FURNISHING & HOUSEWARE","HOUSEHOLD ITEMS","KITCHEN HOME","COOKWARE","KITCHEN_TONGS","576","17122","0,032","0,274","0,013","0,152"
"CONSTRUCTION & INDUSTRY","HOME OUTDOORS","LANDSCAPING & GARDEN CENTER","PLANTS, BULBS & SEEDS","GARDENING_SEEDS","576","15139","0,032","0,183","0,012","0,076"
"CPG","FOODS","BREAKFAST & CEREALS","CEREALS","GRANOLA","574","21308","0,032","0,182","0,017","0,176"
"FASHION","APPAREL","KIDS APPAREL","KIDS APPAREL","BABY_CLOTHING_SETS","574","37141","0,032","0,22","0,029","0,293"
"T & B","PARTY","PARTY DECORATION","PARTY DECORATION","PARTY_DECORATIVE_BACKDROPS","573","34122","0,032","0,958","0,027","0,915"
"CPG","DRINKS","ALCOHOLICS","LIQUORS & SPIRITS","APERITIFS","572","39080","0,032","0,182","0,03","0,323"
"CONSTRUCTION & INDUSTRY","INDUSTRY","GASTRONOMY & HOSPITALITY","GASTRONOMY & HOSPITALITY","CULINARY_UNIFORMS","571","24092","0,031","0,181","0,019","0,12"
"TECHNOLOGY","CONSOLE GAMING HARDWARE","GAMES","OTHER CONSOLES","GAME_CONSOLES_VIDEO_GAMES_AND_ARCADE_MACHINES","570","32433","0,031","0,373","0,025","0,111"
"TECHNOLOGY","SMARTPHONES & TABLETS","SMARTPHONES PARTS & ACCESSORIES","SMARTPHONES ACCESSORIES","SIM_CARDS","570","15380","0,031","0,373","0,012","0,052"
"CONSTRUCTION & INDUSTRY","CONSTRUCTION","DOOR, WINDOW & FENCES","HARDWARE","PNEUMATIC_DOOR_CLOSERS","570","19673","0,031","0,181","0,015","0,098"
"CONSTRUCTION & INDUSTRY","STATIONERY","OFFICE & SCHOOL SUPPLIES","OTHER OFFICE & SCHOOL SUPPLIES","DOCUMENT_AND_PAPER_ORGANIZERS","568","23892","0,031","0,18","0,019","0,119"
"VEHICLE PARTS & ACCESSORIES","ACC CARS & VANS","CARS & VANS REPLACEMENT PARTS","CARS & VANS PAINTS","VEHICLE_PAINTS","567","24578","0,031","0,582","0,019","0,294"
"FURNISHING & HOUSEWARE","FURNITURE","STORAGE FURNITURE","RACKS","COAT_RACKS","565","34116","0,031","0,269","0,027","0,302"
"FURNISHING & HOUSEWARE","HOUSEHOLD ITEMS","KITCHEN HOME","PREP, GADGETS AND ACC","KITCHEN_SHOVELS_AND_SPATULAS","565","17295","0,031","0,269","0,013","0,153"
"BEAUTY","BEAUTY PROFESSIONAL","MANICURE & PEDICURE","MANICURE ACCESSORIES & EQUIPMENTS","SCULPTURED_NAIL_GELS_AND_ACRYLICS","565","23145","0,031","0,467","0,018","0,241"
"CONSTRUCTION & INDUSTRY","TOOLS","BOXES AND ORGANIZERS","BAGS AND BACKPACKS","TOOL_BAGS_AND_BACKPACKS","565","35328","0,031","0,179","0,027","0,177"
"TECHNOLOGY","CAMERAS & DRONES","CAMERAS & VIDEO CAMERAS","CAMERAS & VIDEO CAMERAS","DIGITAL_CAMERAS","565","358124","0,031","0,37","0,278","1,221"
"TECHNOLOGY","IT PERIPHERALS, PARTS & ACCESSORIES","PARTS COMPONENTS","PC COMPONENTS","LAPTOP_KEYBOARDS","563","39420","0,031","0,369","0,031","0,134"
"FASHION","FOOTWEAR","OTHER FOOTWEAR","OTHER FOOTWEAR","BABIES_FOOTWEAR","562","25480","0,031","0,216","0,02","0,201"
"VEHICLE PARTS & ACCESSORIES","ACC CARS & VANS","CARS & VANS REPLACEMENT PARTS","CARS & VANS INJECTION","VEHICLE_FUEL_INJECTORS","560","115946","0,031","0,574","0,09","1,386"
"VEHICLE PARTS & ACCESSORIES","ACC CARS & VANS","CARS & VANS ACCESSORIES","CARS & VANS ACCESSORIES EXTERIOR","VEHICLE_DEGREASERS","558","30452","0,031","0,572","0,024","0,364"
"CPG","CPG HOME CARE","CLEANING EQUIPMENT","CLEANING EQUIPMENT","BUCKETS_AND_BASINS","555","19918","0,031","0,176","0,015","0,165"
"CPG","FOODS","BREAKFAST & CEREALS","SWEET","PEANUT_BUTTERS","552","17810","0,03","0,175","0,014","0,147"
"CONSTRUCTION & INDUSTRY","TOOLS","TOOL ACCESSORIES","DRILLS & SCREWDRIVERS ACC","QUICK_COUPLERS","551","20793","0,03","0,175","0,016","0,104"
"CONSTRUCTION & INDUSTRY","CONSTRUCTION","BATHROOM & KITCHEN CONSTRUCTION","BATHROOM & KITCHEN CONSTRUCTION ACC","TOWEL_HOLDERS","549","32113","0,03","0,174","0,025","0,161"
"HOME ELECTRONICS","HOUSEHOLD APPLIANCES PARTS","BUILT IN PARTS","BUILT IN PARTS","REUSABLE_COFFEE_FILTERS","547","13830","0,03","0,668","0,011","0,208"
"VEHICLE PARTS & ACCESSORIES","ACC CARS & VANS","CARS & VANS REPLACEMENT PARTS","CARS & VANS OTHERS","VEHICLE_SHAMPOOS","543","35490","0,03","0,557","0,028","0,424"
"T & B","PARTY","PARTY COSTUMES & ACCESSORIES","PARTY COSTUMES & ACCESSORIES","PARTY_AND_COSTUME_MASKS_AND_HELMETS","543","20986","0,03","0,908","0,016","0,563"
"T & B","TOYS AND GAMES","TOY VEHICLES","REMOTE CONTROL VEHICLES","REMOTE_CONTROL_TOY_VEHICLES","541","43548","0,03","0,905","0,034","1,168"
"T & B","PARTY","PARTY DISPOSABLES","PARTY DISPOSABLES","DISPOSABLE_PLATES","540","24198","0,03","0,903","0,019","0,649"
"CONSTRUCTION & INDUSTRY","CONSTRUCTION","ELECTRICAL","SWITCHES AND PLUGS","ELECTRIC_PLUGS","540","23382","0,03","0,171","0,018","0,117"
"FURNISHING & HOUSEWARE","HOUSEHOLD ITEMS","BAR, WINE & ACC","BAR SETS & ACC","DRINK_STIRRERS","537","15341","0,03","0,255","0,012","0,136"
"CPG","DRINKS","ALCOHOLICS","LIQUORS & SPIRITS","VODKAS","536","25065","0,03","0,17","0,019","0,207"
"FURNISHING & HOUSEWARE","HOUSEHOLD ITEMS","TABLETOP","SERVEWARE","NAPKIN_HOLDERS","535","19621","0,029","0,255","0,015","0,174"
"FURNISHING & HOUSEWARE","HOUSEHOLD ITEMS","TABLETOP","DINNERWARE","TABLEWARE_KITS","534","81211","0,029","0,254","0,063","0,719"
"HEALTH","HEALTH GOODS","OFTALMOLOGY","LENSES","CONTACT_LENS_CLEANING_SOLUTIONS","533","32321","0,029","0,505","0,025","0,388"
"FASHION","APPAREL","BASICS","LINGERIE PANTIES","LINGERIE_SETS","533","25354","0,029","0,204","0,02","0,2"
"FASHION","APPAREL ACCESSORIES","BAG & BACKPACK","OTHER BAG&BACKPACK","FASHION_ACCESSORIES","533","19087","0,029","0,204","0,015","0,151"
"CONSTRUCTION & INDUSTRY","CONSTRUCTION","CONSTRUCTION MATERIALS","ADHESIVES AND SEALANTS","CONSTRUCTION_ADHESIVES","531","31853","0,029","0,169","0,025","0,159"
"BEAUTY","BEAUTY PROFESSIONAL","MANICURE & PEDICURE","MANICURE ACCESSORIES & EQUIPMENTS","NAIL_FILES","531","18059","0,029","0,439","0,014","0,188"
"TECHNOLOGY","IT PERIPHERALS, PARTS & ACCESSORIES","PERIPHERALS ACCESSORIES","PC ACCESSORIES","STABILIZERS_AND_UPS","531","191484","0,029","0,348","0,149","0,653"
"FURNISHING & HOUSEWARE","HOUSEHOLD ITEMS","KITCHEN HOME","PREP, GADGETS AND ACC","KITCHEN_UTENSIL_SETS","529","23940","0,029","0,252","0,019","0,212"
"HEALTH","HEALTH GOODS","HEALTH PROFESSIONAL","DENTAL SPECIALIZED EQUIPMENT","ORAL_IRRIGATORS","528","52426","0,029","0,501","0,041","0,63"
"FURNISHING & HOUSEWARE","FURNITURE","FURNITURE SPARE PARTS & ACC","FURNITURE SPARE PARTS & ACC","FURNITURE_GLIDES_AND_PADS","526","16788","0,029","0,25","0,013","0,149"
"CONSTRUCTION & INDUSTRY","CONSTRUCTION","PAINTING","SPRAY PAINT","SPRAY_PAINTS","526","19125","0,029","0,167","0,015","0,096"
"CONSTRUCTION & INDUSTRY","INDUSTRY","PACKAGING","PACKAGING","TAPE_DISPENSERS","526","21819","0,029","0,167","0,017","0,109"
"FURNISHING & HOUSEWARE","HOUSEHOLD ITEMS","KITCHEN HOME","PREP, GADGETS AND ACC","KITCHEN_SKIMMERS","524","20246","0,029","0,249","0,016","0,179"
"CPG","CPG HOME CARE","CLEANING EQUIPMENT","CLEANING EQUIPMENT","BROOM_HOLDERS","524","14449","0,029","0,166","0,011","0,12"
"CONSTRUCTION & INDUSTRY","TOOLS","POWER TOOLS","OTHER POWER TOOLS","ELECTRIC_HEAT_GUNS","522","42251","0,029","0,166","0,033","0,211"
"CONSTRUCTION & INDUSTRY","TOOLS","MEASURING TOOLS","ELECTRICITY","MULTIMETERS","522","35529","0,029","0,166","0,028","0,178"
"FURNISHING & HOUSEWARE","HOUSEHOLD ITEMS","KITCHEN HOME","WATER DISPENSERS AND FILTERS","MANUAL_DRINKING_WATER_PUMPS","521","13593","0,029","0,248","0,011","0,12"
"CPG","CPG HOME CARE","CLEANING PRODUCTS & SUPPLIES","KITCHEN & CLEANING SUPPLIES","BUTTER_PAPERS","520","26229","0,029","0,165","0,02","0,217"
"CPG","CPG HOME CARE","CLEANING PRODUCTS & SUPPLIES","HOUSE CLEANING PRODUCTS","CHEMICAL_DRAIN_CLEANERS","519","29771","0,029","0,165","0,023","0,246"
"CPG","FOODS","GROCERIES","DRY FOOD","BEANS","519","7069","0,029","0,165","0,005","0,059"
"CONSTRUCTION & INDUSTRY","LIGHTING","OTHER HOME LIGHTING","OTHER HOME LIGHTING","LED_STAGE_LIGHTS","518","61283","0,029","0,164","0,048","0,306"
"CPG","CPG HOME CARE","LAUNDRY PRODUCTS","LAUNDRY PRODUCTS","WRINKLE_RELEASERS","518","17070","0,029","0,165","0,013","0,141"
"SPORTS","WATER SPORTS","SWIMMING","SWIMMING","SWIMMING_GOGGLES","516","28030","0,028","0,93","0,022","0,787"
"CONSTRUCTION & INDUSTRY","STATIONERY","ART & CRAFT SUPPLIES","ART & CRAFT SUPPLIES","CRAFT_MOLDS","513","18522","0,028","0,163","0,014","0,093"
"FASHION","APPAREL ACCESSORIES","OTHER APPAREL ACCESSORIES","OTHER APPAREL ACCESSORIES","HEADPIECES_TIARAS_AND_HEADBANDS","511","14989","0,028","0,196","0,012","0,118"
"CONSTRUCTION & INDUSTRY","STATIONERY","OFFICE & SCHOOL SUPPLIES","FOLDERS","FOLDER_AND_EXPANDING_FILE_FILLER_PAPERS","511","18378","0,028","0,162","0,014","0,092"
"FURNISHING & HOUSEWARE","HOUSEHOLD ITEMS","KITCHEN HOME","FOOD STORAGE","LUNCHBOXES","510","21842","0,028","0,243","0,017","0,193"
"OTHERS","OTHER","OTHER","OTHER","REED_DIFFUSERS","509","28526","0,028","5,297","0,022","5,104"
"BEAUTY","MAKEUP","EYES MAKEUP","EYES MAKEUP","EYEBROW_EYELINERS","507","19251","0,028","0,419","0,015","0,201"
"CONSTRUCTION & INDUSTRY","INDUSTRY","COMMERCE EQUIPMENT","COMMERCE EQUIPMENT","CARD_PAYMENT_TERMINALS","506","41852","0,028","0,161","0,033","0,209"
"CPG","CPG PERSONAL CARE","CPG BODY CARE","DEPILATORY","DISPOSABLE_AND_REFILLABLE_RAZORS","506","18856","0,028","0,161","0,015","0,156"
"HOME ELECTRONICS","HOUSEHOLD APPLIANCES PARTS","LAUNDRY PARTS","WASHING & DRYER MACHINE PARTS","WASHING_MACHINE_LEVELING_LEGS","505","18193","0,028","0,617","0,014","0,273"
"VEHICLE PARTS & ACCESSORIES","OILS & FILTERS","FILTERS","MOTORCYCLE FILTERS","VEHICLE_OIL_FILTERS","505","27645","0,028","0,518","0,021","0,33"
"CPG","PET","PET ACCESSORIES","OTHER ACCESSORIES","PET_CARRIERS_AND_CARRYING_BAGS","502","37457","0,028","0,159","0,029","0,31"
"CONSTRUCTION & INDUSTRY","HOME OUTDOORS","LANDSCAPING & GARDEN CENTER","POTS & PLANTERS","PLANT_POTS_AND_PLANTERS","502","26163","0,028","0,159","0,02","0,131"
"FURNISHING & HOUSEWARE","HOUSEHOLD ITEMS","KITCHEN HOME","COOKWARE","KITCHEN_POTHOLDERS_AND_OVEN_MITTS","501","15341","0,028","0,238","0,012","0,136"
"HOME ELECTRONICS","SMALL APPLIANCES","KITCHEN","ELECTRIC KITCHEN TOOLS","ELECTRIC_FOOD_STEAMERS","501","17962","0,028","0,612","0,014","0,27"
"TECHNOLOGY","SMARTPHONES & TABLETS","TABLETS & READERS ACCESSORIES","TABLET ACCESSORIES","TABLET_STANDS","501","27539","0,028","0,328","0,021","0,094"
"VEHICLE PARTS & ACCESSORIES","ACC CARS & VANS","CARS & VANS REPLACEMENT PARTS","CARS & VANS BODYWORK","VEHICLE_MIRROR_COVERS","500","32304","0,028","0,513","0,025","0,386"
"VEHICLE PARTS & ACCESSORIES","ACC CARS & VANS","CARS & VANS REPLACEMENT PARTS","CARS & VANS CLEANING","VEHICLE_RUST_INHIBITORS","499","25430","0,027","0,512","0,02","0,304"
"VEHICLE PARTS & ACCESSORIES","ACC MOTORCYCLES","MOTORCYCLE REPLACEMENT PARTS","MOTORCYCLE BODYWORK","MOTORCYCLE_FAIRINGS","498","32735","0,027","0,511","0,025","0,391"
"TECHNOLOGY","SMARTPHONES & TABLETS","TABLETS & READERS ACCESSORIES","TABLET PARTIES","TABLET_KEYBOARDS","496","47638","0,027","0,325","0,037","0,162"
"CONSTRUCTION & INDUSTRY","CONSTRUCTION","PLUMBING","PIPES AND TUBES","PIPES_AND_TUBES","495","23509","0,027","0,157","0,018","0,118"
"TECHNOLOGY","IT APPLIANCES","CONNECTIVITY & NETWORKS","NETWORK CABLES & ACCESSORIES","MODULAR_PLUGS","491","26946","0,027","0,322","0,021","0,092"
"HOME ELECTRONICS","HOUSEHOLD APPLIANCES PARTS","BUILT IN PARTS","BUILT IN PARTS","REPLACEMENT_COFFEE_MAKERS_CARAFES","491","19842","0,027","0,6","0,015","0,298"
"HEALTH","HEALTH GOODS","PHARMACY ARTICLES","PHARMACY ARTICLES","ELECTRIC_TOOTHBRUSHES","490","60379","0,027","0,465","0,047","0,726"
"FURNISHING & HOUSEWARE","HOUSEHOLD ITEMS","KITCHEN HOME","COOKWARE","DEEP_FRY_BASKETS","490","14582","0,027","0,233","0,011","0,129"
"CPG","DRINKS","ALCOHOLICS","LIQUORS & SPIRITS","GINS","489","31151","0,027","0,155","0,024","0,258"
"TECHNOLOGY","CONSOLE GAMING HARDWARE","CONSOLES","CONSOLES","GAME_CONSOLES","489","817099","0,027","0,32","0,635","2,786"
"CONSTRUCTION & INDUSTRY","SECURITY","ALARMS ACCESSORIES","ALARMS ACCESSORIES","ALARM_REMOTE_CONTROLS","486","25014","0,027","0,154","0,019","0,125"
"SPORTS","WATER SPORTS","SURF","SURF","NEOPRENE_BOOTS","486","22212","0,027","0,876","0,017","0,624"
"CONSTRUCTION & INDUSTRY","INDUSTRY","ADVERTISEMENT & GRAPHIC DESIGN","ADVERTISEMENT & GRAPHIC DESIGN","LAMINATING_ROLLS_AND_POUCHES","486","24648","0,027","0,154","0,019","0,123"
"VEHICLE PARTS & ACCESSORIES","ACC CARS & VANS","CARS & VANS REPLACEMENT PARTS","CARS & VANS OTHERS","VEHICLE_SEAT_COVERS","486","29875","0,027","0,498","0,023","0,357"
"TECHNOLOGY","IT APPLIANCES","CONNECTIVITY & NETWORKS","NETWORK CABLES & ACCESSORIES","NETWORK_CABLE_ADAPTERS","484","21168","0,027","0,317","0,016","0,072"
"CPG","PET","PET HOUSES, TOYS & FASHION","PET TOYS","DOG_TOY_BONES","483","26145","0,027","0,153","0,02","0,216"
"HOME ELECTRONICS","HOUSEHOLD APPLIANCES PARTS","CLEANING PARTS","VACUUM CLEANERS ACCESSORIES PARTS","VACUUM_CLEANER_BAGS","482","15856","0,027","0,589","0,012","0,238"
"SPORTS","INDOOR SPORTS","GYM","GYM ACCESORIES","GYM_GLOVES","482","13737","0,027","0,869","0,011","0,386"
"CONSTRUCTION & INDUSTRY","INDUSTRY","ADVERTISEMENT & GRAPHIC DESIGN","ADVERTISEMENT & GRAPHIC DESIGN","BADGE_AND_CARD_HOLDERS","479","21966","0,026","0,152","0,017","0,11"
"CPG","CPG HOME CARE","CLEANING EQUIPMENT","CLEANING EQUIPMENT","CLEANING_MOP_REPLACEMENTS","479","18297","0,026","0,152","0,014","0,151"
"VEHICLE PARTS & ACCESSORIES","ACC CARS & VANS","CARS & VANS REPLACEMENT PARTS","CARS & VANS OTHERS","VEHICLE_SPARK_PLUGS","476","54191","0,026","0,488","0,042","0,648"
"TECHNOLOGY","IT PERIPHERALS, PARTS & ACCESSORIES","PERIPHERALS ACCESSORIES","CLEANING","PC_THERMAL_COMPOUND_PASTES","475","20691","0,026","0,311","0,016","0,071"
"CPG","CPG HOME CARE","CLEANING PRODUCTS & SUPPLIES","HOUSE CLEANING PRODUCTS","CARPET_AND_UPHOLSTERY_CLEANERS","473","21910","0,026","0,15","0,017","0,181"
"FURNISHING & HOUSEWARE","HOUSEHOLD ITEMS","CLEANING & LAUNDRY","HOME CLEANING","HOME_APPLIANCE_ODOR_NEUTRALIZERS","473","23377","0,026","0,225","0,018","0,207"
"CONSTRUCTION & INDUSTRY","TOOLS","BOXES AND ORGANIZERS","BOXES","TOOL_BOXES","472","31140","0,026","0,15","0,024","0,156"
"SPORTS","WATER SPORTS","SWIMMING","SWIMMING","SPORT_SWIMWEAR","472","34026","0,026","0,851","0,026","0,955"
"CPG","FOODS","GROCERIES","DRY FOOD","CORN_KERNELS","471","10414","0,026","0,15","0,008","0,086"
"CONSTRUCTION & INDUSTRY","TOOLS","MANUAL TOOLS","PLIERS","CRIMPING_PLIERS","471","27461","0,026","0,15","0,021","0,137"
"CONSTRUCTION & INDUSTRY","STATIONERY","OFFICE & SCHOOL SUPPLIES","OTHER OFFICE & SCHOOL SUPPLIES","SCHOOL_AND_OFFICE_SUPPLIES","471","15576","0,026","0,15","0,012","0,078"
"CPG","FOODS","BREAKFAST & CEREALS","CEREALS","OATMEAL","471","7262","0,026","0,15","0,006","0,06"
"VEHICLE PARTS & ACCESSORIES","ACC MOTORCYCLES","MOTORCYCLE HELMETS","MOTORCYCLE HELMETS","MOTORCYCLE_HELMET_VISORS","470","18486","0,026","0,482","0,014","0,221"
"HOME ELECTRONICS","HOUSEHOLD APPLIANCES PARTS","KITCHEN PARTS","HOME APPLIANCES PARTS","APPLIANCE_CONTROL_BOARDS","470","55679","0,026","0,574","0,043","0,836"
"CPG","CPG PERSONAL CARE","ADULT DIAPERS & PADS","URINARY INCONTINENCE","INCONTINENCE_PADS","469","21514","0,026","0,149","0,017","0,178"
"HEALTH","HEALTH GOODS","HEALTH PROFESSIONAL","ORTHOPEDIC SPECIALIZED EQUIPMENT","ORTHOPEDIC_KNEE_BRACES","468","20228","0,026","0,444","0,016","0,243"
"FURNISHING & HOUSEWARE","HOUSEHOLD ITEMS","KITCHEN HOME","PREP, GADGETS AND ACC","KITCHEN_GRATERS","467","19086","0,026","0,222","0,015","0,169"
"T & B","TOYS AND GAMES","TOY VEHICLES","NON REMOTE CONTROL VEHICLES","NON_REMOTE_CONTROL_TOY_VEHICLES","467","25410","0,026","0,781","0,02","0,682"
"CPG","CPG PERSONAL CARE","CPG BODY CARE","OTHERS PERSONAL HYGIENE","COTTON_SWABS","467","8140","0,026","0,148","0,006","0,067"
"CPG","FOODS","BREAKFAST & CEREALS","TEA","ICED_TEA","466","16503","0,026","0,148","0,013","0,137"
"CONSTRUCTION & INDUSTRY","CONSTRUCTION","ELECTRICAL","BREAKERS, LOAD CENTERS AND FUSES","INDUSTRIAL_FUSES","465","13806","0,026","0,148","0,011","0,069"
"FURNISHING & HOUSEWARE","TEXTILES","BEDROOM TEXTILES","BLANKETS & COMFORTERS","COMFORTERS","465","46743","0,026","0,221","0,036","0,414"
"HOME ELECTRONICS","HOUSEHOLD APPLIANCES PARTS","CLEANING PARTS","CLEANING MACHINE PARTS","VACUUM_REPLACEMENT_FILTERS","464","17923","0,026","0,567","0,014","0,269"
"HOME ELECTRONICS","AUDIO & GENERAL ELECTRONICS","ELECTRONIC, TOOLS & COMPONENTS","ELECTRONIC COMPONENTS","ELECTROLYTIC_CAPACITORS","464","13988","0,026","0,567","0,011","0,21"
"VEHICLE PARTS & ACCESSORIES","ACC MOTORCYCLES","MOTORCYCLE REPLACEMENT PARTS","MOTORCYCLE OTHERS","MOTORCYCLE_REPLACEMENTS","464","35017","0,026","0,476","0,027","0,418"
"CONSTRUCTION & INDUSTRY","INDUSTRY","INDUSTRY GENERAL EQUIPMENT","INDUSTRY GENERAL EQUIPMENT","GARAGE_WALL_PROTECTORS","464","19172","0,026","0,147","0,015","0,096"
"TECHNOLOGY","SMARTPHONES & TABLETS","ACCESSORIES & PARTS FOR COMMUNICATION","TELEPHONES ACCESSORIES","TELEPHONY_AND_RADIO_COMMUNICATION_PRODUCTS","464","27730","0,026","0,304","0,022","0,095"
"FURNISHING & HOUSEWARE","FURNITURE","BEDROOM FURNITURE","BEDS, HEADBOARDS & NIGHT STANDS","NIGHTSTANDS","463","38125","0,026","0,22","0,03","0,338"
"SPORTS","CYCLING AND OTHERS","BICYCLES ACCESORIES AND SPARE PARTS","BICYCLES ACCESORIES AND SPARE PARTS","MANUAL_AND_FOOT_AIR_PUMPS","462","20564","0,025","0,833","0,016","0,577"
"TECHNOLOGY","IT PERIPHERALS, PARTS & ACCESSORIES","STORAGE","DISCS & ACCESSORIES","HARD_DRIVES_AND_SSDS_ENCLOSURES","462","27947","0,025","0,303","0,022","0,095"
"CONSTRUCTION & INDUSTRY","STATIONERY","OFFICE & SCHOOL SUPPLIES","NOTEBOOOKS & PLANNERS","PLANNERS_AND_PERSONAL_DIARIES","460","21898","0,025","0,146","0,017","0,109"
"CONSTRUCTION & INDUSTRY","CONSTRUCTION","FLOORING & COATING","BASEBOARDS & MOULDING","BASEBOARDS","460","29383","0,025","0,146","0,023","0,147"
"BEAUTY","BEAUTY PROFESSIONAL","MANICURE & PEDICURE","MANICURE ACCESSORIES & EQUIPMENTS","CUTICLE_REMOVERS","459","13491","0,025","0,379","0,01","0,141"
"CONSTRUCTION & INDUSTRY","CONSTRUCTION","PLUMBING","VALVES","SHUT_OFF_VALVES","459","33381","0,025","0,146","0,026","0,167"
"VEHICLE PARTS & ACCESSORIES","ACC CARS & VANS","CARS & VANS REPLACEMENT PARTS","CARS & VANS OTHERS","VEHICLE_SCRATCH_REMOVERS","458","13919","0,025","0,47","0,011","0,166"
"T & B","TOYS AND GAMES","SHOOTERS & SWORDS","SHOOTERS & SWORDS","TOY_GUNS","458","16726","0,025","0,766","0,013","0,449"
"CPG","PET","PET FOOD & TREATS","OTHER PET FOOD & TREATS","FISH_FOODS","457","30428","0,025","0,145","0,024","0,252"
"FURNISHING & HOUSEWARE","TEXTILES","CURTAINS, BLINDS AND ACC","INDOOR CURTAINS & BLINDS","CURTAIN_RODS","456","14292","0,025","0,217","0,011","0,127"
"VEHICLE PARTS & ACCESSORIES","ACC CARS & VANS","CARS & VANS REPLACEMENT PARTS","CARS & VANS BODYWORK","VEHICLE_DOOR_HANDLES","456","25345","0,025","0,468","0,02","0,303"
"CONSTRUCTION & INDUSTRY","TOOLS","MANUAL TOOLS","VISES & CLAMPS","CLAMPS","456","19644","0,025","0,145","0,015","0,098"
"CONSTRUCTION & INDUSTRY","STATIONERY","OFFICE & SCHOOL SUPPLIES","OTHER OFFICE & SCHOOL SUPPLIES","STICKY_NOTES","455","16386","0,025","0,144","0,013","0,082"
"CPG","CPG HOME CARE","LAUNDRY PRODUCTS","LAUNDRY PRODUCTS","MANUAL_LINT_REMOVERS","455","15793","0,025","0,145","0,012","0,131"
"VEHICLE PARTS & ACCESSORIES","ACC CARS & VANS","CARS & VANS REPLACEMENT PARTS","CARS & VANS OTHERS","VEHICLE_SIDE_VIEW_MIRROR_GLASSES","450","25460","0,025","0,462","0,02","0,304"
"TECHNOLOGY","CAMERAS & DRONES","CAMERAS & VIDEO CAMERAS","CAMERAS & VIDEO CAMERAS","CAMERA_MOUNTS","449","20588","0,025","0,294","0,016","0,07"
"T & B","PARTY","PARTY SUPPLY","PARTY SUPPLY KITS","PARTY_SUPPLY_KITS","447","21038","0,025","0,747","0,016","0,564"
"CPG","FOODS","INFANTS & BABIES","FOOD SUPPLEMENT","BABY_FOODS","446","6189","0,025","0,142","0,005","0,051"
"CONSTRUCTION & INDUSTRY","CONSTRUCTION","DOOR, WINDOW & FENCES","HARDWARE","DOOR_HANDLES","446","18782","0,025","0,142","0,015","0,094"
"HOME ELECTRONICS","HOUSEHOLD APPLIANCES PARTS","KITCHEN PARTS","HOME APPLIANCES PARTS","WATER_PURIFIER_AND_FILTER_REPLACEMENT_DIVERTER_VALVES","443","15475","0,024","0,541","0,012","0,232"
"FURNISHING & HOUSEWARE","HOUSEHOLD ITEMS","BATHROOM","BATHROOM ACCESSORIES","BATHROOM_SUPPLIES","443","26603","0,024","0,211","0,021","0,236"
"CPG","PET","PET HOUSES, TOYS & FASHION","PET TOYS","PET_TOY_BALLS","442","10273","0,024","0,14","0,008","0,085"
"CPG","PET","PET ACCESSORIES","LEASHES & COLLARS","PET_LEASHES","442","16672","0,024","0,14","0,013","0,138"
"VEHICLE PARTS & ACCESSORIES","ACC MOTORCYCLES","MOTORCYCLE ACCESSORIES","MOTORCYCLE ACCESSORIES CLOTHING & FOOTWEAR","MOTORCYCLIST_GLOVES","441","26594","0,024","0,452","0,021","0,318"
"SPORTS","INDOOR SPORTS","GYM","GYM ACCESORIES","ANKLE_AND_WRIST_WEIGHTS","440","21041","0,024","0,793","0,016","0,591"
"TECHNOLOGY","WEARABLES","HEADPHONES","HEADPHONES","HEADSET_TELEPHONES","440","33966","0,024","0,288","0,026","0,116"
"CONSTRUCTION & INDUSTRY","STATIONERY","OFFICE & SCHOOL SUPPLIES","OTHER OFFICE & SCHOOL SUPPLIES","STAPLER_STAPLES","440","20579","0,024","0,14","0,016","0,103"
"T & B","PARTY","PARTY DISPOSABLES","PARTY DISPOSABLES","STRAWS","439","11653","0,024","0,734","0,009","0,313"
"HEALTH","HEALTH GOODS","PHARMACY ARTICLES","PHARMACY ARTICLES","SPORT_AND_MEDICAL_BANDAGES","439","20605","0,024","0,416","0,016","0,248"
"FURNISHING & HOUSEWARE","HOUSEHOLD ITEMS","KITCHEN HOME","COOKWARE","MILK_POTS","438","25832","0,024","0,208","0,02","0,229"
"VEHICLE PARTS & ACCESSORIES","ACC CARS & VANS","CARS & VANS REPLACEMENT PARTS","CARS & VANS OTHERS","VEHICLE_ANTENNAS","438","16341","0,024","0,449","0,013","0,195"
"HEALTH","HEALTH GOODS","HEALTH PROFESSIONAL","DENTAL SPECIALIZED EQUIPMENT","DENTAL_PROSTHESES","437","24336","0,024","0,414","0,019","0,292"
"SPORTS","INDOOR SPORTS","PILATES","PILATES","PILATES_BALLS","437","19283","0,024","0,788","0,015","0,541"
"SPORTS","INDOOR SPORTS","GYM","GYM DUMBBELLS AND WEIGHTS","DUMBBELLS","437","34498","0,024","0,788","0,027","0,968"
"TECHNOLOGY","IT PERIPHERALS, PARTS & ACCESSORIES","PARTS COMPONENTS","PC COMPONENTS","LAPTOP_BATTERIES","436","56390","0,024","0,286","0,044","0,192"
"VEHICLE PARTS & ACCESSORIES","ACC VEHICULAR MULTIMEDIA","VEHICULAR AUDIO","AUDIO AMPLIFIERS","VEHICLE_AMPLIFIERS","436","86804","0,024","0,447","0,067","1,037"
"T & B","TOYS AND GAMES","ART & CRAFT","ORGANIZATION & STORAGE TOYS","INFANTS_SORTING_AND_STACKING_TOYS","435","22474","0,024","0,727","0,017","0,603"
"CONSTRUCTION & INDUSTRY","STATIONERY","ART & CRAFT SUPPLIES","ART & CRAFT SUPPLIES","COLD_PORCELAIN_CLAYS","434","19616","0,024","0,138","0,015","0,098"
"CONSTRUCTION & INDUSTRY","INDUSTRY","COMMERCE EQUIPMENT","COMMERCE EQUIPMENT","LABEL_MAKER_TAPES","433","23237","0,024","0,137","0,018","0,116"
"FURNISHING & HOUSEWARE","HOUSEHOLD ITEMS","KITCHEN HOME","FOOD STORAGE","CONTAINER_CAPS_AND_PLUGS","433","13195","0,024","0,206","0,01","0,117"
"FURNISHING & HOUSEWARE","HOUSEHOLD ITEMS","TABLETOP","FLATWARE","APPETIZER_PICKS","433","16848","0,024","0,206","0,013","0,149"
"FURNISHING & HOUSEWARE","HOUSEHOLD ITEMS","KITCHEN HOME","PREP, GADGETS AND ACC","HOME_MANUAL_KNIFE_SHARPENERS","431","18352","0,024","0,205","0,014","0,162"
"CONSTRUCTION & INDUSTRY","TOOLS","MANUAL TOOLS","PLIERS","CUTTING_PLIERS","430","22428","0,024","0,137","0,017","0,112"
"HOME ELECTRONICS","SMALL APPLIANCES","KITCHEN","ELECTRIC KITCHEN TOOLS","ELECTRIC_SQUEEZERS","429","35267","0,024","0,524","0,027","0,529"
"T & B","TOYS AND GAMES","DOLLS","DOLLS PLAY SETS","DOLL_AND_ACTION_FIGURE_SETS","429","33505","0,024","0,717","0,026","0,899"
"FASHION","APPAREL ACCESSORIES","OTHER APPAREL ACCESSORIES","OTHER APPAREL ACCESSORIES","SLEEPING_MASKS","429","11777","0,024","0,165","0,009","0,093"
"HEALTH","HEALTH GOODS","PHARMACY ARTICLES","PHARMACY ARTICLES","HYDROPHILIC_COTTON","428","24886","0,024","0,406","0,019","0,299"
"SPORTS","MOUNTAIN & OUTDOORS","CAMPING","SHELTER & SLEEP","TRAVEL_PILLOWS","427","19734","0,024","0,77","0,015","0,554"
"VEHICLE PARTS & ACCESSORIES","ACC CARS & VANS","CARS & VANS REPLACEMENT PARTS","CARS & VANS STEERING & SUSPENSION","VEHICLE_SUSPENSION_CONTROL_ARM_BUSHINGS","427","40582","0,024","0,438","0,032","0,485"
"VEHICLE PARTS & ACCESSORIES","ACC CARS & VANS","CARS & VANS REPLACEMENT PARTS","CARS & VANS INTERIOR","VEHICLE_GAS_LIFT_SUPPORTS","427","25940","0,024","0,438","0,02","0,31"
"CONSTRUCTION & INDUSTRY","TOOLS","TOOL ACCESSORIES","DRILLS & SCREWDRIVERS ACC","MILLING_CUTTERS","426","29115","0,023","0,135","0,023","0,146"
"T & B","PARTY","PARTY DECORATION","PARTY DECORATION ARTICLES","CAKE_TOPPERS","424","10781","0,023","0,709","0,008","0,289"
"VEHICLE PARTS & ACCESSORIES","ACC MOTORCYCLES","MOTORCYCLE ACCESSORIES","MOTORCYCLE ACCESSORIES CLOTHING & FOOTWEAR","NECK_GAITERS_AND_BALACLAVAS","423","13312","0,023","0,434","0,01","0,159"
"CONSTRUCTION & INDUSTRY","INDUSTRY","SAFETY EQUIPMENT","SAFETY EQUIPMENT","NON_SLIP_TAPES","422","25576","0,023","0,134","0,02","0,128"
"VEHICLE PARTS & ACCESSORIES","ACC CARS & VANS","CARS & VANS REPLACEMENT PARTS","CARS & VANS BODYWORK","VEHICLE_MOLDINGS","421","28123","0,023","0,432","0,022","0,336"
"FURNISHING & HOUSEWARE","DECOR","ORNAMENTS","ORNAMENTS","ADRESS_LETTERS_AND_NUMBERS","420","15083","0,023","0,2","0,012","0,134"
"T & B","TOYS AND GAMES","TOY VEHICLES","REMOTE CONTROL VEHICLES","TOY_VEHICLE_BATTERY_CHARGERS","420","20566","0,023","0,702","0,016","0,552"
"FASHION","APPAREL ACCESSORIES","BAG & BACKPACK","LUGGAGE","LUGGAGE_ORGANIZERS","419","16630","0,023","0,161","0,013","0,131"
"CONSTRUCTION & INDUSTRY","TOOLS","MANUAL TOOLS","BRICKWORK","CONSTRUCTION_SCRAPERS","419","13514","0,023","0,133","0,011","0,068"
"OTHERS","OTHER","OTHER","OTHER","LIGHTERS","419","18108","0,023","4,36","0,014","3,24"
"CONSTRUCTION & INDUSTRY","TOOLS","POWER TOOLS","PAINTING TOOLS","ELECTRIC_PAINT_SPRAYERS","416","52173","0,023","0,132","0,041","0,261"
"T & B","BABY","BABY SECURITY","BABY SECURITY","BABY_CORNER_GUARDS","414","10794","0,023","0,692","0,008","0,29"
"CPG","FOODS","COOKIES & SNACKS","SNACKS","POPCORN","414","9985","0,023","0,131","0,008","0,083"
"CONSTRUCTION & INDUSTRY","TOOLS","MANUAL TOOLS","POLISHERS","ELECTRIC_POLISHERS","412","48688","0,023","0,131","0,038","0,243"
"FASHION","APPAREL","BASICS","KIT UNDERWEAR&UNDERWEAR","NIGHTGOWNS","412","20391","0,023","0,158","0,016","0,161"
"FASHION","APPAREL ACCESSORIES","OTHER APPAREL ACCESSORIES","OTHER APPAREL ACCESSORIES","HAIR_TIES","411","9160","0,023","0,158","0,007","0,072"
"CONSTRUCTION & INDUSTRY","INDUSTRY","SAFETY EQUIPMENT","SAFETY EQUIPMENT","PROTECTIVE_RESPIRATORS","411","22470","0,023","0,131","0,017","0,112"
"T & B","BABY","BABY ACCESSORIES","BABY PACIFIER","BABY_PACIFIERS","410","19093","0,023","0,686","0,015","0,512"
"SPORTS","INDOOR SPORTS","BOXING AND MARTIAL ARTS","BAGS AND ACCESORIES","MARTIAL_ARTS_AND_BOXING_GLOVES","410","62253","0,023","0,739","0,048","1,748"
"TECHNOLOGY","WEARABLES","HEADPHONES","HEADPHONES","HEADPHONE_CASES","410","14848","0,023","0,269","0,012","0,051"
"TECHNOLOGY","SMARTPHONES & TABLETS","SMARTPHONES PARTS & ACCESSORIES","SMARTPHONES PARTS","CELLPHONE_CAMERA_PROTECTORS","410","8239","0,023","0,269","0,006","0,028"
"CONSTRUCTION & INDUSTRY","TOOLS","MEASURING TOOLS","LEVEL","LASER_LEVELS","409","58344","0,023","0,13","0,045","0,292"
"HOME ELECTRONICS","HOUSEHOLD APPLIANCES PARTS","HEATING & COOLING PARTS","AIR CONDITIONER PARTS","AIR_CONDITIONER_REMOTE_CONTROLS","409","18682","0,023","0,5","0,015","0,28"
"FURNISHING & HOUSEWARE","FURNITURE","OTHER FURNITURE","OTHER FURNITURE","HOME_SUPPLIES","409","23779","0,023","0,195","0,018","0,211"
"BEAUTY","BEAUTY PROFESSIONAL","BEAUTY SALOON","SALOON SUPPLIES","HAIR_ROLLERS","409","12561","0,023","0,338","0,01","0,131"
"FASHION","APPAREL","CLOTHING","PANTS & OTHERS","TACTICAL_PANTS","408","22609","0,022","0,156","0,018","0,178"
"SPORTS","CYCLING AND OTHERS","CLOTH AND EQUIPMENT","CLOTH AND EQUIPMENT","CYCLING_SKATEBOARDING_AND_SKATING_HELMETS","407","42549","0,022","0,734","0,033","1,195"
"FURNISHING & HOUSEWARE","HOUSEHOLD ITEMS","TABLETOP","DINNERWARE","COASTERS","405","16586","0,022","0,193","0,013","0,147"
"CONSTRUCTION & INDUSTRY","STATIONERY","OFFICE & SCHOOL SUPPLIES","DRAFTING","GEOMETRY_RULERS_PROTRACTORS_AND_SET_SQUARES","405","12337","0,022","0,129","0,01","0,062"
"SPORTS","OTHER MAINSTREAM SPORTS","TENNIS","TENNIS","TENNIS_BALLS","405","39098","0,022","0,73","0,03","1,098"
"CPG","PET","PET HOUSES, TOYS & FASHION","PET HOUSE EQUIPMENT","AQUARIUM_FILTER_MATERIALS","404","23319","0,022","0,128","0,018","0,193"
"CONSTRUCTION & INDUSTRY","TOOLS","MEASURING TOOLS","DISTANCE","CALIPERS","404","26908","0,022","0,128","0,021","0,135"
"HOME ELECTRONICS","SMALL APPLIANCES","KITCHEN","MEAL & DRINK MAKERS","MANUAL_COFFEE_MAKERS","402","28241","0,022","0,491","0,022","0,424"
"HOME ELECTRONICS","TELEVISIONS & STREAMING DEVICES","TELEVISIONS PARTS","TELEVISIONS PARTS","TV_REPLACEMENT_BACKLIGHT_LED_STRIPS","401","21465","0,022","0,49","0,017","0,322"
"CONSTRUCTION & INDUSTRY","CONSTRUCTION","CONSTRUCTION MATERIALS","ADHESIVES AND SEALANTS","LEAK_SEALANTS","401","20892","0,022","0,127","0,016","0,104"
"FURNISHING & HOUSEWARE","HABERDASHERY","HABERDASHERY","HABERDASHERY","FLAGS","400","16325","0,022","0,19","0,013","0,145"
"ENTERTAINMENT","MUSICAL INSTRUMENTS","MUSICAL INSTRUMENTS ACCESSORIES","MUSICAL INSTRUMENTS ACCESSORIES","MUSICAL_INSTRUMENT_ACCESSORIES","399","23224","0,022","1,289","0,018","0,948"
"T & B","BABY","BABY SECURITY","BABY SECURITY","BABY_SAFETY_LOCKS","399","12418","0,022","0,667","0,01","0,333"
"VEHICLE PARTS & ACCESSORIES","ACC CARS & VANS","CARS & VANS REPLACEMENT PARTS","CARS & VANS OTHERS","VEHICLE_SHIFT_LEVER_KNOBS","399","19017","0,022","0,409","0,015","0,227"
"CPG","CPG HOME CARE","CLEANING PRODUCTS & SUPPLIES","KITCHEN & CLEANING SUPPLIES","CLEANING_GLOVES","399","14499","0,022","0,127","0,011","0,12"
"HEALTH","HEALTH GOODS","PHARMACY ARTICLES","PHARMACY ARTICLES","NASAL_WASHERS","398","17382","0,022","0,377","0,014","0,209"
"HOME ELECTRONICS","TELEVISIONS & STREAMING DEVICES","TELEVISIONS ACCESSORIES","TELEVISIONS ACCESSORIES","REMOTE_CONTROL_HOLDERS","398","8407","0,022","0,486","0,007","0,126"
"TECHNOLOGY","IT PERIPHERALS, PARTS & ACCESSORIES","PARTS COMPONENTS","PC COMPONENTS","LAPTOP_HOUSINGS","397","74247","0,022","0,26","0,058","0,253"
"TECHNOLOGY","IT PERIPHERALS, PARTS & ACCESSORIES","STORAGE","MEMORY CARD","MEMORY_READERS","397","13982","0,022","0,26","0,011","0,048"
"CONSTRUCTION & INDUSTRY","HOME OUTDOORS","SUN & RAIN COVERS","GAZEBOS, SHADES & SUN UMBRELLAS","SHADE_CLOTHS","396","17271","0,022","0,126","0,013","0,086"
"CONSTRUCTION & INDUSTRY","INDUSTRY","OFFICE EQUIPMENT","OFFICE EQUIPMENT","EMPLOYEE_TIME_CLOCKS","396","72029","0,022","0,126","0,056","0,36"
"VEHICLE PARTS & ACCESSORIES","OILS & FILTERS","FILTERS","MOTORCYCLE FILTERS","VEHICLE_FUEL_FILTERS","395","26121","0,022","0,405","0,02","0,312"
"T & B","PARTY","PARTY COSTUMES & ACCESSORIES","COSTUMES ACESSORIES","PARTY_WIGS_BEARDS_AND_MOUSTACHES","395","11011","0,022","0,661","0,009","0,295"
"CONSTRUCTION & INDUSTRY","TOOLS","MANUAL TOOLS","LIFTING AND TRACTION","TIE_DOWN_STRAPS","395","22088","0,022","0,125","0,017","0,11"
"HEALTH","HEALTH GOODS","MASSAGERS","PORTABLE MASSAGERS","MANUAL_MASSAGERS","394","14995","0,022","0,374","0,012","0,18"
"CONSTRUCTION & INDUSTRY","LIGHTING","OTHER HOME LIGHTING","OTHER HOME LIGHTING","LAMP_SHADES","394","13717","0,022","0,125","0,011","0,069"
"HEALTH","HEALTH GOODS","HEALTH PROFESSIONAL","DENTAL SPECIALIZED EQUIPMENT","DENTAL_INSTRUMENT_KITS","393","39435","0,022","0,373","0,031","0,474"
"T & B","TOYS AND GAMES","BOARD AND CARD GAMES","CARDS GAME","PLAYING_CARDS","392","13518","0,022","0,656","0,011","0,363"
"CPG","CPG PERSONAL CARE","CPG BODY CARE","DEPILATORY","RAZOR_BLADES","392","30251","0,022","0,125","0,024","0,25"
"HOME ELECTRONICS","AUDIO & GENERAL ELECTRONICS","ELECTRONIC, TOOLS & COMPONENTS","ELECTRONIC COMPONENTS","INTEGRATED_CIRCUITS","391","11964","0,022","0,478","0,009","0,18"
"HEALTH","HEALTH GOODS","HEALTH ELECTRONICS","DIAGNOSIS & OTHER AILMENTS","OXIMETERS","391","28422","0,022","0,371","0,022","0,342"
"CONSTRUCTION & INDUSTRY","TOOLS","MANUAL TOOLS","OTHER MANUAL TOOLS","MAGNIFYING_GLASSES","389","23488","0,021","0,124","0,018","0,117"
"HOME ELECTRONICS","HEATING, COOLING & AIR QUALITY","COOLING","FANS","PORTABLE_FANS","389","17805","0,021","0,475","0,014","0,267"
"CONSTRUCTION & INDUSTRY","CONSTRUCTION","CONSTRUCTION MATERIALS","ADHESIVES AND SEALANTS","TILE_AND_CLADDING_ADHESIVE_MIXTURES","389","13710","0,021","0,124","0,011","0,069"
"CPG","PET","PET BEAUTY & HYGIENE","SANITARY ACCESSORIES","DOG_POOP_BAGS","388","15046","0,021","0,123","0,012","0,125"
"ENTERTAINMENT","MUSICAL INSTRUMENTS","MICROPHONES","MICROPHONES","MICROPHONE_STANDS","387","21460","0,021","1,251","0,017","0,876"
"SPORTS","MOUNTAIN & OUTDOORS","FISHING","FISHING_GEAR_AND_ACCESSORIES","FISHING_HOOKS","386","12939","0,021","0,696","0,01","0,363"
"CPG","PET","PET BEAUTY & HYGIENE","SANITARY ACCESSORIES","PET_TOOTHPASTES","385","26106","0,021","0,122","0,02","0,216"
"CPG","CPG PERSONAL CARE","PERSONAL CARE ESSENTIALS","SOAP","INTIMATE_SOAPS","385","12513","0,021","0,122","0,01","0,104"
"TECHNOLOGY","IT PERIPHERALS, PARTS & ACCESSORIES","DESKTOP PC PARTS","GRAPHICS CARDS","GRAPHICS_CARDS","385","327641","0,021","0,252","0,255","1,117"
"FASHION","APPAREL ACCESSORIES","OTHER APPAREL ACCESSORIES","OTHER APPAREL ACCESSORIES","GLOVES_AND_MITTENS","384","10882","0,021","0,147","0,008","0,086"
"T & B","BABY","BREASTFEED & EATING ACCESSORIES","BREAST PUMPS & ACC","BREAST_PUMPS","383","47494","0,021","0,64","0,037","1,274"
"BEAUTY","BEAUTY PROFESSIONAL","BEAUTY SALOON","SALOON SUPPLIES","FABRIC_FRAGRANCES","382","16905","0,021","0,315","0,013","0,176"
"CONSTRUCTION & INDUSTRY","TOOLS","MEASURING TOOLS","TEMPERATUR","INFRARED_THERMOMETERS","381","47416","0,021","0,121","0,037","0,237"
"OTHERS","ANTIQUES & HOBBIES","ANTIQUES & HOBBIES","ANTIQUES & HOBBIES","RESINS","380","32012","0,021","3,955","0,025","5,728"
"TECHNOLOGY","SMARTPHONES & TABLETS","SMARTPHONES PARTS & ACCESSORIES","SMARTPHONES ACCESSORIES","CELLPHONE_CHARGER_PIN_BOARDS","379","3450","0,021","0,248","0,003","0,012"
"FASHION","APPAREL","CLOTHING","OTHER APPAREL","CLOTHING","379","17183","0,021","0,145","0,013","0,136"
"HEALTH","HEALTH GOODS","PHARMACY ARTICLES","PHARMACY ARTICLES","THERMAL_GEL_PACKS","379","13839","0,021","0,359","0,011","0,166"
"CPG","CPG HOME CARE","CLEANING EQUIPMENT","CLEANING EQUIPMENT","DUSTERS","379","11570","0,021","0,12","0,009","0,096"
"HOME ELECTRONICS","AUDIO & GENERAL ELECTRONICS","MULTIMEDIA","SMART SPEAKERS","SMART_SPEAKERS","376","148988","0,021","0,459","0,116","2,236"
"VEHICLE PARTS & ACCESSORIES","ACC CARS & VANS","CARS & VANS REPLACEMENT PARTS","CARS & VANS ELECTRONICS","VEHICLE_WIRE_HARNESSES","375","22457","0,021","0,385","0,017","0,268"
"CONSTRUCTION & INDUSTRY","CONSTRUCTION","DOOR, WINDOW & FENCES","MOSQUITO NETS","MOSQUITO_MESHES","375","15373","0,021","0,119","0,012","0,077"
"HOME ELECTRONICS","SMALL APPLIANCES","KITCHEN","DEEP FRYERS","AIR_FRYERS","375","68793","0,021","0,458","0,053","1,032"
"HEALTH","HEALTH GOODS","PHARMACY ARTICLES","PHARMACY ARTICLES","FACIAL_TISSUES","375","12063","0,021","0,356","0,009","0,145"
"CONSTRUCTION & INDUSTRY","HOME OUTDOORS","WATERING & IRRIGATION","WATERING ACCESSORIES","HOSE_ADAPTERS","374","12793","0,021","0,119","0,01","0,064"
"ENTERTAINMENT","BOOKS AND OTHERS","MAGAZINES AND COMICS","MANGA AND COMICS","BOOKS_MAGAZINES_AND_COMICS","373","20838","0,021","1,205","0,016","0,85"
"HOME ELECTRONICS","HEATING, COOLING & AIR QUALITY","COOLING","FANS","PORTABLE_EVAPORATIVE_AIR_COOLERS","373","11703","0,021","0,456","0,009","0,176"
"FASHION","APPAREL ACCESSORIES","BAG & BACKPACK","SUITCASE","SUITCASE_COVERS","373","14616","0,021","0,143","0,011","0,115"
"HOME ELECTRONICS","SMALL APPLIANCES","HOUSING & CLEANING","OTHERS HOUSING & CLEANING","ELECTRIC_LINT_REMOVERS","372","16230","0,02","0,455","0,013","0,244"
"SPORTS","INDOOR SPORTS","BALLET","BALLET","DANCE_SNEAKERS_AND_SHOES","370","14105","0,02","0,667","0,011","0,396"
"BEAUTY","MAKEUP","EYES MAKEUP","EYES MAKEUP","EYESHADOWS","370","24361","0,02","0,306","0,019","0,254"
"CONSTRUCTION & INDUSTRY","CONSTRUCTION","PLUMBING","PIPES AND TUBES","HYDRAULIC_CONNECTING_COUPLERS_AND_ELBOWS","369","8856","0,02","0,117","0,007","0,044"
"CONSTRUCTION & INDUSTRY","CONSTRUCTION","BATHROOM & KITCHEN CONSTRUCTION","BATHROOM & KITCHEN CONSTRUCTION ACC","BATHROOM_GRAB_BARS","369","14109","0,02","0,117","0,011","0,071"
"VEHICLE PARTS & ACCESSORIES","ACC CARS & VANS","CARS & VANS REPLACEMENT PARTS","CARS & VANS OTHERS","VEHICLE_CLUTCH_KITS","368","82376","0,02","0,377","0,064","0,984"
"CONSTRUCTION & INDUSTRY","INDUSTRY","GASTRONOMY & HOSPITALITY","GASTRONOMY & HOSPITALITY","ELECTRIC_GRAIN_MILLS","368","40656","0,02","0,117","0,032","0,203"
"CPG","CPG PERSONAL CARE","PERSONAL CARE ESSENTIALS","FEMENINE CARE","PANTY_LINERS","367","6606","0,02","0,117","0,005","0,055"
"VEHICLE PARTS & ACCESSORIES","ACC CARS & VANS","CARS & VANS REPLACEMENT PARTS","CARS & VANS OTHERS","VEHICLE_SEALS","366","20607","0,02","0,375","0,016","0,246"
"T & B","BABY","BABY BEDROOM","BABY PILLOWS & BLANKETS","BABY_BLANKETS","365","16845","0,02","0,61","0,013","0,452"
"CONSTRUCTION & INDUSTRY","STATIONERY","ART & CRAFT SUPPLIES","ART & CRAFT SUPPLIES","DRAWING_AND_SKETCH_PADS","364","12915","0,02","0,116","0,01","0,065"
"SPORTS","CYCLING AND OTHERS","BICYCLES ACCESORIES AND SPARE PARTS","BICYCLES ACCESORIES AND SPARE PARTS","BICYCLE_LIGHTS","364","14849","0,02","0,656","0,012","0,417"
"CONSTRUCTION & INDUSTRY","TOOLS","POWER TOOLS","WELDING","WELDING_MACHINES","363","52810","0,02","0,115","0,041","0,264"
"CONSTRUCTION & INDUSTRY","HOME OUTDOORS","LANDSCAPING & GARDEN CENTER","POTS & PLANTERS","PLANT_POT_STANDS","363","18156","0,02","0,115","0,014","0,091"
"TECHNOLOGY","SMARTPHONES & TABLETS","TABLETS & READERS ACCESSORIES","TABLET PARTIES","TABLET_SCREENS","363","7413","0,02","0,238","0,006","0,025"
"CPG","CPG HOME CARE","LAUNDRY PRODUCTS","LAUNDRY PRODUCTS","CLOTHESPINS","362","10272","0,02","0,115","0,008","0,085"
"HOME ELECTRONICS","HOUSEHOLD APPLIANCES PARTS","REFRIGERATION PARTS","REFRIGERATOR & FREEZER PARTS","REFRIGERATOR_WATER_FILTERS","362","36128","0,02","0,442","0,028","0,542"
"CONSTRUCTION & INDUSTRY","HOME OUTDOORS","OTHERS HOME OUTDOORS","OTHER GARDENING","GARDEN_AND_OUTDOOR_SUPPLIES","361","22104","0,02","0,115","0,017","0,11"
"SPORTS","OTHER MAINSTREAM SPORTS","GOLF","GOLF","GRIPS_AND_OVERGRIPS","361","20345","0,02","0,651","0,016","0,571"
"FURNISHING & HOUSEWARE","HOUSEHOLD ITEMS","KITCHEN HOME","WATER DISPENSERS AND FILTERS","WATER_DISPENSER_TAPS","360","14786","0,02","0,171","0,011","0,131"
"CPG","CPG PERSONAL CARE","CPG BODY CARE","OTHERS PERSONAL HYGIENE","CONDOMS","360","13801","0,02","0,114","0,011","0,114"
"BEAUTY","MAKEUP","MAKEUP KITS AND ACCESSORIES","MAKEUP KITS AND ACCESSORIES","MAKEUP_KITS","359","19298","0,02","0,297","0,015","0,201"
"CONSTRUCTION & INDUSTRY","STATIONERY","ART & CRAFT SUPPLIES","ART & CRAFT SUPPLIES","CANDLE_WAXES","359","17039","0,02","0,114","0,013","0,085"
"ENTERTAINMENT","BOOKS AND OTHERS","MUSIC AND MEDIA CONTENT","MUSIC AND MEDIA CONTENT","PHYSICAL_MOVIES","358","21124","0,02","1,157","0,016","0,862"
"CONSTRUCTION & INDUSTRY","TOOLS","MANUAL TOOLS","PLIERS","WIRE_STRIPPERS_AND_WIRE_STRIPPING_PLIERS","356","17789","0,02","0,113","0,014","0,089"
"VEHICLE PARTS & ACCESSORIES","ACC CARS & VANS","CARS & VANS REPLACEMENT PARTS","CARS & VANS OTHERS","VEHICLE_FUEL_PUMPS","356","46038","0,02","0,365","0,036","0,55"
"CONSTRUCTION & INDUSTRY","INDUSTRY","GASTRONOMY & HOSPITALITY","GASTRONOMY & HOSPITALITY","FOOD_PACKAGING_BOXES","356","18911","0,02","0,113","0,015","0,095"
"HEALTH","HEALTH GOODS","OFTALMOLOGY","LENSES","CORRECTIVE_CONTACT_LENSES","356","67334","0,02","0,338","0,052","0,809"
"FASHION","APPAREL ACCESSORIES","OTHER APPAREL ACCESSORIES","OTHER APPAREL ACCESSORIES","CLOTHING_PATCHES","356","10012","0,02","0,137","0,008","0,079"
"HEALTH","HEALTH GOODS","HEALTH ELECTRONICS","DIAGNOSIS & OTHER AILMENTS","THERMOMETERS","356","19706","0,02","0,338","0,015","0,237"
"CONSTRUCTION & INDUSTRY","CONSTRUCTION","CONSTRUCTION MACHINERY & ACC","CONSTRUCTION ACCESSORIES","DEBRIS_BAGS","355","20206","0,02","0,113","0,016","0,101"
"HEALTH","HEALTH GOODS","PHARMACY ARTICLES","PHARMACY ARTICLES","ETHYL_ALCOHOL","355","14940","0,02","0,337","0,012","0,18"
"VEHICLE PARTS & ACCESSORIES","ACC CARS & VANS","CARS & VANS ACCESSORIES","CARS & VANS ACCESSORIES INTERIOR","TOLL_TAGS","354","6305","0,02","0,363","0,005","0,075"
"ENTERTAINMENT","BOOKS AND OTHERS","MAGAZINES AND COMICS","MANGA AND COMICS","MAGAZINES","354","18349","0,02","1,144","0,014","0,749"
"CONSTRUCTION & INDUSTRY","CONSTRUCTION","ELECTRICAL","BREAKERS, LOAD CENTERS AND FUSES","CABINETS_AND_JUNCTION_BOXES","354","22099","0,02","0,112","0,017","0,11"
"CONSTRUCTION & INDUSTRY","CONSTRUCTION","DOOR, WINDOW & FENCES","HARDWARE","DOOR_HYDRAULIC_ARMS","353","39234","0,019","0,112","0,031","0,196"
"VEHICLE PARTS & ACCESSORIES","ACC CARS & VANS","CARS & VANS REPLACEMENT PARTS","CARS & VANS INTERIOR","VEHICLE_STEREO_FRAME_ADAPTERS","352","24451","0,019","0,361","0,019","0,292"
"TECHNOLOGY","CAMERAS & DRONES","CAMERA ACCESSORIES","CHARGERS & BATTERIES","CAMERA_BATTERIES","352","28518","0,019","0,231","0,022","0,097"
"BEAUTY","BEAUTY PROFESSIONAL","MANICURE & PEDICURE","MANICURE ACCESSORIES & EQUIPMENTS","FALSE_NAILS","352","10690","0,019","0,291","0,008","0,112"
"CPG","CPG HOME CARE","CLEANING EQUIPMENT","CLEANING EQUIPMENT","BROOMS","352","16852","0,019","0,112","0,013","0,139"
"TECHNOLOGY","CAMERAS & DRONES","CAMERA ACCESSORIES","OTHER CAMERA ACCESSORIES","PHOTOGRAPHY_ACCESSORIES_AND_REPLACEMENTS","351","31839","0,019","0,23","0,025","0,109"
"FASHION","APPAREL ACCESSORIES","WATCH","WATCH","WATCH_BOXES_AND_CASES","351","29617","0,019","0,135","0,023","0,234"
"OTHERS","OTHER","ESOTERIC","ESOTERIC","TAROT_CARDS","351","18617","0,019","3,653","0,014","3,331"
"BEAUTY","MAKEUP","MAKEUP KITS AND ACCESSORIES","MAKEUP KITS AND ACCESSORIES","MAKEUP_SPONGES","350","9896","0,019","0,289","0,008","0,103"
"CONSTRUCTION & INDUSTRY","INDUSTRY","COMMERCE EQUIPMENT","COMMERCE EQUIPMENT","PRICE_TAG_HOLDERS","350","25009","0,019","0,111","0,019","0,125"
"T & B","BABY","BABY BATHROOM","BABY BATHROOM ACCESSORIES","BABY_POTTIES_URINALS_AND_TOILET_ADAPTER_SEATS","350","20034","0,019","0,585","0,016","0,537"
"T & B","PARTY","PARTY COSTUMES & ACCESSORIES","COSTUMES ACESSORIES","PARTY_GLASSES","349","14569","0,019","0,584","0,011","0,391"
"VEHICLE PARTS & ACCESSORIES","ACC CARS & VANS","CARS & VANS REPLACEMENT PARTS","CARS & VANS OTHERS","VEHICLE_BUMPER_BRACKETS","349","24728","0,019","0,358","0,019","0,295"
"CONSTRUCTION & INDUSTRY","CONSTRUCTION","CONSTRUCTION MATERIALS","ROOF PANELS & TILES","ROOF_TILES","349","1172","0,019","0,111","0,001","0,006"
"CONSTRUCTION & INDUSTRY","STATIONERY","ART & CRAFT SUPPLIES","ART & CRAFT SUPPLIES","PHOTO_ALBUMS","348","18396","0,019","0,111","0,014","0,092"
"CONSTRUCTION & INDUSTRY","CONSTRUCTION","ELECTRICAL","TIMERS & RELAYS","ELECTRICAL_TIMERS","348","23061","0,019","0,111","0,018","0,115"
"FURNISHING & HOUSEWARE","HOUSEHOLD ITEMS","ORGANIZATION","OTHER ORG","KEY_RACKS","347","22190","0,019","0,165","0,017","0,196"
"VEHICLE PARTS & ACCESSORIES","ACC CARS & VANS","CARS & VANS REPLACEMENT PARTS","CARS & VANS OTHERS","VEHICLE_RADIATOR_CAPS","346","13429","0,019","0,355","0,01","0,16"
"VEHICLE PARTS & ACCESSORIES","ACC CARS & VANS","CARS & VANS REPLACEMENT PARTS","CARS & VANS ENGINE","VEHICLE_CARBURETORS","345","29706","0,019","0,354","0,023","0,355"
"TECHNOLOGY","IT APPLIANCES","PRINTERS PARTS & ACCESSORIES","PRINTERS PARTS","PRINTER_RIBBONS","344","38664","0,019","0,225","0,03","0,132"
"CPG","CPG HOME CARE","LAUNDRY PRODUCTS","LAUNDRY PRODUCTS","LAUNDRY_BAR_SOAPS","344","5998","0,019","0,109","0,005","0,05"
"BEAUTY","BEAUTY PROFESSIONAL","ESTHETIC","ESTHETIC SUPPLIES","ELECTRODE_PADS","344","16378","0,019","0,284","0,013","0,171"
"T & B","BABY","BABY SECURITY","BABY SECURITY","BABY_MONITORS","344","43544","0,019","0,575","0,034","1,168"
"SPORTS","OTHER SPORTS","SPORTS ACCESSORIES","SPORTS ACCESSORIES","SPORT_GLASSES","344","19135","0,019","0,62","0,015","0,537"
"TECHNOLOGY","CAMERAS & DRONES","CAMERA ACCESSORIES","PHOTO FILMS","PHOTOGRAPHIC_INSTANT_FILMS","343","49754","0,019","0,225","0,039","0,17"
"CPG","PET","PET HOUSES, TOYS & FASHION","PET HOUSE EQUIPMENT","AQUARIUM_PUMPS","343","22175","0,019","0,109","0,017","0,184"
"TECHNOLOGY","SMARTPHONES & TABLETS","SMARTPHONES PARTS & ACCESSORIES","SMARTPHONES ACCESSORIES","CELLPHONE_REPAIR_TOOL_KITS","343","11887","0,019","0,225","0,009","0,041"
"CONSTRUCTION & INDUSTRY","INDUSTRY","ADVERTISEMENT & GRAPHIC DESIGN","ADVERTISEMENT & GRAPHIC DESIGN","IDENTIFICATION_WRISTBANDS","342","22725","0,019","0,109","0,018","0,114"
"HEALTH","HEALTH GOODS","HEALTH PROFESSIONAL","ORTHOPEDIC SPECIALIZED EQUIPMENT","HEEL_CUPS","341","8266","0,019","0,323","0,006","0,099"
"T & B","TOYS AND GAMES","ART & CRAFT","ART & CRAFT KITS PRODUCTS","DOUGH_AND_CLAY_TOYS","341","13859","0,019","0,57","0,011","0,372"
"HEALTH","HEALTH GOODS","HEALTH PROFESSIONAL","ORTHOPEDIC SPECIALIZED EQUIPMENT","ORTHOPEDIC_WRIST_BRACES","341","8714","0,019","0,323","0,007","0,105"
"FURNISHING & HOUSEWARE","HABERDASHERY","HABERDASHERY","HABERDASHERY","HABERDASHERY_BUTTONS","340","8224","0,019","0,162","0,006","0,073"
"FURNISHING & HOUSEWARE","HOUSEHOLD ITEMS","TABLETOP","DINNERWARE","TABLE_FRUIT_BOWLS","339","15656","0,019","0,161","0,012","0,139"
"CPG","PET","PET BEAUTY & HYGIENE","SANITARY ACCESSORIES","PET_DIAPERS","337","20436","0,019","0,107","0,016","0,169"
"HEALTH","HEALTH GOODS","HEALTH PROFESSIONAL","MEDICAL SPECIALIZED EQUIPMENT","FOOTWEAR_COVERS","336","14358","0,019","0,319","0,011","0,173"
"CONSTRUCTION & INDUSTRY","CONSTRUCTION","CONSTRUCTION MATERIALS","CONSTRUCTION MATERIALS FIXING","HARDWARE_NUTS","335","7961","0,018","0,106","0,006","0,04"
"T & B","BABY","BREASTFEED & EATING ACCESSORIES","BABY BOTTLES","BABY_BOTTLE_NIPPLES","335","16097","0,018","0,56","0,013","0,432"
"CPG","CPG PERSONAL CARE","PERSONAL CARE ESSENTIALS","SOAP","BATH_SPONGES","335","9964","0,018","0,106","0,008","0,082"
"FURNISHING & HOUSEWARE","HABERDASHERY","HABERDASHERY","HABERDASHERY","SEWING_KITS","334","11621","0,018","0,159","0,009","0,103"
"FURNISHING & HOUSEWARE","FURNITURE","BEDROOM FURNITURE","BEDS, HEADBOARDS & NIGHT STANDS","HEADBOARDS","334","21760","0,018","0,159","0,017","0,193"
"FASHION","APPAREL","BASICS","LINGERIE PANTIES","CORSETS","334","11718","0,018","0,128","0,009","0,092"
"CONSTRUCTION & INDUSTRY","TOOLS","MEASURING TOOLS","AMBIENT","HYGROMETERS","334","16259","0,018","0,106","0,013","0,081"
"VEHICLE PARTS & ACCESSORIES","ACC CARS & VANS","CARS & VANS REPLACEMENT PARTS","CARS & VANS ENGINE","VEHICLE_ENGINE_INTAKE_HOSES","332","27013","0,018","0,341","0,021","0,323"
"FURNISHING & HOUSEWARE","HABERDASHERY","HABERDASHERY","HABERDASHERY","ANILINE_DYES","332","11063","0,018","0,158","0,009","0,098"
"CONSTRUCTION & INDUSTRY","INDUSTRY","INDUSTRY GENERAL EQUIPMENT","INDUSTRY GENERAL EQUIPMENT","INDUSTRIAL_PULLEYS","332","12023","0,018","0,105","0,009","0,06"
"FURNISHING & HOUSEWARE","HOUSEHOLD ITEMS","KITCHEN HOME","FOOD STORAGE","CANDY_AND_CHOCOLATE_JARS","332","19842","0,018","0,158","0,015","0,176"
"FURNISHING & HOUSEWARE","HOUSEHOLD ITEMS","KITCHEN HOME","BAKEWARE","BAKING_MATS","332","11996","0,018","0,158","0,009","0,106"
"CONSTRUCTION & INDUSTRY","STATIONERY","OFFICE & SCHOOL SUPPLIES","OTHER OFFICE & SCHOOL SUPPLIES","PAPER_AND_BINDER_CLIPS","332","8955","0,018","0,105","0,007","0,045"
"VEHICLE PARTS & ACCESSORIES","ACC CARS & VANS","CARS & VANS ACCESSORIES","CARS & VANS ACCESSORIES EXTERIOR","VEHICLE_LICENSE_PLATE_BRACKETS","331","15420","0,018","0,339","0,012","0,184"
"SPORTS","INDOOR SPORTS","GYM","GYM ACCESORIES","KINESIOLOGY_TAPES","331","13068","0,018","0,597","0,01","0,367"
"VEHICLE PARTS & ACCESSORIES","ACC CARS & VANS","CARS & VANS REPLACEMENT PARTS","CARS & VANS ELECTRONICS","VEHICLE_WINDOW_SWITCHES","331","25483","0,018","0,339","0,02","0,305"
"VEHICLE PARTS & ACCESSORIES","ACC CARS & VANS","CARS & VANS REPLACEMENT PARTS","CARS & VANS OTHERS","VEHICLE_ENGINE_MOUNTS","331","81797","0,018","0,339","0,064","0,977"
"HEALTH","HEALTH GOODS","EROTIC","SEX TOYS","VIBRATORS","330","22980","0,018","0,313","0,018","0,276"
"SPORTS","MOUNTAIN & OUTDOORS","FISHING","FISHING_GEAR_AND_ACCESSORIES","FISHING_LINES","330","17356","0,018","0,595","0,013","0,487"
"BEAUTY","BEAUTY PROFESSIONAL","ESTHETIC","ESTHETIC SUPPLIES","SKIN_CARE_SUPPLIES","329","22064","0,018","0,272","0,017","0,23"
"VEHICLE PARTS & ACCESSORIES","ACC CARS & VANS","CARS & VANS REPLACEMENT PARTS","CARS & VANS TRANSMISSION","VEHICLE_WHEELS_BEARINGS","328","22437","0,018","0,336","0,017","0,268"
"CONSTRUCTION & INDUSTRY","TOOLS","TOOL ACCESSORIES","DRILLS & SCREWDRIVERS ACC","DRILL_AND_SCREWDRIVER_ADAPTERS","328","10391","0,018","0,104","0,008","0,052"
"CONSTRUCTION & INDUSTRY","HOME OUTDOORS","INSECT & PEST CONTROL","INSECT & PEST CONTROL","RODENT_TRAPS","328","11049","0,018","0,104","0,009","0,055"
"HEALTH","HEALTH GOODS","HEALTH PROFESSIONAL","ORTHOPEDIC SPECIALIZED EQUIPMENT","ORTHOPEDIC_ANKLE_BRACES","328","21747","0,018","0,311","0,017","0,261"
"FURNISHING & HOUSEWARE","HOUSEHOLD ITEMS","CLEANING & LAUNDRY","LAUNDRY","WASHING_AND_DRYER_MACHINE_COVERS","326","14057","0,018","0,155","0,011","0,124"
"BEAUTY","BEAUTY PROFESSIONAL","ESTHETIC","ESTHETIC SUPPLIES","MICRONEEDLING_CARTRIDGES","325","35426","0,018","0,268","0,028","0,37"
"VEHICLE PARTS & ACCESSORIES","ACC CARS & VANS","CARS & VANS REPLACEMENT PARTS","CARS & VANS ENGINE","VEHICLE_TIMING_BELTS","325","44664","0,018","0,333","0,035","0,534"
"CONSTRUCTION & INDUSTRY","CONSTRUCTION","CONSTRUCTION MATERIALS","HEAVY WORK","METAL_WIRES","323","17848","0,018","0,103","0,014","0,089"
"SPORTS","OTHER MAINSTREAM SPORTS","VOLLEYBALL","VOLLEYBALL","VOLLEYBALL_BALLS","321","21629","0,018","0,579","0,017","0,607"
"CONSTRUCTION & INDUSTRY","INDUSTRY","SAFETY EQUIPMENT","SAFETY EQUIPMENT","REFLECTIVE_VESTS","321","12141","0,018","0,102","0,009","0,061"
"VEHICLE PARTS & ACCESSORIES","ACC MOTORCYCLES","MOTORCYCLE REPLACEMENT PARTS","MOTORCYCLE BODYWORK","MOTORCYCLE_LEVERS","321","21910","0,018","0,329","0,017","0,262"
"FURNISHING & HOUSEWARE","FURNITURE","OUTDOOR FURNITURE","OTHER OUTDOOR FURNITURE","HAMMOCKS","320","19111","0,018","0,152","0,015","0,169"
"CPG","CPG PERSONAL CARE","CPG BABY CARE","BABY HYGIENE","BABY_GROOMING_KITS","320","25089","0,018","0,102","0,02","0,208"
"SPORTS","OTHER MAINSTREAM SPORTS","RUNNING","RUNNING","COMPRESSION_SLEEVES","319","10560","0,018","0,575","0,008","0,296"
"CPG","FOODS","BREAKFAST & CEREALS","TEA","YERBA_MATE","319","10984","0,018","0,101","0,009","0,091"
"FURNISHING & HOUSEWARE","HOUSEHOLD ITEMS","TABLETOP","FLATWARE","KITCHEN_FORKS","319","10581","0,018","0,152","0,008","0,094"
"CONSTRUCTION & INDUSTRY","TOOLS","GARDEN TOOLS","GARDEN SAWS","ELECTRIC_CHAINSAWS","318","25105","0,018","0,101","0,02","0,125"
"FURNISHING & HOUSEWARE","HOUSEHOLD ITEMS","BATHROOM","SHOWER CURTAINS AND HOOKS","SHOWER_CURTAINS","317","10219","0,017","0,151","0,008","0,09"
"VEHICLE PARTS & ACCESSORIES","ACC CARS & VANS","CARS & VANS REPLACEMENT PARTS","CARS & VANS OTHERS","VEHICLE_IGNITION_COILS","317","49458","0,017","0,325","0,038","0,591"
"VEHICLE PARTS & ACCESSORIES","ACC CARS & VANS","CARS & VANS REPLACEMENT PARTS","CARS & VANS BODYWORK","VEHICLE_FOG_LIGHT_GRILLS","316","16638","0,017","0,324","0,013","0,199"
"FURNISHING & HOUSEWARE","DECOR","ORNAMENTS","ORNAMENTS","ASHTRAYS","315","12144","0,017","0,15","0,009","0,108"
"CONSTRUCTION & INDUSTRY","HOME OUTDOORS","LANDSCAPING & GARDEN CENTER","PLANTS, BULBS & SEEDS","PLANTING_KITS","314","13710","0,017","0,1","0,011","0,069"
"HOME ELECTRONICS","SMALL APPLIANCES","HOUSING & CLEANING","ROBOT VACUUMS","ROBOT_VACUUMS","314","122650","0,017","0,384","0,095","1,841"
"VEHICLE PARTS & ACCESSORIES","ACC VEHICULAR MULTIMEDIA","VEHICULAR AUDIO","VEHICLE TRANSMITTERS","VEHICLE_WIRELESS_FM_TRANSMITTERS","314","35472","0,017","0,322","0,028","0,424"
"T & B","TOYS AND GAMES","OUTDOOR TOYS","OTHER OUTDOOR TOYS","BUBBLE_TOYS","313","9862","0,017","0,523","0,008","0,264"
"BEAUTY","BEAUTY PERSONAL CARE","FACIAL CARE","FACIAL CARE","BEARD_OILS_AND_BALMS","312","17769","0,017","0,258","0,014","0,185"
"VEHICLE PARTS & ACCESSORIES","ACC CARS & VANS","CARS & VANS REPLACEMENT PARTS","CARS & VANS INTERIOR","VEHICLE_AC_DASHBOARD_VENTS","312","20925","0,017","0,32","0,016","0,25"
"SPORTS","INDOOR SPORTS","BALLET","BALLET","DANCE_COSTUMES","312","14802","0,017","0,563","0,012","0,416"
"FURNISHING & HOUSEWARE","DECOR","MIRRORS & DECORATIVE ART","MIRRORS & DECORATIVE ART","DECORATIVE_PANELS","311","15283","0,017","0,148","0,012","0,135"
"SPORTS","WATER SPORTS","SWIMMING","SWIMMING","SWIM_CAPS","311","10311","0,017","0,561","0,008","0,289"
"T & B","TOYS AND GAMES","ART & CRAFT","ART & CRAFT KITS PRODUCTS","JEWELRY_MAKING_KITS","311","15704","0,017","0,52","0,012","0,421"
"VEHICLE PARTS & ACCESSORIES","ACC CARS & VANS","CARS & VANS REPLACEMENT PARTS","CARS & VANS OTHERS","VEHICLE_ENGINE_COOLANT_THERMOSTATS","311","36261","0,017","0,319","0,028","0,433"
"TECHNOLOGY","CAMERAS & DRONES","CAMERA ACCESSORIES","CHARGERS & BATTERIES","CAMERA_CHARGERS","311","25187","0,017","0,204","0,02","0,086"
"HOME ELECTRONICS","HOUSEHOLD APPLIANCES PARTS","KITCHEN PARTS","MICROWAVE PARTS","MICROWAVE_MAGNETRONS","310","11438","0,017","0,379","0,009","0,172"
"HEALTH","HEALTH GOODS","PHARMACY ARTICLES","PHARMACY ARTICLES","DROPPING_BOTTLES","310","13551","0,017","0,294","0,011","0,163"
"CONSTRUCTION & INDUSTRY","CONSTRUCTION","CONSTRUCTION MATERIALS","DRY CONSTRUCTION","DRYWALLS","310","9418","0,017","0,098","0,007","0,047"
"CONSTRUCTION & INDUSTRY","CONSTRUCTION","PLUMBING","VALVES","TOILET_FLUSH_VALVES","310","20333","0,017","0,098","0,016","0,102"
"CONSTRUCTION & INDUSTRY","TOOLS","MANUAL TOOLS","OTHER MANUAL TOOLS","SUCTION_CUP_DENT_PULLERS","309","12420","0,017","0,098","0,01","0,062"
"TECHNOLOGY","CAMERAS & DRONES","CAMERA ACCESSORIES","OTHER CAMERA ACCESSORIES","CAMERA_CLEANING_KITS","309","19018","0,017","0,202","0,015","0,065"
"VEHICLE PARTS & ACCESSORIES","ACC VEHICULAR MULTIMEDIA","VEHICULAR STEREOS & SCREENS","VEHICULAR STEREOS","VEHICLE_STEREOS","308","35501","0,017","0,316","0,028","0,424"
"CPG","PET","PET HOUSES, TOYS & FASHION","PET HOUSES","PET_PLAYPENS","308","10866","0,017","0,098","0,008","0,09"
"HEALTH","HEALTH GOODS","HEALTH PROFESSIONAL","ORTHOPEDIC SPECIALIZED EQUIPMENT","SPLINTS","308","15346","0,017","0,292","0,012","0,184"
"VEHICLE PARTS & ACCESSORIES","ACC MOTORCYCLES","MOTORCYCLE REPLACEMENT PARTS","MOTORCYCLE ELECTRONICS","MOTORCYCLE_SPEEDOMETERS","308","25113","0,017","0,316","0,02","0,3"
"FURNISHING & HOUSEWARE","TEXTILES","BATHROOM TEXTILES","TOWELS & TOILET RUGS","HAND_TOWELS","308","17044","0,017","0,147","0,013","0,151"
"CONSTRUCTION & INDUSTRY","STATIONERY","OFFICE & SCHOOL SUPPLIES","SCHOOL KITS","SCHOOL_KITS","308","15384","0,017","0,098","0,012","0,077"
"HEALTH","HEALTH GOODS","HEALTH PROFESSIONAL","HEALTH PROFESSIONAL CONSUMABLES","ACUPUNCTURE_NEEDLES","308","21681","0,017","0,292","0,017","0,261"
"CPG","FOODS","BREAKFAST & CEREALS","SWEET","CAKES","307","10883","0,017","0,098","0,008","0,09"
"FURNISHING & HOUSEWARE","HOUSEHOLD ITEMS","BATHROOM","BATHROOM ACCESSORIES","NON_SLIP_BATHTUB_APPLIQUES_AND_MATS","307","12736","0,017","0,146","0,01","0,113"
"OTHERS","OTHER","OTHER","OTHER","UNCLASSIFIED_PRODUCTS","307","27238","0,017","3,195","0,021","4,874"
"VEHICLE PARTS & ACCESSORIES","ACC TIRES","OTHER ACC TIRES","OTHER ACC TIRES","VEHICLE_TIRE_VALVES","306","8042","0,017","0,314","0,006","0,096"
"SPORTS","INDOOR SPORTS","GYM","GYM ACCESORIES","HAND_GRIPS","305","10120","0,017","0,55","0,008","0,284"
"CONSTRUCTION & INDUSTRY","SECURITY","SAFES & PERSONAL SECURITY","SAFES & PERSONAL SECURITY","SAFES","305","33620","0,017","0,097","0,026","0,168"
"CONSTRUCTION & INDUSTRY","INDUSTRY","COMMERCE EQUIPMENT","COMMERCE EQUIPMENT","LABEL_MAKERS","305","40263","0,017","0,097","0,031","0,201"
"TECHNOLOGY","CAMERAS & DRONES","CAMERAS & VIDEO CAMERAS","CAMERAS & VIDEO CAMERAS","VIDEO_CAMERAS","304","228259","0,017","0,199","0,177","0,778"
"CONSTRUCTION & INDUSTRY","STATIONERY","OFFICE & SCHOOL SUPPLIES","OTHER OFFICE & SCHOOL SUPPLIES","BILL_BOOKS","304","12096","0,017","0,097","0,009","0,06"
"VEHICLE PARTS & ACCESSORIES","ACC CARS & VANS","CARS & VANS REPLACEMENT PARTS","CARS & VANS OTHERS","OTHER_VEHICLE_BRAKE_PADS","304","26513","0,017","0,312","0,021","0,317"
"HOME ELECTRONICS","HOUSEHOLD APPLIANCES PARTS","BUILT IN PARTS","BUILT IN PARTS","KITCHEN_RANGE_HOOD_FILTERS","303","16855","0,017","0,37","0,013","0,253"
"CONSTRUCTION & INDUSTRY","TOOLS","MEASURING TOOLS","ELECTRICITY","VOLTAGE_DETECTORS","303","13572","0,017","0,096","0,011","0,068"
"HOME ELECTRONICS","SMALL APPLIANCES","KITCHEN","ELECTRIC KITCHEN TOOLS","ELECTRIC_VEGETABLE_AND_FRUIT_PEELERS","303","5100","0,017","0,37","0,004","0,077"
"BEAUTY","MAKEUP","MAKEUP KITS AND ACCESSORIES","MAKEUP KITS AND ACCESSORIES","EYEBROW_AND_EYELASH_TREATMENTS","302","23780","0,017","0,249","0,018","0,248"
"HOME ELECTRONICS","AUDIO & GENERAL ELECTRONICS","AUDIO","AUDIO DEVICES","AUDIO_AMPLIFIERS","301","65113","0,017","0,368","0,051","0,977"
"BEAUTY","BEAUTY PROFESSIONAL","ESTHETIC","ELECTRIC ESTHETIC TOOLS","MICRONEEDLE_ROLLERS","301","24649","0,017","0,249","0,019","0,257"
"SPORTS","CYCLING AND OTHERS","BICYCLES ACCESORIES AND SPARE PARTS","BICYCLES ACCESORIES AND SPARE PARTS","BICYCLE_SEATS","300","16214","0,017","0,541","0,013","0,455"
"HOME ELECTRONICS","LARGE APPLIANCES","LAUNDRY & DISHWASHERS","LAUNDRY","MINI_WASHING_MACHINES","300","12832","0,017","0,367","0,01","0,193"
"HOME ELECTRONICS","HEATING, COOLING & AIR QUALITY","HEATING","HEATERS","WATER_HEATERS","300","79773","0,017","0,367","0,062","1,197"
"SPORTS","FOOTBALL","FOOTBALL EQUIPMENT","FOOTBALL ACCESSORIES","FOOTBALL_GOALKEEPER_GLOVES","300","28361","0,017","0,541","0,022","0,796"
"CONSTRUCTION & INDUSTRY","INDUSTRY","UNIFORMS","UNIFORMS","DOMESTIC_WORKER_UNIFORMS","300","21871","0,017","0,095","0,017","0,109"
"BEAUTY","BEAUTY PERSONAL CARE","PERSONAL CARE TOOLS AND ACCESSORIES","PERSONAL CARE TOOLS AND ACCESSORIES","MANUAL_FACIAL_BRUSHES_AND_SPONGES","299","6750","0,016","0,247","0,005","0,07"
"FURNISHING & HOUSEWARE","HOUSEHOLD ITEMS","ORGANIZATION","KITCHEN ORG","COFFEE_POD_HOLDERS","298","14898","0,016","0,142","0,012","0,132"
"ENTERTAINMENT","MUSICAL INSTRUMENTS","STRING INSTRUMENTS","OTHER STRING INSTRUMENTS & ACCESORIES","STRING_INSTRUMENT_STANDS_AND_WALL_HANGERS","297","14293","0,016","0,96","0,011","0,583"
"SPORTS","MOUNTAIN & OUTDOORS","CAMPING","GEAR & EQUIPMENT","CAMPING_CHAIRS_AND_STOOLS","296","12626","0,016","0,534","0,01","0,354"
"VEHICLE PARTS & ACCESSORIES","ACC CARS & VANS","CARS & VANS REPLACEMENT PARTS","CARS & VANS OTHERS","VEHICLE_GREASES","296","15258","0,016","0,304","0,012","0,182"
"HEALTH","HEALTH GOODS","HEALTH PROFESSIONAL","DENTAL SPECIALIZED EQUIPMENT","TONGUE_CLEANERS_AND_SCRAPERS","296","9105","0,016","0,281","0,007","0,109"
"CONSTRUCTION & INDUSTRY","TOOLS","POWER TOOLS","SANDING, ROUGHING AND POLISHING","MICRO_ROTARY_TOOLS","294","33609","0,016","0,093","0,026","0,168"
"VEHICLE PARTS & ACCESSORIES","ACC CARS & VANS","CARS & VANS ACCESSORIES","CARS & VANS ACCESSORIES INTERIOR","VEHICLE_MATS","293","39251","0,016","0,301","0,031","0,469"
"FURNISHING & HOUSEWARE","HOUSEHOLD ITEMS","TABLETOP","DRINKWARE & ICE","REUSABLE_ICE_CUBES","293","13449","0,016","0,139","0,01","0,119"
"VEHICLE PARTS & ACCESSORIES","ACC CARS & VANS","CARS & VANS REPLACEMENT PARTS","CARS & VANS ELECTRONICS","VEHICLE_LIGHT_SWITCHES","292","25498","0,016","0,299","0,02","0,305"
"T & B","BABY","BABY CARE","BABY CARE","BABY_TEETHERS","292","9398","0,016","0,488","0,007","0,252"
"CONSTRUCTION & INDUSTRY","TOOLS","MANUAL TOOLS","HAMMERS","MANUAL_HAMMERS","291","10576","0,016","0,092","0,008","0,053"
"T & B","BABY","BABY TOYS & ACTIVITY CENTERS","ACTIVITY CENTERS","BABY_ACTIVITY_CENTERS_AND_GYMS","291","14356","0,016","0,487","0,011","0,385"
"SPORTS","CYCLING AND OTHERS","BICYCLES ACCESORIES AND SPARE PARTS","BICYCLES ACCESORIES AND SPARE PARTS","BICYCLE_ACCESSORIES_AND_REPLACEMENTS","291","18605","0,016","0,525","0,014","0,522"
"HOME ELECTRONICS","SMALL APPLIANCES","KITCHEN","MEAL & DRINK MAKERS","POPCORN_MACHINES","290","29024","0,016","0,354","0,023","0,436"
"FURNISHING & HOUSEWARE","HOUSEHOLD ITEMS","KITCHEN HOME","PREP, GADGETS AND ACC","KITCHEN_THERMOMETERS","290","10646","0,016","0,138","0,008","0,094"
"CONSTRUCTION & INDUSTRY","TOOLS","MANUAL TOOLS","MANUAL TOOLS FIXING","MANUAL_STAPLERS_AND_BRAD_NAILERS","289","15543","0,016","0,092","0,012","0,078"
"VEHICLE PARTS & ACCESSORIES","ACC CARS & VANS","CARS & VANS REPLACEMENT PARTS","CARS & VANS OTHERS","VEHICLE_DOOR_LATCHES","289","19363","0,016","0,296","0,015","0,231"
"T & B","PARTY","PARTY COSTUMES & ACCESSORIES","COSTUMES ACESSORIES","PARTY_HATS","289","10397","0,016","0,483","0,008","0,279"
"FURNISHING & HOUSEWARE","HOUSEHOLD ITEMS","KITCHEN HOME","PREP, GADGETS AND ACC","MEASURING_CUPS_AND_JUGS","289","9756","0,016","0,137","0,008","0,086"
"VEHICLE PARTS & ACCESSORIES","ACC TOOLS","PARTICULAR TOOLS","DETAILING TOOLS","VEHICLE_POLISHING_PADS","288","12263","0,016","0,295","0,01","0,147"
"CONSTRUCTION & INDUSTRY","STATIONERY","OFFICE & SCHOOL SUPPLIES","OTHER OFFICE & SCHOOL SUPPLIES","PEN_INK_CARTRIDGES_AND_REPLACEMENTS","288","11868","0,016","0,091","0,009","0,059"
"T & B","PARTY","PARTY COSTUMES & ACCESSORIES","COSTUMES ACESSORIES","PARTY_HEADBANDS_CROWNS_AND_TIARAS","288","7380","0,016","0,482","0,006","0,198"
"TECHNOLOGY","CONSOLE GAMING HARDWARE","GAMES ACCESSORIES","GAMES ACCESSORIES","GAME_CONSOLE_COVERS_AND_BAGS","288","18530","0,016","0,189","0,014","0,063"
"SPORTS","MOUNTAIN & OUTDOORS","CAMPING","GEAR & EQUIPMENT","ELECTRIC_CAMPING_LANTERNS","287","9401","0,016","0,518","0,007","0,264"
"SPORTS","INDOOR SPORTS","GYM","GYM MACHINES","PEDAL_EXERCISERS","287","25896","0,016","0,518","0,02","0,727"
"T & B","TOYS AND GAMES","LIFELIKE TOYS","BEAUTY TOYS","KIDS_MAKEUP_KITS","286","15322","0,016","0,478","0,012","0,411"
"CPG","CPG HOME CARE","CLEANING PRODUCTS & SUPPLIES","KITCHEN & CLEANING SUPPLIES","ALUMINUM_FOILS","285","10183","0,016","0,091","0,008","0,084"
"VEHICLE PARTS & ACCESSORIES","ACC CARS & VANS","CARS & VANS REPLACEMENT PARTS","CARS & VANS ENGINE","VEHICLE_RADIATOR_HOSES","285","30202","0,016","0,292","0,023","0,361"
"CPG","CPG HOME CARE","CLEANING EQUIPMENT","CLEANING EQUIPMENT","MAGNETIC_GLASS_CLEANERS","285","10521","0,016","0,091","0,008","0,087"
"CONSTRUCTION & INDUSTRY","TOOLS","POWER TOOLS","POWER PUMPS TOOLS","ELECTRIC_AIR_PUMPS","284","17137","0,016","0,09","0,013","0,086"
"CONSTRUCTION & INDUSTRY","INDUSTRY","COMMERCE EQUIPMENT","COMMERCE EQUIPMENT","SLATWALL_PANEL_HOOKS","284","16013","0,016","0,09","0,012","0,08"
"FURNISHING & HOUSEWARE","HOUSEHOLD ITEMS","TABLETOP","SERVEWARE","APPETIZER_SERVERS","284","14083","0,016","0,135","0,011","0,125"
"FURNISHING & HOUSEWARE","HOUSEHOLD ITEMS","ORGANIZATION","CLOTHING ORG","HANGING_CLOSET_ORGANIZERS","284","13105","0,016","0,135","0,01","0,116"
"CONSTRUCTION & INDUSTRY","HOME OUTDOORS","LANDSCAPING & GARDEN CENTER","SOIL, SUBSTRATES & STONES","GARDEN_STONES","283","10415","0,016","0,09","0,008","0,052"
"CONSTRUCTION & INDUSTRY","STATIONERY","OFFICE & SCHOOL SUPPLIES","OTHER OFFICE & SCHOOL SUPPLIES","HOLE_PUNCHES","283","13047","0,016","0,09","0,01","0,065"
"FURNISHING & HOUSEWARE","HOUSEHOLD ITEMS","KITCHEN HOME","FOOD STORAGE","EGG_HOLDERS_AND_CUPS","283","8799","0,016","0,135","0,007","0,078"
"T & B","TOYS AND GAMES","OTHER TOYS & GAMES","OTHER TOYS & GAMES","FIDGET_SPINNERS","283","9474","0,016","0,473","0,007","0,254"
"FURNISHING & HOUSEWARE","HOUSEHOLD ITEMS","KITCHEN HOME","PREP, GADGETS AND ACC","COLANDERS","283","8603","0,016","0,135","0,007","0,076"
"HEALTH","HEALTH GOODS","HEALTH PROFESSIONAL","ORTHOPEDIC SPECIALIZED EQUIPMENT","WHEELCHAIR_CUSHIONS","282","20887","0,016","0,267","0,016","0,251"
"T & B","BABY","BREASTFEED & EATING ACCESSORIES","BREASTFEED ACCESSORIES","BABY_BOTTLE_BRUSHES","282","7121","0,016","0,472","0,006","0,191"
"HEALTH","HEALTH GOODS","PHARMACY ARTICLES","PHARMACY ARTICLES","HOT_WATER_BOTTLES","282","12005","0,016","0,267","0,009","0,144"
"FURNISHING & HOUSEWARE","HOUSEHOLD ITEMS","ORGANIZATION","KITCHEN ORG","KITCHEN_PAPER_TOWELS_HOLDERS","281","7187","0,015","0,134","0,006","0,064"
"T & B","TOYS AND GAMES","OTHER TOYS & GAMES","OTHER TOYS & GAMES","JOKE_TOYS","281","7412","0,015","0,47","0,006","0,199"
"CONSTRUCTION & INDUSTRY","INDUSTRY","INDUSTRY GENERAL EQUIPMENT","INDUSTRY GENERAL EQUIPMENT","DESICCANT_BAGS","281","12172","0,015","0,089","0,009","0,061"
"TECHNOLOGY","IT PERIPHERALS, PARTS & ACCESSORIES","MONITORS & ACCESSORIES","MONITORS ACCESSORIES & PARTIES","TV_AND_MONITOR_RISER_STANDS","281","14571","0,015","0,184","0,011","0,05"
"CONSTRUCTION & INDUSTRY","STATIONERY","ART & CRAFT SUPPLIES","ART & CRAFT SUPPLIES","ARTISTIC_ENAMELS","281","21587","0,015","0,089","0,017","0,108"
"FURNISHING & HOUSEWARE","HOUSEHOLD ITEMS","BAR, WINE & ACC","WINE ACC","WINE_ACCESSORY_KITS","281","19805","0,015","0,134","0,015","0,175"
"CONSTRUCTION & INDUSTRY","HOME OUTDOORS","WATERING & IRRIGATION","IRRIGATION GUNS","GARDENING_IRRIGATION_GUNS","278","9908","0,015","0,088","0,008","0,05"
"CONSTRUCTION & INDUSTRY","CONSTRUCTION","ELECTRICAL","BALLASTS & INVERTERS","ELECTRICAL_BALLASTS","278","8811","0,015","0,088","0,007","0,044"
"FASHION","APPAREL","KIDS APPAREL","KIDS APPAREL","SCHOOL_UNIFORMS","278","9945","0,015","0,107","0,008","0,078"
"CPG","CPG HOME CARE","INSECTICIDES","INSECTICIDES","MAT_AND_LIQUID_REPELLENT_ELECTRIC_DEVICES","278","16314","0,015","0,088","0,013","0,135"
"T & B","BABY","BABY TOYS & ACTIVITY CENTERS","BABY TOYS","BABY_RATTLES","278","11297","0,015","0,465","0,009","0,303"
"FURNISHING & HOUSEWARE","HOUSEHOLD ITEMS","KITCHEN HOME","FOOD STORAGE","OIL_AND_VINEGAR_BOTTLES","277","13176","0,015","0,132","0,01","0,117"
"FURNISHING & HOUSEWARE","HOUSEHOLD ITEMS","KITCHEN HOME","PREP, GADGETS AND ACC","HAMBURGER_PRESSES","277","10890","0,015","0,132","0,008","0,096"
"CONSTRUCTION & INDUSTRY","CONSTRUCTION","CONSTRUCTION MATERIALS","CONSTRUCTION MATERIALS FIXING","NAILS","277","13400","0,015","0,088","0,01","0,067"
"TECHNOLOGY","CAMERAS & DRONES","CAMERA ACCESSORIES","SUPPORTS & STABILIZERS","CAMERA_AND_CELLPHONE_STABILIZERS","277","81257","0,015","0,181","0,063","0,277"
"OTHERS","OTHER","ESOTERIC","ESOTERIC","ESOTERIC_PRODUCTS","277","9292","0,015","2,883","0,007","1,663"
"FURNISHING & HOUSEWARE","FURNITURE","LIVING & DININGROOM FURNITURE","STOOLS","STOOLS_AND_BENCHES","277","19017","0,015","0,132","0,015","0,168"
"VEHICLE PARTS & ACCESSORIES","ACC CARS & VANS","CARS & VANS REPLACEMENT PARTS","CARS & VANS OTHERS","VEHICLE_FUEL_LEVEL_FLOATS","276","26489","0,015","0,283","0,021","0,317"
"SPORTS","INDOOR SPORTS","GYM","GYM ACCESORIES","JUMP_ROPES","275","7944","0,015","0,496","0,006","0,223"
"OTHERS","ANTIQUES & HOBBIES","ANTIQUES & HOBBIES","ANTIQUES & HOBBIES","ROSARIES","275","11711","0,015","2,862","0,009","2,096"
"CONSTRUCTION & INDUSTRY","INDUSTRY","ADVERTISEMENT & GRAPHIC DESIGN","ADVERTISEMENT & GRAPHIC DESIGN","LANYARDS","274","14595","0,015","0,087","0,011","0,073"
"HOME ELECTRONICS","SMALL APPLIANCES","KITCHEN","ELECTRIC KITCHEN TOOLS","MIXERS","274","21657","0,015","0,335","0,017","0,325"
"SPORTS","INDOOR SPORTS","GYM","GYM ACCESORIES","GYM_LIFTING_STRAPS","274","8954","0,015","0,494","0,007","0,251"
"FURNISHING & HOUSEWARE","HOUSEHOLD ITEMS","ORGANIZATION","CLOTHING ORG","CLOTHING_COVERS","273","10531","0,015","0,13","0,008","0,093"
"T & B","TOYS AND GAMES","TOY VEHICLES","NON REMOTE CONTROL VEHICLES","TOY_VEHICLE_TRACKS_AND_BLAST_LAUNCHERS","273","24241","0,015","0,457","0,019","0,65"
"VEHICLE PARTS & ACCESSORIES","ACC TOOLS","DIAGNOSTIC TOOLS","SCANNERS","VEHICLE_SCANNERS","273","36489","0,015","0,28","0,028","0,436"
"CONSTRUCTION & INDUSTRY","CONSTRUCTION","CONSTRUCTION MACHINERY & ACC","CONSTRUCTION ACCESSORIES","MULTIPURPOSE_ROPES","272","16728","0,015","0,086","0,013","0,084"
"VEHICLE PARTS & ACCESSORIES","ACC MOTORCYCLES","MOTORCYCLE REPLACEMENT PARTS","MOTORCYCLE ENGINE","MOTORCYCLE_BLOCK_CYLINDERS","272","35614","0,015","0,279","0,028","0,426"
"HOME ELECTRONICS","AUDIO & GENERAL ELECTRONICS","AUDIO","OTHER AUDIO DEVICES","DIGITAL_VOICE_RECORDERS","272","110664","0,015","0,332","0,086","1,661"
"VEHICLE PARTS & ACCESSORIES","ACC CARS & VANS","CARS & VANS REPLACEMENT PARTS","CARS & VANS OTHERS","VEHICLE_POLY_V_BELTS","271","16327","0,015","0,278","0,013","0,195"
"TECHNOLOGY","SMARTPHONES & TABLETS","SMARTPHONES PARTS & ACCESSORIES","SMARTPHONES PARTS","CELLPHONE_REPLACEMENT_MICROPHONES","271","13861","0,015","0,177","0,011","0,047"
"CONSTRUCTION & INDUSTRY","HOME OUTDOORS","INSECT & PEST CONTROL","INSECT & PEST CONTROL","ELECTRIC_INSECT_RACKETS","271","8939","0,015","0,086","0,007","0,045"
"FURNISHING & HOUSEWARE","FURNITURE","OUTDOOR FURNITURE","OTHER OUTDOOR FURNITURE","INFLATABLE_SOFAS","271","11068","0,015","0,129","0,009","0,098"
"HOME ELECTRONICS","SMALL APPLIANCES","KITCHEN","ELECTRIC GRILLS","ELECTRIC_GRILLS","270","32754","0,015","0,33","0,025","0,492"
"FURNISHING & HOUSEWARE","HABERDASHERY","HABERDASHERY","HABERDASHERY","ELECTRIC_GUN_GLUE_STICKS","269","9135","0,015","0,128","0,007","0,081"
"FURNISHING & HOUSEWARE","TEXTILES","BEDROOM TEXTILES","MATTRESSES & SOMMIER COVERS","BOX_SPRING_COVERS","269","12678","0,015","0,128","0,01","0,112"
"FURNISHING & HOUSEWARE","HOUSEHOLD ITEMS","KITCHEN HOME","PREP, GADGETS AND ACC","KITCHEN_TORCHES","269","10078","0,015","0,128","0,008","0,089"
"FURNISHING & HOUSEWARE","HOUSEHOLD ITEMS","KITCHEN HOME","FOOD STORAGE","BAG_DISPENSERS","268","8458","0,015","0,127","0,007","0,075"
"HEALTH","HEALTH GOODS","HEALTH PROFESSIONAL","MEDICAL SPECIALIZED EQUIPMENT","MEDICAL_AND_LABORATORY_AUTOCLAVES","268","22705","0,015","0,254","0,018","0,273"
"FASHION","APPAREL ACCESSORIES","OTHER APPAREL ACCESSORIES","OTHER APPAREL ACCESSORIES","SUSPENDERS","267","5720","0,015","0,102","0,004","0,045"
"CPG","FOODS","GROCERIES","SAUCES & DRESSINGS","OIL_AND_VINEGAR_SPRAYERS","267","6817","0,015","0,085","0,005","0,056"
"VEHICLE PARTS & ACCESSORIES","ACC CARS & VANS","CARS & VANS REPLACEMENT PARTS","CARS & VANS OTHERS","VEHICLE_SUN_SHADES","267","8901","0,015","0,274","0,007","0,106"
"HEALTH","HEALTH GOODS","HEALTH PROFESSIONAL","ORTHOPEDIC SPECIALIZED EQUIPMENT","BUNION_CORRECTORS","267","7408","0,015","0,253","0,006","0,089"
"CONSTRUCTION & INDUSTRY","TOOLS","TOOL ACCESSORIES","OTHER TOOLS ACC","CARBON_BRUSHES","266","8209","0,015","0,084","0,006","0,041"
"CPG","PET","PET HEALTH & MEDICINE","PET HEALTH & MEDICINE","FARM_ANIMAL_SUPPLEMENTS","266","24929","0,015","0,084","0,019","0,206"
"CONSTRUCTION & INDUSTRY","INDUSTRY","COMMERCE EQUIPMENT","COMMERCE EQUIPMENT","TICKET_NUMBER_DISPENSER_ROLLS","265","21613","0,015","0,084","0,017","0,108"
"VEHICLE PARTS & ACCESSORIES","OILS & FILTERS","OILS & FILTERS KITS","COMMERCIAL VEHICLES OILS & FILTERS KITS","VEHICLE_FILTER_KITS","265","57718","0,015","0,272","0,045","0,69"
"SPORTS","OTHER SPORTS","OTHER SPORTS","OTHER SPORTS","CLIMBING_CARABINERS","265","9108","0,015","0,478","0,007","0,256"
"ENTERTAINMENT","BOOKS AND OTHERS","BOOKS","ALBUMS AND STICKERS","STICKER_ALBUMS","265","17952","0,015","0,856","0,014","0,732"
"OTHERS","OTHER","OTHER","OTHER","HOOKAHS","264","18482","0,015","2,747","0,014","3,307"
"FURNISHING & HOUSEWARE","HABERDASHERY","HABERDASHERY","HABERDASHERY","TEXTILE_ELASTICS","263","7730","0,014","0,125","0,006","0,068"
"CONSTRUCTION & INDUSTRY","INDUSTRY","SAFETY EQUIPMENT","SAFETY EQUIPMENT","FIRE_EXTINGUISHERS","262","17064","0,014","0,083","0,013","0,085"
"BEAUTY","BEAUTY PROFESSIONAL","MANICURE & PEDICURE","MANICURE ACCESSORIES & EQUIPMENTS","MANICURE_AND_PEDICURE_DRILLS","262","23102","0,014","0,216","0,018","0,241"
"CONSTRUCTION & INDUSTRY","CONSTRUCTION","PLUMBING","PLUMBING PUMPS","WATER_BOOSTER_PUMPS","261","85995","0,014","0,083","0,067","0,43"
"T & B","BABY","BABY BATHROOM","BABY BATHROOM ACCESSORIES","BABY_TOWELS","261","8944","0,014","0,436","0,007","0,24"
"T & B","TOYS AND GAMES","BOARD AND CARD GAMES","PUZZLE","PUZZLE_CUBES","260","8439","0,014","0,435","0,007","0,226"
"CPG","PET","PET HOUSES, TOYS & FASHION","PET TOYS","STUFFED_PET_TOYS","260","8495","0,014","0,083","0,007","0,07"
"CONSTRUCTION & INDUSTRY","TOOLS","POWER TOOLS","SANDING, ROUGHING AND POLISHING","SANDER_MACHINES","260","49562","0,014","0,083","0,039","0,248"
"TECHNOLOGY","IT PERIPHERALS, PARTS & ACCESSORIES","PERIPHERALS ACCESSORIES","PC ACCESSORIES","CPU_STANDS","259","10822","0,014","0,17","0,008","0,037"
"CPG","PET","PET HOUSES, TOYS & FASHION","PET HOUSE EQUIPMENT","AQUARIUM_WATER_CONDITIONERS","258","24414","0,014","0,082","0,019","0,202"
"TECHNOLOGY","IT APPLIANCES","PRINTERS PARTS & ACCESSORIES","PRINTERS PARTS","PRINTER_CLEANING_KITS","257","15616","0,014","0,168","0,012","0,053"
"FASHION","APPAREL ACCESSORIES","BAG & BACKPACK","SUITCASE","SUITCASES","257","27886","0,014","0,099","0,022","0,22"
"SPORTS","CYCLING AND OTHERS","BICYCLES ACCESORIES AND SPARE PARTS","BICYCLES ACCESORIES AND SPARE PARTS","BICYCLE_TIRES","257","31454","0,014","0,463","0,024","0,883"
"CPG","CPG PERSONAL CARE","CPG BODY CARE","DEPILATORY","DEPILATORY_CREAMS","257","12597","0,014","0,082","0,01","0,104"
"VEHICLE PARTS & ACCESSORIES","ACC VEHICULAR MULTIMEDIA","GPS","GPS ACCESSORIES","VEHICLE_GPS","257","23751","0,014","0,264","0,018","0,284"
"CONSTRUCTION & INDUSTRY","CONSTRUCTION","BATHROOM & KITCHEN CONSTRUCTION","SINKS","BATHROOM_SINKS","256","47292","0,014","0,081","0,037","0,236"
"CONSTRUCTION & INDUSTRY","TOOLS","POWER TOOLS","OTHER POWER TOOLS","METAL_DETECTORS","256","15030","0,014","0,081","0,012","0,075"
"VEHICLE PARTS & ACCESSORIES","ACC CARS & VANS","CARS & VANS REPLACEMENT PARTS","CARS & VANS OTHERS","OTHER_VEHICLE_HEADLIGHTS","256","35873","0,014","0,263","0,028","0,429"
"T & B","BABY","BABY ACCESSORIES","BABY ACCESSORIES","BABY_SUPPLIES","256","15193","0,014","0,428","0,012","0,407"
"SPORTS","INDOOR SPORTS","BOXING AND MARTIAL ARTS","BOXING AND MARTIAL ARTS OTHERS","MARTIAL_ARTS_UNIFORMS","256","47408","0,014","0,462","0,037","1,331"
"FURNISHING & HOUSEWARE","DECOR","CANDLES AND ACC","CANDLES AND ACC","CANDLE_HOLDERS","255","10154","0,014","0,121","0,008","0,09"
"CONSTRUCTION & INDUSTRY","INDUSTRY","PACKAGING","PACKAGING","INDUSTRIAL_AND_COMMERCIAL_BAG_SEALERS","255","22028","0,014","0,081","0,017","0,11"
"T & B","TOYS AND GAMES","SUMMER TOYS & POOLS","INFLATABLE POOLS","POOL_INFLATABLES","254","13145","0,014","0,425","0,01","0,353"
"BEAUTY","BEAUTY PROFESSIONAL","ESTHETIC","ESTHETIC SUPPLIES","FILLING_MICROCANNULAS","254","30358","0,014","0,21","0,024","0,317"
"CPG","PET","PET HOUSES, TOYS & FASHION","PET TOYS","BIRD_TOYS","254","9739","0,014","0,081","0,008","0,081"
"T & B","TOYS AND GAMES","BOARD AND CARD GAMES","CARDS GAME","COLLECTION_DISPLAYS","254","15534","0,014","0,425","0,012","0,417"
"HOME ELECTRONICS","TELEVISIONS & STREAMING DEVICES","STREAMING MEDIA PLAYER REMOTE CONTROLS","STREAMING MEDIA PLAYER REMOTE CONTROLS","STREAMING_MEDIA_PLAYER_REMOTE_CONTROLS","254","6362","0,014","0,31","0,005","0,095"
"VEHICLE PARTS & ACCESSORIES","ACC CARS & VANS","CARS & VANS REPLACEMENT PARTS","CARS & VANS BODYWORK","VEHICLE_TRUNK_AND_GATE_LOCKS","253","24039","0,014","0,259","0,019","0,287"
"CONSTRUCTION & INDUSTRY","STATIONERY","ART & CRAFT SUPPLIES","ART & CRAFT SUPPLIES","WATERCOLORS_AND_TEMPERAS","252","9763","0,014","0,08","0,008","0,049"
"FURNISHING & HOUSEWARE","HOUSEHOLD ITEMS","TABLETOP","SERVEWARE","SUGAR_BOWLS_AND_HONEY_POTS","252","9170","0,014","0,12","0,007","0,081"
"VEHICLE PARTS & ACCESSORIES","ACC CARS & VANS","CARS & VANS REPLACEMENT PARTS","CARS & VANS OTHERS","VEHICLE_COOLANT_RESERVOIRS","252","30143","0,014","0,258","0,023","0,36"
"HEALTH","HEALTH GOODS","HEALTH PROFESSIONAL","ORTHOPEDIC SPECIALIZED EQUIPMENT","ORTHOPEDIC_WALKER_BOOTS","252","24554","0,014","0,239","0,019","0,295"
"VEHICLE PARTS & ACCESSORIES","ACC TOOLS","PARTICULAR TOOLS","JACKS AND STANDS","HYDRAULIC_VEHICLE_JACKS","251","24585","0,014","0,257","0,019","0,294"
"TECHNOLOGY","IT PERIPHERALS, PARTS & ACCESSORIES","PERIPHERALS ACCESSORIES","PC ACCESSORIES","UPS_BATTERIES","251","30452","0,014","0,164","0,024","0,104"
"BEAUTY","BEAUTY PERSONAL CARE","BODY CARE","BODY CARE","HAND_AND_FOOT_MASKS","251","7653","0,014","0,207","0,006","0,08"
"FURNISHING & HOUSEWARE","HOUSEHOLD ITEMS","KITCHEN HOME","BAKEWARE","PASTRY_MAKING_KITS","251","11168","0,014","0,119","0,009","0,099"
"BEAUTY","BEAUTY PROFESSIONAL","BEAUTY SALOON","SALOON TOOLS","HAIRDRESSING_SCISSORS","251","13657","0,014","0,207","0,011","0,142"
"CPG","PET","PET HOUSES, TOYS & FASHION","PET TOYS","TREAT_DISPENSING_PET_TOYS","250","10327","0,014","0,079","0,008","0,085"
"CONSTRUCTION & INDUSTRY","INDUSTRY","COMMERCE EQUIPMENT","COMMERCE EQUIPMENT","INDUSTRIAL_AND_COMMERCIAL_SCALES","250","42725","0,014","0,079","0,033","0,214"
"VEHICLE PARTS & ACCESSORIES","ACC CARS & VANS","CARS & VANS REPLACEMENT PARTS","CARS & VANS STEERING & SUSPENSION","VEHICLE_SHOCK_MOUNT_INSOLATORS","250","42509","0,014","0,256","0,033","0,508"
"T & B","PARTY","PARTY DECORATION","PARTY DECORATION","PARTY_CURTAINS","250","7768","0,014","0,418","0,006","0,208"
"FURNISHING & HOUSEWARE","HOUSEHOLD ITEMS","BAR, WINE & ACC","BAR SETS & ACC","HOME_BOTTLE_STANDS","249","13562","0,014","0,118","0,011","0,12"
"FURNISHING & HOUSEWARE","HABERDASHERY","HABERDASHERY","HABERDASHERY","KNITTING_NEEDLES","248","10330","0,014","0,118","0,008","0,091"
"CONSTRUCTION & INDUSTRY","TOOLS","MANUAL TOOLS","OTHER MANUAL TOOLS","TOOLS","248","14618","0,014","0,079","0,011","0,073"
"CPG","CPG PERSONAL CARE","CPG BABY CARE","BABY HYGIENE","TALCUMS","247","7236","0,014","0,078","0,006","0,06"
"CONSTRUCTION & INDUSTRY","INDUSTRY","SAFETY EQUIPMENT","SAFETY EQUIPMENT","MARKING_AND_WARNING_TAPES","247","10751","0,014","0,078","0,008","0,054"
"CPG","PET","PET BEAUTY & HYGIENE","PET GROOMING","ELECTRIC_PET_CLIPPERS_AND_SHEARS","247","28506","0,014","0,078","0,022","0,236"
"ENTERTAINMENT","MUSICAL INSTRUMENTS","STRING INSTRUMENTS","OTHER STRING INSTRUMENTS & ACCESORIES","EFFECTS_PEDALS","246","124999","0,014","0,795","0,097","5,1"
"BEAUTY","BEAUTY PROFESSIONAL","MANICURE & PEDICURE","MANICURE ACCESSORIES & EQUIPMENTS","GEL_NAIL_KITS","246","16243","0,014","0,203","0,013","0,169"
"BEAUTY","BEAUTY PERSONAL CARE","PERSONAL CARE KITS","PERSONAL CARE KITS","BEARD_KITS","245","17023","0,013","0,202","0,013","0,178"
"HOME ELECTRONICS","HOUSEHOLD APPLIANCES PARTS","CLEANING PARTS","CLEANING MACHINE PARTS","VACUUM_REPLACEMENT_NOZZLES","245","10097","0,013","0,299","0,008","0,152"
"CONSTRUCTION & INDUSTRY","INDUSTRY","PACKAGING","PACKAGING","THERMAL_ADHESIVE_TAPES","245","10080","0,013","0,078","0,008","0,05"
"VEHICLE PARTS & ACCESSORIES","ACC CARS & VANS","CARS & VANS REPLACEMENT PARTS","CARS & VANS OTHERS","VEHICLE_SEAT_BELTS","245","15907","0,013","0,251","0,012","0,19"
"SPORTS","OTHER SPORTS","SKATEBOARDS","SKATEBOARDS","SKATEBOARD_AND_ROLLER_SKATE_BEARINGS","245","10266","0,013","0,442","0,008","0,288"
"FURNISHING & HOUSEWARE","HOUSEHOLD ITEMS","CLEANING & LAUNDRY","IRONING","IRONING_BOARD_COVERS","244","9513","0,013","0,116","0,007","0,084"
"BEAUTY","BEAUTY PROFESSIONAL","MANICURE & PEDICURE","MANICURE ACCESSORIES & EQUIPMENTS","NAIL_DRYERS","244","14399","0,013","0,202","0,011","0,15"
"HEALTH","HEALTH GOODS","PHARMACY ARTICLES","PHARMACY ARTICLES","ANTI_SNORE_CHIN_STRAPS","243","9035","0,013","0,23","0,007","0,109"
"FASHION","APPAREL ACCESSORIES","OTHER APPAREL ACCESSORIES","OTHER APPAREL ACCESSORIES","SARONGS","243","8426","0,013","0,093","0,007","0,067"
"CONSTRUCTION & INDUSTRY","CONSTRUCTION","DOOR, WINDOW & FENCES","PERIMETER SECURITY","PROTECTION_NETS","243","15302","0,013","0,077","0,012","0,076"
"TECHNOLOGY","IT PERIPHERALS, PARTS & ACCESSORIES","PERIPHERALS ACCESSORIES","PC ACCESSORIES","WIRELESS_ANTENNAS_AND_ADAPTERS","243","57266","0,013","0,159","0,045","0,195"
"FURNISHING & HOUSEWARE","HOUSEHOLD ITEMS","KITCHEN HOME","PREP, GADGETS AND ACC","SQUEEZE_BOTTLES","243","9531","0,013","0,116","0,007","0,084"
"CONSTRUCTION & INDUSTRY","TOOLS","TOOL ACCESSORIES","DRILLS & SCREWDRIVERS ACC","DRILL_CHUCKS","242","9210","0,013","0,077","0,007","0,046"
"HEALTH","HEALTH GOODS","MASSAGERS","MASSAGERS FUNITURE","DOUBLE_CHIN_REDUCER_DEVICES","242","9262","0,013","0,229","0,007","0,111"
"BEAUTY","MAKEUP","EYES MAKEUP","EYES MAKEUP","EYEBROW_MASCARAS","241","7867","0,013","0,199","0,006","0,082"
"T & B","PARTY","PARTY DECORATION","PARTY DECORATION","DECORATIVE_PENNANTS_AND_GARLANDS","241","7758","0,013","0,403","0,006","0,208"
"CONSTRUCTION & INDUSTRY","CONSTRUCTION","PLUMBING","VALVES","NON_RETURN_DRAIN_VALVES","241","13493","0,013","0,077","0,01","0,067"
"CONSTRUCTION & INDUSTRY","INDUSTRY","INDUSTRY GENERAL EQUIPMENT","INDUSTRY GENERAL EQUIPMENT","ELECTRIC_GLUE_AND_SILICONE_GUNS","241","14550","0,013","0,077","0,011","0,073"
"OTHERS","OTHER","ESOTERIC","ESOTERIC","ENERGETIC_STONES","241","10406","0,013","2,508","0,008","1,862"
"CONSTRUCTION & INDUSTRY","STATIONERY","OFFICE & SCHOOL SUPPLIES","PEN, PENCILS & ACC","MECHANICAL_PENCILS","241","10466","0,013","0,077","0,008","0,052"
"T & B","TOYS AND GAMES","ART & CRAFT","BOARDS","MAGNETIC_DRAWING_BOARDS","240","9176","0,013","0,401","0,007","0,246"
"T & B","BABY","BREASTFEED & EATING ACCESSORIES","EATING ACCESSORIES","BABY_FEEDING_KITS","239","13408","0,013","0,4","0,01","0,36"
"HOME ELECTRONICS","HOUSEHOLD APPLIANCES PARTS","KITCHEN PARTS","MICROWAVE PARTS","MICROWAVE_PROTECTIVE_COVERS","239","5578","0,013","0,292","0,004","0,084"
"CONSTRUCTION & INDUSTRY","TOOLS","TOOL ACCESSORIES","CUTTING ACC","HAND_SAW_BLADES","239","17086","0,013","0,076","0,013","0,085"
"CPG","PET","PET ACCESSORIES","OTHER ACCESSORIES","LIQUIDS_AND_GELS_PET_REPELLENTS","238","8531","0,013","0,076","0,007","0,071"
"OTHERS","OTHER","OTHER","OTHER","LIGHTER_FLUIDS","238","7796","0,013","2,477","0,006","1,395"
"CONSTRUCTION & INDUSTRY","CONSTRUCTION","FAUCETS","ELECTRIC FAUCETS","ELECTRIC_FAUCETS","237","33394","0,013","0,075","0,026","0,167"
"FURNISHING & HOUSEWARE","TEXTILES","CURTAINS, BLINDS AND ACC","CURTAINS & BLINDS ACC","HOME_ROD_BRACKETS","236","6121","0,013","0,112","0,005","0,054"
"OTHERS","ANTIQUES & HOBBIES","ANTIQUES & HOBBIES","ANTIQUES & HOBBIES","ANTIQUES","235","11352","0,013","2,446","0,009","2,031"
"VEHICLE PARTS & ACCESSORIES","ACC CARS & VANS","CARS & VANS REPLACEMENT PARTS","CARS & VANS STEERING & SUSPENSION","VEHICLE_SHOCK_ABSORBERS","234","51059","0,013","0,24","0,04","0,61"
"VEHICLE PARTS & ACCESSORIES","ACC MOTORCYCLES","MOTORCYCLE ACCESSORIES","MOTORCYCLE ACCESSORIES CLOTHING & FOOTWEAR","MOTORCYCLE_BOOTS","234","19445","0,013","0,24","0,015","0,232"
"FURNISHING & HOUSEWARE","HABERDASHERY","HABERDASHERY","HABERDASHERY","SEWING_NEEDLES","234","5574","0,013","0,111","0,004","0,049"
"CONSTRUCTION & INDUSTRY","TOOLS","INDUSTRY TOOLS","INDUSTRY TOOLS","INDUSTRIAL_HOSES","234","23636","0,013","0,074","0,018","0,118"
"CONSTRUCTION & INDUSTRY","TOOLS","TOOL ACCESSORIES","ROTARY TOOL ACC","MICRO_ROTARY_TOOL_KITS","234","9370","0,013","0,074","0,007","0,047"
"TECHNOLOGY","CONSOLE GAMING HARDWARE","GAMES ACCESSORIES","GAMES ACCESSORIES","VIDEO_PLAYER_AND_GAME_CONSOLE_STANDS","234","8385","0,013","0,153","0,007","0,029"
"BEAUTY","BEAUTY PERSONAL CARE","BODY CARE","BODY CARE","TATTOO_AFTERCARE_CREAMS","233","14377","0,013","0,192","0,011","0,15"
"HEALTH","HEALTH GOODS","PHARMACY ARTICLES","PHARMACY ARTICLES","FIRST_AID_KITS","233","16176","0,013","0,221","0,013","0,194"
"CONSTRUCTION & INDUSTRY","TOOLS","MANUAL TOOLS","CUTTING AND ROUGHING","HAND_SAWS","233","9790","0,013","0,074","0,008","0,049"
"VEHICLE PARTS & ACCESSORIES","ACC CARS & VANS","CARS & VANS REPLACEMENT PARTS","CARS & VANS OTHERS","VEHICLE_STARTERS","231","42600","0,013","0,237","0,033","0,509"
"FURNISHING & HOUSEWARE","HOUSEHOLD ITEMS","KITCHEN HOME","FOOD STORAGE","MINI_BAG_SEALERS","231","6223","0,013","0,11","0,005","0,055"
"HEALTH","MEDICINES","OTC MEDICINES","OTC MEDICINES","OTC_DIGESTIVE_AND_METABOLIC_MEDICINES","230","4502","0,013","0,218","0,004","0,054"
"FURNISHING & HOUSEWARE","HOUSEHOLD ITEMS","KITCHEN HOME","PREP, GADGETS AND ACC","KITCHEN_TIMERS","228","8372","0,013","0,108","0,007","0,074"
"CPG","FOODS","FRESH FOOD","DAIRY, EGGS & CHEESE","HARD_AND_SOFT_CHEESES","228","7707","0,013","0,072","0,006","0,064"
"FURNISHING & HOUSEWARE","FURNITURE","LIVING & DININGROOM FURNITURE","COFFEE & SIDE TABLES","AUXILIARY_AND_COFFEE_TABLES","227","16452","0,013","0,108","0,013","0,146"
"OTHERS","OTHER","TATOOS","TATOOS","TATTOO_NEEDLES","227","22236","0,013","2,362","0,017","3,979"
"SPORTS","SPORTS ACCESSORIES","SPORTS ACCESSORIES","SPORTS ACCESSORIES","SPORTS_AND_FITNESS","227","27203","0,013","0,409","0,021","0,764"
"FURNISHING & HOUSEWARE","HOUSEHOLD ITEMS","KITCHEN HOME","PREP, GADGETS AND ACC","LADLES","226","8277","0,012","0,108","0,006","0,073"
"BEAUTY","MAKEUP","EYES MAKEUP","EYES MAKEUP","EYELASH_GLUES","226","8953","0,012","0,187","0,007","0,093"
"CONSTRUCTION & INDUSTRY","STATIONERY","OFFICE & SCHOOL SUPPLIES","OTHER OFFICE & SCHOOL SUPPLIES","ERASERS","226","5710","0,012","0,072","0,004","0,029"
"FURNISHING & HOUSEWARE","HABERDASHERY","HABERDASHERY","HABERDASHERY","TEXTILE_LABELS","225","9587","0,012","0,107","0,007","0,085"
"FURNISHING & HOUSEWARE","HOUSEHOLD ITEMS","KITCHEN HOME","PREP, GADGETS AND ACC","COOKIES_CUTTERS","225","6177","0,012","0,107","0,005","0,055"
"FASHION","APPAREL ACCESSORIES","OTHER APPAREL ACCESSORIES","OTHER APPAREL ACCESSORIES","GLASSES_COVERS_AND_BAGS","224","9620","0,012","0,086","0,007","0,076"
"FURNISHING & HOUSEWARE","HOUSEHOLD ITEMS","KITCHEN HOME","COOKWARE","STOVETOP_POPCORN_POPPERS","224","18654","0,012","0,107","0,015","0,165"
"CONSTRUCTION & INDUSTRY","TOOLS","MEASURING TOOLS","FORCE","TORQUE_WRENCHES","224","28613","0,012","0,071","0,022","0,143"
"T & B","TOYS AND GAMES","ELECTRONIC TOYS","ELECTRONIC TOYS","TOY_ROBOTS","223","28007","0,012","0,373","0,022","0,751"
"BEAUTY","BEAUTY PROFESSIONAL","BEAUTY SALOON","HAIR PROFESSIONAL","BEAUTY_WIGS","222","26711","0,012","0,183","0,021","0,279"
"HEALTH","HEALTH GOODS","HEALTH ELECTRONICS","DIAGNOSIS & OTHER AILMENTS","HEARING_AIDS","222","16857","0,012","0,211","0,013","0,203"
"SPORTS","MOUNTAIN & OUTDOORS","CAMPING","GEAR & EQUIPMENT","CAMPING_STOVES","221","12637","0,012","0,399","0,01","0,355"
"FURNISHING & HOUSEWARE","HOUSEHOLD ITEMS","ORGANIZATION","OTHER ORG","ROLLING_SHOPPING_CARTS","221","11237","0,012","0,105","0,009","0,099"
"FURNISHING & HOUSEWARE","HABERDASHERY","HABERDASHERY","HABERDASHERY","ZIPPERS","220","3736","0,012","0,105","0,003","0,033"
"VEHICLE PARTS & ACCESSORIES","ACC CARS & VANS","CARS & VANS REPLACEMENT PARTS","CARS & VANS STEERING & SUSPENSION","VEHICLE_STEERING_WHEEL_LOCKS","220","10440","0,012","0,226","0,008","0,125"
"FURNISHING & HOUSEWARE","FURNITURE","LIVING & DININGROOM FURNITURE","SOFAS, ACCENT CHAIR & ACC","POUFS","220","11579","0,012","0,105","0,009","0,103"
"SPORTS","MOUNTAIN & OUTDOORS","CAMPING","GEAR & EQUIPMENT","TACTICAL_BELTS","219","11229","0,012","0,395","0,009","0,315"
"TECHNOLOGY","IT PERIPHERALS, PARTS & ACCESSORIES","PARTS COMPONENTS","PC COMPONENTS","LED_CHIPS","219","8452","0,012","0,143","0,007","0,029"
"FASHION","FOOTWEAR","OTHER FOOTWEAR","OTHER FOOTWEAR","FOOTWEAR","219","10060","0,012","0,084","0,008","0,079"
"SPORTS","OTHER SPORTS","OTHER SPORTS","OTHER SPORTS","SELF_DEFENSE_PEPPER_SPRAYS","219","18836","0,012","0,395","0,015","0,529"
"VEHICLE PARTS & ACCESSORIES","ACC MOTORCYCLES","MOTORCYCLE REPLACEMENT PARTS","MOTORCYCLE TRANSMISSION","MOTORCYCLE_TRANSMISSION_KITS","218","30547","0,012","0,224","0,024","0,365"
"CONSTRUCTION & INDUSTRY","INDUSTRY","COMMERCE EQUIPMENT","COMMERCE EQUIPMENT","COMMERCIAL_NO_LIGHT_SIGNS","218","9779","0,012","0,069","0,008","0,049"
"ENTERTAINMENT","MUSICAL INSTRUMENTS","DJ CONSOLES & MIXERS","DJ CONSOLES & MIXERS","SOUND_CONSOLES_AND_MIXERS","217","53483","0,012","0,701","0,042","2,182"
"CONSTRUCTION & INDUSTRY","HOME OUTDOORS","INSECT & PEST CONTROL","INSECT & PEST CONTROL","INSECT_TRAPS","217","13017","0,012","0,069","0,01","0,065"
"CONSTRUCTION & INDUSTRY","HOME OUTDOORS","POOL, HOT TUBES & SAUNA","POOL MAINTENANCE","POOL_MAINTENANCE_KITS","217","15123","0,012","0,069","0,012","0,076"
"HOME ELECTRONICS","HOUSEHOLD APPLIANCES PARTS","HEATING & COOLING PARTS","FAN PARTS","FAN_PROPELLERS","216","7516","0,012","0,264","0,006","0,113"
"SPORTS","MOUNTAIN & OUTDOORS","FISHING","FISHING_GEAR_AND_ACCESSORIES","FISHING_REELS","216","45270","0,012","0,389","0,035","1,271"
"CONSTRUCTION & INDUSTRY","CONSTRUCTION","DOOR, WINDOW & FENCES","HARDWARE","WARDROBE_FITTING_KITS","216","7119","0,012","0,069","0,006","0,036"
"CPG","FOODS","GROCERIES","OTHER GROCERIES","FOOD_AND_DRINK_COLORINGS","215","4777","0,012","0,068","0,004","0,04"
"CONSTRUCTION & INDUSTRY","TOOLS","POWER TOOLS","OTHER POWER TOOLS","POWER_TOOL_BATTERY_CHARGERS","215","11185","0,012","0,068","0,009","0,056"
"ENTERTAINMENT","MUSICAL INSTRUMENTS","STRING INSTRUMENTS","GUITARS & ACCESSORIES","STRING_INSTRUMENT_PICKS","215","6765","0,012","0,695","0,005","0,276"
"CONSTRUCTION & INDUSTRY","TOOLS","POWER TOOLS","POWER TOOLS SETS","ELECTRIC_TOOL_KITS","214","39363","0,012","0,068","0,031","0,197"
"CONSTRUCTION & INDUSTRY","INDUSTRY","SAFETY EQUIPMENT","SAFETY EQUIPMENT","SAFETY_HELMETS","213","15698","0,012","0,068","0,012","0,078"
"FURNISHING & HOUSEWARE","HOUSEHOLD ITEMS","KITCHEN HOME","PREP, GADGETS AND ACC","KITCHEN_FUNNELS","213","6337","0,012","0,101","0,005","0,056"
"VEHICLE PARTS & ACCESSORIES","ACC MOTORCYCLES","MOTORCYCLE REPLACEMENT PARTS","MOTORCYCLE BODYWORK","MOTORCYCLE_FOOT_PEGS","213","10887","0,012","0,218","0,008","0,13"
"VEHICLE PARTS & ACCESSORIES","ACC CARS & VANS","CARS & VANS REPLACEMENT PARTS","CARS & VANS ENGINE","VEHICLE_WATER_PUMPS","212","52926","0,012","0,217","0,041","0,632"
"OTHERS","OTHER","TOBACCO","TOBACCO","CIGARETTE_FILTERS","212","10009","0,012","2,206","0,008","1,791"
"T & B","BABY","BREASTFEED & EATING ACCESSORIES","EATING ACCESSORIES","BABY_BIBS","212","7308","0,012","0,355","0,006","0,196"
"BEAUTY","BEAUTY PROFESSIONAL","MANICURE & PEDICURE","MANICURE ACCESSORIES & EQUIPMENTS","MANICURE_AND_PEDICURE_KITS","211","7130","0,012","0,174","0,006","0,074"
"CONSTRUCTION & INDUSTRY","INDUSTRY","OFFICE EQUIPMENT","OFFICE EQUIPMENT","RFID_TAGS","211","14396","0,012","0,067","0,011","0,072"
"CONSTRUCTION & INDUSTRY","CONSTRUCTION","PAINTING","THINNERS AND SOLVENTS","PAINT_REMOVERS","211","12758","0,012","0,067","0,01","0,064"
"CONSTRUCTION & INDUSTRY","SECURITY","SAFES & PERSONAL SECURITY","SAFES & PERSONAL SECURITY","GLASS_SAFETY_FILMS","210","6524","0,012","0,067","0,005","0,033"
"VEHICLE PARTS & ACCESSORIES","ACC CARS & VANS","CARS & VANS REPLACEMENT PARTS","CARS & VANS OTHERS","VEHICLE_SPARK_PLUG_WIRESETS","210","20320","0,012","0,215","0,016","0,243"
"TECHNOLOGY","CONSOLE GAMING HARDWARE","GAMES ACCESSORIES","PERIPHERALS FOR GAMES","VIDEO_GAME_CONTROLLER_CHARGERS","210","11000","0,012","0,138","0,009","0,038"
"CONSTRUCTION & INDUSTRY","CONSTRUCTION","FLOORING & COATING","VINIL FLOORS","VINYL_FLOORINGS","210","7080","0,012","0,067","0,006","0,035"
"SPORTS","OTHER SPORTS","SPORTS SHOOTING AND ARCHERY","SHOOTING","GUN_HOLSTERS","209","18806","0,012","0,377","0,015","0,528"
"CONSTRUCTION & INDUSTRY","INDUSTRY","GASTRONOMY & HOSPITALITY","GASTRONOMY & HOSPITALITY","CUP_DISPENSERS","209","8374","0,012","0,066","0,007","0,042"
"HEALTH","MEDICINES","PRESCRIPTION MEDICINES","PRESCRIPTION MEDICINES","RX_CARDIOVASCULAR_MEDICINES","209","5332","0,012","0,198","0,004","0,064"
"FASHION","APPAREL ACCESSORIES","OTHER APPAREL ACCESSORIES","OTHER APPAREL ACCESSORIES","PRECIOUS_AND_SEMI_PRECIOUS_STONES","209","10838","0,012","0,08","0,008","0,086"
"VEHICLE PARTS & ACCESSORIES","ACC CARS & VANS","CARS & VANS REPLACEMENT PARTS","CARS & VANS ELECTRONICS","VEHICLE_OXYGEN_SENSORS","209","19644","0,012","0,214","0,015","0,235"
"OTHERS","OTHER","TOBACCO","TOBACCO","CIGARETTE_ROLLING_MACHINES","208","4722","0,011","2,165","0,004","0,845"
"CONSTRUCTION & INDUSTRY","TOOLS","TOOL ACCESSORIES","COMPRESSOR ACC","AIR_COMPRESSOR_ACCESSORIES_KITS","208","14798","0,011","0,066","0,012","0,074"
"VEHICLE PARTS & ACCESSORIES","OILS & FILTERS","OILS","CARS & VANS OILS","VEHICLE_MANUAL_TRANSMISSION_OILS","208","31787","0,011","0,213","0,025","0,38"
"HOME ELECTRONICS","AUDIO & GENERAL ELECTRONICS","OTHER ELECTRONICS","LASER POINTERS","LASER_POINTERS","208","6132","0,011","0,254","0,005","0,092"
"HOME ELECTRONICS","HOUSEHOLD APPLIANCES PARTS","REFRIGERATION PARTS","REFRIGERATOR & FREEZER PARTS","REFRIGERATOR_AND_FREEZER_SENSORS","208","18500","0,011","0,254","0,014","0,278"
"HEALTH","HEALTH GOODS","HEALTH PROFESSIONAL","MEDICAL SPECIALIZED EQUIPMENT","SURGICAL_GOWNS","207","13112","0,011","0,196","0,01","0,158"
"FURNISHING & HOUSEWARE","HOUSEHOLD ITEMS","KITCHEN HOME","PREP, GADGETS AND ACC","CAN_OPENERS","207","3857","0,011","0,098","0,003","0,034"
"CONSTRUCTION & INDUSTRY","TOOLS","GARDEN TOOLS","MANUAL GARDEN TOOLS","PRUNING_SHEARS","207","9526","0,011","0,066","0,007","0,048"
"VEHICLE PARTS & ACCESSORIES","VEHICLE BATTERIES","COMMERCIAL VEHICLES BATTERIES","COMMERCIAL VEHICLES BATTERIES","VEHICLE_BATTERIES","207","53106","0,011","0,212","0,041","0,635"
"HEALTH","HEALTH GOODS","HEALTH PROFESSIONAL","HEALTH PROFESSIONAL CONSUMABLES","ANTI_GRINDING_AND_ANTI_SNORE_MOUTH_GUARDS","206","7705","0,011","0,195","0,006","0,093"
"CPG","PET","PET ACCESSORIES","FEEDERS","BIRD_DRINKERS_AND_FEEDERS","206","7295","0,011","0,065","0,006","0,06"
"CONSTRUCTION & INDUSTRY","HOME OUTDOORS","POOL, HOT TUBES & SAUNA","POOL MAINTENANCE","POOL_ALGAECIDES","206","7368","0,011","0,065","0,006","0,037"
"TECHNOLOGY","IT PERIPHERALS, PARTS & ACCESSORIES","DESKTOP PC PARTS","PROCESSORS","COMPUTER_PROCESSORS","206","72184","0,011","0,135","0,056","0,246"
"FURNISHING & HOUSEWARE","HOUSEHOLD ITEMS","KITCHEN HOME","PREP, GADGETS AND ACC","POTATO_PEELERS","206","5477","0,011","0,098","0,004","0,048"
"BEAUTY","BEAUTY PROFESSIONAL","ESTHETIC","ESTHETIC SUPPLIES","DEPILATORY_WAXES","206","10121","0,011","0,17","0,008","0,106"
"BEAUTY","BEAUTY PROFESSIONAL","BEAUTY SALOON","SALOON TOOLS","MANICURE_AND_PEDICURE_ELECTRONIC_EXFOLIATORS_AND_FILES","205","8976","0,011","0,169","0,007","0,094"
"CONSTRUCTION & INDUSTRY","STATIONERY","OFFICE & SCHOOL SUPPLIES","CUTTERS & SCISSORS","MANUAL_PAPER_CUTTERS","205","10108","0,011","0,065","0,008","0,051"
"CONSTRUCTION & INDUSTRY","TOOLS","POWER TOOLS","WELDING","SOLDERING_STATIONS","204","24887","0,011","0,065","0,019","0,124"
"HOME ELECTRONICS","AUDIO & GENERAL ELECTRONICS","ELECTRONIC, TOOLS & COMPONENTS","ELECTRONIC COMPONENTS","TRANSISTORS","204","5155","0,011","0,249","0,004","0,077"
"CONSTRUCTION & INDUSTRY","TOOLS","MANUAL TOOLS","BRICKWORK","CONSTRUCTION_FINISHING_TROWELS","204","9957","0,011","0,065","0,008","0,05"
"TECHNOLOGY","IT PERIPHERALS, PARTS & ACCESSORIES","PARTS COMPONENTS","PC COMPONENTS","EXTERNAL_LAPTOP_COOLERS_AND_FANS","203","13599","0,011","0,133","0,011","0,046"
"FASHION","APPAREL","BASICS","LINGERIE PANTIES","BABYDOLLS","203","6906","0,011","0,078","0,005","0,055"
"FURNISHING & HOUSEWARE","FURNITURE","LIVING & DININGROOM FURNITURE","LIBRARIES AND SHELVES","BOOKCASES","203","14938","0,011","0,097","0,012","0,132"
"CONSTRUCTION & INDUSTRY","TOOLS","POWER TOOLS","DRILLING AND SCREWDRIVING","HAMMER_DRILLS","202","66898","0,011","0,064","0,052","0,334"
"HOME ELECTRONICS","LARGE APPLIANCES","BUILT IN","RANGES, OVENS & COOKTOPS","STOVE_BURNERS","202","8497","0,011","0,247","0,007","0,128"
"T & B","TOYS AND GAMES","LIFELIKE TOYS","LIFELIKE TOYS","BATH_TOYS","202","7978","0,011","0,338","0,006","0,214"
"FURNISHING & HOUSEWARE","HOUSEHOLD ITEMS","KITCHEN HOME","BREW","TEA_INFUSERS","202","8986","0,011","0,096","0,007","0,08"
"HEALTH","HEALTH GOODS","HEALTH PROFESSIONAL","MEDICAL SPECIALIZED EQUIPMENT","HEMOSTATS","201","11984","0,011","0,191","0,009","0,144"
"FASHION","APPAREL","CLOTHING","SPORTSWEAR","SPORTSWEAR","201","11076","0,011","0,077","0,009","0,087"
"CPG","PET","PET ACCESSORIES","OTHER ACCESSORIES","CAT_AND_DOG_MUZZLES","201","6903","0,011","0,064","0,005","0,057"
"CPG","PET","PET HOUSES, TOYS & FASHION","PET HOUSE EQUIPMENT","AQUARIUM_FILTERS","201","18365","0,011","0,064","0,014","0,152"
"CPG","FOODS","CANNED","CANNED","FOOD_AND_DRINK_EXTRACTS","200","6626","0,011","0,064","0,005","0,055"
"VEHICLE PARTS & ACCESSORIES","ACC CARS & VANS","CARS & VANS REPLACEMENT PARTS","CARS & VANS STEERING & SUSPENSION","VEHICLE_SWAY_BAR_LINKS","200","18614","0,011","0,205","0,014","0,222"
"CPG","FOODS","GROCERIES","BAKERY","SPRINKLES","200","6806","0,011","0,064","0,005","0,056"
"CONSTRUCTION & INDUSTRY","HOME OUTDOORS","LANDSCAPING & GARDEN CENTER","SOIL, SUBSTRATES & STONES","GARDENING_AND_AGRICULTURE_SUBSTRATES","200","6939","0,011","0,064","0,005","0,035"
"SPORTS","CYCLING AND OTHERS","BICYCLES ACCESORIES AND SPARE PARTS","BICYCLES ACCESORIES AND SPARE PARTS","BICYCLE_PEDALS","199","20658","0,011","0,359","0,016","0,58"
"CPG","CPG HOME CARE","CLEANING PRODUCTS & SUPPLIES","HOUSE CLEANING PRODUCTS","FABRIC_WATER_REPELLENT_PRODUCTS","199","18818","0,011","0,063","0,015","0,156"
"BEAUTY","BEAUTY PROFESSIONAL","BEAUTY SALOON","SALOON SUPPLIES","HAIRDRESSING_CLIPS","199","4553","0,011","0,164","0,004","0,047"
"TECHNOLOGY","IT PERIPHERALS, PARTS & ACCESSORIES","PERIPHERALS ACCESSORIES","HUBS USB","COMPUTER_AND_TV_FLEX_CABLES","199","7874","0,011","0,13","0,006","0,027"
"VEHICLE PARTS & ACCESSORIES","ACC CARS & VANS","CARS & VANS ACCESSORIES","CARS & VANS ACCESSORIES EXTERIOR","VEHICLE_WRAPS","199","7761","0,011","0,204","0,006","0,093"
"CPG","FOODS","BREAKFAST & CEREALS","BREAKFAST GIFT BASKETS","BREAKFAST_AND_AFTERNOON_TEA_GIFT_BASKETS","198","17680","0,011","0,063","0,014","0,146"
"FURNISHING & HOUSEWARE","DECOR","CANDLES AND ACC","CANDLES AND ACC","INCENSE_HOLDERS","198","7289","0,011","0,094","0,006","0,065"
"HOME ELECTRONICS","AUDIO & GENERAL ELECTRONICS","PHYSICAL MEDIAS & HARDWARE FOR AUDIO & VIDEO","PHYSICAL MEDIAS & HARDWARE FOR AUDIO & VIDEO","DVD_RECORDERS","198","8642","0,011","0,242","0,007","0,13"
"CONSTRUCTION & INDUSTRY","STATIONERY","ART & CRAFT SUPPLIES","ART & CRAFT SUPPLIES","CRAYONS","198","6619","0,011","0,063","0,005","0,033"
"CONSTRUCTION & INDUSTRY","TOOLS","MEASURING TOOLS","DISTANCE","LASER_METERS","198","25663","0,011","0,063","0,02","0,128"
"FURNISHING & HOUSEWARE","HOUSEHOLD ITEMS","TABLETOP","SERVEWARE","ICE_CREAM_SERVING_SPOONS","197","9589","0,011","0,094","0,007","0,085"
"CONSTRUCTION & INDUSTRY","SECURITY","CAMERAS, MONITORS & KITS","CAMERAS, MONITORS & KITS","SURVEILLANCE_VIDEO_RECORDERS","197","109068","0,011","0,063","0,085","0,545"
"TECHNOLOGY","IT PERIPHERALS, PARTS & ACCESSORIES","PERIPHERALS ACCESSORIES","PC ACCESSORIES","POE_INJECTORS","197","18710","0,011","0,129","0,015","0,064"
"CONSTRUCTION & INDUSTRY","TOOLS","MANUAL TOOLS","CUTTING AND ROUGHING","HAND_WIRE_BRUSHES","197","5382","0,011","0,063","0,004","0,027"
"FURNISHING & HOUSEWARE","HOUSEHOLD ITEMS","BATHROOM","BATHROOM ACCESSORIES","COTTON_SWAB_AND_HYDROPHILIC_COTTON_HOLDERS","197","4629","0,011","0,094","0,004","0,041"
"VEHICLE PARTS & ACCESSORIES","ACC CARS & VANS","CARS & VANS REPLACEMENT PARTS","CARS & VANS OTHERS","OTHER_VEHICLE_SHOCK_ABSORBERS","197","23187","0,011","0,202","0,018","0,277"
"CPG","FOODS","GROCERIES","INSTANT FOOD","INSTANT_NOODLES","197","4625","0,011","0,063","0,004","0,038"
"HOME ELECTRONICS","AUDIO & GENERAL ELECTRONICS","ELECTRONIC, TOOLS & COMPONENTS","ELECTRONIC COMPONENTS","VOLTAGE_REGULATORS","196","15678","0,011","0,239","0,012","0,235"
"TECHNOLOGY","CONSOLE GAMING HARDWARE","GAMES ACCESSORIES","GAMES ACCESSORIES","VIDEO_GAME_CONTROLLER_COVERS","196","7174","0,011","0,128","0,006","0,024"
"CPG","CPG PERSONAL CARE","CPG BODY CARE","DEPILATORY","SHAVING_CREAMS","196","7470","0,011","0,062","0,006","0,062"
"T & B","TOYS AND GAMES","ART & CRAFT","BOARDS","CHALKBOARDS_AND_WHITEBOARDS","196","9698","0,011","0,328","0,008","0,26"
"CONSTRUCTION & INDUSTRY","TOOLS","MANUAL TOOLS","PLIERS","LINEMAN_PLIERS","196","8718","0,011","0,062","0,007","0,044"
"CONSTRUCTION & INDUSTRY","CONSTRUCTION","CONSTRUCTION MATERIALS","ADHESIVES AND SEALANTS","EXPANDING_FOAMS","195","8175","0,011","0,062","0,006","0,041"
"CPG","PET","PET BEAUTY & HYGIENE","SANITARY ACCESSORIES","DOG_POOP_BAG_DISPENSERS","194","4422","0,011","0,062","0,003","0,037"
"VEHICLE PARTS & ACCESSORIES","ACC TOOLS","VEHICLE TOOLS","OTHER VEHICLE TOOLS","BEARING_PULLERS","193","18491","0,011","0,198","0,014","0,221"
"T & B","PARTY","PARTY COSTUMES & ACCESSORIES","PARTY COSTUMES & ACCESSORIES","PARTY_BRACELETS_AND_NECKLACES","193","7100","0,011","0,323","0,006","0,19"
"CONSTRUCTION & INDUSTRY","TOOLS","MANUAL TOOLS","MANUAL TOOLS FIXING","CAULK_GUNS","193","8117","0,011","0,061","0,006","0,041"
"SPORTS","MOUNTAIN & OUTDOORS","CAMPING","GEAR & EQUIPMENT","CAMPING_AND_FISHING_EQUIPMENT","192","16436","0,011","0,346","0,013","0,461"
"CONSTRUCTION & INDUSTRY","TOOLS","TOOL ACCESSORIES","DRILLS & SCREWDRIVERS ACC","DRILL_STANDS","192","10069","0,011","0,061","0,008","0,05"
"VEHICLE PARTS & ACCESSORIES","ACC TOOLS","PARTICULAR TOOLS","WRENCHES","WHEEL_LUG_WRENCHES","192","9139","0,011","0,197","0,007","0,109"
"TECHNOLOGY","IT PERIPHERALS, PARTS & ACCESSORIES","PARTS COMPONENTS","PC COMPONENTS","LAPTOP_SCREENS","192","36864","0,011","0,126","0,029","0,126"
"SPORTS","OTHER SPORTS","SKATEBOARDS","SKATEBOARDS","ROLLER_SKATES","191","30176","0,011","0,344","0,023","0,847"
"TECHNOLOGY","SMARTPHONES & TABLETS","SMARTPHONES PARTS & ACCESSORIES","SMARTPHONES PARTS","CELLPHONE_BATTERIES","191","12395","0,011","0,125","0,01","0,042"
"HOME ELECTRONICS","HOUSEHOLD APPLIANCES PARTS","CLEANING PARTS","CLEANING MACHINE PARTS","VACUUM_REPLACEMENT_BRUSHES","191","13135","0,011","0,233","0,01","0,197"
"HOME ELECTRONICS","HEATING, COOLING & AIR QUALITY","AIR QUALITY","AIR QUALITY","ELECTRIC_DEHUMIDIFIERS","191","37245","0,011","0,233","0,029","0,559"
"FURNISHING & HOUSEWARE","DECOR","ORNAMENTS","ORNAMENTS","DECORATIVE_PLATES","191","7286","0,011","0,091","0,006","0,065"
"FURNISHING & HOUSEWARE","HOUSEHOLD ITEMS","TABLETOP","SERVEWARE","TRIVETS","191","8361","0,011","0,091","0,007","0,074"
"HOME ELECTRONICS","HOUSEHOLD APPLIANCES PARTS","KITCHEN PARTS","BLENDER PARTS","BLENDER_BLADES","191","7361","0,011","0,233","0,006","0,11"
"CONSTRUCTION & INDUSTRY","HOME OUTDOORS","WATERING & IRRIGATION","HOSES & SPRINKLERS","IRRIGATION_SPRINKLERS","190","14277","0,01","0,06","0,011","0,071"
"CPG","FOODS","FRESH FOOD","OTHER FRESH FOOD","COLD_CUTS","190","13629","0,01","0,06","0,011","0,113"
"VEHICLE PARTS & ACCESSORIES","ACC CARS & VANS","CARS & VANS REPLACEMENT PARTS","CARS & VANS OTHERS","VEHICLE_DRUM_BRAKE_SHOES","190","7824","0,01","0,195","0,006","0,093"
"SPORTS","MOUNTAIN & OUTDOORS","FISHING","FISHING_GEAR_AND_ACCESSORIES","FISHING_RODS","190","16102","0,01","0,343","0,013","0,452"
"BEAUTY","MAKEUP","MAKEUP KITS AND ACCESSORIES","MAKEUP KITS AND ACCESSORIES","MAKEUP_TRAIN_CASES","190","15190","0,01","0,157","0,012","0,158"
"FURNISHING & HOUSEWARE","HABERDASHERY","HABERDASHERY","HABERDASHERY","STRAIGHT_PINS","190","4051","0,01","0,09","0,003","0,036"
"CPG","CPG PERSONAL CARE","PERSONAL CARE ESSENTIALS","ORAL CARE","INTERDENTAL_BRUSHES","189","7226","0,01","0,06","0,006","0,06"
"HOME ELECTRONICS","HOUSEHOLD APPLIANCES PARTS","KITCHEN PARTS","OTHERS HOME APPLIANCES PARTS","RANGE_AND_OVEN_REPLACEMENT_KNOBS","189","6932","0,01","0,231","0,005","0,104"
"TECHNOLOGY","IT PERIPHERALS, PARTS & ACCESSORIES","PERIPHERALS ACCESSORIES","PC ACCESSORIES","3D_PENS","189","8806","0,01","0,124","0,007","0,03"
"CONSTRUCTION & INDUSTRY","STATIONERY","ART & CRAFT SUPPLIES","ART & CRAFT SUPPLIES","TEMPORARY_TATTOOS","189","5636","0,01","0,06","0,004","0,028"
"T & B","TOYS AND GAMES","OTHER TOYS & GAMES","OTHER TOYS & GAMES","POP_ITS","189","5168","0,01","0,316","0,004","0,139"
"HEALTH","HEALTH GOODS","HEALTH PROFESSIONAL","ORTHOPEDIC SPECIALIZED EQUIPMENT","ELBOW_SUPPORTS","189","6245","0,01","0,179","0,005","0,075"
"TECHNOLOGY","CAMERAS & DRONES","LENSES, PARTS & OTHERS","OPTICAL INSTRUMENTS","BINOCULARS","189","13536","0,01","0,124","0,011","0,046"
"VEHICLE PARTS & ACCESSORIES","ACC CARS & VANS","CARS & VANS REPLACEMENT PARTS","CARS & VANS BRAKES","VEHICLE_WHEEL_STUDS","188","5111","0,01","0,193","0,004","0,061"
"VEHICLE PARTS & ACCESSORIES","ACC MOTORCYCLES","MOTORCYCLE ACCESSORIES","MOTORCYCLE ACCESSORIES EXTERIOR","MOTORCYCLE_LUGGAGE_RACKS","188","31323","0,01","0,193","0,024","0,374"
"T & B","BABY","BREASTFEED & EATING ACCESSORIES","BREAST PUMPS & ACC","BREAST_MILK_STORAGE_BAGS","187","7229","0,01","0,313","0,006","0,194"
"VEHICLE PARTS & ACCESSORIES","ACC CARS & VANS","CARS & VANS REPLACEMENT PARTS","CARS & VANS TRANSMISSION","VEHICLE_GEARBOX_SELECTORS","187","16980","0,01","0,192","0,013","0,203"
"FURNISHING & HOUSEWARE","DECOR","ORNAMENTS","ORNAMENTS","BOOKENDS","187","9130","0,01","0,089","0,007","0,081"
"T & B","BABY","BABY ACCESSORIES","MATERNITY ARTICLES","BABY_CARRIERS","187","18742","0,01","0,313","0,015","0,503"
"HOME ELECTRONICS","HOUSEHOLD APPLIANCES PARTS","PARTS","OTHERS HOME APPLIANCES PARTS","HOME_APPLIANCES","187","12928","0,01","0,228","0,01","0,194"
"HEALTH","HEALTH GOODS","HEALTH PROFESSIONAL","MEDICAL SPECIALIZED EQUIPMENT","GRADUATED_CYLINDERS","186","10466","0,01","0,176","0,008","0,126"
"FURNISHING & HOUSEWARE","HOUSEHOLD ITEMS","KITCHEN HOME","FOOD STORAGE","BREAD_BASKETS_AND_BOXES","186","12410","0,01","0,088","0,01","0,11"
"TECHNOLOGY","CONSOLE GAMING HARDWARE","GAMES ACCESSORIES","GAME PARTS","GAME_CONSOLE_POWER_SUPPLIES","186","8586","0,01","0,122","0,007","0,029"
"TECHNOLOGY","IT APPLIANCES","PRINTERS PARTS & ACCESSORIES","PRINTERS PARTS","TONER_DRUMS","186","16810","0,01","0,122","0,013","0,057"
"VEHICLE PARTS & ACCESSORIES","ACC CARS & VANS","CARS & VANS REPLACEMENT PARTS","CARS & VANS OTHERS","VEHICLE_POWER_WINDOW_REGULATORS","186","25556","0,01","0,191","0,02","0,305"
"SPORTS","OTHER MAINSTREAM SPORTS","TENNIS","TENNIS","SPORT_HEADBANDS","185","4689","0,01","0,334","0,004","0,132"
"CONSTRUCTION & INDUSTRY","TOOLS","BOXES AND ORGANIZERS","BOXES","TOOL_ORGANIZERS_AND_STORAGE_CONTAINERS","185","7910","0,01","0,059","0,006","0,04"
"TECHNOLOGY","IT APPLIANCES","PROJECTOR ACCESSORIES & PARTS","PROJECTOR ACCESSORIES & PARTS","PROJECTOR_SCREENS","185","6511","0,01","0,121","0,005","0,022"
"HEALTH","HEALTH GOODS","EROTIC","SEX TOYS","MALE_MASTURBATORS","185","15402","0,01","0,175","0,012","0,185"
"CONSTRUCTION & INDUSTRY","CONSTRUCTION","BATHROOM & KITCHEN CONSTRUCTION","BATHTUBS, SHOWERS ACC & DRAINS","SHOWER_BASES","185","12086","0,01","0,059","0,009","0,06"
"FURNISHING & HOUSEWARE","HOUSEHOLD ITEMS","TABLETOP","SERVEWARE","SNACKS_AND_DESSERTS_HOLDERS","185","9906","0,01","0,088","0,008","0,088"
"TECHNOLOGY","COMPUTERS & NOTEBOOKS","DESKTOPS","MINI PC","MINI_PCS","184","285163","0,01","0,121","0,222","0,972"
"CONSTRUCTION & INDUSTRY","TOOLS","MANUAL TOOLS","OTHER MANUAL TOOLS","WELDING_BLOWTORCHES","184","17202","0,01","0,058","0,013","0,086"
"FURNISHING & HOUSEWARE","HOUSEHOLD ITEMS","KITCHEN HOME","FOOD STORAGE","TEA_STORAGE_CHESTS","184","7866","0,01","0,088","0,006","0,07"
"CONSTRUCTION & INDUSTRY","CONSTRUCTION","CONSTRUCTION MATERIALS","DRY CONSTRUCTION","CONSTRUCTION_PROFILES","183","7212","0,01","0,058","0,006","0,036"
"FURNISHING & HOUSEWARE","DECOR","DECORATIVE LIGHT SIGNS","DECORATIVE LIGHT SIGNS","COMMERCIAL_AND_DECORATIVE_LIGHT_SIGNS","183","14588","0,01","0,087","0,011","0,129"
"TECHNOLOGY","IT PERIPHERALS, PARTS & ACCESSORIES","PERIPHERALS ACCESSORIES","PC ACCESSORIES","COMPUTER_CLEANING_KITS","183","6269","0,01","0,12","0,005","0,021"
"FURNISHING & HOUSEWARE","DECOR","CHRISTMAS DECOR","CHRISTMAS DECOR","CHRISTMAS_TREE_ORNAMENTS","183","8257","0,01","0,087","0,006","0,073"
"HOME ELECTRONICS","AUDIO & GENERAL ELECTRONICS","ELECTRONIC, TOOLS & COMPONENTS","ELECTRONIC COMPONENTS","RESISTORS","183","7316","0,01","0,224","0,006","0,11"
"HOME ELECTRONICS","HOUSEHOLD APPLIANCES PARTS","KITCHEN PARTS","HOME APPLIANCES ACCESSORIES & SPARE PARTS","COFFEE_MAKER_DESCALERS","182","6897","0,01","0,222","0,005","0,104"
"VEHICLE PARTS & ACCESSORIES","ACC CARS & VANS","CARS & VANS REPLACEMENT PARTS","CARS & VANS OTHERS","VEHICLE_ECT_SENSORS","182","7562","0,01","0,187","0,006","0,09"
"HOME ELECTRONICS","HEATING, COOLING & AIR QUALITY","HEATING","HEATERS","ELECTRIC_HOME_HEATERS","182","19491","0,01","0,222","0,015","0,293"
"CONSTRUCTION & INDUSTRY","STATIONERY","OFFICE & SCHOOL SUPPLIES","OTHER OFFICE & SCHOOL SUPPLIES","MODELING_CLAYS_AND_DOUGHS","182","6968","0,01","0,058","0,005","0,035"
"SPORTS","CYCLING AND OTHERS","BICYCLES ACCESORIES AND SPARE PARTS","BICYCLES ACCESORIES AND SPARE PARTS","BICYCLE_WALL_MOUNT_STANDS","182","6622","0,01","0,328","0,005","0,186"
"T & B","TOYS AND GAMES","TOY VEHICLES","REMOTE CONTROL VEHICLES","TOY_DRONES","181","5417","0,01","0,303","0,004","0,145"
"TECHNOLOGY","COMPUTERS & NOTEBOOKS","DESKTOPS","COMPUTERS","DESKTOP_COMPUTER_KITS","180","137264","0,01","0,118","0,107","0,468"
"TECHNOLOGY","IT PERIPHERALS, PARTS & ACCESSORIES","MONITORS & ACCESSORIES","MONITORS ACCESSORIES & PARTIES","MONITOR_POWER_SUPPLIES","180","6015","0,01","0,118","0,005","0,021"
"CONSTRUCTION & INDUSTRY","STATIONERY","OFFICE & SCHOOL SUPPLIES","OTHER OFFICE & SCHOOL SUPPLIES","CORRECTION_TAPES_AND_FLUIDS","180","5843","0,01","0,057","0,005","0,029"
"FASHION","APPAREL ACCESSORIES","OTHER APPAREL ACCESSORIES","OTHER APPAREL ACCESSORIES","HAND_FANS","180","5033","0,01","0,069","0,004","0,04"
"FURNISHING & HOUSEWARE","HOUSEHOLD ITEMS","TABLETOP","DRINKWARE & ICE","ICE_BUCKETS","180","11547","0,01","0,086","0,009","0,102"
"VEHICLE PARTS & ACCESSORIES","ACC CARS & VANS","CARS & VANS ACCESSORIES","CARS & VANS ACCESSORIES EXTERIOR","VEHICLE_PARKING_SENSORS","179","16173","0,01","0,184","0,013","0,193"
"VEHICLE PARTS & ACCESSORIES","ACC CARS & VANS","CARS & VANS REPLACEMENT PARTS","CARS & VANS ENGINE","VEHICLE_OIL_PUMPS","179","25102","0,01","0,184","0,02","0,3"
"VEHICLE PARTS & ACCESSORIES","ACC CARS & VANS","CARS & VANS REPLACEMENT PARTS","CARS & VANS OTHERS","VEHICLE_FUEL_TANK_DOORS","178","8910","0,01","0,183","0,007","0,106"
"VEHICLE PARTS & ACCESSORIES","ACC CARS & VANS","CARS & VANS REPLACEMENT PARTS","CARS & VANS INTERIOR","VEHICLE_ARMRESTS","178","19992","0,01","0,183","0,016","0,239"
"FASHION","APPAREL ACCESSORIES","BAG & BACKPACK","OTHER BAG&BACKPACK","BRIEFCASES","177","13811","0,01","0,068","0,011","0,109"
"FURNISHING & HOUSEWARE","HABERDASHERY","HABERDASHERY","HABERDASHERY","SEQUINS","177","4088","0,01","0,084","0,003","0,036"
"CPG","PET","PET HOUSES, TOYS & FASHION","PET FASHION","PET_BOWS","177","7145","0,01","0,056","0,006","0,059"
"HOME ELECTRONICS","AUDIO & GENERAL ELECTRONICS","ELECTRONIC, TOOLS & COMPONENTS","ELECTRONIC COMPONENTS","POTENTIOMETERS","177","7737","0,01","0,216","0,006","0,116"
"VEHICLE PARTS & ACCESSORIES","ACC CARS & VANS","CARS & VANS REPLACEMENT PARTS","CARS & VANS LIGHTING","VEHICLE_HEADLIGHTS","177","37097","0,01","0,182","0,029","0,443"
"VEHICLE PARTS & ACCESSORIES","ACC MOTORCYCLES","MOTORCYCLE ACCESSORIES","MOTORCYCLE ACCESSORIES BAGGAGE","MOTORCYCLE_SADDLEBAGS_AND_BACKPACKS","176","19210","0,01","0,181","0,015","0,23"
"TECHNOLOGY","CAMERAS & DRONES","CAMERA ACCESSORIES","SUPPORTS & STABILIZERS","MONOPODS_AND_SELFIE_STICKS","176","9594","0,01","0,115","0,007","0,033"
"HOME ELECTRONICS","AUDIO & GENERAL ELECTRONICS","PHYSICAL MEDIAS & HARDWARE FOR AUDIO & VIDEO","PHYSICAL MEDIAS & HARDWARE FOR AUDIO & VIDEO","DIGITAL_PORTABLE_MEDIA_PLAYERS","176","14596","0,01","0,215","0,011","0,219"
"HOME ELECTRONICS","AUDIO & GENERAL ELECTRONICS","AUDIO","OTHER AUDIO DEVICES","SPEAKERS_STANDS","175","9522","0,01","0,214","0,007","0,143"
"CONSTRUCTION & INDUSTRY","TOOLS","MANUAL TOOLS","CUTTING AND ROUGHING","MANUAL_CONCRETE_SAWS_AND_WALL_CHASERS","175","26146","0,01","0,056","0,02","0,131"
"VEHICLE PARTS & ACCESSORIES","ACC CARS & VANS","CARS & VANS REPLACEMENT PARTS","CARS & VANS OTHERS","VEHICLE_SHOCK_ABSORBER_BUMP_STOPS","175","14551","0,01","0,179","0,011","0,174"
"FURNISHING & HOUSEWARE","HOUSEHOLD ITEMS","KITCHEN HOME","PREP, GADGETS AND ACC","MEASURING_SPOONS_SETS","175","4340","0,01","0,083","0,003","0,038"
"BEAUTY","MAKEUP","LIPS MAKEUP","LIPS MAKEUP","LIP_LINERS","174","7169","0,01","0,144","0,006","0,075"
"FASHION","APPAREL ACCESSORIES","BAG & BACKPACK","LUGGAGE","LUGGAGE_TAGS","174","5129","0,01","0,067","0,004","0,04"
"CONSTRUCTION & INDUSTRY","TOOLS","MANUAL TOOLS","PLIERS","PLIER_KITS","174","8125","0,01","0,055","0,006","0,041"
"T & B","TOYS AND GAMES","LIFELIKE TOYS","KITCHEN TOYS","TOY_REFRIGERATORS","174","17229","0,01","0,291","0,013","0,462"
"VEHICLE PARTS & ACCESSORIES","ACC MOTORCYCLES","MOTORCYCLE REPLACEMENT PARTS","MOTORCYCLE ELECTRONICS","MOTORCYCLE_CDI_MODULES","174","14549","0,01","0,178","0,011","0,174"
"CONSTRUCTION & INDUSTRY","CONSTRUCTION","BATHROOM & KITCHEN CONSTRUCTION","SINKS","KITCHEN_SINKS","174","10964","0,01","0,055","0,009","0,055"
"HEALTH","HEALTH GOODS","HEALTH ELECTRONICS","CARDIOLOGY & DIABETES ELECTRONICS","ANEROID_AND_MERCURY_SPHYGMOMANOMETERS","174","16132","0,01","0,165","0,013","0,194"
"SPORTS","OTHER SPORTS","PING PONG GAME","PING PONG GAME","TABLE_TENNIS_RACKETS","173","17144","0,01","0,312","0,013","0,481"
"CPG","PET","PET HOUSES, TOYS & FASHION","PET HOUSE EQUIPMENT","AQUARIUM_PLANTS","173","6073","0,01","0,055","0,005","0,05"
"SPORTS","OTHER SPORTS","SPORTS SHOOTING AND ARCHERY","SHOOTING","AIRGUN_PELLETS","173","10775","0,01","0,312","0,008","0,302"
"VEHICLE PARTS & ACCESSORIES","ACC MOTORCYCLES","MOTORCYCLE ACCESSORIES","MOTORCYCLE ACCESSORIES EXTERIOR","MOTORCYCLE_STANDS","173","13018","0,01","0,177","0,01","0,156"
"HEALTH","HEALTH GOODS","HEALTH PROFESSIONAL","DENTAL SPECIALIZED EQUIPMENT","DENTAL_HIGH_SPEED_HANDPIECES","173","34613","0,01","0,164","0,027","0,416"
"CPG","PET","PET BEAUTY & HYGIENE","PET GROOMING","PET_NAIL_CLIPPERS","172","5685","0,009","0,055","0,004","0,047"
"VEHICLE PARTS & ACCESSORIES","ACC CARS & VANS","CARS & VANS REPLACEMENT PARTS","CARS & VANS OTHERS","VEHICLE_BRAKE_FLUIDS","172","7555","0,009","0,176","0,006","0,09"
"VEHICLE PARTS & ACCESSORIES","ACC CARS & VANS","CARS & VANS REPLACEMENT PARTS","CARS & VANS OTHERS","OTHER_VEHICLE_TAIL_LIGHTS","172","16805","0,009","0,176","0,013","0,201"
"FURNISHING & HOUSEWARE","HOUSEHOLD ITEMS","KITCHEN HOME","PREP, GADGETS AND ACC","KITCHEN_MANUAL_SQUEEZERS","172","4341","0,009","0,082","0,003","0,038"
"SPORTS","INDOOR SPORTS","GYM","GYM BARS","WALL_AND_DOOR_EXERCISE_BARS","171","9320","0,009","0,308","0,007","0,262"
"HEALTH","HEALTH GOODS","EROTIC","BDSM PRODUCTS","BUTT_PLUGS","171","7997","0,009","0,162","0,006","0,096"
"FASHION","APPAREL ACCESSORIES","OTHER APPAREL ACCESSORIES","OTHER APPAREL ACCESSORIES","TRAVEL_DOCUMENT_ORGANIZERS","171","7349","0,009","0,066","0,006","0,058"
"CONSTRUCTION & INDUSTRY","TOOLS","TOOL ACCESSORIES","WELDING ACC","WELDING_MASKS","171","12625","0,009","0,054","0,01","0,063"
"HEALTH","HEALTH GOODS","PHARMACY ARTICLES","PHARMACY ARTICLES","FEMALE_URINATION_DEVICES","170","5583","0,009","0,161","0,004","0,067"
"BEAUTY","BEAUTY PROFESSIONAL","MANICURE & PEDICURE","MANICURE ACCESSORIES & EQUIPMENTS","CUTICLE_PUSHERS","170","4746","0,009","0,14","0,004","0,05"
"VEHICLE PARTS & ACCESSORIES","ACC CARS & VANS","CARS & VANS REPLACEMENT PARTS","CARS & VANS OTHERS","VEHICLE_WINDSHIELD_WIPER_MOTORS","170","10455","0,009","0,174","0,008","0,125"
"BEAUTY","MAKEUP","MAKEUP KITS AND ACCESSORIES","MAKEUP KITS AND ACCESSORIES","MAKEUP","169","6976","0,009","0,14","0,005","0,073"
"FURNISHING & HOUSEWARE","HOUSEHOLD ITEMS","KITCHEN HOME","WATER DISPENSERS AND FILTERS","DRINK_DISPENSERS","169","15513","0,009","0,08","0,012","0,137"
"CONSTRUCTION & INDUSTRY","CONSTRUCTION","CONSTRUCTION MATERIALS","CONSTRUCTION MATERIALS FIXING","RIVETS","169","6737","0,009","0,054","0,005","0,034"
"SPORTS","CYCLING AND OTHERS","BICYCLES ACCESORIES AND SPARE PARTS","BICYCLES ACCESORIES AND SPARE PARTS","BICYCLE_AND_SCOOTER_BAGS","169","7285","0,009","0,305","0,006","0,205"
"FURNISHING & HOUSEWARE","HABERDASHERY","HABERDASHERY","HABERDASHERY","HABERDASHERY_LACE_EDGINGS","169","3971","0,009","0,08","0,003","0,035"
"SPORTS","INDOOR SPORTS","GYM","GYM ACCESORIES","TRAINING_BIBS","169","11215","0,009","0,305","0,009","0,315"
"CPG","FOODS","GROCERIES","DRY FOOD","BASIC_FOOD_BASKETS","169","14286","0,009","0,054","0,011","0,118"
"BEAUTY","BEAUTY PROFESSIONAL","BEAUTY SALOON","SALOON SUPPLIES","HAIRDRESSING_CAPES","169","7677","0,009","0,14","0,006","0,08"
"SPORTS","MOUNTAIN & OUTDOORS","CAMPING","GEAR & EQUIPMENT","CAMPING_MESS_KITS","168","11765","0,009","0,303","0,009","0,33"
"FURNISHING & HOUSEWARE","HOUSEHOLD ITEMS","ORGANIZATION","KITCHEN ORG","THERMAL_CAN_AND_BOTTLE_HOLDERS","168","6249","0,009","0,08","0,005","0,055"
"FASHION","APPAREL ACCESSORIES","OTHER APPAREL ACCESSORIES","OTHER APPAREL ACCESSORIES","CLOCKS_ACCESSORIES_AND_REPLACEMENTS","168","6830","0,009","0,064","0,005","0,054"
"TECHNOLOGY","IT PERIPHERALS, PARTS & ACCESSORIES","PERIPHERALS ACCESSORIES","PC ACCESSORIES","WIRELESS_MULTIMEDIA_SCREEN_ADAPTERS","168","29447","0,009","0,11","0,023","0,1"
"SPORTS","SPORTS ACCESSORIES","SPORTS ACCESSORIES","SPORTS ACCESSORIES","MOUTH_GUARDS","168","5640","0,009","0,303","0,004","0,158"
"HEALTH","HEALTH GOODS","HEALTH PROFESSIONAL","DENTAL SPECIALIZED EQUIPMENT","ORTHODONTIC_BRACKETS","168","6062","0,009","0,159","0,005","0,073"
"FURNISHING & HOUSEWARE","HOUSEHOLD ITEMS","CLEANING & LAUNDRY","LAUNDRY","WASHING_MACHINE_AND_DRYER_BALLS","167","5158","0,009","0,079","0,004","0,046"
"VEHICLE PARTS & ACCESSORIES","ACC CARS & VANS","CARS & VANS REPLACEMENT PARTS","CARS & VANS LIGHTING","VEHICLE_CAT_EYE_REFLECTORS","167","11362","0,009","0,171","0,009","0,136"
"CONSTRUCTION & INDUSTRY","TOOLS","TOOL ACCESSORIES","WELDING ACC","WELDING_RODS","167","9468","0,009","0,053","0,007","0,047"
"FURNISHING & HOUSEWARE","HOUSEHOLD ITEMS","BAR, WINE & ACC","BAR SETS & ACC","COCKTAIL_KITS","166","11450","0,009","0,079","0,009","0,101"
"FURNISHING & HOUSEWARE","HOUSEHOLD ITEMS","CLEANING & LAUNDRY","HOME CLEANING","DISPOSABLE_TOILET_SEAT_COVERS","166","6697","0,009","0,079","0,005","0,059"
"HEALTH","HEALTH GOODS","HEALTH PROFESSIONAL","DENTAL SPECIALIZED EQUIPMENT","TEETH_WHITENING_KITS","165","8826","0,009","0,156","0,007","0,106"
"HEALTH","HEALTH GOODS","HEALTH PROFESSIONAL","MEDICAL SPECIALIZED EQUIPMENT","STETHOSCOPES","165","39526","0,009","0,156","0,031","0,475"
"CONSTRUCTION & INDUSTRY","INDUSTRY","SAFETY EQUIPMENT","SAFETY EQUIPMENT","FIRE_HOSES","165","17067","0,009","0,052","0,013","0,085"
"CONSTRUCTION & INDUSTRY","CONSTRUCTION","CONSTRUCTION MATERIALS","DRY CONSTRUCTION","ASPHALT_ROOFING_MEMBRANES","165","7751","0,009","0,052","0,006","0,039"
"CONSTRUCTION & INDUSTRY","STATIONERY","ART & CRAFT SUPPLIES","ART & CRAFT SUPPLIES","MODELING_TOOL_KITS","165","6785","0,009","0,052","0,005","0,034"
"CONSTRUCTION & INDUSTRY","TOOLS","MANUAL TOOLS","CUTTING AND ROUGHING","HAND_FILES","164","8395","0,009","0,052","0,007","0,042"
"TECHNOLOGY","CAMERAS & DRONES","CAMERA ACCESSORIES","OTHER CAMERA ACCESSORIES","ANALOG_CAMERAS","164","63969","0,009","0,107","0,05","0,218"
"VEHICLE PARTS & ACCESSORIES","ACC CARS & VANS","CARS & VANS REPLACEMENT PARTS","CARS & VANS EXTERIOR","VEHICLE_HORNS","164","7796","0,009","0,168","0,006","0,093"
"VEHICLE PARTS & ACCESSORIES","ACC CARS & VANS","CARS & VANS ACCESSORIES","CARS & VANS ACCESSORIES INTERIOR","VEHICLE_SPEEDOMETERS_AND_TACHOMETERS","164","25622","0,009","0,168","0,02","0,306"
"SPORTS","FOOTBALL","FOOTBALL ACCESSORIES","FOOTBALL ACCESSORIES","SHIN_GUARDS","164","4437","0,009","0,296","0,003","0,125"
"T & B","TOYS AND GAMES","BOARD AND CARD GAMES","BOARD GAMES","DICE","163","5925","0,009","0,273","0,005","0,159"
"OTHERS","OTHER","TOBACCO","TOBACCO","TOBACCO_PIPES","163","5477","0,009","1,696","0,004","0,98"
"T & B","PARTY","PARTY DECORATION","BALOONS & ACESSORIES","BALLOON_STICKS","163","5256","0,009","0,273","0,004","0,141"
"SPORTS","INDOOR SPORTS","GYM","GYM MACHINES","AEROBIC_CRUNCH_MACHINES","163","6197","0,009","0,294","0,005","0,174"
"VEHICLE PARTS & ACCESSORIES","OILS & FILTERS","OILS","CARS & VANS OILS","VEHICLE_CHAIN_OILS","163","9957","0,009","0,167","0,008","0,119"
"VEHICLE PARTS & ACCESSORIES","ACC CARS & VANS","CARS & VANS REPLACEMENT PARTS","CARS & VANS STEERING & SUSPENSION","VEHICLE_CV_JOINT_BOOTS","163","5759","0,009","0,167","0,004","0,069"
"HEALTH","HEALTH GOODS","HEALTH PROFESSIONAL","MEDICAL SPECIALIZED EQUIPMENT","MICROSCOPES","163","20318","0,009","0,155","0,016","0,244"
"SPORTS","CYCLING AND OTHERS","BICYCLES ACCESORIES AND SPARE PARTS","BICYCLES ACCESORIES AND SPARE PARTS","BICYCLE_KICKSTANDS","162","4084","0,009","0,292","0,003","0,115"
"T & B","BABY","BREASTFEED & EATING ACCESSORIES","BREASTFEED & EATING ACCESSORIES","BABY_FLATWARE_KITS","162","4377","0,009","0,271","0,003","0,117"
"CONSTRUCTION & INDUSTRY","TOOLS","BOXES AND ORGANIZERS","ORGANIZERS","TOOL_POUCHES","162","7834","0,009","0,051","0,006","0,039"
"FURNISHING & HOUSEWARE","HOUSEHOLD ITEMS","KITCHEN HOME","PREP, GADGETS AND ACC","POTATO_MASHERS","162","4970","0,009","0,077","0,004","0,044"
"FURNISHING & HOUSEWARE","HOUSEHOLD ITEMS","TABLETOP","DINNERWARE","BUTTER_DISHES","162","8677","0,009","0,077","0,007","0,077"
"CONSTRUCTION & INDUSTRY","TOOLS","MANUAL TOOLS","MANUAL TOOLS FIXING","RIVET_GUNS","162","11777","0,009","0,051","0,009","0,059"
"TECHNOLOGY","IT APPLIANCES","PRINTERS PARTS & ACCESSORIES","PRINTERS 3D ACCESSORIES","3D_PRINTER_HOTEND_KITS","162","16265","0,009","0,106","0,013","0,055"
"CPG","PET","PET HOUSES, TOYS & FASHION","PET TOYS","PET_TOY_KITS","162","6192","0,009","0,051","0,005","0,051"
"CPG","PET","PET ACCESSORIES","FEEDERS","PET_FOOD_STORAGE_CONTAINERS","162","5126","0,009","0,051","0,004","0,042"
"OTHERS","OTHER","ESOTERIC","ESOTERIC","ESOTERIC_PENDULUMS","161","4945","0,009","1,676","0,004","0,885"
"CONSTRUCTION & INDUSTRY","STATIONERY","OFFICE & SCHOOL SUPPLIES","OTHER OFFICE & SCHOOL SUPPLIES","OFFICE_RUBBER_BANDS","161","5898","0,009","0,051","0,005","0,029"
"CPG","DRINKS","NON ALCOHOLICS","WATERS","TONIC_WATERS","161","4689","0,009","0,051","0,004","0,039"
"CONSTRUCTION & INDUSTRY","INDUSTRY","COMMERCE EQUIPMENT","COMMERCE EQUIPMENT","TAG_PINS","161","4816","0,009","0,051","0,004","0,024"
"SPORTS","INDOOR SPORTS","BOXING AND MARTIAL ARTS","BAGS AND ACCESORIES","MARTIAL_ARTS_AND_BOXING_EQUIPMENT","161","8064","0,009","0,29","0,006","0,226"
"CONSTRUCTION & INDUSTRY","TOOLS","MANUAL TOOLS","PLIERS","LONG_NOSE_PLIERS","161","5346","0,009","0,051","0,004","0,027"
"FURNISHING & HOUSEWARE","HOUSEHOLD ITEMS","ORGANIZATION","OTHER ORG","MONEY_BOXES","161","5147","0,009","0,077","0,004","0,046"
"FURNISHING & HOUSEWARE","HOUSEHOLD ITEMS","KITCHEN HOME","WATER DISPENSERS AND FILTERS","WATER_DISPENSER_HOSES","161","5167","0,009","0,077","0,004","0,046"
"FURNISHING & HOUSEWARE","HOUSEHOLD ITEMS","TABLETOP","SERVEWARE","CREAMERS_AND_GRAVY_BOATS","160","9029","0,009","0,076","0,007","0,08"
"T & B","TOYS AND GAMES","ELECTRONIC TOYS","ELECTRONIC TOYS","TOY_VIRTUAL_PETS","160","19425","0,009","0,268","0,015","0,521"
"CONSTRUCTION & INDUSTRY","CONSTRUCTION","FAUCETS","BATHROOM FAUCETS","BATHROOM_FAUCET_KITS","160","15113","0,009","0,051","0,012","0,076"
"VEHICLE PARTS & ACCESSORIES","ACC MOTORCYCLES","MOTORCYCLE REPLACEMENT PARTS","MOTORCYCLE BODYWORK","MOTORCYCLE_FORK_TUBES","160","10870","0,009","0,164","0,008","0,13"
"SPORTS","CYCLING AND OTHERS","BICYCLES ACCESORIES AND SPARE PARTS","BICYCLES ACCESORIES AND SPARE PARTS","BICYCLE_CHAIN_LUBRICANTS","160","9340","0,009","0,289","0,007","0,262"
"FASHION","APPAREL ACCESSORIES","JEWELRY","BROOCHES","BROOCHES","160","5273","0,009","0,061","0,004","0,042"
"BEAUTY","BEAUTY ELECTRONICS","BEAUTY ELECTRONICS","HAIR_DRYERS","HAIR_DRYER_DIFFUSERS","159","5359","0,009","0,131","0,004","0,056"
"BEAUTY","BEAUTY PROFESSIONAL","BEAUTY SALOON","SALOON TOOLS","TWEEZERS","159","6729","0,009","0,131","0,005","0,07"
"VEHICLE PARTS & ACCESSORIES","ACC CARS & VANS","CARS & VANS REPLACEMENT PARTS","CARS & VANS TRANSMISSION","VEHICLE_MANUAL_TRANSMISSION_SHIFT_LEVER_BOOTS","159","7688","0,009","0,163","0,006","0,092"
"TECHNOLOGY","IT PERIPHERALS, PARTS & ACCESSORIES","PERIPHERALS ACCESSORIES","PC ACCESSORIES","PRESENTATION_REMOTES","159","9275","0,009","0,104","0,007","0,032"
"CONSTRUCTION & INDUSTRY","TOOLS","MANUAL TOOLS","VISES & CLAMPS","VISES","159","14592","0,009","0,05","0,011","0,073"
"CONSTRUCTION & INDUSTRY","TOOLS","MANUAL TOOLS","PLIERS","PUNCH_PLIERS","159","6278","0,009","0,05","0,005","0,031"
"TECHNOLOGY","CAMERAS & DRONES","CAMERA ACCESSORIES","BAGS & CAMERA CARE","CAMERA_AND_VIDEO_CAMERA_BAGS_AND_COVERS","158","11212","0,009","0,103","0,009","0,038"
"OTHERS","ANTIQUES & HOBBIES","ANTIQUES & HOBBIES","ANTIQUES & HOBBIES","CLAY","158","4645","0,009","1,644","0,004","0,831"
"SPORTS","CYCLING AND OTHERS","BICYCLES ACCESORIES AND SPARE PARTS","BICYCLES ACCESORIES AND SPARE PARTS","BICYCLE_DISC_BRAKE_PADS","158","6166","0,009","0,285","0,005","0,173"
"FURNISHING & HOUSEWARE","HABERDASHERY","HABERDASHERY","HABERDASHERY","HABERDASHERY_FRINGES","158","4317","0,009","0,075","0,003","0,038"
"FURNISHING & HOUSEWARE","HOUSEHOLD ITEMS","KITCHEN HOME","PREP, GADGETS AND ACC","ROLLING_PINS","158","5933","0,009","0,075","0,005","0,053"
"TECHNOLOGY","IT PERIPHERALS, PARTS & ACCESSORIES","PERIPHERALS ACCESSORIES","NOTEBOOK ACCESSORIES","LAPTOP_SCREEN_PROTECTORS","158","7961","0,009","0,103","0,006","0,027"
"CPG","FOODS","GROCERIES","DRY FOOD","TEXTURED_SOY_PROTEINS","158","4279","0,009","0,05","0,003","0,035"
"CONSTRUCTION & INDUSTRY","HOME OUTDOORS","INSECT & PEST CONTROL","INSECT & PEST CONTROL","INSECT_KILLER_LIGHTS","157","7798","0,009","0,05","0,006","0,039"
"TECHNOLOGY","SMARTPHONES & TABLETS","SMARTPHONES PARTS & ACCESSORIES","SMARTPHONES PARTS","CELLPHONE_REPLACEMENT_CAMERAS","157","2256","0,009","0,103","0,002","0,008"
"CPG","PET","PET HOUSES, TOYS & FASHION","PET HOUSE EQUIPMENT","AQUARIUM_SUBSTRATES","157","6166","0,009","0,05","0,005","0,051"
"CONSTRUCTION & INDUSTRY","STATIONERY","OFFICE & SCHOOL SUPPLIES","BLACKBOARDS & ACC","CHALKBOARD_AND_WHITEBOARD_ERASERS","157","4634","0,009","0,05","0,004","0,023"
"TECHNOLOGY","WEARABLES","SMART RINGS","SMART RINGS","SMART_RINGS","157","28355","0,009","0,103","0,022","0,097"
"BEAUTY","BEAUTY PROFESSIONAL","MANICURE & PEDICURE","NAIL POLISH","NAIL_POLISH_REMOVERS","156","4765","0,009","0,129","0,004","0,05"
"CPG","PET","PET ACCESSORIES","LEASHES & COLLARS","PET_HARNESSES","156","5174","0,009","0,05","0,004","0,043"
"CPG","FOODS","GROCERIES","OTHER GROCERIES","EDIBLE_SEAWEEDS","156","8673","0,009","0,05","0,007","0,072"
"VEHICLE PARTS & ACCESSORIES","ACC CARS & VANS","CARS & VANS REPLACEMENT PARTS","CARS & VANS OTHERS","VEHICLE_SUN_VISORS","156","9608","0,009","0,16","0,007","0,115"
"VEHICLE PARTS & ACCESSORIES","ACC MOTORCYCLES","MOTORCYCLE REPLACEMENT PARTS","MOTORCYCLE BODYWORK","MOTORCYCLE_HANDLEBAR_GRIPS","156","6624","0,009","0,16","0,005","0,079"
"CONSTRUCTION & INDUSTRY","TOOLS","MANUAL TOOLS","CUTTING AND ROUGHING","CHISELS","156","7390","0,009","0,05","0,006","0,037"
"HEALTH","HEALTH GOODS","PHARMACY ARTICLES","PHARMACY ARTICLES","EMPTY_CAPSULES","156","6441","0,009","0,148","0,005","0,077"
"HEALTH","MEDICINES","OTC MEDICINES","OTC MEDICINES","OTC_NEUROLOGICAL_MEDICINES","156","5872","0,009","0,148","0,005","0,071"
"SPORTS","MOUNTAIN & OUTDOORS","FISHING","FISHING_APPAREL_AND_EQUIPMENT","FISHING_SHIRTS","155","10462","0,009","0,28","0,008","0,294"
"VEHICLE PARTS & ACCESSORIES","ACC CARS & VANS","CARS & VANS REPLACEMENT PARTS","CARS & VANS ELECTRONICS","VEHICLE_TPMS_SENSORS","155","11155","0,009","0,159","0,009","0,133"
"CPG","FOODS","GROCERIES","SALT, SPICES & BROTHS","BROTHS","155","5587","0,009","0,049","0,004","0,046"
"FASHION","APPAREL ACCESSORIES","JEWELRY","JEWELRY","JEWELRY_ROLLS","154","6651","0,008","0,059","0,005","0,052"
"HEALTH","HEALTH GOODS","PHARMACY ARTICLES","PHARMACY ARTICLES","COLOSTOMY_BAGS","154","18285","0,008","0,146","0,014","0,22"
"TECHNOLOGY","IT PERIPHERALS, PARTS & ACCESSORIES","PARTS COMPONENTS","PC COMPONENTS","INDUCTIVE_SENSORS","154","16492","0,008","0,101","0,013","0,056"
"HOME ELECTRONICS","HOUSEHOLD APPLIANCES PARTS","HEATING & COOLING PARTS","AIR CONDITIONER PARTS","AIR_CONDITIONER_COVERS","154","6080","0,008","0,188","0,005","0,091"
"TECHNOLOGY","IT PERIPHERALS, PARTS & ACCESSORIES","PARTS COMPONENTS","PC COMPONENTS","DC_POWER_JACK_CONNECTORS","154","5137","0,008","0,101","0,004","0,018"
"FASHION","APPAREL","KIDS APPAREL","KIDS APPAREL","BABY_SWIMWEAR","154","9979","0,008","0,059","0,008","0,079"
"VEHICLE PARTS & ACCESSORIES","ACC CARS & VANS","CARS & VANS REPLACEMENT PARTS","CARS & VANS LIGHTING","VEHICLE_INTERIOR_LIGHTS","153","8838","0,008","0,157","0,007","0,106"
"FURNISHING & HOUSEWARE","HOUSEHOLD ITEMS","KITCHEN HOME","WATER DISPENSERS AND FILTERS","WATER_DISPENSERS","153","32465","0,008","0,073","0,025","0,287"
"SPORTS","INDOOR SPORTS","GYM","GYM ACCESORIES","GYM_HANDLES","153","9087","0,008","0,276","0,007","0,255"
"SPORTS","CYCLING AND OTHERS","BICYCLES ACCESORIES AND SPARE PARTS","BICYCLES ACCESORIES AND SPARE PARTS","BICYCLE_HANDLEBAR_GRIPS","153","3851","0,008","0,276","0,003","0,108"
"VEHICLE PARTS & ACCESSORIES","ACC CARS & VANS","CARS & VANS REPLACEMENT PARTS","CARS & VANS OTHERS","VEHICLE_BRAKE_DISCS","153","29619","0,008","0,157","0,023","0,354"
"ENTERTAINMENT","BOOKS AND OTHERS","BOOKS","ALBUMS AND STICKERS","CARD_ALBUMS","152","10312","0,008","0,491","0,008","0,421"
"FURNISHING & HOUSEWARE","HOUSEHOLD ITEMS","KITCHEN HOME","PREP, GADGETS AND ACC","KITCHEN_WHISKS","152","4811","0,008","0,072","0,004","0,043"
"CPG","PET","PET BEAUTY & HYGIENE","SANITARY ACCESSORIES","PET_SANITARY_SHOVELS","152","3121","0,008","0,048","0,002","0,026"
"CONSTRUCTION & INDUSTRY","HOME OUTDOORS","POOL, HOT TUBES & SAUNA","POOL MAINTENANCE","POOL_CHEMICAL_TEST_KITS","152","6794","0,008","0,048","0,005","0,034"
"CPG","PET","PET ACCESSORIES","OTHER ACCESSORIES","PET_SANITARY_BOXES","152","8037","0,008","0,048","0,006","0,067"
"CONSTRUCTION & INDUSTRY","INDUSTRY","PACKAGING","PACKAGING","PALLETS","152","7915","0,008","0,048","0,006","0,04"
"ENTERTAINMENT","MUSICAL INSTRUMENTS","PERCUSION INSTRUMENTS","DRUMS & ACCESSORIES","DRUMSTICKS_MALLETS_AND_DRUM_BRUSHES","151","8753","0,008","0,488","0,007","0,357"
"CONSTRUCTION & INDUSTRY","STATIONERY","ART & CRAFT SUPPLIES","ART & CRAFT SUPPLIES","OIL_PAINTS","151","8980","0,008","0,048","0,007","0,045"
"CONSTRUCTION & INDUSTRY","TOOLS","MEASURING TOOLS","TEMPERATUR","DIGITAL_TEMPERATURE_CONTROLLERS","151","29147","0,008","0,048","0,023","0,146"
"TECHNOLOGY","SMARTPHONES & TABLETS","SMARTPHONES PARTS & ACCESSORIES","SMARTPHONES ACCESSORIES","EXTERNAL_CELLPHONE_CAMERA_LENSES","151","7837","0,008","0,099","0,006","0,027"
"VEHICLE PARTS & ACCESSORIES","ACC CARS & VANS","CARS & VANS REPLACEMENT PARTS","CARS & VANS OTHERS","VEHICLE_WINDSHIELD_WASHER_FLUID_RESERVOIRS","151","7433","0,008","0,155","0,006","0,089"
"HEALTH","HEALTH GOODS","HEALTH PROFESSIONAL","MEDICAL SPECIALIZED EQUIPMENT","MEDICAL_EQUIPMENT","151","11852","0,008","0,143","0,009","0,142"
"T & B","TOYS AND GAMES","ELECTRONIC TOYS","MICROPHONES & WALKIE TALKIES","KIDS_MICROPHONES","150","5098","0,008","0,251","0,004","0,137"
"CONSTRUCTION & INDUSTRY","INDUSTRY","UNIFORMS","UNIFORMS","WORK_COVERALLS_AND_OVERALLS","150","12873","0,008","0,048","0,01","0,064"
"FURNISHING & HOUSEWARE","DECOR","CANDLES AND ACC","CANDLES AND ACC","CANDELABRAS","150","6087","0,008","0,071","0,005","0,054"
"HEALTH","HEALTH GOODS","EROTIC","SEX TOYS","DILDOS","150","10416","0,008","0,142","0,008","0,125"
"CPG","CPG PERSONAL CARE","BABY DIAPERS","BABY DIAPERS","BABY_ECOLOGICAL_DIAPERS","150","6991","0,008","0,048","0,005","0,058"
"VEHICLE PARTS & ACCESSORIES","ACC CARS & VANS","CARS & VANS REPLACEMENT PARTS","CARS & VANS ENGINE","VEHICLE_ENGINE_OIL_DIPSTICKS","149","5418","0,008","0,153","0,004","0,065"
"VEHICLE PARTS & ACCESSORIES","ACC VEHICULAR MULTIMEDIA","VEHICULAR AUDIO","AUDIO AMPLIFIERS","VEHICLE_AUDIO","149","12695","0,008","0,153","0,01","0,152"
"T & B","PARTY","PARTY SUPPLY","PARTY EFFECTS","CONFETTI_SHOOTERS","148","7256","0,008","0,247","0,006","0,195"
"BEAUTY","BEAUTY PROFESSIONAL","MANICURE & PEDICURE","MANICURE ACCESSORIES & EQUIPMENTS","MANICURE_AND_PEDICURE_SUPPLIES","148","5657","0,008","0,122","0,004","0,059"
"BEAUTY","BEAUTY ELECTRONICS","BEAUTY ELECTRONICS","ELETRIC_SHAVERS","HAIR_CLIPPERS_ELECTRIC_SHAVERS_AND_HAIR_TRIMMERS_COMBS_AND_BLADES","148","7262","0,008","0,122","0,006","0,076"
"ENTERTAINMENT","BOOKS AND OTHERS","BOOKS","CATALOGS","CATALOGS","148","12008","0,008","0,478","0,009","0,49"
"VEHICLE PARTS & ACCESSORIES","ACC CARS & VANS","CARS & VANS REPLACEMENT PARTS","CARS & VANS ENGINE","VEHICLE_TURBOCHARGERS","148","38182","0,008","0,152","0,03","0,456"
"FURNISHING & HOUSEWARE","TEXTILES","BEDROOM TEXTILES","BLANKETS & COMFORTERS","COMFORTER_COVERS","148","13149","0,008","0,07","0,01","0,116"
"T & B","TOYS AND GAMES","LIFELIKE TOYS","LIFELIKE TOYS","TOY_SUITCASES","148","9784","0,008","0,247","0,008","0,262"
"T & B","PARTY","PARTY DECORATION","PARTY DECORATION","TABLE_CENTERPIECES","148","6401","0,008","0,247","0,005","0,172"
"FURNISHING & HOUSEWARE","HOUSEHOLD ITEMS","KITCHEN HOME","BAKEWARE","PASTRY_BAGS","148","5145","0,008","0,07","0,004","0,046"
"T & B","TOYS AND GAMES","BOARD AND CARD GAMES","CARDS GAME","KIDS_LEARNING_CARDS","148","6320","0,008","0,247","0,005","0,17"
"HOME ELECTRONICS","TELEVISIONS & STREAMING DEVICES","TELEVISIONS PARTS","TELEVISIONS PARTS","TV_MAIN_BOARD_REPLACEMENTS","147","12192","0,008","0,18","0,009","0,183"
"HEALTH","HEALTH GOODS","HEALTH PROFESSIONAL","MEDICAL SPECIALIZED EQUIPMENT","ELECTRIC_ANTIDECUBITUS_MATTRESSES","147","17249","0,008","0,139","0,013","0,207"
"VEHICLE PARTS & ACCESSORIES","ACC CARS & VANS","CARS & VANS REPLACEMENT PARTS","CARS & VANS BRAKES","VEHICLE_BRAKE_MASTER_CYLINDERS","147","12628","0,008","0,151","0,01","0,151"
"VEHICLE PARTS & ACCESSORIES","ACC CARS & VANS","CARS & VANS REPLACEMENT PARTS","CARS & VANS OTHERS","VEHICLE_OUTER_TIE_ROD_ENDS","147","12037","0,008","0,151","0,009","0,144"
"VEHICLE PARTS & ACCESSORIES","ACC CARS & VANS","CARS & VANS REPLACEMENT PARTS","CARS & VANS OTHERS","VEHICLE_LICENSE_PLATE_LIGHTS","147","7533","0,008","0,151","0,006","0,09"
"CPG","CPG PERSONAL CARE","CPG BABY CARE","BABY HYGIENE","BABY_COLOGNES","147","7992","0,008","0,047","0,006","0,066"
"OTHERS","ANTIQUES & HOBBIES","ANTIQUES & HOBBIES","ANTIQUES & HOBBIES","TROPHIES","146","10147","0,008","1,519","0,008","1,816"
"FASHION","FOOTWEAR","BOOTS","BOOTS","TACTICAL_BOOTS","146","28634","0,008","0,056","0,022","0,226"
"CONSTRUCTION & INDUSTRY","STATIONERY","OFFICE & SCHOOL SUPPLIES","OTHER OFFICE & SCHOOL SUPPLIES","CUTTING_MATS","146","6136","0,008","0,046","0,005","0,031"
"HEALTH","HEALTH GOODS","HEALTH PROFESSIONAL","MEDICAL SPECIALIZED EQUIPMENT","BEAKERS","146","4969","0,008","0,138","0,004","0,06"
"CONSTRUCTION & INDUSTRY","CONSTRUCTION","PLUMBING","PIPES AND TUBES","INSPECTION_CHAMBER_RISERS","146","4466","0,008","0,046","0,003","0,022"
"CONSTRUCTION & INDUSTRY","STATIONERY","OFFICE & SCHOOL SUPPLIES","BLACKBOARDS & ACC","CHALKS","146","4079","0,008","0,046","0,003","0,02"
"FURNISHING & HOUSEWARE","TEXTILES","DINING & KITCHEN TEXTILES","TABLECLOTHS, PLACEMATS & NAPKINS","TABLE_RUNNERS","146","5284","0,008","0,069","0,004","0,047"
"HOME ELECTRONICS","AUDIO & GENERAL ELECTRONICS","PHYSICAL MEDIAS & HARDWARE FOR AUDIO & VIDEO","PHYSICAL MEDIAS & HARDWARE FOR AUDIO & VIDEO","DIGITAL_PORTABLE_MEDIA_PLAYER_BATTERIES","146","8043","0,008","0,178","0,006","0,121"
"CONSTRUCTION & INDUSTRY","SECURITY","ALARMS ACCESSORIES","ALARMS ACCESSORIES","VIDEO_CAPTURE_DEVICES","145","39211","0,008","0,046","0,03","0,196"
"HOME ELECTRONICS","SMALL APPLIANCES","KITCHEN","DEEP FRYERS","OIL_DEEP_FRYERS","145","14134","0,008","0,177","0,011","0,212"
"SPORTS","MOUNTAIN & OUTDOORS","CAMPING","GEAR & EQUIPMENT","MULTI_TOOL_KNIVES","145","12607","0,008","0,261","0,01","0,354"
"T & B","TOYS AND GAMES","ART & CRAFT","ART & CRAFT KITS PRODUCTS","SLIME_MAKING_KITS","144","8457","0,008","0,241","0,007","0,227"
"VEHICLE PARTS & ACCESSORIES","ACC CARS & VANS","CARS & VANS ACCESSORIES","CARS & VANS ACCESSORIES EXTERIOR","VEHICLE_TINTED_GLASSES","144","6984","0,008","0,148","0,005","0,083"
"BEAUTY","MAKEUP","MAKEUP KITS AND ACCESSORIES","MAKEUP KITS AND ACCESSORIES","MANUAL_PENCIL_SHARPENERS","144","4165","0,008","0,119","0,003","0,043"
"CONSTRUCTION & INDUSTRY","LIGHTING","POOL LIGHTS","POOL LIGHTS","POOL_LIGHTS","143","22589","0,008","0,045","0,018","0,113"
"TECHNOLOGY","IT APPLIANCES","PROJECTOR ACCESSORIES & PARTS","PROJECTOR ACCESSORIES & PARTS","PROJECTOR_MOUNTS","143","7856","0,008","0,094","0,006","0,027"
"FURNISHING & HOUSEWARE","HOUSEHOLD ITEMS","BAR, WINE & ACC","BAR SETS & ACC","COCKTAIL_SHAKERS","143","4249","0,008","0,068","0,003","0,038"
"T & B","PARTY","PARTY DECORATION","PARTY DECORATION ARTICLES","FAKE_CAKES","142","6578","0,008","0,237","0,005","0,176"
"FURNISHING & HOUSEWARE","HOUSEHOLD ITEMS","GRILLS & OUTDOOR COOKING","OUTDOOR GRILLS & OVENS","CHARCOAL_GRILLS","142","12414","0,008","0,068","0,01","0,11"
"T & B","BABY","BABY BEDROOM","BABY PILLOWS & BLANKETS","BABY_CUSHIONS_AND_PILLOWS","142","6687","0,008","0,237","0,005","0,179"
"CONSTRUCTION & INDUSTRY","CONSTRUCTION","CONSTRUCTION MATERIALS","DRY CONSTRUCTION","CONSTRUCTION_INSULATION_ROLLS","142","11303","0,008","0,045","0,009","0,057"
"CPG","PET","PET ACCESSORIES","OTHER ACCESSORIES","CAT_AND_DOG_BLANKETS","142","4347","0,008","0,045","0,003","0,036"
"HEALTH","HEALTH GOODS","PHARMACY ARTICLES","PHARMACY ARTICLES","HEATING_PADS","142","12968","0,008","0,135","0,01","0,156"
"VEHICLE PARTS & ACCESSORIES","ACC TIRES","OTHER ACC TIRES","OTHER ACC TIRES","VEHICLE_TIRES_PATCHES","141","5120","0,008","0,145","0,004","0,061"
"HEALTH","HEALTH GOODS","HEALTH PROFESSIONAL","MEDICAL SPECIALIZED EQUIPMENT","SUTURE_THREADS","140","15111","0,008","0,133","0,012","0,182"
"TECHNOLOGY","IT PERIPHERALS, PARTS & ACCESSORIES","PERIPHERALS ACCESSORIES","CLEANING","COMPUTER_VACUUM_CLEANERS","140","8658","0,008","0,092","0,007","0,03"
"CONSTRUCTION & INDUSTRY","CONSTRUCTION","CONSTRUCTION MATERIALS","HEAVY WORK","CONSTRUCTION_MORTAR_MIXES","140","11634","0,008","0,044","0,009","0,058"
"CONSTRUCTION & INDUSTRY","CONSTRUCTION","BATHROOM & KITCHEN CONSTRUCTION","EXHAUST FANS","VENTILATION_GRILLES","139","6705","0,008","0,044","0,005","0,034"
"VEHICLE PARTS & ACCESSORIES","ACC CARS & VANS","CARS & VANS REPLACEMENT PARTS","CARS & VANS OTHERS","VEHICLE_TRANSMISSION_GEARS","139","11554","0,008","0,143","0,009","0,138"
"HOME ELECTRONICS","HOUSEHOLD APPLIANCES PARTS","LAUNDRY PARTS","WASHING & DRYER MACHINE PARTS","WASHING_MACHINE_LINT_FILTERS","139","4957","0,008","0,17","0,004","0,074"
"CONSTRUCTION & INDUSTRY","CONSTRUCTION","ELECTRICAL","SWITCHES AND PLUGS","ELECTRIC_FLOAT_SWITCHES","139","15715","0,008","0,044","0,012","0,079"
"HEALTH","HEALTH GOODS","HEALTH PROFESSIONAL","MEDICAL SPECIALIZED EQUIPMENT","NASAL_CPAP_MASKS","139","28786","0,008","0,132","0,022","0,346"
"FURNISHING & HOUSEWARE","HABERDASHERY","HABERDASHERY","HABERDASHERY","RHINESTONE_ROLLS","138","3759","0,008","0,066","0,003","0,033"
"CONSTRUCTION & INDUSTRY","TOOLS","MEASURING TOOLS","ELECTRICITY","CLAMP_METERS","138","17584","0,008","0,044","0,014","0,088"
"T & B","TOYS AND GAMES","BOARD AND CARD GAMES","BOARD GAMES","INFANTS_LEARNING_MAZES_AND_CUBES","138","7344","0,008","0,231","0,006","0,197"
"VEHICLE PARTS & ACCESSORIES","ACC CARS & VANS","CARS & VANS REPLACEMENT PARTS","CARS & VANS TRANSMISSION","VEHICLE_MANUAL_TRANSMISSION_SHIFT_LEVERS","138","16379","0,008","0,142","0,013","0,196"
"T & B","BABY","BABY CARE","BABY CARE","BABY_NASAL_ASPIRATORS","138","5471","0,008","0,231","0,004","0,147"
"VEHICLE PARTS & ACCESSORIES","ACC CARS & VANS","CARS & VANS REPLACEMENT PARTS","CARS & VANS OTHERS","VEHICLE_ENGINE_BEARINGS","138","11234","0,008","0,142","0,009","0,134"
"FURNISHING & HOUSEWARE","HOUSEHOLD ITEMS","KITCHEN HOME","PREP, GADGETS AND ACC","MANUAL_GARLIC_PRESSES_AND_CHOPPERS","138","3810","0,008","0,066","0,003","0,034"
"FURNISHING & HOUSEWARE","FURNITURE","OUTDOOR FURNITURE","OTHER OUTDOOR FURNITURE","HAMMOCK_SUPPORTS","137","7348","0,008","0,065","0,006","0,065"
"SPORTS","FOOTBALL","FOOTBALL ACCESSORIES","FOOTBALL ACCESSORIES","SPORT_AND_SECURITY_WHISTLES","137","3490","0,008","0,247","0,003","0,098"
"VEHICLE PARTS & ACCESSORIES","ACC MOTORCYCLES","MOTORCYCLE REPLACEMENT PARTS","MOTORCYCLE BODYWORK","MOTORCYCLE_CRASH_BARS","137","27226","0,008","0,141","0,021","0,325"
"CPG","PET","PET HOUSES, TOYS & FASHION","PET FASHION","PET_FOOTWEAR","137","4225","0,008","0,044","0,003","0,035"
"TECHNOLOGY","IT APPLIANCES","PRINTERS PARTS & ACCESSORIES","PRINTERS PARTS","PRINTER_HEADS","137","51443","0,008","0,09","0,04","0,175"
"VEHICLE PARTS & ACCESSORIES","ACC CARS & VANS","CARS & VANS REPLACEMENT PARTS","CARS & VANS INTERIOR","VEHICLE_SEAT_RECLINER_HANDLES_AND_LEVERS","137","6068","0,008","0,141","0,005","0,073"
"HOME ELECTRONICS","AUDIO & GENERAL ELECTRONICS","ELECTRONIC, TOOLS & COMPONENTS","ELECTRONIC COMPONENTS","RECTIFIER_DIODES","137","3885","0,008","0,167","0,003","0,058"
"FURNISHING & HOUSEWARE","HOUSEHOLD ITEMS","KITCHEN HOME","PREP, GADGETS AND ACC","SALAD_SPINNERS","137","9560","0,008","0,065","0,007","0,085"
"CPG","PET","PET HOUSES, TOYS & FASHION","PET HOUSE EQUIPMENT","AQUARIUM_ORNAMENTS","137","4499","0,008","0,044","0,003","0,037"
"CONSTRUCTION & INDUSTRY","CONSTRUCTION","CONSTRUCTION MATERIALS","HEAVY WORK","GALVANIZED_STEEL_CABLES","136","10612","0,007","0,043","0,008","0,053"
"TECHNOLOGY","IT PERIPHERALS, PARTS & ACCESSORIES","PERIPHERALS ACCESSORIES","CABLES & ACCESSORIES","CABLE_ORGANIZER_BAGS","136","4302","0,007","0,089","0,003","0,015"
"VEHICLE PARTS & ACCESSORIES","ACC MOTORCYCLES","MOTORCYCLE ACCESSORIES","MOTORCYCLE ACCESSORIES EXTERIOR","MOTORCYCLE_AND_ALL_TERRAIN_VEHICLE_CARGO_NETS","136","3826","0,007","0,139","0,003","0,046"
"SPORTS","MOUNTAIN & OUTDOORS","CAMPING","SHELTER & SLEEP","TENTS","136","15031","0,007","0,245","0,012","0,422"
"CONSTRUCTION & INDUSTRY","INDUSTRY","INDUSTRY GENERAL EQUIPMENT","INDUSTRY GENERAL EQUIPMENT","PAPER_SHREDDERS","136","23420","0,007","0,043","0,018","0,117"
"SPORTS","INDOOR SPORTS","BOXING AND MARTIAL ARTS","BOXING AND MARTIAL ARTS OTHERS","MARTIAL_ARTS_BELTS","136","5676","0,007","0,245","0,004","0,159"
"CPG","PET","PET ACCESSORIES","OTHER ACCESSORIES","PET_SEAT_BELTS","136","3191","0,007","0,043","0,002","0,026"
"OTHERS","ANTIQUES & HOBBIES","ANTIQUES & HOBBIES","ANTIQUES & HOBBIES","ANTIQUE_MUSIC_ALBUMS","135","16377","0,007","1,405","0,013","2,93"
"HEALTH","HEALTH GOODS","PHARMACY ARTICLES","PHARMACY ARTICLES","ANTI_SNORE_NASAL_DILATORS","135","4419","0,007","0,128","0,003","0,053"
"T & B","BABY","BABY BEDROOM","BABY BEDROOM ACCESSORIES","BABY_MOBILES","135","11339","0,007","0,226","0,009","0,304"
"TECHNOLOGY","WEARABLES","HEADPHONES","HEADPHONES","HEADPHONE_STANDS","135","2952","0,007","0,088","0,002","0,01"
"SPORTS","OTHER SPORTS","SKATEBOARDS","SKATEBOARDS","HOVERBOARDS","135","7135","0,007","0,243","0,006","0,2"
"CONSTRUCTION & INDUSTRY","TOOLS","MEASURING TOOLS","AMBIENT","WATER_QUALITY_MEASUREMENT_TESTERS","135","8711","0,007","0,043","0,007","0,044"
"CONSTRUCTION & INDUSTRY","STATIONERY","ART & CRAFT SUPPLIES","ART & CRAFT SUPPLIES","CANDLE_WICKS","135","3854","0,007","0,043","0,003","0,019"
"ENTERTAINMENT","MUSICAL INSTRUMENTS","PERCUSION INSTRUMENTS","LITTLE PERCUSSION INSTRUMENTS","TAMBOURINES","134","9087","0,007","0,433","0,007","0,371"
"SPORTS","OTHER SPORTS","SPORTS SHOOTING AND ARCHERY","SHOOTING","GUN_SCOPE_MOUNTS","134","5577","0,007","0,242","0,004","0,157"
"TECHNOLOGY","SMARTPHONES & TABLETS","SMARTPHONES PARTS & ACCESSORIES","SMARTPHONES PARTS","CELLPHONE_REPLACEMENTS","134","2773","0,007","0,088","0,002","0,009"
"VEHICLE PARTS & ACCESSORIES","ACC AGRO VEHICLES & EQUIPMENT","LIVESTOCK","LIVESTOCK","ANIMAL_CREAMS","134","8205","0,007","0,137","0,006","0,098"
"HEALTH","MEDICINES","OTC MEDICINES","OTC MEDICINES","OTC_RESPIRATORY_MEDICINES","134","3063","0,007","0,127","0,002","0,037"
"VEHICLE PARTS & ACCESSORIES","ACC CARS & VANS","CARS & VANS REPLACEMENT PARTS","CARS & VANS OTHERS","VEHICLE_INTERIOR_REARVIEW_MIRRORS","134","8523","0,007","0,137","0,007","0,102"
"VEHICLE PARTS & ACCESSORIES","ACC MOTORCYCLES","MOTORCYCLE ACCESSORIES","MOTORCYCLE ACCESSORIES CLOTHING & FOOTWEAR","MOTORCYCLE_JACKETS","134","15522","0,007","0,137","0,012","0,185"
"VEHICLE PARTS & ACCESSORIES","ACC CARS & VANS","CARS & VANS REPLACEMENT PARTS","CARS & VANS OTHERS","VEHICLE_WHEEL_HUBS","134","16246","0,007","0,137","0,013","0,194"
"T & B","BABY","BREASTFEED & EATING ACCESSORIES","EATING ACCESSORIES","BABY_PLATES","133","4490","0,007","0,222","0,003","0,12"
"T & B","PARTY","PARTY EQUIPMENT","PARTY MACHINES","POPCORN_BOXES","133","6339","0,007","0,222","0,005","0,17"
"HOME ELECTRONICS","HOUSEHOLD APPLIANCES PARTS","REFRIGERATION PARTS","REFRIGERATOR & FREEZER PARTS","REFRIGERATORS_AND_FREEZERS_SHELVES","133","7448","0,007","0,163","0,006","0,112"
"T & B","BABY","BABY ACCESSORIES","MATERNITY ARTICLES","DIAPER_BAGS","133","14699","0,007","0,222","0,011","0,394"
"HOME ELECTRONICS","TELEVISIONS & STREAMING DEVICES","TELEVISIONS ACCESSORIES","TELEVISIONS ACCESSORIES","TV_REMOTE_CONTROL_COVERS","133","4746","0,007","0,163","0,004","0,071"
"SPORTS","CYCLING AND OTHERS","BICYCLES ACCESORIES AND SPARE PARTS","BICYCLES ACCESORIES AND SPARE PARTS","BICYCLE_TIRE_REPAIR_KITS","133","5281","0,007","0,24","0,004","0,148"
"CONSTRUCTION & INDUSTRY","TOOLS","MANUAL TOOLS","OTHER MANUAL TOOLS","SCREW_EXTRACTORS","133","5189","0,007","0,042","0,004","0,026"
"TECHNOLOGY","IT APPLIANCES","PRINTERS PARTS & ACCESSORIES","PRINTERS PARTS","PRINTER_POWER_SUPPLIES","133","5068","0,007","0,087","0,004","0,017"
"SPORTS","OTHER MAINSTREAM SPORTS","PADDLE","PADDLE","PADDLE_TENNIS_RACKETS","133","33867","0,007","0,24","0,026","0,951"
"CONSTRUCTION & INDUSTRY","INDUSTRY","OFFICE EQUIPMENT","OFFICE EQUIPMENT","OFFICE_EQUIPMENT","132","5720","0,007","0,042","0,004","0,029"
"VEHICLE PARTS & ACCESSORIES","ACC CARS & VANS","CARS & VANS ACCESSORIES","CARS & VANS ACCESSORIES EXTERIOR","VEHICLE_LED_LIGHT_BARS","132","8047","0,007","0,135","0,006","0,096"
"VEHICLE PARTS & ACCESSORIES","ACC CARS & VANS","CARS & VANS REPLACEMENT PARTS","CARS & VANS ELECTRONICS","VEHICLE_ENGINE_OIL_PRESSURE_SENSORS","132","10755","0,007","0,135","0,008","0,129"
"VEHICLE PARTS & ACCESSORIES","ACC CARS & VANS","CARS & VANS REPLACEMENT PARTS","CARS & VANS EXHAUST","VEHICLE_EXHAUST_TIPS","132","8070","0,007","0,135","0,006","0,096"
"VEHICLE PARTS & ACCESSORIES","ACC CARS & VANS","CARS & VANS REPLACEMENT PARTS","CARS & VANS ENGINE","VEHICLE_CARBURETOR_ACCELERATOR_CABLES","132","6421","0,007","0,135","0,005","0,077"
"T & B","TOYS AND GAMES","TOY VEHICLES","REMOTE CONTROL VEHICLES","RC_BATTERIES","132","4726","0,007","0,221","0,004","0,127"
"FURNISHING & HOUSEWARE","HOUSEHOLD ITEMS","KITCHEN HOME","PREP, GADGETS AND ACC","MANUAL_GRAIN_MILLS","132","15774","0,007","0,063","0,012","0,14"
"T & B","TOYS AND GAMES","MOUNTABLE TOY VEHICLES","SCOOTERS","KICK_SCOOTERS","132","10980","0,007","0,221","0,009","0,294"
"CONSTRUCTION & INDUSTRY","TOOLS","TOOL ACCESSORIES","COMPRESSOR ACC","TOOL_NOZZLES","132","4684","0,007","0,042","0,004","0,023"
"SPORTS","CYCLING AND OTHERS","BICYCLES ACCESORIES AND SPARE PARTS","BICYCLES ACCESORIES AND SPARE PARTS","BICYCLE_TOOL_KITS","132","6842","0,007","0,238","0,005","0,192"
"HOME ELECTRONICS","AUDIO & GENERAL ELECTRONICS","ELECTRONIC, TOOLS & COMPONENTS","ELECTRONIC TOOLS","ELECTRONIC_AND_ELECTRICAL_CONTACT_CLEANERS","132","3605","0,007","0,161","0,003","0,054"
"VEHICLE PARTS & ACCESSORIES","ACC CARS & VANS","CARS & VANS REPLACEMENT PARTS","CARS & VANS OTHERS","OTHER_VEHICLE_FENDERS","132","7228","0,007","0,135","0,006","0,086"
"CONSTRUCTION & INDUSTRY","CONSTRUCTION","CONSTRUCTION MACHINERY & ACC","CONSTRUCTION ACCESSORIES","EDGE_BANDING","132","4322","0,007","0,042","0,003","0,022"
"HOME ELECTRONICS","SMALL APPLIANCES","KITCHEN","MEAL & DRINK MAKERS","ELECTRIC_WAFFLE_MAKERS","132","8610","0,007","0,161","0,007","0,129"
"CONSTRUCTION & INDUSTRY","TOOLS","POWER TOOLS","PAINTING TOOLS","AIRBRUSHES","131","18145","0,007","0,042","0,014","0,091"
"CONSTRUCTION & INDUSTRY","TOOLS","BOXES AND ORGANIZERS","ORGANIZERS","PEGBOARDS_TOOL_STORAGE","131","10001","0,007","0,042","0,008","0,05"
"T & B","TOYS AND GAMES","ELECTRONIC TOYS","LAPTOPS & CELLPHONES","LEARNING_TOY_LAPTOPS","131","6775","0,007","0,219","0,005","0,182"
"BEAUTY","BEAUTY PROFESSIONAL","MANICURE & PEDICURE","MANICURE ACCESSORIES & EQUIPMENTS","NAIL_ART_BRUSHES","131","3165","0,007","0,108","0,002","0,033"
"VEHICLE PARTS & ACCESSORIES","ACC CARS & VANS","CARS & VANS REPLACEMENT PARTS","CARS & VANS OTHERS","VEHICLE_AIRBAGS","131","16674","0,007","0,134","0,013","0,199"
"HOME ELECTRONICS","HOUSEHOLD APPLIANCES PARTS","KITCHEN PARTS","MICROWAVE PARTS","MICROWAVE_KEYPADS","131","2557","0,007","0,16","0,002","0,038"
"VEHICLE PARTS & ACCESSORIES","ACC CARS & VANS","CARS & VANS REPLACEMENT PARTS","CARS & VANS ENGINE","VEHICLE_AIR_FILTER_BOXES","131","10637","0,007","0,134","0,008","0,127"
"HOME ELECTRONICS","HOUSEHOLD APPLIANCES PARTS","HEATING & COOLING PARTS","FAN PARTS","FAN_REMOTE_CONTROLS","131","6823","0,007","0,16","0,005","0,102"
"HEALTH","MEDICINES","OTC MEDICINES","OTC MEDICINES","OTC_DERMATOLOGIC_MEDICINES","131","4022","0,007","0,124","0,003","0,048"
"VEHICLE PARTS & ACCESSORIES","ACC NAUTICAL VEHICLES","NAUTICAL EQUIPMENT","NAUTICAL EQUIPMENT SECURITY","LIFE_JACKETS","131","8423","0,007","0,134","0,007","0,101"
"CONSTRUCTION & INDUSTRY","TOOLS","POWER TOOLS","CUTTING","JIG_SAWS","131","20119","0,007","0,042","0,016","0,101"
"ENTERTAINMENT","MUSICAL INSTRUMENTS","WIND INSTRUMENTS","CLARINETS & FLUTES","FLUTES","130","10078","0,007","0,42","0,008","0,411"
"CPG","PET","PET HOUSES, TOYS & FASHION","PET HOUSE EQUIPMENT","AQUARIUM_LIGHTS","130","13334","0,007","0,041","0,01","0,11"
"CONSTRUCTION & INDUSTRY","CONSTRUCTION","ELECTRICAL","CORRUGATED PIPE & CABLE COVERS","CABLE_COVERS","130","5184","0,007","0,041","0,004","0,026"
"SPORTS","CYCLING AND OTHERS","CLOTH AND EQUIPMENT","CLOTH AND EQUIPMENT","CYCLING_GLOVES_AND_MITTENS","130","4560","0,007","0,234","0,004","0,128"
"FURNISHING & HOUSEWARE","HOUSEHOLD ITEMS","GRILLS & OUTDOOR COOKING","OUTDOOR COOK ACC","ROASTING_STICKS","130","7864","0,007","0,062","0,006","0,07"
"VEHICLE PARTS & ACCESSORIES","ACC CARS & VANS","CARS & VANS ACCESSORIES","CARS & VANS ACCESSORIES INTERIOR","AUTOMOTIVE_PET_SEAT_COVERS","130","12169","0,007","0,133","0,009","0,145"
"TECHNOLOGY","SMARTPHONES & TABLETS","SMARTPHONES PARTS & ACCESSORIES","SMARTPHONES PARTS","CELLPHONE_REPLACEMENT_SPEAKERS","130","1507","0,007","0,085","0,001","0,005"
"VEHICLE PARTS & ACCESSORIES","ACC CARS & VANS","CARS & VANS REPLACEMENT PARTS","CARS & VANS STEERING & SUSPENSION","VEHICLE_CV_JOINTS","130","11045","0,007","0,133","0,009","0,132"
"CONSTRUCTION & INDUSTRY","INDUSTRY","TEXTIL INDUSTRY","TEXTIL INDUSTRY","EMBROIDERY_FRAMES","129","5301","0,007","0,041","0,004","0,026"
"HEALTH","HEALTH GOODS","HEALTH PROFESSIONAL","MEDICAL SPECIALIZED EQUIPMENT","INCENTIVE_SPIROMETERS","129","20125","0,007","0,122","0,016","0,242"
"BEAUTY","BEAUTY PROFESSIONAL","ESTHETIC","ELECTRIC ESTHETIC TOOLS","LED_THERAPY_FACE_MASKS","129","15308","0,007","0,107","0,012","0,16"
"FASHION","APPAREL ACCESSORIES","WATCH","WATCH","WATCH_REPAIR_TOOL_KITS","129","5674","0,007","0,049","0,004","0,045"
"HEALTH","HEALTH GOODS","HEALTH PROFESSIONAL","DENTAL SPECIALIZED EQUIPMENT","TEETH_WHITENING_STRIPS","129","4632","0,007","0,122","0,004","0,056"
"CONSTRUCTION & INDUSTRY","CONSTRUCTION","FAUCETS","SHOWER HEADS","SHOWER_COLUMN_SYSTEMS","129","7854","0,007","0,041","0,006","0,039"
"T & B","BABY","BABY ACCESSORIES","BABY PACIFIER","BABY_PACIFIER_CLIPS","129","3145","0,007","0,216","0,002","0,084"
"VEHICLE PARTS & ACCESSORIES","ACC CARS & VANS","CARS & VANS ACCESSORIES","CARS & VANS ACCESSORIES EXTERIOR","VEHICLE_CHROME_TRIMS","129","7419","0,007","0,132","0,006","0,089"
"TECHNOLOGY","IT APPLIANCES","PRINTERS PARTS & ACCESSORIES","PRINTERS 3D ACCESSORIES","3D_PRINTER_NOZZLES","129","9847","0,007","0,084","0,008","0,034"
"TECHNOLOGY","IT PERIPHERALS, PARTS & ACCESSORIES","PARTS COMPONENTS","PC COMPONENTS","LAPTOP_LOCKS","128","4333","0,007","0,084","0,003","0,015"
"CONSTRUCTION & INDUSTRY","CONSTRUCTION","ELECTRICAL","PHOTOCONTROLS","PHOTOCONTROLS","128","14839","0,007","0,041","0,012","0,074"
"HEALTH","HEALTH GOODS","HEALTH PROFESSIONAL","ORTHOPEDIC SPECIALIZED EQUIPMENT","ARM_SLINGS","128","6449","0,007","0,121","0,005","0,078"
"HOME ELECTRONICS","HOUSEHOLD APPLIANCES PARTS","REFRIGERATION PARTS","REFRIGERATOR & FREEZER PARTS","REFRIGERATOR_AND_FREEZER_THERMOSTATS","128","8927","0,007","0,156","0,007","0,134"
"TECHNOLOGY","IT PERIPHERALS, PARTS & ACCESSORIES","PERIPHERALS ACCESSORIES","PDA ACCESSORIES","PDA_COVERS_AND_BAGS","128","5407","0,007","0,084","0,004","0,018"
"SPORTS","CYCLING AND OTHERS","CLOTH AND EQUIPMENT","CLOTH AND EQUIPMENT","CYCLING_JERSEYS","128","6545","0,007","0,231","0,005","0,184"
"VEHICLE PARTS & ACCESSORIES","ACC CARS & VANS","CARS & VANS REPLACEMENT PARTS","CARS & VANS ELECTRONICS","VEHICLE_ABS_SENSORS","128","11176","0,007","0,131","0,009","0,134"
"SPORTS","SPORTS ACCESSORIES","SPORTS ACCESSORIES","SPORTS ACCESSORIES","TIMERS","128","16531","0,007","0,231","0,013","0,464"
"HEALTH","HEALTH GOODS","PHARMACY ARTICLES","PHARMACY ARTICLES","PREGNANCY_AND_OVULATION_TESTS","128","4856","0,007","0,121","0,004","0,058"
"CONSTRUCTION & INDUSTRY","CONSTRUCTION","FLOORING & COATING","BASEBOARDS & MOULDING","MOULDINGS","128","8065","0,007","0,041","0,006","0,04"
"OTHERS","OTHER","OTHER","OTHER","HOOKAH_CHARCOALS","128","4551","0,007","1,332","0,004","0,814"
"T & B","BABY","BREASTFEED & EATING ACCESSORIES","BABY CHAIRS","BABY_HIGH_CHAIRS","127","16950","0,007","0,212","0,013","0,455"
"TECHNOLOGY","IT APPLIANCES","PRINTERS","PRINTERS","THERMAL_PRINTERS","127","23138","0,007","0,083","0,018","0,079"
"FASHION","APPAREL ACCESSORIES","OTHER APPAREL ACCESSORIES","OTHER APPAREL ACCESSORIES","TURBANS","127","4333","0,007","0,049","0,003","0,034"
"TECHNOLOGY","SMARTPHONES & TABLETS","SMARTPHONES PARTS & ACCESSORIES","SMARTPHONES PARTS","CELLPHONE_AND_TABLET_REPLACEMENT_BUTTONS","127","2027","0,007","0,083","0,002","0,007"
"CPG","PET","PET HOUSES, TOYS & FASHION","PET FASHION","PET_JACKETS_AND_COATS","127","4035","0,007","0,04","0,003","0,033"
"CPG","CPG PERSONAL CARE","PERSONAL CARE ESSENTIALS","FEMENINE CARE","NURSING_PADS","127","5293","0,007","0,04","0,004","0,044"
"CONSTRUCTION & INDUSTRY","INDUSTRY","TEXTIL INDUSTRY","TEXTIL INDUSTRY","FOOTWEAR_LASTS","127","8838","0,007","0,04","0,007","0,044"
"T & B","TOYS AND GAMES","DOLLS","DOLLS PLAY SETS","DOLL_CLOTHES_KITS","127","7404","0,007","0,212","0,006","0,199"
"HOME ELECTRONICS","HOUSEHOLD APPLIANCES PARTS","KITCHEN PARTS","MICROWAVE PARTS","MICROWAVE_CAPACITORS","127","2743","0,007","0,155","0,002","0,041"
"BEAUTY","BEAUTY PERSONAL CARE","FACIAL CARE","FACIAL CARE","AFTERSHAVES","126","6414","0,007","0,104","0,005","0,067"
"HEALTH","MEDICINES","PRESCRIPTION MEDICINES","PRESCRIPTION MEDICINES","RX_ANTIPARASITIC_MEDICINES","126","878","0,007","0,119","0,001","0,011"
"VEHICLE PARTS & ACCESSORIES","ACC CARS & VANS","CARS & VANS REPLACEMENT PARTS","CARS & VANS OTHERS","VEHICLE_CLUTCH_CABLES","126","6188","0,007","0,129","0,005","0,074"
"TECHNOLOGY","CONSOLE GAMING HARDWARE","VR HEADSETS","VR HEADSETS","VR_HEADSETS","126","88121","0,007","0,083","0,069","0,3"
"VEHICLE PARTS & ACCESSORIES","ACC CARS & VANS","CARS & VANS REPLACEMENT PARTS","CARS & VANS OTHERS","VEHICLE_PEDALS","125","9239","0,007","0,128","0,007","0,11"
"CONSTRUCTION & INDUSTRY","TOOLS","TOOL ACCESSORIES","COMPRESSOR ACC","AIR_COMPRESSOR_HOSES","125","6740","0,007","0,04","0,005","0,034"
"VEHICLE PARTS & ACCESSORIES","ACC CARS & VANS","CARS & VANS REPLACEMENT PARTS","CARS & VANS ELECTRONICS","VEHICLE_TRUNK_OPEN_CABLES","125","4261","0,007","0,128","0,003","0,051"
"CPG","FOODS","GROCERIES","INSTANT FOOD","INSTANT_SOUPS_AND_CREAMS","125","4267","0,007","0,04","0,003","0,035"
"SPORTS","INDOOR SPORTS","GYM","GYM ACCESORIES","FOAM_ROLLERS","125","6619","0,007","0,225","0,005","0,186"
"CPG","CPG PERSONAL CARE","CPG PERSONAL CARE","OTHERS PERSONAL HYGIENE","SKIN_REPELLENTS","125","5418","0,007","0,04","0,004","0,045"
"CONSTRUCTION & INDUSTRY","TOOLS","MANUAL TOOLS","PLIERS","LOCKING_PLIERS","124","5239","0,007","0,039","0,004","0,026"
"CPG","FOODS","FRESH FOOD","MEATS","MEATS","124","6255","0,007","0,039","0,005","0,052"
"VEHICLE PARTS & ACCESSORIES","ACC CARS & VANS","CARS & VANS REPLACEMENT PARTS","CARS & VANS OTHERS","VEHICLE_ENGINE_CRANKSHAFT_POSITION_SENSORS","124","8921","0,007","0,127","0,007","0,107"
"HOME ELECTRONICS","HOUSEHOLD APPLIANCES PARTS","LAUNDRY PARTS","WASHING & DRYER MACHINE PARTS","WASHING_AND_DRYER_MACHINE_BELTS","123","3935","0,007","0,15","0,003","0,059"
"HEALTH","HEALTH GOODS","PHARMACY ARTICLES","PHARMACY ARTICLES","EAR_WAX_REMOVERS","123","4658","0,007","0,117","0,004","0,056"
"ENTERTAINMENT","MUSICAL INSTRUMENTS","MUSICAL INSTRUMENTS ACCESSORIES","MUSICAL INSTRUMENTS ACCESSORIES","ACOUSTIC_PANELS","123","4426","0,007","0,398","0,003","0,181"
"HOME ELECTRONICS","SMALL APPLIANCES","KITCHEN","MEAL & DRINK MAKERS","TOASTERS","123","18860","0,007","0,15","0,015","0,283"
"CONSTRUCTION & INDUSTRY","HOME OUTDOORS","POOL, HOT TUBES & SAUNA","POOL MAINTENANCE","POOL_CHLORINE","123","20906","0,007","0,039","0,016","0,105"
"TECHNOLOGY","IT APPLIANCES","PRINTERS PARTS & ACCESSORIES","PRINTERS 3D ACCESSORIES","3D_PRINTER_HEATBEDS","123","14206","0,007","0,081","0,011","0,048"
"T & B","TOYS AND GAMES","OUTDOOR TOYS","PLAYGROUND TOYS","KIDS_TENTS","123","10442","0,007","0,206","0,008","0,28"
"FURNISHING & HOUSEWARE","HABERDASHERY","HABERDASHERY","HABERDASHERY","HABERDASHERY_EYELETS","123","4179","0,007","0,059","0,003","0,037"
"FURNISHING & HOUSEWARE","HOUSEHOLD ITEMS","KITCHEN HOME","COOKWARE","RAMEKINS","122","8279","0,007","0,058","0,006","0,073"
"HOME ELECTRONICS","AUDIO & GENERAL ELECTRONICS","PHYSICAL MEDIAS & HARDWARE FOR AUDIO & VIDEO","PHYSICAL MEDIAS & HARDWARE FOR AUDIO & VIDEO","DIGITAL_PORTABLE_MEDIA_PLAYER_COVERS_AND_BAGS","122","8666","0,007","0,149","0,007","0,13"
"SPORTS","MOUNTAIN & OUTDOORS","FISHING","FISHING_GEAR_AND_ACCESSORIES","FISHING_TACKLE_BOXES","122","6793","0,007","0,22","0,005","0,191"
"CONSTRUCTION & INDUSTRY","TOOLS","MEASURING TOOLS","OTHER MEASURING TOOLS","MECHANICAL_TALLY_COUNTERS","122","7909","0,007","0,039","0,006","0,04"
"SPORTS","WATER SPORTS","DIVING","DIVING","DIVING_MASKS","122","8434","0,007","0,22","0,007","0,237"
"FURNISHING & HOUSEWARE","HOUSEHOLD ITEMS","GRILLS & OUTDOOR COOKING","OUTDOOR COOK ACC","GRILL_GRATES","121","7043","0,007","0,058","0,005","0,062"
"BEAUTY","BEAUTY PERSONAL CARE","SOLAR CARE","BODY SOLAR CARE","SELF_TANNERS","121","11901","0,007","0,1","0,009","0,124"
"CPG","PET","PET HOUSES, TOYS & FASHION","PET HOUSES","CAT_HOUSES","121","5311","0,007","0,038","0,004","0,044"
"T & B","TOYS AND GAMES","MOUNTABLE TOY VEHICLES","MOUNTABLE VEHICLES","BALANCE_BICYCLES","121","11506","0,007","0,202","0,009","0,309"
"HEALTH","HEALTH GOODS","MASSAGERS","OTHER MASSAGERS","ELECTRIC_MASSAGE_PILLOWS","121","10111","0,007","0,115","0,008","0,122"
"FURNISHING & HOUSEWARE","HOUSEHOLD ITEMS","ORGANIZATION","KITCHEN ORG","KITCHEN_TOWEL_RACKS","121","4815","0,007","0,058","0,004","0,043"
"TECHNOLOGY","SMARTPHONES & TABLETS","TABLETS & READERS","E-READERS","E_READERS","121","56481","0,007","0,079","0,044","0,193"
"BEAUTY","BEAUTY PROFESSIONAL","BEAUTY SALOON","FURNITURE","HAIRDRESSING_TRAINING_HEADS","120","7065","0,007","0,099","0,005","0,074"
"CONSTRUCTION & INDUSTRY","CONSTRUCTION","FLOORING & COATING","OTHERS FLOORS & COATING","FLOORS_WALLS_AND_APERTURES","120","8038","0,007","0,038","0,006","0,04"
"BEAUTY","BEAUTY PROFESSIONAL","MANICURE & PEDICURE","MANICURE ACCESSORIES & EQUIPMENTS","NAIL_GLUES","120","2489","0,007","0,099","0,002","0,026"
"TECHNOLOGY","SMARTPHONES & TABLETS","SMARTPHONES PARTS & ACCESSORIES","SMARTPHONES PARTS","CELLPHONE_CAMERA_REPLACEMENT_LENSES","120","2179","0,007","0,079","0,002","0,007"
"VEHICLE PARTS & ACCESSORIES","ACC AGRO VEHICLES & EQUIPMENT","CROPS","CROPS","AGRICULTURAL_SEEDS","120","11512","0,007","0,123","0,009","0,138"
"VEHICLE PARTS & ACCESSORIES","ACC CARS & VANS","CARS & VANS ACCESSORIES","CARS & VANS ACCESSORIES INTERIOR","VEHICLE_CUP_HOLDERS","120","7660","0,007","0,123","0,006","0,092"
"CONSTRUCTION & INDUSTRY","HOME OUTDOORS","LANDSCAPING & GARDEN CENTER","OTHER LANDSCAPING & GARDEN CENTER","GARDENING","120","4269","0,007","0,038","0,003","0,021"
"VEHICLE PARTS & ACCESSORIES","ACC CARS & VANS","CARS & VANS ACCESSORIES","CARS & VANS ACCESSORIES INTERIOR","VEHICLE_TRASH_BAGS","120","3986","0,007","0,123","0,003","0,048"
"HEALTH","MEDICINES","PRESCRIPTION MEDICINES","PRESCRIPTION MEDICINES","RX_DIGESTIVE_AND_METABOLIC_MEDICINES","120","5329","0,007","0,114","0,004","0,064"
"T & B","PARTY","PARTY EQUIPMENT","PARTY MACHINES","CANDY_BAR_CARTS","120","3231","0,007","0,201","0,003","0,087"
"CPG","PET","PET HOUSES, TOYS & FASHION","PET FASHION","PET_DRESSES","119","3046","0,007","0,038","0,002","0,025"
"CPG","PET","PET ACCESSORIES","LEASHES & COLLARS","PET_TAGS","119","4191","0,007","0,038","0,003","0,035"
"TECHNOLOGY","SMARTPHONES & TABLETS","ACCESSORIES & PARTS FOR COMMUNICATION","TELEPHONES PARTS","TELEPHONE_CABLES","119","3666","0,007","0,078","0,003","0,013"
"FURNISHING & HOUSEWARE","TEXTILES","DINING & KITCHEN TEXTILES","TABLECLOTHS, PLACEMATS & NAPKINS","FABRIC_NAPKINS","119","5958","0,007","0,057","0,005","0,053"
"CPG","FOODS","GROCERIES","BAKERY","COOKING_YEASTS","119","3009","0,007","0,038","0,002","0,025"
"SPORTS","SPORTS ACCESSORIES","SPORTS ACCESSORIES","SPORTS ACCESSORIES","SPORT_PROTECTIVE_GEAR_KITS","119","9878","0,007","0,215","0,008","0,277"
"VEHICLE PARTS & ACCESSORIES","ACC CARS & VANS","CARS & VANS REPLACEMENT PARTS","CARS & VANS OTHERS","VEHICLE_SUSPENSION_BALL_JOINTS","119","9877","0,007","0,122","0,008","0,118"
"OTHERS","OTHER","OTHER","OTHER","BONGS","118","9687","0,007","1,228","0,008","1,733"
"FURNISHING & HOUSEWARE","HOUSEHOLD ITEMS","KITCHEN HOME","PREP, GADGETS AND ACC","WHIPPED_CREAM_DISPENSERS","118","11809","0,007","0,056","0,009","0,105"
"VEHICLE PARTS & ACCESSORIES","ACC CARS & VANS","CARS & VANS REPLACEMENT PARTS","CARS & VANS OTHERS","VEHICLE_STEERING_WHEELS","118","25287","0,007","0,121","0,02","0,302"
"CONSTRUCTION & INDUSTRY","INDUSTRY","ADVERTISEMENT & GRAPHIC DESIGN","ADVERTISEMENT & GRAPHIC DESIGN","BROCHURES","118","8007","0,007","0,037","0,006","0,04"
"CONSTRUCTION & INDUSTRY","TOOLS","POWER TOOLS","CUTTING","ELECTRIC_CIRCULAR_SAWS","118","35987","0,007","0,037","0,028","0,18"
"HOME ELECTRONICS","HOUSEHOLD APPLIANCES PARTS","REFRIGERATION PARTS","REFRIGERATOR & FREEZER PARTS","REFRIGERATOR_AND_FREEZER_DOOR_GASKETS","118","6087","0,007","0,144","0,005","0,091"
"SPORTS","INDOOR SPORTS","GYM","GYM ACCESORIES","GYMNASTIC_HAND_GRIPS","118","12796","0,007","0,213","0,01","0,359"
"T & B","TOYS AND GAMES","ELECTRONIC TOYS","ELECTRONIC TOYS","TOY_WRISTWATCHES","118","4795","0,007","0,197","0,004","0,129"
"OTHERS","OTHER","OTHER","OTHER","COINS","118","9205","0,007","1,228","0,007","1,647"
"VEHICLE PARTS & ACCESSORIES","ACC CARS & VANS","CARS & VANS REPLACEMENT PARTS","CARS & VANS OTHERS","VEHICLE_REFLECTIVE_TAPES","118","4136","0,007","0,121","0,003","0,049"
"CONSTRUCTION & INDUSTRY","HOME OUTDOORS","WATERING & IRRIGATION","WATERING ACCESSORIES","WATERING_CANS","117","3260","0,006","0,037","0,003","0,016"
"VEHICLE PARTS & ACCESSORIES","ACC CARS & VANS","CARS & VANS REPLACEMENT PARTS","CARS & VANS FLUIDS","VEHICLE_WINDSHIELD_WIPER_FLUIDS","117","2998","0,006","0,12","0,002","0,036"
"T & B","BABY","BREASTFEED & EATING ACCESSORIES","BREASTFEED ACCESSORIES","NIPPLE_SHIELDS","117","5143","0,006","0,196","0,004","0,138"
"VEHICLE PARTS & ACCESSORIES","OILS & FILTERS","OILS","COMMERCIAL VEHICLES OILS","VEHICLE_HYDRAULIC_CIRCUIT_OILS","116","11996","0,006","0,119","0,009","0,143"
"VEHICLE PARTS & ACCESSORIES","ACC CARS & VANS","CARS & VANS REPLACEMENT PARTS","CARS & VANS WHEELS","VEHICLE_WHEEL_NUT_COVERS","116","4116","0,006","0,119","0,003","0,049"
"VEHICLE PARTS & ACCESSORIES","ACC CARS & VANS","CARS & VANS ACCESSORIES","CARS & VANS ACCESSORIES INTERIOR","VEHICLE_STEERING_WHEEL_COVERS","116","4212","0,006","0,119","0,003","0,05"
"CONSTRUCTION & INDUSTRY","STATIONERY","OFFICE & SCHOOL SUPPLIES","OTHER OFFICE & SCHOOL SUPPLIES","BINDING_SPINES","116","4286","0,006","0,037","0,003","0,021"
"TECHNOLOGY","CAMERAS & DRONES","STUDIO & LIGHTING","PHOTOGRAPHIC ACCESSORIES","PHOTOGRAPHIC_DIFFUSERS","116","11949","0,006","0,076","0,009","0,041"
"SPORTS","INDOOR SPORTS","GYM","GYM ACCESORIES","GYMNASTIC_HOOPS_AND_PILATES_RINGS","116","2950","0,006","0,209","0,002","0,083"
"SPORTS","CYCLING AND OTHERS","BICYCLES ACCESORIES AND SPARE PARTS","BICYCLES ACCESORIES AND SPARE PARTS","TIRE_SEALANTS","116","7032","0,006","0,209","0,005","0,197"
"ENTERTAINMENT","MUSICAL INSTRUMENTS","STRING INSTRUMENTS","OTHER STRING INSTRUMENTS & ACCESORIES","STRING_INSTRUMENT_STRAPS","116","6100","0,006","0,375","0,005","0,249"
"BEAUTY","BEAUTY PROFESSIONAL","BEAUTY SALOON","SALOON SUPPLIES","STRAIGHT_RAZORS","116","4261","0,006","0,096","0,003","0,044"
"HEALTH","HEALTH GOODS","PHARMACY ARTICLES","PHARMACY ARTICLES","LICE_COMBS","115","3212","0,006","0,109","0,002","0,039"
"CPG","CPG PERSONAL CARE","PERSONAL CARE ESSENTIALS","FEMENINE CARE","TAMPONS","115","2133","0,006","0,037","0,002","0,018"
"VEHICLE PARTS & ACCESSORIES","ACC TIRES","AUTOMOTIVE TIRES","AUTOMOTIVE TIRES","VEHICLE_TIRE_REPAIR_KITS","115","3957","0,006","0,118","0,003","0,047"
"SPORTS","INDOOR SPORTS","GYM","GYM DUMBBELLS AND WEIGHTS","WEIGHT_PLATES","115","10683","0,006","0,207","0,008","0,3"
"CPG","FOODS","FRESH FOOD","VEGETABLES AND FRUITS","VEGETABLES","115","2379","0,006","0,037","0,002","0,02"
"OTHERS","ANTIQUES & HOBBIES","ANTIQUES & HOBBIES","ANTIQUES & HOBBIES","HERB_GRINDERS","115","4441","0,006","1,197","0,003","0,795"
"VEHICLE PARTS & ACCESSORIES","ACC CARS & VANS","CARS & VANS REPLACEMENT PARTS","CARS & VANS OTHERS","VEHICLE_SOLENOID_VALVES","114","19976","0,006","0,117","0,016","0,239"
"HOME ELECTRONICS","TELEVISIONS & STREAMING DEVICES","TELEVISIONS PARTS","TELEVISIONS PARTS","TV_SMPS","114","7689","0,006","0,139","0,006","0,115"
"CONSTRUCTION & INDUSTRY","HOME OUTDOORS","WATERING & IRRIGATION","WATERING ACCESSORIES","HOSE_HOLDERS","114","3287","0,006","0,036","0,003","0,016"
"SPORTS","OTHER SPORTS","OTHER SPORTS","OTHER SPORTS","BRASS_KNUCKLES","114","3067","0,006","0,206","0,002","0,086"
"T & B","TOYS AND GAMES","ELECTRONIC TOYS","LAPTOPS & CELLPHONES","TOY_CELLPHONES","114","7959","0,006","0,191","0,006","0,213"
"T & B","TOYS AND GAMES","SUMMER TOYS & POOLS","INFLATABLE POOLS","INFLATABLE_POOLS","114","8841","0,006","0,191","0,007","0,237"
"CONSTRUCTION & INDUSTRY","TOOLS","POWER TOOLS","CUTTING","ELECTRIC_GAUGE_SHEARS","113","6779","0,006","0,036","0,005","0,034"
"SPORTS","CYCLING AND OTHERS","BICYCLES ACCESORIES AND SPARE PARTS","BICYCLES ACCESORIES AND SPARE PARTS","BICYCLE_CASSETTES","113","13706","0,006","0,204","0,011","0,385"
"BEAUTY","BEAUTY PROFESSIONAL","ESTHETIC","ELECTRIC ESTHETIC TOOLS","ELECTRONIC_MUSCLE_STIMULATORS","113","64539","0,006","0,093","0,05","0,673"
"HOME ELECTRONICS","HOUSEHOLD APPLIANCES PARTS","KITCHEN PARTS","BLENDER PARTS","BLENDER_AND_HAND_BLENDER_DRIVE_COUPLINGS","113","2833","0,006","0,138","0,002","0,043"
"BEAUTY","BEAUTY PROFESSIONAL","ESTHETIC","ESTHETIC SUPPLIES","MICROBLADING_NEEDLES","113","6433","0,006","0,093","0,005","0,067"
"HOME ELECTRONICS","HOUSEHOLD APPLIANCES PARTS","LAUNDRY PARTS","WASHING & DRYER MACHINE PARTS","WASHING_MACHINE_DRAIN_PUMPS","113","6473","0,006","0,138","0,005","0,097"
"FURNISHING & HOUSEWARE","HOUSEHOLD ITEMS","KITCHEN HOME","BREW","THERMO_REPLACEMENT_STOPPERS","113","2643","0,006","0,054","0,002","0,023"
"VEHICLE PARTS & ACCESSORIES","ACC CARS & VANS","CARS & VANS REPLACEMENT PARTS","CARS & VANS OTHERS","VEHICLE_WINDSHIELDS","113","13157","0,006","0,116","0,01","0,157"
"CONSTRUCTION & INDUSTRY","STATIONERY","OFFICE & SCHOOL SUPPLIES","OTHER OFFICE & SCHOOL SUPPLIES","BINDING_COVERS","113","5140","0,006","0,036","0,004","0,026"
"BEAUTY","BEAUTY PROFESSIONAL","ESTHETIC","ELECTRIC ESTHETIC TOOLS","ELECTRIC_FACIAL_STEAMERS","112","9169","0,006","0,093","0,007","0,096"
"T & B","TOYS AND GAMES","LIFELIKE TOYS","KITCHEN TOYS","TOY_KITCHEN_UTENSILS_KITS","112","7954","0,006","0,187","0,006","0,213"
"TECHNOLOGY","SMARTPHONES & TABLETS","ACCESSORIES & PARTS FOR COMMUNICATION","WALKIE TALKIE","WALKIE_TALKIE_COVERS","112","2520","0,006","0,073","0,002","0,009"
"VEHICLE PARTS & ACCESSORIES","ACC CARS & VANS","CARS & VANS REPLACEMENT PARTS","CARS & VANS TRANSMISSION","VEHICLE_GEARBOX_MOUNT_BRACKETS","112","15676","0,006","0,115","0,012","0,187"
"VEHICLE PARTS & ACCESSORIES","ACC CARS & VANS","CARS & VANS REPLACEMENT PARTS","CARS & VANS OTHERS","VEHICLE_SECURITY","111","6338","0,006","0,114","0,005","0,076"
"HOME ELECTRONICS","HOUSEHOLD APPLIANCES PARTS","LAUNDRY PARTS","WASHING & DRYER MACHINE PARTS","WASHING_MACHINE_SHOCK_ABSORBERS","111","5266","0,006","0,136","0,004","0,079"
"HOME ELECTRONICS","AUDIO & GENERAL ELECTRONICS","AUDIO","OTHER AUDIO DEVICES","SPEAKER_GRILLS","111","7258","0,006","0,136","0,006","0,109"
"CONSTRUCTION & INDUSTRY","STATIONERY","OFFICE & SCHOOL SUPPLIES","DRAFTING","DRAFTING_KITS","111","5923","0,006","0,035","0,005","0,03"
"VEHICLE PARTS & ACCESSORIES","ACC CARS & VANS","CARS & VANS REPLACEMENT PARTS","CARS & VANS ENGINE","VEHICLE_ENGINE_CYLINDER_HEAD_BOLTS","111","9535","0,006","0,114","0,007","0,114"
"VEHICLE PARTS & ACCESSORIES","ACC CARS & VANS","CARS & VANS REPLACEMENT PARTS","CARS & VANS ENGINE","VEHICLE_OIL_RADIATORS","111","31316","0,006","0,114","0,024","0,374"
"VEHICLE PARTS & ACCESSORIES","ACC CARS & VANS","CARS & VANS REPLACEMENT PARTS","CARS & VANS OTHERS","VEHICLE_PEDAL_COVERS","111","5271","0,006","0,114","0,004","0,063"
"VEHICLE PARTS & ACCESSORIES","ACC TIRES","OTHER ACC TIRES","OTHER ACC TIRES","CART_TIRES","111","6162","0,006","0,114","0,005","0,074"
"TECHNOLOGY","CONSOLE GAMING HARDWARE","GAMES ACCESSORIES","GAME PARTS","PORTABLE_GAME_CONSOLE_REPLACEMENT_BUTTONS","111","3595","0,006","0,073","0,003","0,012"
"CONSTRUCTION & INDUSTRY","TOOLS","MANUAL TOOLS","PLIERS","ANTI_STATIC_PLIERS","111","2311","0,006","0,035","0,002","0,012"
"T & B","TOYS AND GAMES","SUMMER TOYS & POOLS","BEACH TOYS","BEACH_BALLS","111","6013","0,006","0,186","0,005","0,161"
"TECHNOLOGY","IT PERIPHERALS, PARTS & ACCESSORIES","PERIPHERALS ACCESSORIES","NOTEBOOK ACCESSORIES","LAPTOP_BRIEFCASES","110","9416","0,006","0,072","0,007","0,032"
"T & B","BABY","BABY SECURITY","BABY SECURITY","OUTLET_PLUG_COVERS","110","2641","0,006","0,184","0,002","0,071"
"VEHICLE PARTS & ACCESSORIES","ACC CARS & VANS","CARS & VANS REPLACEMENT PARTS","CARS & VANS OTHERS","VEHICLE_ENGINE_PISTON_RING_SETS","109","9278","0,006","0,112","0,007","0,111"
"T & B","TOYS AND GAMES","DOLLS","DOLLS PLAY SETS","DOLLHOUSES","109","11017","0,006","0,182","0,009","0,295"
"HOME ELECTRONICS","AUDIO & GENERAL ELECTRONICS","AUDIO","AUDIO DEVICES","MEGAPHONES","109","8504","0,006","0,133","0,007","0,128"
"VEHICLE PARTS & ACCESSORIES","ACC VEHICULAR MULTIMEDIA","VEHICULAR STEREOS & SCREENS","VEHICULAR STEREOS","VEHICLE_SCREENS","109","7409","0,006","0,112","0,006","0,089"
"CPG","FOODS","GROCERIES","SAUCES & DRESSINGS","BALSAMIC_VINEGARS","109","4074","0,006","0,035","0,003","0,034"
"SPORTS","INDOOR SPORTS","GYM","GYM BARS","GYM_BARS","109","7027","0,006","0,197","0,005","0,197"
"VEHICLE PARTS & ACCESSORIES","ACC CARS & VANS","CARS & VANS REPLACEMENT PARTS","CARS & VANS OTHERS","VEHICLE_TOW_ROPES","108","5886","0,006","0,111","0,005","0,07"
"CONSTRUCTION & INDUSTRY","INDUSTRY","OFFICE EQUIPMENT","OFFICE EQUIPMENT","PROXIMITY_KEY_FOBS","108","5122","0,006","0,034","0,004","0,026"
"CONSTRUCTION & INDUSTRY","INDUSTRY","ADVERTISEMENT & GRAPHIC DESIGN","ADVERTISEMENT & GRAPHIC DESIGN","LAMINATORS","108","32018","0,006","0,034","0,025","0,16"
"CPG","CPG HOME CARE","LAUNDRY PRODUCTS","SHOE CLEANING","SHOE_BRUSHES","108","2859","0,006","0,034","0,002","0,024"
"SPORTS","MOUNTAIN & OUTDOORS","CAMPING","GEAR & EQUIPMENT","TACTICAL_POUCHES","108","6971","0,006","0,195","0,005","0,196"
"T & B","BABY","BABY BATHROOM","BABY BATHROOM ACCESSORIES","BABY_WASHCLOTHS","108","7773","0,006","0,181","0,006","0,208"
"VEHICLE PARTS & ACCESSORIES","ACC CARS & VANS","CARS & VANS REPLACEMENT PARTS","CARS & VANS OTHERS","VEHICLE_SPRING_SUSPENSIONS","107","20361","0,006","0,11","0,016","0,243"
"T & B","TOYS AND GAMES","TEDDIES","TEDDIES","PUPPETS_AND_MARIONETTES","107","6361","0,006","0,179","0,005","0,171"
"HEALTH","HEALTH GOODS","HEALTH PROFESSIONAL","MEDICAL SPECIALIZED EQUIPMENT","CPAP_MACHINES","107","54155","0,006","0,101","0,042","0,651"
"CONSTRUCTION & INDUSTRY","STATIONERY","ART & CRAFT SUPPLIES","ART & CRAFT SUPPLIES","EASELS","107","4992","0,006","0,034","0,004","0,025"
"T & B","BABY","BABY ACCESSORIES","MATERNITY ARTICLES","BABY_CHANGING_PADS","107","3983","0,006","0,179","0,003","0,107"
"SPORTS","CYCLING AND OTHERS","BICYCLES ACCESORIES AND SPARE PARTS","BICYCLES ACCESORIES AND SPARE PARTS","BICYCLE_BOTTLE_CAGES","107","4159","0,006","0,193","0,003","0,117"
"CONSTRUCTION & INDUSTRY","HOME OUTDOORS","POOL, HOT TUBES & SAUNA","POOL MAINTENANCE","POOL_CHLORINE_GENERATORS","107","30854","0,006","0,034","0,024","0,154"
"T & B","PARTY","SOUVENIRS","SOUVENIRS","CARDS_AND_INVITATIONS","107","4479","0,006","0,179","0,003","0,12"
"CONSTRUCTION & INDUSTRY","STATIONERY","OFFICE & SCHOOL SUPPLIES","OTHER OFFICE & SCHOOL SUPPLIES","BOOKMARKS","107","3322","0,006","0,034","0,003","0,017"
"CPG","PET","PET HOUSES, TOYS & FASHION","PET HOUSE EQUIPMENT","AQUARIUM_THERMOSTATS","106","7895","0,006","0,034","0,006","0,065"
"T & B","BABY","BREASTFEED & EATING ACCESSORIES","EATING ACCESSORIES","BABY_FOOD_DISPENSER_SPOONS","106","3454","0,006","0,177","0,003","0,093"
"T & B","TOYS AND GAMES","SHOOTERS & SWORDS","SHOOTERS & SWORDS","TOY_FOODS","106","5748","0,006","0,177","0,004","0,154"
"VEHICLE PARTS & ACCESSORIES","ACC VEHICULAR MULTIMEDIA","VEHICULAR AUDIO","VEHICULAR SPEAKERS","VEHICLE_COMPRESSION_DRIVERS","106","8859","0,006","0,109","0,007","0,106"
"FURNISHING & HOUSEWARE","HOUSEHOLD ITEMS","BATHROOM","BATHROOM ACCESSORIES","HAIR_DRYER_AND_FLAT_IRON_HOLDERS","106","4210","0,006","0,05","0,003","0,037"
"BEAUTY","BEAUTY PROFESSIONAL","ESTHETIC","ELECTRIC ESTHETIC TOOLS","BLACKHEAD_MANUAL_REMOVERS","106","2241","0,006","0,088","0,002","0,023"
"FURNISHING & HOUSEWARE","HOUSEHOLD ITEMS","TABLETOP","FLATWARE","KITCHEN_SPREADERS","106","2991","0,006","0,05","0,002","0,026"
"FASHION","APPAREL ACCESSORIES","OTHER APPAREL ACCESSORIES","OTHER APPAREL ACCESSORIES","HANDBAG_ORGANIZERS","106","4530","0,006","0,041","0,004","0,036"
"SPORTS","WATER SPORTS","OTHER WATER SPORTS","OTHER WATER SPORTS","DRY_BAGS","106","5494","0,006","0,191","0,004","0,154"
"BEAUTY","BEAUTY PROFESSIONAL","ESTHETIC","ESTHETIC SUPPLIES","CHINESE_MEDICAL_CUPS_SETS","106","5863","0,006","0,088","0,005","0,061"
"FURNISHING & HOUSEWARE","HOUSEHOLD ITEMS","KITCHEN HOME","PREP, GADGETS AND ACC","DECORATIVE_KITCHEN_STAMPS","105","2726","0,006","0,05","0,002","0,024"
"SPORTS","CYCLING AND OTHERS","BICYCLES ACCESORIES AND SPARE PARTS","BICYCLES ACCESORIES AND SPARE PARTS","BICYCLE_BELLS","105","3095","0,006","0,189","0,002","0,087"
"TECHNOLOGY","IT APPLIANCES","CONNECTIVITY & NETWORKS","MODEMS","MODEMS","105","11270","0,006","0,069","0,009","0,038"
"FURNISHING & HOUSEWARE","DECOR","ORNAMENTS","ORNAMENTS","DECORATIVE_PERFUME_BOTTLES","105","3515","0,006","0,05","0,003","0,031"
"CONSTRUCTION & INDUSTRY","TOOLS","POWER TOOLS","OTHER POWER TOOLS","ELECTRIC_TOOL_ARMATURES","105","7824","0,006","0,033","0,006","0,039"
"VEHICLE PARTS & ACCESSORIES","ACC CARS & VANS","CARS & VANS REPLACEMENT PARTS","CARS & VANS OTHERS","VEHICLE_BUMPER_GRILLES","105","8644","0,006","0,108","0,007","0,103"
"TECHNOLOGY","IT PERIPHERALS, PARTS & ACCESSORIES","STORAGE","DISCS & ACCESSORIES","HARD_DRIVES_AND_SSDS_CADDIES","105","2249","0,006","0,069","0,002","0,008"
"SPORTS","OTHER SPORTS","PAINTBALL","PAINTBALL","PAINTBALL_MASKS","105","3885","0,006","0,189","0,003","0,109"
"SPORTS","INDOOR SPORTS","BOXING AND MARTIAL ARTS","BAGS AND ACCESORIES","PUNCHING_BAGS","105","9843","0,006","0,189","0,008","0,276"
"HEALTH","HEALTH GOODS","HEALTH PROFESSIONAL","ORTHOPEDIC SPECIALIZED EQUIPMENT","ORTHOPEDIC_CANES","105","4975","0,006","0,1","0,004","0,06"
"CONSTRUCTION & INDUSTRY","TOOLS","POWER TOOLS","CUTTING","PLUNGE_ROUTERS","105","18463","0,006","0,033","0,014","0,092"
"CONSTRUCTION & INDUSTRY","CONSTRUCTION","PLUMBING","BORESCOPES","BORESCOPES","105","11912","0,006","0,033","0,009","0,06"
"FURNISHING & HOUSEWARE","HOUSEHOLD ITEMS","TABLETOP","FLATWARE","CHOPSTICKS","104","4059","0,006","0,049","0,003","0,036"
"FASHION","APPAREL","CLOTHING","OTHER APPAREL","FASHION_KIMONOS","104","4245","0,006","0,04","0,003","0,034"
"VEHICLE PARTS & ACCESSORIES","ACC MOTORCYCLES","MOTORCYCLE REPLACEMENT PARTS","MOTORCYCLE ELECTRONICS","MOTORCYCLE_STARTER_SWITCH_IGNITIONS","104","5701","0,006","0,107","0,004","0,068"
"CPG","PET","PET ACCESSORIES","OTHER ACCESSORIES","PET_SHAVINGS","104","2705","0,006","0,033","0,002","0,022"
"T & B","PARTY","PARTY DECORATION","PARTY DECORATION","PARTY_POM_POMS","104","2604","0,006","0,174","0,002","0,07"
"CONSTRUCTION & INDUSTRY","TOOLS","MANUAL TOOLS","OTHER MANUAL TOOLS","TAP_AND_DIE_KITS","104","7424","0,006","0,033","0,006","0,037"
"HOME ELECTRONICS","TELEVISIONS & STREAMING DEVICES","TELEVISIONS","TELEVISIONS","TELEVISIONS","103","45716","0,006","0,126","0,036","0,686"
"VEHICLE PARTS & ACCESSORIES","ACC CARS & VANS","CARS & VANS ACCESSORIES","CARS & VANS ACCESSORIES INTERIOR","VEHICLE_SEAT_BELT_COVERS","103","2568","0,006","0,106","0,002","0,031"
"CONSTRUCTION & INDUSTRY","CONSTRUCTION","PLUMBING","PLUMBING PUMPS","SUBMERSIBLE_PUMPS","103","29474","0,006","0,033","0,023","0,147"
"ENTERTAINMENT","MUSICAL INSTRUMENTS","STRING INSTRUMENTS","OTHER STRING INSTRUMENTS & ACCESORIES","MUSICAL_TUNERS","103","6059","0,006","0,333","0,005","0,247"
"CONSTRUCTION & INDUSTRY","INDUSTRY","INDUSTRY GENERAL EQUIPMENT","INDUSTRY GENERAL EQUIPMENT","WIRE_STRIPPER_MACHINES","103","7186","0,006","0,033","0,006","0,036"
"TECHNOLOGY","IT APPLIANCES","PRINTERS PARTS & ACCESSORIES","PRINTERS PARTS","PRINTER_SUPPLIES_KITS","103","8747","0,006","0,067","0,007","0,03"
"CONSTRUCTION & INDUSTRY","STATIONERY","ART & CRAFT SUPPLIES","ART & CRAFT SUPPLIES","ARTISTIC_MDF_BOARDS","103","4493","0,006","0,033","0,003","0,022"
"VEHICLE PARTS & ACCESSORIES","ACC CARS & VANS","CARS & VANS REPLACEMENT PARTS","CARS & VANS OTHERS","OTHER_VEHICLE_BRAKE_DISCS","103","12642","0,006","0,106","0,01","0,151"
"FASHION","APPAREL ACCESSORIES","JEWELRY","JEWELRY","JEWELRY","103","9306","0,006","0,04","0,007","0,073"
"FURNISHING & HOUSEWARE","TEXTILES","DINING & KITCHEN TEXTILES","TABLECLOTHS, PLACEMATS & NAPKINS","UNDERPLATES","103","5271","0,006","0,049","0,004","0,047"
"TECHNOLOGY","SMARTPHONES & TABLETS","SMARTPHONES PARTS & ACCESSORIES","SMARTPHONES DEVICE CHARGERS","CELLPHONE_CHARGER_PINS","103","989","0,006","0,067","0,001","0,003"
"TECHNOLOGY","IT PERIPHERALS, PARTS & ACCESSORIES","PARTS COMPONENTS","PC COMPONENTS","INTERNAL_LAPTOP_COOLERS_AND_FANS","102","6889","0,006","0,067","0,005","0,023"
"T & B","PARTY","PARTY SUPPLY","PARTY WHISTLES","COLOR_POWDERS","102","5064","0,006","0,171","0,004","0,136"
"T & B","BABY","BABY ACCESSORIES","BABY ACCESSORIES","INFANTS_HARNESSES_AND_WRIST_LEASHES","102","4112","0,006","0,171","0,003","0,11"
"VEHICLE PARTS & ACCESSORIES","ACC CARS & VANS","CARS & VANS REPLACEMENT PARTS","CARS & VANS OTHERS","VEHICLE_DOOR_HINGES","102","7989","0,006","0,105","0,006","0,095"
"CONSTRUCTION & INDUSTRY","INDUSTRY","SAFETY EQUIPMENT","SAFETY EQUIPMENT","FACIAL_PROTECTION_VISORS","102","3879","0,006","0,032","0,003","0,019"
"CPG","FOODS","GROCERIES","DRY FOOD","BREAD_CRUMBS","102","2749","0,006","0,032","0,002","0,023"
"HOME ELECTRONICS","SMALL APPLIANCES","KITCHEN","ELECTRIC KITCHEN TOOLS","ICE_MAKERS","102","22404","0,006","0,125","0,017","0,336"
"TECHNOLOGY","CAMERAS & DRONES","LENSES, PARTS & OTHERS","LENSES ACCESSORIES","CAMERA_LENS_FILTERS","102","13378","0,006","0,067","0,01","0,046"
"CONSTRUCTION & INDUSTRY","STATIONERY","ART & CRAFT SUPPLIES","ART & CRAFT SUPPLIES","PASTEL_PAINTS","102","4176","0,006","0,032","0,003","0,021"
"VEHICLE PARTS & ACCESSORIES","ACC CARS & VANS","CARS & VANS REPLACEMENT PARTS","CARS & VANS OTHERS","VEHICLE_HOOD_LOCKS","101","7967","0,006","0,104","0,006","0,095"
"CONSTRUCTION & INDUSTRY","CONSTRUCTION","PLUMBING","VALVES","PNEUMATIC_VALVES","101","9354","0,006","0,032","0,007","0,047"
"T & B","TOYS AND GAMES","OUTDOOR TOYS","OTHER OUTDOOR TOYS","ANIMAL_AND_BALL_HOPPERS","101","4543","0,006","0,169","0,004","0,122"
"OTHERS","ANTIQUES & HOBBIES","ANTIQUES & HOBBIES","ANTIQUES & HOBBIES","MEDAL_HANGERS","101","5078","0,006","1,051","0,004","0,909"
"CONSTRUCTION & INDUSTRY","STATIONERY","ART & CRAFT SUPPLIES","ART & CRAFT SUPPLIES","STENCIL_TRANSFER_PAPERS","101","5573","0,006","0,032","0,004","0,028"
"TECHNOLOGY","IT PERIPHERALS, PARTS & ACCESSORIES","PARTS COMPONENTS","PC COMPONENTS","COMPUTER_AND_GAME_CONSOLE_COOLER_AND_FAN_GRILLS","101","5784","0,006","0,066","0,004","0,02"
"FURNISHING & HOUSEWARE","DECOR","OTHERS DECOR","OTHERS DECOR","READING_STANDS","101","3853","0,006","0,048","0,003","0,034"
"T & B","TOYS AND GAMES","OTHER TOYS & GAMES","OTHER TOYS & GAMES","SPINNING_TOPS","101","5860","0,006","0,169","0,005","0,157"
"FURNISHING & HOUSEWARE","FURNITURE","FURNITURE SPARE PARTS & ACC","FURNITURE SPARE PARTS & ACC","FURNITURE_TRACKS","101","4650","0,006","0,048","0,004","0,041"
"OTHERS","OTHER","ESOTERIC","ESOTERIC","ESOTERIC_PERFUMES","101","3907","0,006","1,051","0,003","0,699"
"VEHICLE PARTS & ACCESSORIES","ACC CARS & VANS","CARS & VANS REPLACEMENT PARTS","CARS & VANS ELECTRONICS","VEHICLE_KILL_SWITCH_KEYS","100","4936","0,006","0,103","0,004","0,059"
"HOME ELECTRONICS","AUDIO & GENERAL ELECTRONICS","AUDIO ACCESSORIES","AUDIO INTERFACES & CROSSOVERS","AUDIO_INTERFACES","100","45586","0,006","0,122","0,035","0,684"
"CONSTRUCTION & INDUSTRY","TOOLS","MEASURING TOOLS","LEVEL","BUBBLE_LEVELS","100","3182","0,006","0,032","0,002","0,016"
"CPG","FOODS","GROCERIES","BAKERY","BAKING_POWDERS","100","2433","0,006","0,032","0,002","0,02"
"CONSTRUCTION & INDUSTRY","CONSTRUCTION","FLOORING & COATING","TILES & MOSAICS","CERAMIC_PORCELAIN_AND_DECORATIVE_TILES","100","4965","0,006","0,032","0,004","0,025"
"CONSTRUCTION & INDUSTRY","CONSTRUCTION","DOOR, WINDOW & FENCES","PERIMETER SECURITY","BIRD_SPIKES","100","8723","0,006","0,032","0,007","0,044"
"VEHICLE PARTS & ACCESSORIES","ACC CARS & VANS","CARS & VANS ACCESSORIES","CARS & VANS ACCESSORIES SECURITY","VEHICLE_ALARMS","100","12463","0,006","0,103","0,01","0,149"
"HOME ELECTRONICS","HOUSEHOLD APPLIANCES PARTS","HEATING & COOLING PARTS","AIR CONDITIONER PARTS","AIR_CONDITIONER_MOTORS","100","15356","0,006","0,122","0,012","0,23"
"CONSTRUCTION & INDUSTRY","STATIONERY","OFFICE & SCHOOL SUPPLIES","OTHER OFFICE & SCHOOL SUPPLIES","ERGONOMIC_ARMRESTS","100","4374","0,006","0,032","0,003","0,022"
"HOME ELECTRONICS","HOUSEHOLD APPLIANCES PARTS","BUILT IN PARTS","BUILT IN PARTS","RANGE_AND_OVEN_DOOR_SEALS","100","4687","0,006","0,122","0,004","0,07"
"HOME ELECTRONICS","HEATING, COOLING & AIR QUALITY","AIR QUALITY","AIR QUALITY","AIR_PURIFIERS","99","38975","0,005","0,121","0,03","0,585"
"CONSTRUCTION & INDUSTRY","CONSTRUCTION","DOOR, WINDOW & FENCES","HARDWARE","DOOR_PEEPHOLES_AND_VIEWERS","99","4133","0,005","0,031","0,003","0,021"
"HOME ELECTRONICS","HOUSEHOLD APPLIANCES PARTS","HEATING & COOLING PARTS","FAN PARTS","FAN_CAPACITORS","99","1786","0,005","0,121","0,001","0,027"
"HEALTH","HEALTH GOODS","EROTIC","SEX TOYS","PENIS_AND_TESTICLES_RINGS","99","3917","0,005","0,094","0,003","0,047"
"CONSTRUCTION & INDUSTRY","TOOLS","MANUAL TOOLS","OTHER MANUAL TOOLS","MANUAL_OIL_CANS","99","3318","0,005","0,031","0,003","0,017"
"CONSTRUCTION & INDUSTRY","INDUSTRY","GASTRONOMY & HOSPITALITY","GASTRONOMY & HOSPITALITY","MEAT_GRINDERS","99","13149","0,005","0,031","0,01","0,066"
"VEHICLE PARTS & ACCESSORIES","ACC CARS & VANS","CARS & VANS REPLACEMENT PARTS","CARS & VANS ELECTRONICS","VEHICLE_IGNITION_SWITCH_ACTUATORS","99","6431","0,005","0,102","0,005","0,077"
"CONSTRUCTION & INDUSTRY","INDUSTRY","UNIFORMS","UNIFORMS","WORK_JACKETS","98","17535","0,005","0,031","0,014","0,088"
"ENTERTAINMENT","MUSICAL INSTRUMENTS","MUSICAL KEYBOARDS","MUSICAL KEYBOARDS","MUSICAL_INSTRUMENT_CHARGERS","98","1837","0,005","0,317","0,001","0,075"
"SPORTS","MOUNTAIN & OUTDOORS","FISHING","FISHING_GEAR_AND_ACCESSORIES","FISHING_FLOATS","98","3422","0,005","0,177","0,003","0,096"
"HEALTH","HEALTH GOODS","HEALTH PROFESSIONAL","MEDICAL SPECIALIZED EQUIPMENT","BODY_FAT_CALIPERS","98","6345","0,005","0,093","0,005","0,076"
"ENTERTAINMENT","MUSICAL INSTRUMENTS","PERCUSION INSTRUMENTS","DRUMS & ACCESSORIES","DRUMHEADS","98","8255","0,005","0,317","0,006","0,337"
"CONSTRUCTION & INDUSTRY","TOOLS","MANUAL TOOLS","CUTTING AND ROUGHING","UTILITY_KNIVES_REPLACEMENT_BLADES","97","3811","0,005","0,031","0,003","0,019"
"TECHNOLOGY","IT PERIPHERALS, PARTS & ACCESSORIES","PARTS COMPONENTS","PC COMPONENTS","SOUND_CARDS","97","1999","0,005","0,064","0,002","0,007"
"VEHICLE PARTS & ACCESSORIES","ACC CARS & VANS","CARS & VANS REPLACEMENT PARTS","CARS & VANS OTHERS","VEHICLE_HOOD_RELEASE_CABLES","97","5427","0,005","0,099","0,004","0,065"
"VEHICLE PARTS & ACCESSORIES","ACC CARS & VANS","CARS & VANS REPLACEMENT PARTS","CARS & VANS ENGINE","VEHICLE_ENGINE_VALVES","97","4242","0,005","0,099","0,003","0,051"
"VEHICLE PARTS & ACCESSORIES","ACC CARS & VANS","CARS & VANS REPLACEMENT PARTS","CARS & VANS INTERIOR","VEHICLE_LIGHTERS","97","3329","0,005","0,099","0,003","0,04"
"FURNISHING & HOUSEWARE","HOUSEHOLD ITEMS","KITCHEN HOME","FOOD STORAGE","CEREAL_DISPENSERS","97","4674","0,005","0,046","0,004","0,041"
"VEHICLE PARTS & ACCESSORIES","ACC CARS & VANS","CARS & VANS REPLACEMENT PARTS","CARS & VANS OTHERS","VEHICLE_INNER_TIE_RODS","97","5338","0,005","0,099","0,004","0,064"
"CONSTRUCTION & INDUSTRY","CONSTRUCTION","CONSTRUCTION MACHINERY & ACC","TRUCKS & WHEELBARROWS","WHEELBARROWS","97","5914","0,005","0,031","0,005","0,03"
"BEAUTY","BEAUTY PERSONAL CARE","SOLAR CARE","BODY SOLAR CARE","SUN_TANNER_PRODUCTS","97","6995","0,005","0,08","0,005","0,073"
"VEHICLE PARTS & ACCESSORIES","ACC CARS & VANS","CARS & VANS REPLACEMENT PARTS","CARS & VANS TRANSMISSION","VEHICLE_MANUAL_TRANSMISSION_SHIFT_CABLES","97","8278","0,005","0,099","0,006","0,099"
"VEHICLE PARTS & ACCESSORIES","ACC CARS & VANS","CARS & VANS REPLACEMENT PARTS","CARS & VANS LIGHTING","VEHICLE_TAIL_LIGHT_LENSES","97","8139","0,005","0,099","0,006","0,097"
"VEHICLE PARTS & ACCESSORIES","ACC MOTORCYCLES","MOTORCYCLE ACCESSORIES","MOTORCYCLE ACCESSORIES EXTERIOR","BICYCLE_AND_MOTORCYCLE_ALARMS","96","6842","0,005","0,098","0,005","0,082"
"ENTERTAINMENT","MUSICAL INSTRUMENTS","MICROPHONES","MICROPHONES","POP_FILTERS","96","4433","0,005","0,31","0,003","0,181"
"SPORTS","CYCLING AND OTHERS","BICYCLES ACCESORIES AND SPARE PARTS","BICYCLES ACCESORIES AND SPARE PARTS","BICYCLE_REARVIEW_MIRRORS","96","3713","0,005","0,173","0,003","0,104"
"CONSTRUCTION & INDUSTRY","INDUSTRY","OFFICE EQUIPMENT","OFFICE EQUIPMENT","PROXIMITY_READERS","96","47466","0,005","0,03","0,037","0,237"
"T & B","TOYS AND GAMES","MUSICAL INSTRUMENT TOYS","MUSICAL INSTRUMENT TOYS","TOY_KEYBOARDS_AND_PIANOS","96","5626","0,005","0,161","0,004","0,151"
"TECHNOLOGY","SMARTPHONES & TABLETS","SMARTPHONES PARTS & ACCESSORIES","SMARTPHONES SIGNAL BOOSTERS","CELLPHONE_SIGNAL_BOOSTERS_KITS","96","3833","0,005","0,063","0,003","0,013"
"VEHICLE PARTS & ACCESSORIES","ACC CARS & VANS","CARS & VANS ACCESSORIES","CARS & VANS ACCESSORIES SECURITY","PARKING_BLOCKS","96","5484","0,005","0,098","0,004","0,066"
"VEHICLE PARTS & ACCESSORIES","ACC CARS & VANS","CARS & VANS REPLACEMENT PARTS","CARS & VANS ENGINE","VEHICLE_ENGINE_OIL_FILLER_CAPS","96","6605","0,005","0,098","0,005","0,079"
"TECHNOLOGY","WEARABLES","GAMING WEARABLES","VR WEARABLES","SMART_GLASSES","96","29430","0,005","0,063","0,023","0,1"
"CONSTRUCTION & INDUSTRY","HOME OUTDOORS","POOL, HOT TUBES & SAUNA","POOL ACCESSORIES","BEACH_BLANKETS_AND_MATS","96","3907","0,005","0,03","0,003","0,02"
"HOME ELECTRONICS","AUDIO & GENERAL ELECTRONICS","PHYSICAL MEDIAS & HARDWARE FOR AUDIO & VIDEO","PHYSICAL MEDIAS & HARDWARE FOR AUDIO & VIDEO","VIDEO_PLAYER_REMOTE_CONTROLS","96","2466","0,005","0,117","0,002","0,037"
"CONSTRUCTION & INDUSTRY","HOME OUTDOORS","SUN & RAIN COVERS","GAZEBOS, SHADES & SUN UMBRELLAS","SUN_UMBRELLAS","96","3270","0,005","0,03","0,003","0,016"
"CONSTRUCTION & INDUSTRY","TOOLS","MANUAL TOOLS","CUTTING AND ROUGHING","GLASS_CUTTERS","95","4067","0,005","0,03","0,003","0,02"
"CONSTRUCTION & INDUSTRY","INDUSTRY","TEXTIL INDUSTRY","TEXTIL INDUSTRY","SCREEN_PRINTERS","95","16378","0,005","0,03","0,013","0,082"
"TECHNOLOGY","IT PERIPHERALS, PARTS & ACCESSORIES","PERIPHERALS ACCESSORIES","NOTEBOOK ACCESSORIES","GRAPHICS_TABLETS","95","24979","0,005","0,062","0,019","0,085"
"VEHICLE PARTS & ACCESSORIES","ACC CARS & VANS","CARS & VANS REPLACEMENT PARTS","CARS & VANS OTHERS","VEHICLE_FUSE_BOXES","95","15652","0,005","0,097","0,012","0,187"
"T & B","TOYS AND GAMES","DOLLS","DOLLS PLAY SETS","DOLL_PLAYSETS","95","12793","0,005","0,159","0,01","0,343"
"CONSTRUCTION & INDUSTRY","HOME OUTDOORS","LANDSCAPING & GARDEN CENTER","GREEN WALLS","GREEN_WALLS_AND_LIVING_PAINTINGS","95","5278","0,005","0,03","0,004","0,026"
"BEAUTY","BEAUTY PERSONAL CARE","BODY CARE","BODY CARE","HAIR_REMOVAL_STRIPS","95","2744","0,005","0,078","0,002","0,029"
"SPORTS","CYCLING AND OTHERS","BICYCLES ACCESORIES AND SPARE PARTS","BICYCLES ACCESORIES AND SPARE PARTS","BICYCLE_CHAINS","95","7138","0,005","0,171","0,006","0,2"
"HEALTH","HEALTH GOODS","HEALTH PROFESSIONAL","DENTAL SPECIALIZED EQUIPMENT","DENTAL_ULTRASONIC_SCALERS","94","16117","0,005","0,089","0,013","0,194"
"SPORTS","CYCLING AND OTHERS","BICYCLES ACCESORIES AND SPARE PARTS","BICYCLES ACCESORIES AND SPARE PARTS","BICYCLE_DISC_BRAKE_ROTORS","94","4663","0,005","0,17","0,004","0,131"
"FURNISHING & HOUSEWARE","HOUSEHOLD ITEMS","BATHROOM","SHOWER CURTAINS AND HOOKS","CURTAIN_HOOKS","94","3301","0,005","0,045","0,003","0,029"
"VEHICLE PARTS & ACCESSORIES","ACC CARS & VANS","CARS & VANS REPLACEMENT PARTS","CARS & VANS ENGINE","VEHICLE_ENGINE_VALVE_COVERS","94","16861","0,005","0,096","0,013","0,201"
"CPG","PET","PET BEAUTY & HYGIENE","PET GROOMING","PET_COLOGNES_AND_PERFUMES","94","6888","0,005","0,03","0,005","0,057"
"CONSTRUCTION & INDUSTRY","STATIONERY","OFFICE & SCHOOL SUPPLIES","PEN, PENCILS & ACC","MECHANICAL_PENCIL_LEADS","94","2084","0,005","0,03","0,002","0,01"
"TECHNOLOGY","IT PERIPHERALS, PARTS & ACCESSORIES","PERIPHERALS ACCESSORIES","PC ACCESSORIES","COMPUTER_KEYBOARD_COVERS","94","2451","0,005","0,062","0,002","0,008"
"CONSTRUCTION & INDUSTRY","CONSTRUCTION","PAINTING","FLOOR PAINT","FLOOR_PAINTS","94","13747","0,005","0,03","0,011","0,069"
"SPORTS","CYCLING AND OTHERS","BICYCLES ACCESORIES AND SPARE PARTS","BICYCLES ACCESORIES AND SPARE PARTS","BICYCLE_SEAT_COVERS","94","2424","0,005","0,17","0,002","0,068"
"VEHICLE PARTS & ACCESSORIES","ACC CARS & VANS","CARS & VANS REPLACEMENT PARTS","CARS & VANS ENGINE","VEHICLE_ENGINE_CYLINDER_HEADS","94","32956","0,005","0,096","0,026","0,394"
"SPORTS","OTHER MAINSTREAM SPORTS","BASKETBALL","BASKETBALL","BASKETBALL_BALLS","94","8594","0,005","0,17","0,007","0,241"
"ENTERTAINMENT","MUSICAL INSTRUMENTS","STRING INSTRUMENTS","GUITARS & ACCESSORIES","GUITAR_COVERS_AND_BAGS","93","6623","0,005","0,301","0,005","0,27"
"CONSTRUCTION & INDUSTRY","TOOLS","POWER TOOLS","OTHER POWER TOOLS","ELECTRIC_SHARPENERS","93","5496","0,005","0,03","0,004","0,027"
"VEHICLE PARTS & ACCESSORIES","ACC CARS & VANS","CARS & VANS REPLACEMENT PARTS","CARS & VANS OTHERS","VEHICLE_BRAKE_HOSES","93","4486","0,005","0,095","0,003","0,054"
"VEHICLE PARTS & ACCESSORIES","ACC CARS & VANS","CARS & VANS REPLACEMENT PARTS","CARS & VANS STEERING & SUSPENSION","VEHICLE_SUSPENSION_CONTROL_ARMS","93","22874","0,005","0,095","0,018","0,273"
"CONSTRUCTION & INDUSTRY","CONSTRUCTION","CONSTRUCTION MATERIALS","HEAVY WORK","CEMENT","93","5583","0,005","0,03","0,004","0,028"
"ENTERTAINMENT","MUSICAL INSTRUMENTS","STRING INSTRUMENTS","GUITARS & ACCESSORIES","ELECTRIC_BASS_AND_GUITAR_PICKUPS","93","17158","0,005","0,301","0,013","0,7"
"T & B","BABY","BABY ACCESSORIES","MATERNITY ARTICLES","DIAPER_BAG_KITS","93","5909","0,005","0,156","0,005","0,158"
"FASHION","APPAREL ACCESSORIES","JEWELRY","JEWELRY","RING_SIZERS","92","4227","0,005","0,035","0,003","0,033"
"HOME ELECTRONICS","AUDIO & GENERAL ELECTRONICS","PHYSICAL MEDIAS & HARDWARE FOR AUDIO & VIDEO","PHYSICAL MEDIAS & HARDWARE FOR AUDIO & VIDEO","DISC_PACKAGINGS","92","4925","0,005","0,112","0,004","0,074"
"CONSTRUCTION & INDUSTRY","TOOLS","MEASURING TOOLS","AMBIENT","AMBIENT_THERMOMETERS","92","21337","0,005","0,029","0,017","0,107"
"CONSTRUCTION & INDUSTRY","HOME OUTDOORS","WATERING & IRRIGATION","IRRIGATION KITS","IRRIGATION_KITS","92","7392","0,005","0,029","0,006","0,037"
"FASHION","APPAREL ACCESSORIES","HATS","HATS","FOOTBALL_CAPS","92","5478","0,005","0,035","0,004","0,043"
"T & B","TOYS AND GAMES","MODELISM","MODELISM","MODEL_RAILROADING_ACCESSORIES","92","3206","0,005","0,154","0,002","0,086"
"BEAUTY","BEAUTY PROFESSIONAL","MANICURE & PEDICURE","MANICURE ACCESSORIES & EQUIPMENTS","NAIL_RHINESTONES","92","2320","0,005","0,076","0,002","0,024"
"CPG","CPG HOME CARE","CLEANING EQUIPMENT","CLEANING EQUIPMENT","DUSTPANS","92","2998","0,005","0,029","0,002","0,025"
"FASHION","APPAREL ACCESSORIES","JEWELRY","MEDALS","MEDALS","92","5022","0,005","0,035","0,004","0,04"
"CONSTRUCTION & INDUSTRY","SECURITY","DOOR AND GATE AUTOMIZATION","DOOR AND GATE AUTOMIZATION","GATE_MOTORS","92","19892","0,005","0,029","0,015","0,099"
"VEHICLE PARTS & ACCESSORIES","ACC TOOLS","VEHICLE TOOLS","WRENCHES","SPARK_PLUG_WRENCHES","92","2819","0,005","0,094","0,002","0,034"
"TECHNOLOGY","SMARTPHONES & TABLETS","SMARTPHONES PARTS & ACCESSORIES","SMARTPHONES ACCESSORIES","SIM_CARD_TRAYS","92","1608","0,005","0,06","0,001","0,005"
"T & B","BABY","BABY SECURITY","BABY SECURITY","DOOR_AND_STAIR_SAFETY_FENCES","92","2900","0,005","0,154","0,002","0,078"
"CONSTRUCTION & INDUSTRY","INDUSTRY","COMMERCE EQUIPMENT","COMMERCE EQUIPMENT","TAG_PIN_GUNS","92","3751","0,005","0,029","0,003","0,019"
"HOME ELECTRONICS","HOUSEHOLD APPLIANCES PARTS","HEATING & COOLING PARTS","AIR CONDITIONER PARTS","AIR_CONDITIONER_VALVES","91","12022","0,005","0,111","0,009","0,18"
"CONSTRUCTION & INDUSTRY","INDUSTRY","SAFETY EQUIPMENT","SAFETY EQUIPMENT","INDUSTRIAL_SAFETY_HARNESSES","91","11039","0,005","0,029","0,009","0,055"
"CONSTRUCTION & INDUSTRY","HOME OUTDOORS","WATERING & IRRIGATION","WATERING ACCESSORIES","IRRIGATION_TIMERS","91","11228","0,005","0,029","0,009","0,056"
"FURNISHING & HOUSEWARE","HOUSEHOLD ITEMS","BAR, WINE & ACC","WINE ACC","WINE_AERATORS","91","4530","0,005","0,043","0,004","0,04"
"SPORTS","OTHER SPORTS","SPORTS SHOOTING AND ARCHERY","SHOOTING","AIRSOFT_GUNS","91","38153","0,005","0,164","0,03","1,071"
"SPORTS","CYCLING AND OTHERS","BICYCLES ACCESORIES AND SPARE PARTS","BICYCLES ACCESORIES AND SPARE PARTS","BICYCLE_STEMS","91","3841","0,005","0,164","0,003","0,108"
"CPG","PET","PET PROFESSIONAL","PET PROFESSIONAL","DOG_BARK_CONTROL_COLLARS","91","6753","0,005","0,029","0,005","0,056"
"VEHICLE PARTS & ACCESSORIES","OILS & FILTERS","FILTERS","CARS & VANS FILTERS","VEHICLE_CABIN_FILTERS","91","3649","0,005","0,093","0,003","0,044"
"VEHICLE PARTS & ACCESSORIES","ACC MOTORCYCLES","MOTORCYCLE REPLACEMENT PARTS","MOTORCYCLE BODYWORK","MOTORCYCLE_HANDLEBAR_CLAMPS","91","3638","0,005","0,093","0,003","0,043"
"HEALTH","HEALTH GOODS","HEALTH PROFESSIONAL","MEDICAL SPECIALIZED EQUIPMENT","OTOSCOPES","91","10227","0,005","0,086","0,008","0,123"
"HOME ELECTRONICS","AUDIO & GENERAL ELECTRONICS","ELECTRONIC, TOOLS & COMPONENTS","ELECTRONIC COMPONENTS","MICROCONTROLLERS","91","8442","0,005","0,111","0,007","0,127"
"TECHNOLOGY","CAMERAS & DRONES","LENSES, PARTS & OTHERS","CAMERAS & DRONES LENSES","CAMERA_LENSES","91","86706","0,005","0,06","0,067","0,296"
"VEHICLE PARTS & ACCESSORIES","ACC CARS & VANS","CARS & VANS REPLACEMENT PARTS","CARS & VANS EXHAUST","VEHICLE_MUFFLERS","91","10610","0,005","0,093","0,008","0,127"
"SPORTS","INDOOR SPORTS","GYM","GYM ACCESORIES","FUNCTIONAL_TRAINING_BELTS","90","6199","0,005","0,162","0,005","0,174"
"SPORTS","FOOTBALL","FOOTBALL EQUIPMENT","FOOTBALL ACCESSORIES","FOOTBALL_JACKETS","90","11396","0,005","0,162","0,009","0,32"
"CPG","FOODS","FRESH FOOD","FROZEN FOOD","ICE_CREAM_AND_FROZEN_DESSERTS","90","2260","0,005","0,029","0,002","0,019"
"HEALTH","HEALTH GOODS","HEALTH PROFESSIONAL","DENTAL SPECIALIZED EQUIPMENT","ULTRASONIC_CLEANERS","90","14408","0,005","0,085","0,011","0,173"
"CONSTRUCTION & INDUSTRY","TOOLS","POWER TOOLS","STAPLING AND NAILING","ELECTRIC_STAPLERS_AND_BRAD_NAILERS","90","19255","0,005","0,029","0,015","0,096"
"CONSTRUCTION & INDUSTRY","CONSTRUCTION","BATHROOM & KITCHEN CONSTRUCTION","VANITIES & CABINETS","BATHROOM_VANITIES","90","8812","0,005","0,029","0,007","0,044"
"HOME ELECTRONICS","AUDIO & GENERAL ELECTRONICS","AUDIO","OTHER AUDIO DEVICES","TURNTABLE_NEEDLES","90","7016","0,005","0,11","0,005","0,105"
"CONSTRUCTION & INDUSTRY","INDUSTRY","TEXTIL INDUSTRY","TEXTIL INDUSTRY","EMBROIDERY_NEEDLES","90","2548","0,005","0,029","0,002","0,013"
"VEHICLE PARTS & ACCESSORIES","ACC CARS & VANS","CARS & VANS REPLACEMENT PARTS","CARS & VANS ENGINE","VEHICLE_ENGINE_CAMSHAFTS","90","21990","0,005","0,092","0,017","0,263"
"SPORTS","MOUNTAIN & OUTDOORS","CAMPING","SHELTER & SLEEP","SLEEPING_BAGS","90","6646","0,005","0,162","0,005","0,187"
"HOME ELECTRONICS","AUDIO & GENERAL ELECTRONICS","AUDIO","AUDIO DEVICES","BOOMBOXES","90","13635","0,005","0,11","0,011","0,205"
"VEHICLE PARTS & ACCESSORIES","ACC MOTORCYCLES","MOTORCYCLE ACCESSORIES","MOTORCYCLE ACCESSORIES CLOTHING & FOOTWEAR","MOTORCYCLE_JERSEYS","90","5704","0,005","0,092","0,004","0,068"
"SPORTS","INDOOR SPORTS","PILATES","PILATES","PILATES_AND_YOGA_BLOCKS","90","3680","0,005","0,162","0,003","0,103"
"VEHICLE PARTS & ACCESSORIES","ACC CARS & VANS","CARS & VANS REPLACEMENT PARTS","CARS & VANS OTHERS","VEHICLE_CANISTER_PURGE_VALVES","89","8398","0,005","0,091","0,007","0,1"
"TECHNOLOGY","CAMERAS & DRONES","STUDIO & LIGHTING","PHOTOGRAPHIC ACCESSORIES","PHOTOGRAPHIC_BACKDROPS","89","6342","0,005","0,058","0,005","0,022"
"T & B","TOYS AND GAMES","MUSICAL INSTRUMENT TOYS","MUSICAL INSTRUMENT TOYS","TOY_DRUMS","89","5186","0,005","0,149","0,004","0,139"
"VEHICLE PARTS & ACCESSORIES","ACC TIRES","OTHER ACC TIRES","OTHER ACC TIRES","VEHICLE_TIRE_VALVE_CAPS","89","2486","0,005","0,091","0,002","0,03"
"HEALTH","HEALTH GOODS","HEALTH PROFESSIONAL","DENTAL SPECIALIZED EQUIPMENT","DENTAL_CURING_LIGHTS","89","17140","0,005","0,084","0,013","0,206"
"TECHNOLOGY","IT APPLIANCES","PRINTERS PARTS & ACCESSORIES","PRINTERS PARTS","TONER_CHIPS","89","4214","0,005","0,058","0,003","0,014"
"VEHICLE PARTS & ACCESSORIES","ACC CARS & VANS","CARS & VANS REPLACEMENT PARTS","CARS & VANS ENGINE","VEHICLE_POWER_STEERING_PUMPS","89","21486","0,005","0,091","0,017","0,257"
"FURNISHING & HOUSEWARE","DECOR","ORNAMENTS","ORNAMENTS","WATER_BEADS","89","1854","0,005","0,042","0,001","0,016"
"CPG","PET","PET HOUSES, TOYS & FASHION","PET HOUSE EQUIPMENT","AQUARIUM_AIR_PUMPS","89","4110","0,005","0,028","0,003","0,034"
"T & B","TOYS AND GAMES","MOUNTABLE TOY VEHICLES","SCOOTERS","ELECTRIC_SCOOTERS","88","7329","0,005","0,147","0,006","0,197"
"FURNISHING & HOUSEWARE","HABERDASHERY","HABERDASHERY","HABERDASHERY","SAFETY_PINS","88","1790","0,005","0,042","0,001","0,016"
"CONSTRUCTION & INDUSTRY","TOOLS","MEASURING TOOLS","ELECTRICITY","VOLTMETERS","88","4234","0,005","0,028","0,003","0,021"
"SPORTS","CYCLING AND OTHERS","CLOTH AND EQUIPMENT","CLOTH AND EQUIPMENT","CYCLING_SETS","88","12086","0,005","0,159","0,009","0,339"
"CONSTRUCTION & INDUSTRY","INDUSTRY","COMMERCE EQUIPMENT","COMMERCE EQUIPMENT","COMMERCIAL_STACKABLE_CRATES","87","6599","0,005","0,028","0,005","0,033"
"TECHNOLOGY","IT PERIPHERALS, PARTS & ACCESSORIES","PARTS COMPONENTS","PC COMPONENTS","LCD_DISPLAYS","87","11000","0,005","0,057","0,009","0,038"
"HOME ELECTRONICS","HOUSEHOLD APPLIANCES PARTS","REFRIGERATION PARTS","REFRIGERATOR & FREEZER PARTS","REFRIGERATOR_AND_FREEZER_COMPRESSORS","87","11504","0,005","0,106","0,009","0,173"
"VEHICLE PARTS & ACCESSORIES","ACC MOTORCYCLES","MOTORCYCLE ACCESSORIES","MOTORCYCLE ACCESSORIES EXTERIOR","MOTORCYCLE_HANDLEBAR_PADS","87","2176","0,005","0,089","0,002","0,026"
"T & B","TOYS AND GAMES","ART & CRAFT","ART & CRAFT KITS PRODUCTS","DIAMOND_PAINT_KITS","87","4097","0,005","0,145","0,003","0,11"
"CONSTRUCTION & INDUSTRY","STATIONERY","ART & CRAFT SUPPLIES","ART & CRAFT SUPPLIES","CORK_SHEETS_AND_ROLLS","87","4597","0,005","0,028","0,004","0,023"
"CONSTRUCTION & INDUSTRY","TOOLS","POWER TOOLS","PAINTING TOOLS","PNEUMATIC_PAINT_SPRAYERS","87","7354","0,005","0,028","0,006","0,037"
"HOME ELECTRONICS","AUDIO & GENERAL ELECTRONICS","ELECTRONIC, TOOLS & COMPONENTS","ELECTRONIC TOOLS","FIBER_OPTIC_MEDIA_CONVERTERS","87","14417","0,005","0,106","0,011","0,216"
"SPORTS","MOUNTAIN & OUTDOORS","FISHING","FISHING_GEAR_AND_ACCESSORIES","FISHING_SNAPS","87","3156","0,005","0,157","0,002","0,089"
"VEHICLE PARTS & ACCESSORIES","ACC CARS & VANS","CARS & VANS REPLACEMENT PARTS","CARS & VANS OTHERS","VEHICLE_HEADLIGHT_LENSES","87","4702","0,005","0,089","0,004","0,056"
"ENTERTAINMENT","MUSICAL INSTRUMENTS","MUSICAL INSTRUMENTS ACCESSORIES","MUSICAL INSTRUMENTS ACCESSORIES","MUSIC_STANDS","86","4291","0,005","0,278","0,003","0,175"
"HOME ELECTRONICS","AUDIO & GENERAL ELECTRONICS","MULTIMEDIA","RADIO FREQUENCY MICROPHONES","REMOTE_SPEAKER_MICROPHONES","86","4357","0,005","0,105","0,003","0,065"
"CONSTRUCTION & INDUSTRY","TOOLS","MEASURING TOOLS","ELECTRICITY","ELECTRICITY_METERS","86","27977","0,005","0,027","0,022","0,14"
"CONSTRUCTION & INDUSTRY","HOME OUTDOORS","WATERING & IRRIGATION","WATERING ACCESSORIES","IRRIGATION_VALVES","86","8882","0,005","0,027","0,007","0,044"
"FURNISHING & HOUSEWARE","DECOR","ORNAMENTS","ORNAMENTS","DECORATIVE_WIND_CHIMES","86","6798","0,005","0,041","0,005","0,06"
"CPG","FOODS","COOKIES & SNACKS","SNACKS","SALTY_PREMIXES","86","2212","0,005","0,027","0,002","0,018"
"BEAUTY","BEAUTY PROFESSIONAL","ESTHETIC","ELECTRIC ESTHETIC TOOLS","RADIOFREQUENCY_MACHINES","86","8924","0,005","0,071","0,007","0,093"
"HEALTH","HEALTH GOODS","HEALTH PROFESSIONAL","MEDICAL SPECIALIZED EQUIPMENT","HUMAN_ORGAN_ANATOMICAL_MODELS","86","7450","0,005","0,082","0,006","0,09"
"FURNISHING & HOUSEWARE","HOUSEHOLD ITEMS","KITCHEN HOME","BREW","MATE_GOURDS","85","4268","0,005","0,04","0,003","0,038"
"SPORTS","CYCLING AND OTHERS","BICYCLES ACCESORIES AND SPARE PARTS","BICYCLES ACCESORIES AND SPARE PARTS","BICYCLE_CRANKSETS","85","9323","0,005","0,153","0,007","0,262"
"CONSTRUCTION & INDUSTRY","INDUSTRY","TEXTIL INDUSTRY","TEXTIL INDUSTRY","ELECTRIC_FABRIC_CUTTERS","85","7825","0,005","0,027","0,006","0,039"
"CONSTRUCTION & INDUSTRY","CONSTRUCTION","FLOORING & COATING","GLASS BLOCKS","GLASS_BLOCKS","85","1799","0,005","0,027","0,001","0,009"
"HEALTH","HEALTH GOODS","MASSAGERS","OTHER MASSAGERS","MASSAGE_STONES","85","5612","0,005","0,081","0,004","0,067"
"T & B","TOYS AND GAMES","SHOOTERS & SWORDS","SHOOTERS & SWORDS","TOY_BOWS_AND_ARROWS","85","2779","0,005","0,142","0,002","0,075"
"CPG","DRINKS","ALCOHOLICS","LIQUORS & SPIRITS","RUM","85","5505","0,005","0,027","0,004","0,046"
"HEALTH","MEDICINES","OTC MEDICINES","OTC MEDICINES","OTC_MUSCULOSKELETAL_MEDICINES","85","3203","0,005","0,081","0,002","0,038"
"VEHICLE PARTS & ACCESSORIES","ACC CARS & VANS","CARS & VANS REPLACEMENT PARTS","CARS & VANS OTHERS","VEHICLE_INTERIOR_LIGHTING_KITS","85","2032","0,005","0,087","0,002","0,024"
"T & B","PARTY","PARTY DECORATION","PARTY DECORATION ARTICLES","PARTY_PROPS","85","3932","0,005","0,142","0,003","0,105"
"HEALTH","MEDICINES","PRESCRIPTION MEDICINES","PRESCRIPTION MEDICINES","RX_URINARY_MEDICINES","84","3501","0,005","0,08","0,003","0,042"
"VEHICLE PARTS & ACCESSORIES","ACC TIRES","MOTORCYCLE TIRES","MOTORCYCLE TIRES","MOTORCYCLE_TIRES","84","13480","0,005","0,086","0,01","0,161"
"TECHNOLOGY","CAMERAS & DRONES","CAMERA ACCESSORIES","OTHER CAMERA ACCESSORIES","DIGITAL_PICTURE_FRAMES","84","14414","0,005","0,055","0,011","0,049"
"VEHICLE PARTS & ACCESSORIES","ACC MOTORCYCLES","MOTORCYCLE ACCESSORIES","MOTORCYCLE ACCESSORIES EXTERIOR","MOTORCYCLE_CASES","84","8790","0,005","0,086","0,007","0,105"
"VEHICLE PARTS & ACCESSORIES","ACC CARS & VANS","CARS & VANS REPLACEMENT PARTS","CARS & VANS ENGINE","VEHICLE_ALTERNATORS","84","21396","0,005","0,086","0,017","0,256"
"CPG","FOODS","BREAKFAST & CEREALS","SWEET","INSTANT_PUDDINGS","84","4836","0,005","0,027","0,004","0,04"
"CONSTRUCTION & INDUSTRY","CONSTRUCTION","BATHROOM & KITCHEN CONSTRUCTION","SANITARY WARE","URINALS","84","4227","0,005","0,027","0,003","0,021"
"SPORTS","CYCLING AND OTHERS","BICYCLES ACCESORIES AND SPARE PARTS","BICYCLES ACCESORIES AND SPARE PARTS","BICYCLE_BRAKE_AND_SHIFTER_CABLES","84","2164","0,005","0,151","0,002","0,061"
"CONSTRUCTION & INDUSTRY","STATIONERY","OFFICE & SCHOOL SUPPLIES","FOLDERS","FOLDER_DIVIDERS","84","1885","0,005","0,027","0,001","0,009"
"HOME ELECTRONICS","HOUSEHOLD APPLIANCES PARTS","PARTS","AIR CONDITIONER PARTS","AIR_CONDITIONER_INSTALLATION_KITS","84","5340","0,005","0,103","0,004","0,08"
"TECHNOLOGY","CAMERAS & DRONES","CAMERA ACCESSORIES","OTHER CAMERA ACCESSORIES","CAMERA_FLASHES","84","30217","0,005","0,055","0,023","0,103"
"T & B","TOYS AND GAMES","MUSICAL INSTRUMENT TOYS","MUSICAL INSTRUMENT TOYS","TOY_GUITARS","84","4601","0,005","0,14","0,004","0,123"
"BEAUTY","BEAUTY ELECTRONICS","BEAUTY ELECTRONICS","ELECTRONICS_ACCESSORIES","HAIR_REMOVAL_KITS","84","4502","0,005","0,069","0,004","0,047"
"ENTERTAINMENT","MUSICAL INSTRUMENTS","DJ CONSOLES & MIXERS","DJ CASES","DJ_EQUIPMENT_CASES","84","6256","0,005","0,271","0,005","0,255"
"VEHICLE PARTS & ACCESSORIES","ACC MOTORCYCLES","MOTORCYCLE REPLACEMENT PARTS","MOTORCYCLE BODYWORK","MOTORCYCLE_HANDLEBARS","83","5244","0,005","0,085","0,004","0,063"
"T & B","PARTY","PARTY COSTUMES & ACCESSORIES","COSPLAY","ARTIFICIAL_FEATHERS","83","2536","0,005","0,139","0,002","0,068"
"CONSTRUCTION & INDUSTRY","TOOLS","GARDEN TOOLS","ACCESSORIES AND SPARE PARTS","CHAINSAW_CHAINS","83","7041","0,005","0,026","0,005","0,035"
"CONSTRUCTION & INDUSTRY","TOOLS","MEASURING TOOLS","OTHER MEASURING TOOLS","ANGLE_FINDERS","83","4561","0,005","0,026","0,004","0,023"
"VEHICLE PARTS & ACCESSORIES","ACC CARS & VANS","CARS & VANS REPLACEMENT PARTS","CARS & VANS ELECTRONICS","VEHICLE_ENGINE_CONTROL_MODULES","83","44262","0,005","0,085","0,034","0,529"
"HEALTH","HEALTH GOODS","HEALTH PROFESSIONAL","MEDICAL SPECIALIZED EQUIPMENT","LABORATORY_PIPETTES","83","4951","0,005","0,079","0,004","0,059"
"ENTERTAINMENT","MUSICAL INSTRUMENTS","STRING INSTRUMENTS","OTHER STRING INSTRUMENTS & ACCESORIES","STRING_INSTRUMENT_CAPOS","83","2341","0,005","0,268","0,002","0,096"
"HOME ELECTRONICS","HOUSEHOLD APPLIANCES PARTS","CLEANING PARTS","CLEANING MACHINE PARTS","VACUUM_REPLACEMENT_HOSES","83","4700","0,005","0,101","0,004","0,071"
"TECHNOLOGY","SMARTPHONES & TABLETS","ACCESSORIES & PARTS FOR COMMUNICATION","TELEPHONES ACCESSORIES","IP_TELEPHONES","82","19223","0,005","0,054","0,015","0,066"
"FURNISHING & HOUSEWARE","HOUSEHOLD ITEMS","KITCHEN HOME","PREP, GADGETS AND ACC","KITCHEN_WHEEL_CUTTERS","82","3879","0,005","0,039","0,003","0,034"
"VEHICLE PARTS & ACCESSORIES","ACC CARS & VANS","CARS & VANS REPLACEMENT PARTS","CARS & VANS BODYWORK","VEHICLE_FENDER_LINERS","82","5933","0,005","0,084","0,005","0,071"
"HOME ELECTRONICS","HOUSEHOLD APPLIANCES PARTS","LAUNDRY PARTS","WASHING & DRYER MACHINE PARTS","WASHING_MACHINE_AGITATORS","82","3415","0,005","0,1","0,003","0,051"
"OTHERS","ANTIQUES & HOBBIES","ANTIQUES & HOBBIES","ANTIQUES & HOBBIES","ANTIQUE_TELEPHONES","82","5357","0,005","0,853","0,004","0,959"
"CONSTRUCTION & INDUSTRY","HOME OUTDOORS","POOL, HOT TUBES & SAUNA","POOL MAINTENANCE","FLOATING_CHLORINE_DISPENSERS","82","5605","0,005","0,026","0,004","0,028"
"VEHICLE PARTS & ACCESSORIES","ACC VEHICULAR MULTIMEDIA","VEHICULAR AUDIO","VEHICULAR SPEAKERS","AUTOMOTIVE_SPEAKER_BOXES","81","17881","0,004","0,083","0,014","0,214"
"FURNISHING & HOUSEWARE","HOUSEHOLD ITEMS","KITCHEN HOME","PREP, GADGETS AND ACC","BATTER_DISPENSERS","81","4146","0,004","0,039","0,003","0,037"
"FURNISHING & HOUSEWARE","HOUSEHOLD ITEMS","KITCHEN HOME","BREW","MATE_KITS","81","8284","0,004","0,039","0,006","0,073"
"TECHNOLOGY","IT APPLIANCES","CONNECTIVITY & NETWORKS","NETWORK CABLES & ACCESSORIES","NETWORK_CABLE_TESTERS","81","8359","0,004","0,053","0,006","0,029"
"VEHICLE PARTS & ACCESSORIES","ACC CARS & VANS","CARS & VANS REPLACEMENT PARTS","CARS & VANS OTHERS","VEHICLE_PEDALS_ASSEMBLY","81","8263","0,004","0,083","0,006","0,099"
"TECHNOLOGY","IT APPLIANCES","CONNECTIVITY & NETWORKS","NETWORK CABLES & ACCESSORIES","NETWORK_HUBS","81","10754","0,004","0,053","0,008","0,037"
"CPG","DRINKS","ALCOHOLICS","LIQUORS & SPIRITS","TEQUILAS","81","7047","0,004","0,026","0,005","0,058"
"BEAUTY","BEAUTY PROFESSIONAL","MANICURE & PEDICURE","MANICURE ACCESSORIES & EQUIPMENTS","DISPOSABLE_SLIPPERS_AND_FLIP_FLOPS","81","10803","0,004","0,067","0,008","0,113"
"SPORTS","OTHER MAINSTREAM SPORTS","TENNIS","TENNIS","RACKET_STRINGS","81","10375","0,004","0,146","0,008","0,291"
"OTHERS","ANTIQUES & HOBBIES","ANTIQUES & HOBBIES","ANTIQUES & HOBBIES","SPORT_COLLECTIBLES","81","7388","0,004","0,843","0,006","1,322"
"T & B","BABY","BABY BEDROOM","BABY PILLOWS & BLANKETS","BABY_CRIB_BUMPERS","81","6058","0,004","0,135","0,005","0,162"
"SPORTS","OTHER SPORTS","HUNTING","HUNTING","SLINGSHOTS","81","2183","0,004","0,146","0,002","0,061"
"VEHICLE PARTS & ACCESSORIES","ACC CARS & VANS","CARS & VANS REPLACEMENT PARTS","CARS & VANS ENGINE","VEHICLE_INTERCOOLER_HOSES","80","9563","0,004","0,082","0,007","0,114"
"CPG","FOODS","GROCERIES","DRY FOOD","LENTILS","80","1215","0,004","0,025","0,001","0,01"
"CONSTRUCTION & INDUSTRY","TOOLS","TOOL ACCESSORIES","CUTTING ACC","PLASMA_CUTTER_CONSUMABLES_KITS","80","4487","0,004","0,025","0,003","0,022"
"FURNISHING & HOUSEWARE","HOUSEHOLD ITEMS","BAR, WINE & ACC","BAR SETS & ACC","LIQUOR_DECANTERS","80","4205","0,004","0,038","0,003","0,037"
"HEALTH","HEALTH GOODS","HEALTH PROFESSIONAL","MEDICAL SPECIALIZED EQUIPMENT","NURSING_KITS","80","9583","0,004","0,076","0,007","0,115"
"FURNISHING & HOUSEWARE","HOUSEHOLD ITEMS","KITCHEN HOME","PREP, GADGETS AND ACC","MEAT_TENDERIZER_TOOLS","80","4142","0,004","0,038","0,003","0,037"
"T & B","TOYS AND GAMES","BOARD AND CARD GAMES","BOARD GAMES","MINIATURES","80","7094","0,004","0,134","0,006","0,19"
"FURNISHING & HOUSEWARE","HABERDASHERY","HABERDASHERY","HABERDASHERY","HABERDASHERY_FABRIC_FLOWERS","80","2579","0,004","0,038","0,002","0,023"
"SPORTS","OTHER MAINSTREAM SPORTS","TENNIS","TENNIS","TENNIS_WRISTBANDS","80","3028","0,004","0,144","0,002","0,085"
"CONSTRUCTION & INDUSTRY","STATIONERY","OFFICE & SCHOOL SUPPLIES","OTHER OFFICE & SCHOOL SUPPLIES","RUBBER_STAMP_INK_REFILLS","80","2479","0,004","0,025","0,002","0,012"
"TECHNOLOGY","SMARTPHONES & TABLETS","ACCESSORIES & PARTS FOR COMMUNICATION","TELEPHONES PARTS","CORDLESS_TELEPHONE_BATTERIES","80","2445","0,004","0,052","0,002","0,008"
"SPORTS","CYCLING AND OTHERS","BICYCLES ACCESORIES AND SPARE PARTS","BICYCLES ACCESORIES AND SPARE PARTS","CYCLING_COMPUTERS","80","21651","0,004","0,144","0,017","0,608"
"FURNISHING & HOUSEWARE","DECOR","ORNAMENTS","ORNAMENTS","TABLETOP_WATER_FOUNTAINS","80","6827","0,004","0,038","0,005","0,06"
"TECHNOLOGY","CAMERAS & DRONES","DRONES, PARTS & ACCESSORIES","DRONES, PARTS & ACCESSORIES","DRONE_BACKPACKS_AND_CASES","79","10593","0,004","0,052","0,008","0,036"
"HOME ELECTRONICS","AUDIO & GENERAL ELECTRONICS","MULTIMEDIA","SMART SPEAKERS","WHITE_NOISE_MACHINES","79","3987","0,004","0,097","0,003","0,06"
"HEALTH","HEALTH GOODS","HEALTH PROFESSIONAL","ORTHOPEDIC SPECIALIZED EQUIPMENT","CRUTCHES","79","3837","0,004","0,075","0,003","0,046"
"ENTERTAINMENT","MUSICAL INSTRUMENTS","DJ CONSOLES & MIXERS","DJ EQUIPMENT","TURNTABLES","79","21896","0,004","0,255","0,017","0,893"
"CONSTRUCTION & INDUSTRY","TOOLS","MEASURING TOOLS","PRESSURE","MANIFOLD_GAUGE_KITS","79","8671","0,004","0,025","0,007","0,043"
"ENTERTAINMENT","MUSICAL INSTRUMENTS","PERCUSION INSTRUMENTS","LITTLE PERCUSSION INSTRUMENTS","SINGING_BOWLS","79","4323","0,004","0,255","0,003","0,176"
"HEALTH","HEALTH GOODS","PHARMACY ARTICLES","PHARMACY ARTICLES","SALINE_SOLUTIONS","79","5254","0,004","0,075","0,004","0,063"
"TECHNOLOGY","IT PERIPHERALS, PARTS & ACCESSORIES","STORAGE","DISCS & ACCESSORIES","HARD_DRIVE_AND_SSD_DOCKING_STATIONS","79","19535","0,004","0,052","0,015","0,067"
"CPG","FOODS","GROCERIES","DRY FOOD","GRATED_COCONUT","79","1745","0,004","0,025","0,001","0,014"
"VEHICLE PARTS & ACCESSORIES","ACC CARS & VANS","CARS & VANS REPLACEMENT PARTS","CARS & VANS LIGHTING","VEHICLE_BRAKE_LIGHTS","79","4912","0,004","0,081","0,004","0,059"
"T & B","TOYS AND GAMES","LIFELIKE TOYS","KITCHEN TOYS","KITCHEN_PLAYSETS","79","5364","0,004","0,132","0,004","0,144"
"CONSTRUCTION & INDUSTRY","TOOLS","MANUAL TOOLS","CUTTING AND ROUGHING","DIE_STOCKS_AND_TAP_WRENCHES","79","8988","0,004","0,025","0,007","0,045"
"SPORTS","INDOOR SPORTS","GYM","GYM BARS","PUSH_UP_BARS","79","4503","0,004","0,142","0,004","0,126"
"CONSTRUCTION & INDUSTRY","HOME OUTDOORS","LANDSCAPING & GARDEN CENTER","LANDSCAPING ACC","LAWN_EDGINGS","79","5270","0,004","0,025","0,004","0,026"
"VEHICLE PARTS & ACCESSORIES","ACC CARS & VANS","CARS & VANS REPLACEMENT PARTS","CARS & VANS OTHERS","VEHICLE_TIMING_BELT_TENSIONER_PULLEYS","79","5986","0,004","0,081","0,005","0,072"
"T & B","PARTY","PARTY EQUIPMENT","PARTY EQUIPMENT","TEMPORARY_HAIR_PAINTS","79","1815","0,004","0,132","0,001","0,049"
"VEHICLE PARTS & ACCESSORIES","ACC CARS & VANS","CARS & VANS REPLACEMENT PARTS","CARS & VANS OTHERS","VEHICLE_DISTRIBUTION_CHAINS","78","7340","0,004","0,08","0,006","0,088"
"VEHICLE PARTS & ACCESSORIES","ACC CARS & VANS","CARS & VANS REPLACEMENT PARTS","CARS & VANS OTHERS","VEHICLE_WINDOW_CRANK_HANDLES","78","2656","0,004","0,08","0,002","0,032"
"FASHION","APPAREL ACCESSORIES","OTHER APPAREL ACCESSORIES","OTHER APPAREL ACCESSORIES","LEG_WARMERS","78","2476","0,004","0,03","0,002","0,02"
"CONSTRUCTION & INDUSTRY","HOME OUTDOORS","LANDSCAPING & GARDEN CENTER","PLANTS, BULBS & SEEDS","MOSSES","78","2674","0,004","0,025","0,002","0,013"
"CONSTRUCTION & INDUSTRY","CONSTRUCTION","ELECTRICAL","BREAKERS, LOAD CENTERS AND FUSES","TRANSFER_SWITCHES","78","14405","0,004","0,025","0,011","0,072"
"SPORTS","INDOOR SPORTS","BOXING AND MARTIAL ARTS","BAGS AND ACCESORIES","PUNCHING_BAG_SUPPORTS","78","3141","0,004","0,141","0,002","0,088"
"TECHNOLOGY","SMARTPHONES & TABLETS","SMARTPHONES PARTS & ACCESSORIES","SMARTPHONES ACCESSORIES","CELLPHONE_SELFIE_LIGHTS","78","4077","0,004","0,051","0,003","0,014"
"OTHERS","ANTIQUES & HOBBIES","ANTIQUES & HOBBIES","ANTIQUES & HOBBIES","RESIN_PIGMENTS","77","2605","0,004","0,801","0,002","0,466"
"VEHICLE PARTS & ACCESSORIES","ACC MOTORCYCLES","MOTORCYCLE REPLACEMENT PARTS","MOTORCYCLE BODYWORK","VEHICLE_METER_CASES","77","5679","0,004","0,079","0,004","0,068"
"ENTERTAINMENT","MUSICAL INSTRUMENTS","PERCUSION INSTRUMENTS","DRUMS & ACCESSORIES","ELECTRONIC_DRUMS","77","15471","0,004","0,249","0,012","0,631"
"SPORTS","INDOOR SPORTS","BALLET","BALLET","TUTUS","77","3048","0,004","0,139","0,002","0,086"
"T & B","PARTY","SOUVENIRS & COSTUMES","SOUVENIRS & COSTUMES","TOY_GLOVES","77","2679","0,004","0,129","0,002","0,072"
"SPORTS","OTHER SPORTS","SPORTS SHOOTING AND ARCHERY","SHOOTING","GUN_AMMUNITION_MAGAZINES","77","7855","0,004","0,139","0,006","0,221"
"CPG","PET","PET HOUSES, TOYS & FASHION","PET FASHION","PET_COSTUMES","77","2763","0,004","0,024","0,002","0,023"
"ENTERTAINMENT","MUSICAL INSTRUMENTS","WIND INSTRUMENTS","OTHER WIND INSTRUMENTS & ACCESORIES","SAXOPHONE_AND_CLARINET_REEDS","77","5055","0,004","0,249","0,004","0,206"
"CONSTRUCTION & INDUSTRY","TOOLS","POWER TOOLS","PAINTING TOOLS","PAINT_AND_MORTAR_MIXERS","77","5424","0,004","0,024","0,004","0,027"
"VEHICLE PARTS & ACCESSORIES","ACC CARS & VANS","CARS & VANS ACCESSORIES","CARS & VANS ACCESSORIES SECURITY","VEHICLE_TRACKERS","77","5840","0,004","0,079","0,005","0,07"
"VEHICLE PARTS & ACCESSORIES","ACC CARS & VANS","CARS & VANS REPLACEMENT PARTS","CARS & VANS OTHERS","VEHICLE_TOW_HOOKS","77","4422","0,004","0,079","0,003","0,053"
"ENTERTAINMENT","BOOKS AND OTHERS","MUSIC AND MEDIA CONTENT","MUSIC AND MEDIA CONTENT","MUSIC_MOVIES_AND_TV_SERIES","77","4145","0,004","0,249","0,003","0,169"
"SPORTS","INDOOR SPORTS","GYM","GYM DUMBBELLS AND WEIGHTS","BALANCE_DISCS_AND_HALF_BALLS","76","2960","0,004","0,137","0,002","0,083"
"VEHICLE PARTS & ACCESSORIES","ACC TOOLS","VEHICLE TOOLS","WRENCHES","VEHICLE_OIL_FILTER_WRENCHES","76","3680","0,004","0,078","0,003","0,044"
"FURNISHING & HOUSEWARE","HOUSEHOLD ITEMS","ORGANIZATION","KITCHEN ORG","KITCHEN_RAIL_ORGANIZERS","76","2647","0,004","0,036","0,002","0,023"
"HOME ELECTRONICS","AUDIO & GENERAL ELECTRONICS","AUDIO","OTHER AUDIO DEVICES","STUDIO_MONITORS","76","32402","0,004","0,093","0,025","0,486"
"CPG","FOODS","GROCERIES","OTHER GROCERIES","EDIBLE_PAPERS","76","3339","0,004","0,024","0,003","0,028"
"SPORTS","OTHER MAINSTREAM SPORTS","RUNNING","RUNNING","HYDRATION_BLADDERS","76","4617","0,004","0,137","0,004","0,13"
"HOME ELECTRONICS","HOUSEHOLD APPLIANCES PARTS","KITCHEN PARTS","MICROWAVE PARTS","MICROWAVE_FUSES","76","1289","0,004","0,093","0,001","0,019"
"HEALTH","HEALTH GOODS","HEALTH PROFESSIONAL","DENTAL SPECIALIZED EQUIPMENT","ORTHODONTIC_RETAINER_BOXES","76","2514","0,004","0,072","0,002","0,03"
"HOME ELECTRONICS","AUDIO & GENERAL ELECTRONICS","ELECTRONIC, TOOLS & COMPONENTS","ELECTRONIC COMPONENTS","PROTOBOARDS","76","1696","0,004","0,093","0,001","0,025"
"CONSTRUCTION & INDUSTRY","CONSTRUCTION","PAINTING","TEXTURE COATING","TEXTURE_COATINGS","76","8571","0,004","0,024","0,007","0,043"
"T & B","PARTY","PARTY EQUIPMENT","PARTY MACHINES","FOG_MACHINES","76","11124","0,004","0,127","0,009","0,298"
"ENTERTAINMENT","MUSICAL INSTRUMENTS","STRING INSTRUMENTS","GUITARS & ACCESSORIES","EFFECT_PEDAL_POWER_SUPPLIES","76","9613","0,004","0,246","0,007","0,392"
"CONSTRUCTION & INDUSTRY","INDUSTRY","GASTRONOMY & HOSPITALITY","GASTRONOMY & HOSPITALITY","RECEPTION_BELLS","75","1924","0,004","0,024","0,001","0,01"
"CONSTRUCTION & INDUSTRY","INDUSTRY","COMMERCE EQUIPMENT","COMMERCE EQUIPMENT","COUNTERFEIT_MONEY_DETECTOR_MACHINES","75","2666","0,004","0,024","0,002","0,013"
"T & B","TOYS AND GAMES","OTHER TOYS & GAMES","OTHER TOYS & GAMES","TOY_STORAGE_ORGANIZERS","75","5635","0,004","0,125","0,004","0,151"
"VEHICLE PARTS & ACCESSORIES","ACC CARS & VANS","CARS & VANS REPLACEMENT PARTS","CARS & VANS OTHERS","VEHICLE_THROTTLE_BODIES","75","12762","0,004","0,077","0,01","0,153"
"VEHICLE PARTS & ACCESSORIES","ACC CARS & VANS","CARS & VANS REPLACEMENT PARTS","CARS & VANS ELECTRONICS","VEHICLE_CENTRAL_DOOR_LOCK_SWITCHES","75","5214","0,004","0,077","0,004","0,062"
"SPORTS","FOOTBALL","FOOTBALL EQUIPMENT","FOOTBALL ACCESSORIES","FOOTBALL_GOALS","75","5371","0,004","0,135","0,004","0,151"
"BEAUTY","BEAUTY PROFESSIONAL","ESTHETIC","ESTHETIC SUPPLIES","FACIAL_PIGMENTS","75","7283","0,004","0,062","0,006","0,076"
"CPG","PET","PET BEAUTY & HYGIENE","PET GROOMING","PET_GROOMING_SCISSORS","75","4086","0,004","0,024","0,003","0,034"
"CONSTRUCTION & INDUSTRY","TOOLS","MEASURING TOOLS","PRESSURE","OXYGEN_PRESSURE_REGULATORS","75","9458","0,004","0,024","0,007","0,047"
"VEHICLE PARTS & ACCESSORIES","ACC MOTORCYCLES","MOTORCYCLE REPLACEMENT PARTS","MOTORCYCLE BODYWORK","MOTORCYCLE_FOOT_PEG_BRACKETS","75","3167","0,004","0,077","0,002","0,038"
"T & B","TOYS AND GAMES","MODELISM","MODELISM","MODEL_AIRCRAFT_PLANES","75","3313","0,004","0,125","0,003","0,089"
"FASHION","APPAREL","CLOTHING","SPORTSWEAR","SPORT_SKIRTS","75","3144","0,004","0,029","0,002","0,025"
"VEHICLE PARTS & ACCESSORIES","ACC CARS & VANS","CARS & VANS REPLACEMENT PARTS","CARS & VANS BRAKES","VEHICLE_BRAKE_MASTER_CYLINDER_RESERVOIRS","75","4905","0,004","0,077","0,004","0,059"
"VEHICLE PARTS & ACCESSORIES","ACC CARS & VANS","CARS & VANS ACCESSORIES","CARS & VANS ACCESSORIES EXTERIOR","VEHICLE_INTERIOR_DOOR_PULL_HANDLES","75","6058","0,004","0,077","0,005","0,072"
"CPG","FOODS","BREAKFAST & CEREALS","SWEET","POUND_CAKES","74","1498","0,004","0,024","0,001","0,012"
"VEHICLE PARTS & ACCESSORIES","ACC CARS & VANS","CARS & VANS REPLACEMENT PARTS","CARS & VANS OTHERS","VEHICLE_PARKING_BRAKE_HANDLES","74","7288","0,004","0,076","0,006","0,087"
"SPORTS","CYCLING AND OTHERS","BICYCLES ACCESORIES AND SPARE PARTS","BICYCLES ACCESORIES AND SPARE PARTS","BICYCLE_SHIFTERS","74","5185","0,004","0,133","0,004","0,146"
"FURNISHING & HOUSEWARE","HOUSEHOLD ITEMS","KITCHEN HOME","COOKWARE","FONDUE_KITS","74","5114","0,004","0,035","0,004","0,045"
"TECHNOLOGY","CAMERAS & DRONES","LENSES, PARTS & OTHERS","LENSES ACCESSORIES","CAMERA_LENS_ADAPTER_RINGS","74","4638","0,004","0,048","0,004","0,016"
"FURNISHING & HOUSEWARE","HOUSEHOLD ITEMS","GRILLS & OUTDOOR COOKING","OUTDOOR COOK ACC","ELECTRIC_CHARCOAL_AND_FIREWOOD_LIGHTERS","74","3072","0,004","0,035","0,002","0,027"
"HOME ELECTRONICS","SMALL APPLIANCES","HOUSING & CLEANING","VACUUM CLEANERS","ELECTRIC_BROOMS","74","1809","0,004","0,09","0,001","0,027"
"HEALTH","HEALTH GOODS","PHARMACY ARTICLES","PHARMACY ARTICLES","INHALER_SPACERS","74","3862","0,004","0,07","0,003","0,046"
"HEALTH","HEALTH GOODS","EROTIC","EROTIC","EROTIC_PUMPS","74","6103","0,004","0,07","0,005","0,073"
"SPORTS","OTHER MAINSTREAM SPORTS","TENNIS","TENNIS","TENNIS_AND_SQUASH_RACKET_VIBRATION_DAMPENERS","74","2799","0,004","0,133","0,002","0,079"
"CONSTRUCTION & INDUSTRY","CONSTRUCTION","ELECTRICAL","SOLAR ENERGY","SOLAR_PANELS","74","5950","0,004","0,023","0,005","0,03"
"BEAUTY","BEAUTY PROFESSIONAL","MANICURE & PEDICURE","MANICURE ACCESSORIES & EQUIPMENTS","INGROWN_NAIL_FIXERS","74","2465","0,004","0,061","0,002","0,026"
"FURNISHING & HOUSEWARE","HOUSEHOLD ITEMS","BAR, WINE & ACC","BAR SETS & ACC","BAR_MATS","74","3091","0,004","0,035","0,002","0,027"
"VEHICLE PARTS & ACCESSORIES","ACC CARS & VANS","CARS & VANS REPLACEMENT PARTS","CARS & VANS STEERING & SUSPENSION","VEHICLE_AXLE_BEARINGS","74","3972","0,004","0,076","0,003","0,047"
"HOME ELECTRONICS","SMALL APPLIANCES","KITCHEN","ELECTRIC KITCHEN TOOLS","FOOD_VACUUM_SEALERS","74","9747","0,004","0,09","0,008","0,146"
"VEHICLE PARTS & ACCESSORIES","ACC CARS & VANS","CARS & VANS REPLACEMENT PARTS","CARS & VANS TRANSMISSION","VEHICLE_CLUTCH_SLAVE_CYLINDERS","73","9802","0,004","0,075","0,008","0,117"
"VEHICLE PARTS & ACCESSORIES","ACC CARS & VANS","CARS & VANS REPLACEMENT PARTS","CARS & VANS BODYWORK","VEHICLE_HEADLIGHT_SUPPORT_BRACKETS","73","4465","0,004","0,075","0,003","0,053"
"HOME ELECTRONICS","HOUSEHOLD APPLIANCES PARTS","KITCHEN PARTS","MICROWAVE PARTS","MICROWAVE_PLATES","73","3289","0,004","0,089","0,003","0,049"
"VEHICLE PARTS & ACCESSORIES","ACC CARS & VANS","CARS & VANS REPLACEMENT PARTS","CARS & VANS ELECTRONICS","VEHICLE_VOLTAGE_REGULATORS","73","8740","0,004","0,075","0,007","0,104"
"CONSTRUCTION & INDUSTRY","CONSTRUCTION","ELECTRICAL","NET AND FIBER OPTIC","FIBER_OPTIC_SPLITTERS","73","1952","0,004","0,023","0,002","0,01"
"FURNISHING & HOUSEWARE","HOUSEHOLD ITEMS","KITCHEN HOME","PREP, GADGETS AND ACC","KITCHEN_MORTARS","73","2813","0,004","0,035","0,002","0,025"
"T & B","TOYS AND GAMES","OUTDOOR TOYS","OTHER OUTDOOR TOYS","TOY_KITES","72","2685","0,004","0,12","0,002","0,072"
"CONSTRUCTION & INDUSTRY","TOOLS","INDUSTRY TOOLS","INDUSTRY TOOLS","INDUSTRIAL_DUST_COLLECTORS","72","4424","0,004","0,023","0,003","0,022"
"VEHICLE PARTS & ACCESSORIES","ACC CARS & VANS","CARS & VANS REPLACEMENT PARTS","CARS & VANS OTHERS","VEHICLE_ENGINE_OIL_PANS","72","9307","0,004","0,074","0,007","0,111"
"FURNISHING & HOUSEWARE","HOUSEHOLD ITEMS","BAR, WINE & ACC","BAR SETS & ACC","MANUAL_BEER_DISPENSERS","72","9289","0,004","0,034","0,007","0,082"
"CPG","PET","PET HOUSES, TOYS & FASHION","PET HOUSES","AQUARIUM_HOODS","72","3338","0,004","0,023","0,003","0,028"
"CPG","FOODS","GROCERIES","SAUCES & DRESSINGS","DIPS_AND_SPREADS","72","2788","0,004","0,023","0,002","0,023"
"FURNISHING & HOUSEWARE","HOUSEHOLD ITEMS","KITCHEN HOME","PREP, GADGETS AND ACC","KITCHEN_CHEESE_SLICERS","72","2597","0,004","0,034","0,002","0,023"
"CONSTRUCTION & INDUSTRY","INDUSTRY","COMMERCE EQUIPMENT","COMMERCE EQUIPMENT","SHOPPING_CART_SAFETY_LOCK_CARDS","72","3089","0,004","0,023","0,002","0,015"
"TECHNOLOGY","CONSOLE GAMING HARDWARE","GAMES ACCESSORIES","GAME PARTS","ANTI_STATIC_MAGNETIC_MATS","72","4856","0,004","0,047","0,004","0,017"
"FASHION","APPAREL","CLOTHING","COAT AND JACKET","PONCHOS","72","4650","0,004","0,028","0,004","0,037"
"TECHNOLOGY","SMARTPHONES & TABLETS","ACCESSORIES & PARTS FOR COMMUNICATION","WALKIE TALKIE","WALKIE_TALKIE_BATTERIES","72","4130","0,004","0,047","0,003","0,014"
"CPG","FOODS","FRESH FOOD","DAIRY, EGGS & CHEESE","BUTTER","71","3425","0,004","0,023","0,003","0,028"
"FURNISHING & HOUSEWARE","HOUSEHOLD ITEMS","KITCHEN HOME","BAKEWARE","PASTRY_TIPS","71","1790","0,004","0,034","0,001","0,016"
"BEAUTY","BEAUTY PROFESSIONAL","MANICURE & PEDICURE","MANICURE ACCESSORIES & EQUIPMENTS","SCULPTURED_NAIL_FORMS","71","2283","0,004","0,059","0,002","0,024"
"CONSTRUCTION & INDUSTRY","INDUSTRY","COMMERCE EQUIPMENT","COMMERCE EQUIPMENT","LABEL_PRINTERS","71","18690","0,004","0,023","0,015","0,093"
"T & B","TOYS AND GAMES","ELECTRONIC TOYS","MICROPHONES & WALKIE TALKIES","KIDS_WALKIE_TALKIES","71","4928","0,004","0,119","0,004","0,132"
"BEAUTY","MAKEUP","MAKEUP KITS AND ACCESSORIES","MAKEUP KITS AND ACCESSORIES","COSMETIC_HEADBANDS","71","2761","0,004","0,059","0,002","0,029"
"VEHICLE PARTS & ACCESSORIES","ACC AGRO VEHICLES & EQUIPMENT","CROPS","CROPS","AGRICULTURAL_HERBICIDES","71","5356","0,004","0,073","0,004","0,064"
"FASHION","APPAREL ACCESSORIES","OTHER APPAREL ACCESSORIES","OTHER APPAREL ACCESSORIES","STOLES","71","2673","0,004","0,027","0,002","0,021"
"OTHERS","ANTIQUES & HOBBIES","ANTIQUES & HOBBIES","ANTIQUES & HOBBIES","PAINT_STENCILS","71","2570","0,004","0,739","0,002","0,46"
"SPORTS","OTHER SPORTS","PING PONG GAME","PING PONG GAME","TABLE_TENNIS_KITS","71","5825","0,004","0,128","0,005","0,164"
"CONSTRUCTION & INDUSTRY","CONSTRUCTION","PLUMBING","INSULATION","PIPE_INSULATIONS","71","3569","0,004","0,023","0,003","0,018"
"CPG","DRINKS","ALCOHOLICS","LIQUORS & SPIRITS","SAKES","71","2708","0,004","0,023","0,002","0,022"
"BEAUTY","BEAUTY PROFESSIONAL","BEAUTY SALOON","SALOON TOOLS","EYEBROW_TRIMMERS","71","1479","0,004","0,059","0,001","0,015"
"VEHICLE PARTS & ACCESSORIES","ACC CARS & VANS","CARS & VANS ACCESSORIES","CARS & VANS ACCESSORIES SECURITY","SAFETY_TRIANGLES","71","2139","0,004","0,073","0,002","0,026"
"HEALTH","HEALTH GOODS","HEALTH PROFESSIONAL","ORTHOPEDIC SPECIALIZED EQUIPMENT","CERVICAL_COLLARS","71","3316","0,004","0,067","0,003","0,04"
"SPORTS","MOUNTAIN & OUTDOORS","CAMPING","GEAR & EQUIPMENT","MAGNETIC_COMPASSES","70","1952","0,004","0,126","0,002","0,055"
"FURNISHING & HOUSEWARE","FURNITURE","STORAGE FURNITURE","RACKS","CLOTHING_RACKS","70","4676","0,004","0,033","0,004","0,041"
"VEHICLE PARTS & ACCESSORIES","ACC CARS & VANS","CARS & VANS REPLACEMENT PARTS","CARS & VANS OTHERS","VEHICLE_ENGINE_CONNECTING_RODS","70","14956","0,004","0,072","0,012","0,179"
"HEALTH","HEALTH GOODS","HEALTH PROFESSIONAL","MEDICAL SPECIALIZED EQUIPMENT","ECG_MACHINES","70","29704","0,004","0,066","0,023","0,357"
"CONSTRUCTION & INDUSTRY","CONSTRUCTION","PLUMBING","PLUMBING PUMPS","CENTRIFUGAL_AND_PERIPHERAL_PUMPS","69","19814","0,004","0,022","0,015","0,099"
"HOME ELECTRONICS","HOUSEHOLD APPLIANCES PARTS","CLEANING PARTS","CLEANING MACHINE PARTS","VACUUM_REPLACEMENT_MOTORS","69","8875","0,004","0,084","0,007","0,133"
"VEHICLE PARTS & ACCESSORIES","ACC CARS & VANS","CARS & VANS REPLACEMENT PARTS","CARS & VANS OTHERS","VEHICLE_DRUM_BRAKE_WHEEL_CYLINDERS","69","6561","0,004","0,071","0,005","0,078"
"HOME ELECTRONICS","HEATING, COOLING & AIR QUALITY","HEATING","HEATERS","GAS_HEATERS","69","6762","0,004","0,084","0,005","0,101"
"CONSTRUCTION & INDUSTRY","HOME OUTDOORS","WATERING & IRRIGATION","WATERING ACCESSORIES","IRRIGATION_DRIPPERS","69","2666","0,004","0,022","0,002","0,013"
"BEAUTY","BEAUTY PROFESSIONAL","MANICURE & PEDICURE","MANICURE ACCESSORIES & EQUIPMENTS","MANICURE_AND_PEDICURE_FINGER_SEPARATORS","69","1493","0,004","0,057","0,001","0,016"
"T & B","BABY","BABY BATHROOM","BABY BATHROOM ACCESSORIES","KIDS_FAUCET_EXTENDERS","69","1320","0,004","0,115","0,001","0,035"
"ENTERTAINMENT","MUSICAL INSTRUMENTS","MUSICAL INSTRUMENTS ACCESSORIES","MUSICAL INSTRUMENTS ACCESSORIES","MUSICAL_INSTRUMENTS","69","7098","0,004","0,223","0,006","0,29"
"TECHNOLOGY","CAMERAS & DRONES","CAMERA ACCESSORIES","OTHER CAMERA ACCESSORIES","ACTION_CAMERA_ACCESSORIES_KITS","69","3502","0,004","0,045","0,003","0,012"
"SPORTS","OTHER MAINSTREAM SPORTS","RUNNING","RUNNING","TREKKING_POLES","69","3954","0,004","0,124","0,003","0,111"
"TECHNOLOGY","CAMERAS & DRONES","LENSES, PARTS & OTHERS","OPTICAL INSTRUMENTS","MONOCULARS","69","9997","0,004","0,045","0,008","0,034"
"SPORTS","MOUNTAIN & OUTDOORS","CLIMBING","CLIMBING","CLIMBING_ROPES","69","5107","0,004","0,124","0,004","0,143"
"TECHNOLOGY","CONSOLE GAMING HARDWARE","GAMES ACCESSORIES","GAMES ACCESSORIES","GAME_CONSOLE_SCREEN_PROTECTORS","69","2056","0,004","0,045","0,002","0,007"
"TECHNOLOGY","IT PERIPHERALS, PARTS & ACCESSORIES","DESKTOP PC PARTS","COMPUTER CASES","DESKTOP_COMPUTER_CASES","69","9462","0,004","0,045","0,007","0,032"
"HEALTH","HEALTH GOODS","HEALTH PROFESSIONAL","DENTAL SPECIALIZED EQUIPMENT","DENTAL_PLIERS","69","2843","0,004","0,065","0,002","0,034"
"SPORTS","CYCLING AND OTHERS","BICYCLES ACCESORIES AND SPARE PARTS","BICYCLES ACCESORIES AND SPARE PARTS","BICYCLE_HUBS","68","8382","0,004","0,123","0,007","0,235"
"HOME ELECTRONICS","AUDIO & GENERAL ELECTRONICS","AUDIO","AUDIO DEVICES","HOME_THEATERS","68","15882","0,004","0,083","0,012","0,238"
"VEHICLE PARTS & ACCESSORIES","ACC CARS & VANS","CARS & VANS REPLACEMENT PARTS","CARS & VANS OTHERS","VEHICLE_ENGINE_INTAKE_MANIFOLDS","68","8074","0,004","0,07","0,006","0,096"
"CONSTRUCTION & INDUSTRY","INDUSTRY","COMMERCE EQUIPMENT","COMMERCE EQUIPMENT","STORE_SALE_PRICE_TAGS","68","2578","0,004","0,022","0,002","0,013"
"TECHNOLOGY","CAMERAS & DRONES","CAMERA ACCESSORIES","PHOTO FILMS","PHOTOGRAPHIC_FILM_ROLLS","68","8631","0,004","0,045","0,007","0,029"
"HOME ELECTRONICS","AUDIO & GENERAL ELECTRONICS","PHYSICAL MEDIAS & HARDWARE FOR AUDIO & VIDEO","PHYSICAL MEDIAS & HARDWARE FOR AUDIO & VIDEO","BLANK_DISCS","68","6763","0,004","0,083","0,005","0,101"
"FURNISHING & HOUSEWARE","FURNITURE","STORAGE FURNITURE","RACKS","CD_AND_DVD_STORAGE_FURNITURE","68","3843","0,004","0,032","0,003","0,034"
"VEHICLE PARTS & ACCESSORIES","ACC CARS & VANS","CARS & VANS REPLACEMENT PARTS","CARS & VANS OTHERS","VEHICLE_AC_COMPRESSOR_PRESSURE_DELAY_SWITCHES","68","6342","0,004","0,07","0,005","0,076"
"TECHNOLOGY","IT PERIPHERALS, PARTS & ACCESSORIES","PERIPHERALS ACCESSORIES","PC ACCESSORIES","ANTI_STATIC_BAGS","68","4895","0,004","0,045","0,004","0,017"
"CONSTRUCTION & INDUSTRY","STATIONERY","OFFICE & SCHOOL SUPPLIES","OTHER OFFICE & SCHOOL SUPPLIES","STAMP_PADS","68","1809","0,004","0,022","0,001","0,009"
"VEHICLE PARTS & ACCESSORIES","ACC MOTORCYCLES","MOTORCYCLE REPLACEMENT PARTS","MOTORCYCLE BRAKES","MOTORCYCLE_BRAKE_MASTER_CYLINDERS","68","6021","0,004","0,07","0,005","0,072"
"SPORTS","INDOOR SPORTS","GYM","GYM ACCESORIES","AB_ROLLER_WHEELS","68","3382","0,004","0,123","0,003","0,095"
"HOME ELECTRONICS","HOUSEHOLD APPLIANCES PARTS","REFRIGERATION PARTS","REFRIGERATOR & FREEZER PARTS","REFRIGERATORS_AND_FREEZERS_DOOR_HANDLES","68","3556","0,004","0,083","0,003","0,053"
"VEHICLE PARTS & ACCESSORIES","ACC CARS & VANS","CARS & VANS REPLACEMENT PARTS","CARS & VANS CLIMATIZATION","VEHICLE_AC_COMPRESSORS","68","45661","0,004","0,07","0,036","0,546"
"HOME ELECTRONICS","HOUSEHOLD APPLIANCES PARTS","KITCHEN PARTS","HOUSEHOLD ITEMS","RANGE_AND_OVEN_ELECTRIC_HEATING_ELEMENTS","68","5117","0,004","0,083","0,004","0,077"
"OTHERS","OTHER","OTHER","OTHER","HOOKAH_BOWLS","68","2188","0,004","0,708","0,002","0,391"
"CONSTRUCTION & INDUSTRY","INDUSTRY","OFFICE EQUIPMENT","OFFICE EQUIPMENT","FILE_BOXES","68","4543","0,004","0,022","0,004","0,023"
"OTHERS","OTHER","TATOOS","TATOOS","TATTOO_INKS","67","5048","0,004","0,697","0,004","0,903"
"BEAUTY","BEAUTY PERSONAL CARE","BODY CARE","BODY CARE","BATH_SALTS","67","2446","0,004","0,055","0,002","0,026"
"HOME ELECTRONICS","HOUSEHOLD APPLIANCES PARTS","LAUNDRY PARTS","WASHING & DRYER MACHINE PARTS","WASHING_MACHINE_DOOR_SWITCHES","67","3506","0,004","0,082","0,003","0,053"
"VEHICLE PARTS & ACCESSORIES","ACC CARS & VANS","CARS & VANS REPLACEMENT PARTS","CARS & VANS OTHERS","VEHICLE_CLUTCH_MASTER_CYLINDERS","67","3078","0,004","0,069","0,002","0,037"
"CONSTRUCTION & INDUSTRY","TOOLS","GARDEN TOOLS","ACCESSORIES AND SPARE PARTS","GARDEN_MACHINE_CARBURETORS","67","4331","0,004","0,021","0,003","0,022"
"BEAUTY","BEAUTY PROFESSIONAL","MANICURE & PEDICURE","NAIL POLISH","NAIL_POLISH_DRYING_SPRAYS_AND_DROPS","67","2518","0,004","0,055","0,002","0,026"
"T & B","TOYS AND GAMES","OUTDOOR TOYS","OTHER OUTDOOR TOYS","DRAGGING_TOYS","67","3246","0,004","0,112","0,003","0,087"
"VEHICLE PARTS & ACCESSORIES","ACC CARS & VANS","CARS & VANS REPLACEMENT PARTS","CARS & VANS ELECTRONICS","VEHICLE_MAP_SENSORS","67","4423","0,004","0,069","0,003","0,053"
"CPG","FOODS","SEASONAL FOOD","PANETTONES","PANETTONES","67","1741","0,004","0,021","0,001","0,014"
"SPORTS","CYCLING AND OTHERS","BICYCLES ACCESORIES AND SPARE PARTS","BICYCLES ACCESORIES AND SPARE PARTS","BICYCLE_REAR_DERAILLEURS","67","6881","0,004","0,121","0,005","0,193"
"SPORTS","OTHER SPORTS","PING PONG GAME","PING PONG GAME","TABLE_TENNIS_BALLS","67","2681","0,004","0,121","0,002","0,075"
"VEHICLE PARTS & ACCESSORIES","ACC CARS & VANS","CARS & VANS REPLACEMENT PARTS","CARS & VANS OTHERS","VEHICLE_FUEL_PRESSURE_REGULATORS","67","10524","0,004","0,069","0,008","0,126"
"VEHICLE PARTS & ACCESSORIES","ACC CARS & VANS","CARS & VANS REPLACEMENT PARTS","CARS & VANS OTHERS","VEHICLE_DISTRIBUTION_KITS","67","25767","0,004","0,069","0,02","0,308"
"CONSTRUCTION & INDUSTRY","HOME OUTDOORS","POOL, HOT TUBES & SAUNA","POOL INFRASTRUCTURE","POOL_MAIN_DRAINS","67","4587","0,004","0,021","0,004","0,023"
"SPORTS","OTHER MAINSTREAM SPORTS","TENNIS","TENNIS","TENNIS_BAGS","67","13098","0,004","0,121","0,01","0,368"
"CONSTRUCTION & INDUSTRY","INDUSTRY","COMMERCE EQUIPMENT","COMMERCE EQUIPMENT","STORAGE_DRUMS","67","2582","0,004","0,021","0,002","0,013"
"HOME ELECTRONICS","SMALL APPLIANCES","KITCHEN","ELECTRIC KITCHEN TOOLS","SPARKLING_WATER_MAKERS_AND_SELTZER_BOTTLES","66","25025","0,004","0,081","0,019","0,376"
"TECHNOLOGY","CAMERAS & DRONES","STUDIO & LIGHTING","PHOTOGRAPHIC ACCESSORIES","PHOTOGRAPHIC_BACKDROP_STANDS","66","4041","0,004","0,043","0,003","0,014"
"CONSTRUCTION & INDUSTRY","TOOLS","GARDEN TOOLS","ACCESSORIES AND SPARE PARTS","LAWN_MOWER_BLADES","66","3146","0,004","0,021","0,002","0,016"
"HEALTH","HEALTH GOODS","HEALTH PROFESSIONAL","MEDICAL SPECIALIZED EQUIPMENT","FETAL_DOPPLERS","66","4592","0,004","0,063","0,004","0,055"
"FURNISHING & HOUSEWARE","HOUSEHOLD ITEMS","KITCHEN HOME","BREW","MATE_STRAWS","66","4204","0,004","0,031","0,003","0,037"
"CPG","PET","PET HOUSES, TOYS & FASHION","PET HOUSE EQUIPMENT","AQUARIUM_THERMOMETERS","66","2906","0,004","0,021","0,002","0,024"
"TECHNOLOGY","CAMERAS & DRONES","CAMERA ACCESSORIES","OTHER CAMERA ACCESSORIES","CAMERA_STRAPS","66","2691","0,004","0,043","0,002","0,009"
"CONSTRUCTION & INDUSTRY","TOOLS","MANUAL TOOLS","OTHER MANUAL TOOLS","PNEUMATIC_GREASE_GUNS_AND_CONTAINERS","66","3837","0,004","0,021","0,003","0,019"
"FURNISHING & HOUSEWARE","HOUSEHOLD ITEMS","KITCHEN HOME","PREP, GADGETS AND ACC","PASTA_MACHINES","66","11585","0,004","0,031","0,009","0,103"
"TECHNOLOGY","IT APPLIANCES","PRINTERS PARTS & ACCESSORIES","PRINTERS ACCESSORIES","PRINTER_COVERS","66","2533","0,004","0,043","0,002","0,009"
"VEHICLE PARTS & ACCESSORIES","ACC CARS & VANS","CARS & VANS REPLACEMENT PARTS","CARS & VANS BODYWORK","VEHICLE_HOOD_INSULATION_PADS","66","6142","0,004","0,068","0,005","0,073"
"BEAUTY","BEAUTY PROFESSIONAL","ESTHETIC","ELECTRIC ESTHETIC TOOLS","DEPILATORY_WAX_WARMERS","66","5731","0,004","0,055","0,004","0,06"
"FURNISHING & HOUSEWARE","HOUSEHOLD ITEMS","KITCHEN HOME","PREP, GADGETS AND ACC","COOKING_BRUSHES","65","1548","0,004","0,031","0,001","0,014"
"SPORTS","INDOOR SPORTS","GYM","GYM ACCESORIES","AEROBICS_AND_FITNESS_EQUIPMENT","65","4217","0,004","0,117","0,003","0,118"
"FASHION","FOOTWEAR","SANDAL","SANDAL","ESPADRILLES","65","3644","0,004","0,025","0,003","0,029"
"CONSTRUCTION & INDUSTRY","CONSTRUCTION","DOOR, WINDOW & FENCES","FENCES & FARM GATES","HOUSE_FENCES","65","3607","0,004","0,021","0,003","0,018"
"SPORTS","CYCLING AND OTHERS","OTHERS","SCOOTERS","SCOOTER_TIRES","65","8772","0,004","0,117","0,007","0,246"
"TECHNOLOGY","IT PERIPHERALS, PARTS & ACCESSORIES","PERIPHERALS ACCESSORIES","PC ACCESSORIES","COMPUTER_PRIVACY_SCREENS","65","7540","0,004","0,043","0,006","0,026"
"CPG","PET","PET HOUSES, TOYS & FASHION","PET HOUSE EQUIPMENT","AQUARIUM_GRAVEL_CLEANERS","65","3183","0,004","0,021","0,002","0,026"
"HOME ELECTRONICS","SMALL APPLIANCES","KITCHEN","ELECTRIC KITCHEN TOOLS","MILK_FROTHERS","65","4919","0,004","0,079","0,004","0,074"
"TECHNOLOGY","CAMERAS & DRONES","CAMERA ACCESSORIES","OTHER CAMERA ACCESSORIES","EFFECTS_MACHINE_FLUIDS","65","4031","0,004","0,043","0,003","0,014"
"VEHICLE PARTS & ACCESSORIES","ACC CARS & VANS","CARS & VANS REPLACEMENT PARTS","CARS & VANS ENGINE","VEHICLE_ENGINE_TAPPET_GUIDE_HOLDS","65","10852","0,004","0,067","0,008","0,13"
"ENTERTAINMENT","MUSICAL INSTRUMENTS","WIND INSTRUMENTS","OTHER WIND INSTRUMENTS & ACCESORIES","HARMONICAS","65","5823","0,004","0,21","0,005","0,238"
"CONSTRUCTION & INDUSTRY","TOOLS","GARDEN TOOLS","ACCESSORIES AND SPARE PARTS","GARDEN_MACHINE_MOTORS","65","2563","0,004","0,021","0,002","0,013"
"CPG","PET","PET ACCESSORIES","OTHER ACCESSORIES","PET_STAIRS_AND_RAMPS","65","4985","0,004","0,021","0,004","0,041"
"BEAUTY","BEAUTY PROFESSIONAL","BEAUTY SALOON","SALOON TOOLS","SHAVING_BRUSHES","65","2194","0,004","0,054","0,002","0,023"
"FURNISHING & HOUSEWARE","HOUSEHOLD ITEMS","KITCHEN HOME","PREP, GADGETS AND ACC","CRUMB_SWEEPERS","65","1756","0,004","0,031","0,001","0,016"
"VEHICLE PARTS & ACCESSORIES","ACC TIRES","OTHER ACC TIRES","OTHER ACC TIRES","SCOOTER_TIRE_INNER_TUBES","65","2272","0,004","0,067","0,002","0,027"
"OTHERS","OTHER","OTHER","OTHER","HUMIDORS","65","8215","0,004","0,676","0,006","1,47"
"SPORTS","MOUNTAIN & OUTDOORS","FISHING","FISHING_GEAR_AND_ACCESSORIES","FISHING_SINKERS","64","2511","0,004","0,115","0,002","0,07"
"CONSTRUCTION & INDUSTRY","CONSTRUCTION","PLUMBING","PLUMBING PUMPS","HAND_DRAIN_PUMPS","64","2245","0,004","0,02","0,002","0,011"
"T & B","BABY","BREASTFEED & EATING ACCESSORIES","BREASTFEED ACCESSORIES","ELECTRIC_BABY_STERILIZERS","64","6565","0,004","0,107","0,005","0,176"
"CONSTRUCTION & INDUSTRY","CONSTRUCTION","FLOORING & COATING","RUBBER FLOORS","RUBBER_FLOORS","64","5250","0,004","0,02","0,004","0,026"
"VEHICLE PARTS & ACCESSORIES","ACC CARS & VANS","CARS & VANS REPLACEMENT PARTS","CARS & VANS ENGINE","VEHICLE_ENGINE_PISTONS","64","17175","0,004","0,066","0,013","0,205"
"HOME ELECTRONICS","HOUSEHOLD APPLIANCES PARTS","LAUNDRY PARTS","WASHING & DRYER MACHINE PARTS","WASHING_MACHINE_ELECTROVALVES","64","3512","0,004","0,078","0,003","0,053"
"CPG","PET","PET HOUSES, TOYS & FASHION","PET HOUSES","ANIMAL_CAGES","64","6650","0,004","0,02","0,005","0,055"
"SPORTS","OTHER SPORTS","HUNTING","HUNTING","HUNTING_NETS","64","5032","0,004","0,115","0,004","0,141"
"T & B","TOYS AND GAMES","ELECTRONIC TOYS","ELECTRONIC TOYS","AIR_POWER_BALLS","64","1496","0,004","0,107","0,001","0,04"
"HOME ELECTRONICS","AUDIO & GENERAL ELECTRONICS","AUDIO ACCESSORIES","AUDIO INTERFACES & CROSSOVERS","RECEIVERS_TRANSMITTERS_AND_MICROPHONES_KITS","64","11862","0,004","0,078","0,009","0,178"
"CONSTRUCTION & INDUSTRY","LIGHTING","OTHER HOME LIGHTING","OTHER HOME LIGHTING","HOME_LIGHTING_SUPPLIES","64","5910","0,004","0,02","0,005","0,03"
"CONSTRUCTION & INDUSTRY","INDUSTRY","ADVERTISEMENT & GRAPHIC DESIGN","ADVERTISEMENT & GRAPHIC DESIGN","PROMOTIONAL_PRODUCTS","63","2978","0,003","0,02","0,002","0,015"
"VEHICLE PARTS & ACCESSORIES","ACC TOOLS","PARTICULAR TOOLS","CHARGERS AND JUMP STARTERS","VEHICLE_ELECTRIC_CHARGERS","63","7776","0,003","0,065","0,006","0,093"
"CONSTRUCTION & INDUSTRY","HOME OUTDOORS","POOL, HOT TUBES & SAUNA","POOL MAINTENANCE","POOL_CLEANING_NETS","63","1996","0,003","0,02","0,002","0,01"
"CONSTRUCTION & INDUSTRY","INDUSTRY","PACKAGING","PACKAGING","PACKAGING_STRAPPINGS","63","4997","0,003","0,02","0,004","0,025"
"SPORTS","INDOOR SPORTS","BOXING AND MARTIAL ARTS","BAGS AND ACCESORIES","MARTIAL_ARTS_AND_BOXING_SHIN_GUARDS","63","9595","0,003","0,114","0,007","0,269"
"OTHERS","ANTIQUES & HOBBIES","ANTIQUES & HOBBIES","ANTIQUES & HOBBIES","PHOTOGRAPHS","63","2570","0,003","0,656","0,002","0,46"
"SPORTS","CYCLING AND OTHERS","BICYCLES ACCESORIES AND SPARE PARTS","BICYCLES ACCESORIES AND SPARE PARTS","BICYCLE_COVERS","63","3654","0,003","0,114","0,003","0,103"
"HOME ELECTRONICS","HOUSEHOLD APPLIANCES PARTS","REFRIGERATION PARTS","REFRIGERATOR & FREEZER PARTS","REFRIGERATOR_AND_FREEZER_HINGES","63","3942","0,003","0,077","0,003","0,059"
"FURNISHING & HOUSEWARE","HOUSEHOLD ITEMS","TABLETOP","SERVEWARE","CHAFING_DISHES","63","7416","0,003","0,03","0,006","0,066"
"FURNISHING & HOUSEWARE","HABERDASHERY","HABERDASHERY","HABERDASHERY","HABERDASHERY_STUDS","63","2187","0,003","0,03","0,002","0,019"
"CONSTRUCTION & INDUSTRY","CONSTRUCTION","ELECTRICAL","BREAKERS, LOAD CENTERS AND FUSES","VARIABLE_FREQUENCY_DRIVES","63","36808","0,003","0,02","0,029","0,184"
"VEHICLE PARTS & ACCESSORIES","ACC TOOLS","PARTICULAR TOOLS","JACKS AND STANDS","CARS_AND_VANS_JACK_STANDS","63","5449","0,003","0,065","0,004","0,065"
"SPORTS","INDOOR SPORTS","GYM","GYM ACCESORIES","BARBELL_COLLARS","63","2397","0,003","0,114","0,002","0,067"
"VEHICLE PARTS & ACCESSORIES","ACC MOTORCYCLES","MOTORCYCLE ACCESSORIES","MOTORCYCLE ACCESSORIES EXTERIOR","VEHICLE_SPARE_WHEEL_SUPPORTS","63","6018","0,003","0,065","0,005","0,072"
"BEAUTY","BEAUTY PERSONAL CARE","BODY CARE","BODY CARE","BACK_SCRATCHERS","62","1371","0,003","0,051","0,001","0,014"
"CPG","PET","PET ACCESSORIES","FEEDERS","RODENT_DRINKERS_AND_FEEDERS","62","1414","0,003","0,02","0,001","0,012"
"HOME ELECTRONICS","HOUSEHOLD APPLIANCES PARTS","LAUNDRY PARTS","WASHING & DRYER MACHINE PARTS","WASHING_MACHINE_PRESSURE_SWITCHES","62","4268","0,003","0,076","0,003","0,064"
"CPG","PET","PET FOOD & TREATS","OTHER PET FOOD & TREATS","REPTILE_AND_AMPHIBIAN_FOODS","62","3977","0,003","0,02","0,003","0,033"
"VEHICLE PARTS & ACCESSORIES","ACC CARS & VANS","CARS & VANS REPLACEMENT PARTS","CARS & VANS LIGHTING","VEHICLE_TURN_SIGNAL_LIGHT_LENSES","62","4338","0,003","0,064","0,003","0,052"
"CONSTRUCTION & INDUSTRY","TOOLS","GARDEN TOOLS","ACCESSORIES AND SPARE PARTS","BRUSH_CUTTERS_AND_STRING_TRIMMER_HEADS","62","2494","0,003","0,02","0,002","0,012"
"VEHICLE PARTS & ACCESSORIES","ACC CARS & VANS","CARS & VANS REPLACEMENT PARTS","CARS & VANS OTHERS","VEHICLE_GAUGE_HOLDERS","62","2630","0,003","0,064","0,002","0,031"
"SPORTS","CYCLING AND OTHERS","BICYCLES ACCESORIES AND SPARE PARTS","BICYCLES ACCESORIES AND SPARE PARTS","BICYCLE_CARGO_RACKS","62","4800","0,003","0,112","0,004","0,135"
"CONSTRUCTION & INDUSTRY","HOME OUTDOORS","LANDSCAPING & GARDEN CENTER","SYNTHETIC GRASS","SYNTHETIC_GRASS","62","1947","0,003","0,02","0,002","0,01"
"CONSTRUCTION & INDUSTRY","TOOLS","MEASURING TOOLS","OTHER MEASURING TOOLS","THICKNESS_METERS","62","4350","0,003","0,02","0,003","0,022"
"BEAUTY","BEAUTY ELECTRONICS","BEAUTY ELECTRONICS","ELECTRONICS_ACCESSORIES","HAIR_APPLIANCE_KITS","62","10163","0,003","0,051","0,008","0,106"
"SPORTS","CYCLING AND OTHERS","BICYCLES ACCESORIES AND SPARE PARTS","BICYCLES ACCESORIES AND SPARE PARTS","BICYCLE_DISC_BRAKE_KITS","62","9743","0,003","0,112","0,008","0,274"
"CONSTRUCTION & INDUSTRY","TOOLS","INDUSTRY TOOLS","INDUSTRY TOOLS","MECHANIC_LATHES","62","13329","0,003","0,02","0,01","0,067"
"T & B","TOYS AND GAMES","TOY VEHICLES","REMOTE CONTROL VEHICLES","RC_CONNECTORS","62","2779","0,003","0,104","0,002","0,075"
"SPORTS","CYCLING AND OTHERS","BICYCLES ACCESORIES AND SPARE PARTS","BICYCLES ACCESORIES AND SPARE PARTS","BICYCLE_SEAT_POSTS","62","4195","0,003","0,112","0,003","0,118"
"FURNISHING & HOUSEWARE","TEXTILES","CARPETS","CARPETS","CARPET_FLOORS","62","1965","0,003","0,029","0,002","0,017"
"SPORTS","CYCLING AND OTHERS","BICYCLES ACCESORIES AND SPARE PARTS","BICYCLES ACCESORIES AND SPARE PARTS","BICYCLE_ELECTRIC_ENGINE_KITS","62","9002","0,003","0,112","0,007","0,253"
"CONSTRUCTION & INDUSTRY","TOOLS","MANUAL TOOLS","PLIERS","HYDRAULIC_CRIMPING_PLIERS","62","13544","0,003","0,02","0,011","0,068"
"T & B","BABY","BABY TOYS & ACTIVITY CENTERS","ACTIVITY CENTERS","BABY_ACTIVITY_TABLES","62","4755","0,003","0,104","0,004","0,128"
"FASHION","APPAREL ACCESSORIES","OTHER APPAREL ACCESSORIES","OTHER APPAREL ACCESSORIES","SHOE_HORNS","62","1698","0,003","0,024","0,001","0,013"
"SPORTS","OTHER SPORTS","OTHER SPORTS","OTHER SPORTS","MACHETES","61","2845","0,003","0,11","0,002","0,08"
"CONSTRUCTION & INDUSTRY","INDUSTRY","COMMERCE EQUIPMENT","COMMERCE EQUIPMENT","COUNTERFEIT_MONEY_DETECTOR_PENS","61","1513","0,003","0,019","0,001","0,008"
"CONSTRUCTION & INDUSTRY","INDUSTRY","COMMERCE EQUIPMENT","COMMERCE EQUIPMENT","CANDY_AND_BALL_VENDING_MACHINES","61","4988","0,003","0,019","0,004","0,025"
"BEAUTY","MAKEUP","MAKEUP KITS AND ACCESSORIES","MAKEUP KITS AND ACCESSORIES","EYELASH_CURLERS","61","2331","0,003","0,05","0,002","0,024"
"CONSTRUCTION & INDUSTRY","STATIONERY","ART & CRAFT SUPPLIES","ART & CRAFT SUPPLIES","CRAFT_GLITTERS","61","1889","0,003","0,019","0,001","0,009"
"VEHICLE PARTS & ACCESSORIES","ACC MOTORCYCLES","MOTORCYCLE REPLACEMENT PARTS","MOTORCYCLE ELECTRONICS","MOTORCYCLE_SPEEDOMETER_CABLES","61","2828","0,003","0,063","0,002","0,034"
"CPG","PET","PET HOUSES, TOYS & FASHION","PET HOUSE EQUIPMENT","REPTILE_AND_AMPHIBIAN_TERRARIUM_LIGHT_BULBS","61","3605","0,003","0,019","0,003","0,03"
"FURNISHING & HOUSEWARE","TEXTILES","BATHROOM TEXTILES","TOWELS & TOILET RUGS","TURBAN_TOWELS","61","1453","0,003","0,029","0,001","0,013"
"TECHNOLOGY","IT APPLIANCES","CONNECTIVITY & NETWORKS","NETWORK CABLES & ACCESSORIES","SERVER_RACKS","61","4249","0,003","0,04","0,003","0,014"
"TECHNOLOGY","CONSOLE GAMING HARDWARE","ARCADE & PARTS","ARCADE & PARTS","ARCADE_MACHINE_COIN_DOORS","61","2094","0,003","0,04","0,002","0,007"
"CONSTRUCTION & INDUSTRY","TOOLS","MANUAL TOOLS","CUTTING AND ROUGHING","MANUAL_EDGE_BANDING_TRIMMERS","61","2416","0,003","0,019","0,002","0,012"
"VEHICLE PARTS & ACCESSORIES","ACC CARS & VANS","CARS & VANS REPLACEMENT PARTS","CARS & VANS BRAKES","VEHICLE_BRAKE_BOOSTERS","61","8054","0,003","0,063","0,006","0,096"
"HEALTH","HEALTH GOODS","HEALTH PROFESSIONAL","MEDICAL SPECIALIZED EQUIPMENT","MEDICAL_TOURNIQUETS","61","3175","0,003","0,058","0,002","0,038"
"FURNISHING & HOUSEWARE","HOUSEHOLD ITEMS","GRILLS & OUTDOOR COOKING","OUTDOOR COOK ACC","FIREWOOD","61","2609","0,003","0,029","0,002","0,023"
"VEHICLE PARTS & ACCESSORIES","ACC CARS & VANS","CARS & VANS REPLACEMENT PARTS","CARS & VANS INTERIOR","VEHICLE_IGNITION_CYLINDERS","60","5718","0,003","0,062","0,004","0,068"
"T & B","TOYS AND GAMES","ACTION FIGURES","ACTION FIGURES","DOLL_AND_ACTION_FIGURE_VEHICLES","60","4818","0,003","0,1","0,004","0,129"
"HOME ELECTRONICS","HOUSEHOLD APPLIANCES PARTS","KITCHEN PARTS","MICROWAVE PARTS","MICROWAVE_MICA_PAPER_SHEETS","60","1297","0,003","0,073","0,001","0,019"
"CONSTRUCTION & INDUSTRY","INDUSTRY","INDUSTRY GENERAL EQUIPMENT","INDUSTRY GENERAL EQUIPMENT","INDUSTRIAL_AND_COMERCIAL_EXHAUST_FANS","60","12821","0,003","0,019","0,01","0,064"
"VEHICLE PARTS & ACCESSORIES","ACC CARS & VANS","CARS & VANS REPLACEMENT PARTS","CARS & VANS BRAKES","VEHICLE_HAND_BRAKE_CABLES","60","6574","0,003","0,062","0,005","0,079"
"HEALTH","HEALTH GOODS","HEALTH PROFESSIONAL","MEDICAL SPECIALIZED EQUIPMENT","TEST_TUBE_RACKS","60","2211","0,003","0,057","0,002","0,027"
"CPG","DRINKS","ALCOHOLICS","LIQUORS & SPIRITS","COGNACS","60","3560","0,003","0,019","0,003","0,029"
"CONSTRUCTION & INDUSTRY","TOOLS","INDUSTRY TOOLS","INDUSTRY TOOLS","CNC_CONTROLLERS","60","48918","0,003","0,019","0,038","0,245"
"HOME ELECTRONICS","HOUSEHOLD APPLIANCES PARTS","KITCHEN PARTS","HOME APPLIANCES ACCESSORIES & SPARE PARTS","REPLACEMENT_COFFEE_POD_HOLDERS","60","2820","0,003","0,073","0,002","0,042"
"T & B","TOYS AND GAMES","ART & CRAFT","ART & CRAFT KITS PRODUCTS","MAGIC_SANDS","60","1732","0,003","0,1","0,001","0,046"
"TECHNOLOGY","IT APPLIANCES","PRINTERS PARTS & ACCESSORIES","PRINTERS PARTS","PRINTER_FUSERS","59","10690","0,003","0,039","0,008","0,036"
"VEHICLE PARTS & ACCESSORIES","ACC CARS & VANS","CARS & VANS REPLACEMENT PARTS","CARS & VANS ELECTRONICS","VEHICLE_HAZARD_WARNING_SWITCHES","59","3910","0,003","0,061","0,003","0,047"
"TECHNOLOGY","SMARTPHONES & TABLETS","SMARTPHONES PARTS & ACCESSORIES","SMARTPHONES ACCESSORIES","WIRELESS_CHARGING_RECEIVERS","59","3766","0,003","0,039","0,003","0,013"
"TECHNOLOGY","IT APPLIANCES","PRINTERS PARTS & ACCESSORIES","PRINTERS PARTS","PRINTER_PICK_UP_ROLLERS","59","4529","0,003","0,039","0,004","0,015"
"TECHNOLOGY","IT PERIPHERALS, PARTS & ACCESSORIES","PARTS COMPONENTS","PC COMPONENTS","KEYBOARD_SWITCHES","59","1968","0,003","0,039","0,002","0,007"
"HOME ELECTRONICS","HOUSEHOLD APPLIANCES PARTS","LAUNDRY PARTS","WASHING & DRYER MACHINE PARTS","WASHING_MACHINE_DRUM_SPIDERS","59","5235","0,003","0,072","0,004","0,079"
"VEHICLE PARTS & ACCESSORIES","ACC CARS & VANS","CARS & VANS REPLACEMENT PARTS","CARS & VANS ELECTRONICS","VEHICLE_TPS_SENSORS","59","3653","0,003","0,061","0,003","0,044"
"VEHICLE PARTS & ACCESSORIES","ACC CARS & VANS","CARS & VANS REPLACEMENT PARTS","CARS & VANS OTHERS","VEHICLE_IDLE_AIR_CONTROL_VALVES","59","5234","0,003","0,061","0,004","0,063"
"CONSTRUCTION & INDUSTRY","INDUSTRY","SAFETY EQUIPMENT","SAFETY EQUIPMENT","SAFETY_CONES","59","4748","0,003","0,019","0,004","0,024"
"CONSTRUCTION & INDUSTRY","HOME OUTDOORS","SUN & RAIN COVERS","AWNINGS, EAVES & OUTDOOR BLINDS","DOOR_AND_WINDOW_AWNINGS_AND_EAVES","59","3342","0,003","0,019","0,003","0,017"
"FURNISHING & HOUSEWARE","HOUSEHOLD ITEMS","KITCHEN HOME","BAKEWARE","CAKE_SMOOTHERS","59","1447","0,003","0,028","0,001","0,013"
"CONSTRUCTION & INDUSTRY","INDUSTRY","INDUSTRY GENERAL EQUIPMENT","INDUSTRY GENERAL EQUIPMENT","REFRIGERATOR_CRISPER_DRAWER_COVERS","59","3170","0,003","0,019","0,002","0,016"
"CONSTRUCTION & INDUSTRY","STATIONERY","OFFICE & SCHOOL SUPPLIES","OTHER OFFICE & SCHOOL SUPPLIES","WORLD_GLOBES","59","7147","0,003","0,019","0,006","0,036"
"ENTERTAINMENT","MUSICAL INSTRUMENTS","STRING INSTRUMENTS","GUITARS & ACCESSORIES","STRING_INSTRUMENT_PEGS","59","3187","0,003","0,191","0,002","0,13"
"T & B","BABY","STROLLERS & CAR SEATS","STROLLERS & CAR SEATS ACCEESSORIES","BABY_CAR_MIRRORS","58","3145","0,003","0,097","0,002","0,084"
"VEHICLE PARTS & ACCESSORIES","ACC CARS & VANS","CARS & VANS REPLACEMENT PARTS","CARS & VANS OTHERS","VEHICLE_ENGINE_FANS","58","7127","0,003","0,059","0,006","0,085"
"VEHICLE PARTS & ACCESSORIES","ACC CARS & VANS","CARS & VANS REPLACEMENT PARTS","CARS & VANS CLIMATIZATION","VEHICLE_AC_PANEL_KNOBS","58","2812","0,003","0,059","0,002","0,034"
"CONSTRUCTION & INDUSTRY","INDUSTRY","GASTRONOMY & HOSPITALITY","GASTRONOMY & HOSPITALITY","TAB_GRABBERS","58","2505","0,003","0,018","0,002","0,013"
"FASHION","APPAREL ACCESSORIES","OTHER APPAREL ACCESSORIES","OTHER APPAREL ACCESSORIES","BRA_EXTENDERS","58","1276","0,003","0,022","0,001","0,01"
"FURNISHING & HOUSEWARE","HOUSEHOLD ITEMS","KITCHEN HOME","PREP, GADGETS AND ACC","DEFROSTING_TRAYS","58","1598","0,003","0,028","0,001","0,014"
"TECHNOLOGY","CAMERAS & DRONES","STUDIO & LIGHTING","PHOTOGRAPHIC ACCESSORIES","PHOTOGRAPHIC_STUDIO_KITS","58","3773","0,003","0,038","0,003","0,013"
"CPG","FOODS","FRESH FOOD","DAIRY, EGGS & CHEESE","EGGS","58","3185","0,003","0,018","0,002","0,026"
"CONSTRUCTION & INDUSTRY","TOOLS","MEASURING TOOLS","DISTANCE","DIAL_INDICATORS","58","9141","0,003","0,018","0,007","0,046"
"HEALTH","HEALTH GOODS","HEALTH PROFESSIONAL","ORTHOPEDIC SPECIALIZED EQUIPMENT","ORTHOPEDIC_SHOULDER_PADS","58","2538","0,003","0,055","0,002","0,031"
"HEALTH","HEALTH GOODS","HEALTH PROFESSIONAL","DENTAL SPECIALIZED EQUIPMENT","DENTAL_CHAIRS","58","5576","0,003","0,055","0,004","0,067"
"FURNISHING & HOUSEWARE","TEXTILES","BEDROOM TEXTILES","CANOPIES","BED_AND_CRIB_CANOPIES","58","2809","0,003","0,028","0,002","0,025"
"T & B","BABY","STROLLERS & CAR SEATS","CAR SEATS","BABY_CAR_SEATS","58","4068","0,003","0,097","0,003","0,109"
"CPG","PET","PET HOUSES, TOYS & FASHION","PET HOUSES","BIRD_NESTS","58","2320","0,003","0,018","0,002","0,019"
"SPORTS","FOOTBALL","FOOTBALL EQUIPMENT","FOOTBALL ACCESSORIES","SPORT_SHOE_BAGS","58","2125","0,003","0,105","0,002","0,06"
"VEHICLE PARTS & ACCESSORIES","ACC CARS & VANS","CARS & VANS REPLACEMENT PARTS","CARS & VANS OTHERS","VEHICLE_WINDSHIELD_WIPER_ARMS","58","3944","0,003","0,059","0,003","0,047"
"SPORTS","INDOOR SPORTS","GYM","GYM ACCESORIES","EXERCISE_STEP_PLATFORMS","58","3085","0,003","0,105","0,002","0,087"
"T & B","TOYS AND GAMES","OUTDOOR TOYS","OTHER OUTDOOR TOYS","YO_YOS","58","2448","0,003","0,097","0,002","0,066"
"CONSTRUCTION & INDUSTRY","TOOLS","MANUAL TOOLS","OTHER MANUAL TOOLS","INSPECTION_MIRRORS","57","2502","0,003","0,018","0,002","0,013"
"T & B","TOYS AND GAMES","OUTDOOR TOYS","SPORTS GAMES","BUTTON_FOOTBALL_TABLES","57","1817","0,003","0,095","0,001","0,049"
"SPORTS","INDOOR SPORTS","GYM","GYM DUMBBELLS AND WEIGHTS","KETTLEBELLS","57","6832","0,003","0,103","0,005","0,192"
"CONSTRUCTION & INDUSTRY","TOOLS","MANUAL TOOLS","PLIERS","GROOVE_JOINT_PLIERS","57","2012","0,003","0,018","0,002","0,01"
"VEHICLE PARTS & ACCESSORIES","ACC CARS & VANS","CARS & VANS REPLACEMENT PARTS","CARS & VANS OTHERS","VEHICLE_AC_RECEIVER_DRIERS","57","4426","0,003","0,058","0,003","0,053"
"FASHION","APPAREL ACCESSORIES","OTHER APPAREL ACCESSORIES","OTHER APPAREL ACCESSORIES","TIE_BARS","57","1613","0,003","0,022","0,001","0,013"
"SPORTS","CYCLING AND OTHERS","BICYCLES ACCESORIES AND SPARE PARTS","BICYCLES ACCESORIES AND SPARE PARTS","BICYCLE_HANDLEBARS","57","4386","0,003","0,103","0,003","0,123"
"VEHICLE PARTS & ACCESSORIES","ACC CARS & VANS","CARS & VANS REPLACEMENT PARTS","CARS & VANS EXTERIOR","VEHICLE_BACK_GLASS_WIPER_ARMS","57","3076","0,003","0,058","0,002","0,037"
"SPORTS","SPORTS ACCESSORIES","SPORTS ACCESSORIES","SPORTS ACCESSORIES","SPORTS_PROTECTION_ELBOW_PADS","57","3574","0,003","0,103","0,003","0,1"
"BEAUTY","BEAUTY ELECTRONICS","BEAUTY ELECTRONICS","ELETRIC_SHAVERS","HAIR_REMOVAL","57","2977","0,003","0,047","0,002","0,031"
"CONSTRUCTION & INDUSTRY","CONSTRUCTION","CONSTRUCTION MACHINERY & ACC","CONSTRUCTION ACCESSORIES","WIRE_ROPE_CLIPS","56","1826","0,003","0,018","0,001","0,009"
"CONSTRUCTION & INDUSTRY","INDUSTRY","COMMERCE EQUIPMENT","COMMERCE EQUIPMENT","LABEL_MAKER_INK_ROLLERS","56","3715","0,003","0,018","0,003","0,019"
"CONSTRUCTION & INDUSTRY","STATIONERY","OFFICE & SCHOOL SUPPLIES","OTHER OFFICE & SCHOOL SUPPLIES","CALENDARS","56","2120","0,003","0,018","0,002","0,011"
"CONSTRUCTION & INDUSTRY","CONSTRUCTION","PLUMBING","PLUMBING PUMPS","VACUUM_PUMPS","56","7453","0,003","0,018","0,006","0,037"
"HEALTH","MEDICINES","PRESCRIPTION MEDICINES","PRESCRIPTION MEDICINES","RX_RESPIRATORY_MEDICINES","56","2216","0,003","0,053","0,002","0,027"
"T & B","BABY","BABY ACCESSORIES","BABY ACCESSORIES","BABY_DOOR_HANGERS","56","4129","0,003","0,094","0,003","0,111"
"HEALTH","HEALTH GOODS","HEALTH PROFESSIONAL","MEDICAL SPECIALIZED EQUIPMENT","LABORATORY_TUBES_AND_MICROTUBES","56","2960","0,003","0,053","0,002","0,036"
"HEALTH","MEDICINES","PRESCRIPTION MEDICINES","PRESCRIPTION MEDICINES","RX_DERMATOLOGIC_MEDICINES","56","2823","0,003","0,053","0,002","0,034"
"HEALTH","HEALTH GOODS","PHARMACY ARTICLES","PHARMACY ARTICLES","CONDUCTIVE_GELS","56","2270","0,003","0,053","0,002","0,027"
"VEHICLE PARTS & ACCESSORIES","ACC MOTORCYCLES","MOTORCYCLE REPLACEMENT PARTS","MOTORCYCLE BODYWORK","MOTORCYCLE_GASOLINE_TANK_CAPS","56","2265","0,003","0,057","0,002","0,027"
"CONSTRUCTION & INDUSTRY","SECURITY","DOOR AND GATE AUTOMIZATION","DOOR AND GATE AUTOMIZATION","GATE_GEAR_RACKS","56","2260","0,003","0,018","0,002","0,011"
"TECHNOLOGY","CONSOLE GAMING HARDWARE","GAMES ACCESSORIES","GAMES ACCESSORIES","GAME_CONSOLE_AND_VIDEO_GAME_CONTROLLER_SKINS","56","2977","0,003","0,037","0,002","0,01"
"VEHICLE PARTS & ACCESSORIES","ACC CARS & VANS","CARS & VANS REPLACEMENT PARTS","CARS & VANS ENGINE","VEHICLE_POLY_V_TENSIONERS","56","5789","0,003","0,057","0,005","0,069"
"VEHICLE PARTS & ACCESSORIES","ACC CARS & VANS","CARS & VANS REPLACEMENT PARTS","CARS & VANS OTHERS","VEHICLE_BRAKE_LIGHT_SWITCHES","56","2509","0,003","0,057","0,002","0,03"
"FASHION","APPAREL ACCESSORIES","BAG & BACKPACK","BACKPACKS","SCHOOL_BACKPACKS_KITS","56","4545","0,003","0,021","0,004","0,036"
"CONSTRUCTION & INDUSTRY","HOME OUTDOORS","WATERING & IRRIGATION","WATERING ACCESSORIES","HOSE_REELS","56","5607","0,003","0,018","0,004","0,028"
"SPORTS","OTHER SPORTS","SPORTS SHOOTING AND ARCHERY","SHOOTING","GUN_CLEANING_KITS","56","4171","0,003","0,101","0,003","0,117"
"FURNISHING & HOUSEWARE","FURNITURE","BEDROOM FURNITURE","DRESSERS & CHESTS","STORAGE_CHESTS","56","3582","0,003","0,027","0,003","0,032"
"VEHICLE PARTS & ACCESSORIES","ACC TOOLS","PARTICULAR TOOLS","CHARGERS AND JUMP STARTERS","VEHICLE_BATTERY_JUMPER_CABLES","56","2592","0,003","0,057","0,002","0,031"
"VEHICLE PARTS & ACCESSORIES","ACC CARS & VANS","CARS & VANS REPLACEMENT PARTS","CARS & VANS OTHERS","VEHICLE_SUMP_GUARDS","55","6990","0,003","0,056","0,005","0,084"
"CONSTRUCTION & INDUSTRY","CONSTRUCTION","ELECTRICAL","CORRUGATED PIPE & CABLE COVERS","CORRUGATED_PIPES","55","2195","0,003","0,017","0,002","0,011"
"VEHICLE PARTS & ACCESSORIES","ACC CARS & VANS","CARS & VANS REPLACEMENT PARTS","CARS & VANS INTERIOR","VEHICLE_GLOVE_BOX_DOORS","55","4702","0,003","0,056","0,004","0,056"
"CONSTRUCTION & INDUSTRY","TOOLS","MANUAL TOOLS","CUTTING AND ROUGHING","TILE_CUTTERS","55","2748","0,003","0,017","0,002","0,014"
"T & B","BABY","BABY ACCESSORIES","MATERNITY ARTICLES","BABY_JOURNALS","55","2785","0,003","0,092","0,002","0,075"
"VEHICLE PARTS & ACCESSORIES","ACC MOTORCYCLES","MOTORCYCLE ACCESSORIES","MOTORCYCLE ACCESSORIES EXTERIOR","MOTORCYCLE_HANDGUARDS","55","8107","0,003","0,056","0,006","0,097"
"SPORTS","CYCLING AND OTHERS","BICYCLES ACCESORIES AND SPARE PARTS","BICYCLES ACCESORIES AND SPARE PARTS","BICYCLE_CHAIN_CUTTERS","55","2573","0,003","0,099","0,002","0,072"
"ENTERTAINMENT","MUSICAL INSTRUMENTS","MUSICAL AUDIO","INSTRUMENT AMPLIFIERS","INSTRUMENT_AMPLIFIERS","55","18908","0,003","0,178","0,015","0,771"
"SPORTS","MOUNTAIN & OUTDOORS","FISHING","FISHING_APPAREL_AND_EQUIPMENT","FISHING_VESTS","55","1933","0,003","0,099","0,002","0,054"
"FASHION","APPAREL ACCESSORIES","OTHER APPAREL ACCESSORIES","OTHER APPAREL ACCESSORIES","HANDBAG_HOOKS","55","2837","0,003","0,021","0,002","0,022"
"SPORTS","SPORTS ACCESSORIES","SPORTS ACCESSORIES","SPORTS ACCESSORIES","HEART_RATE_MONITORS","55","56858","0,003","0,099","0,044","1,596"
"CPG","PET","PET HOUSES, TOYS & FASHION","PET HOUSES","BIRDHOUSES","55","3907","0,003","0,017","0,003","0,032"
"FURNISHING & HOUSEWARE","FURNITURE","OUTDOOR FURNITURE","OUTDOOR CHAIRS & TABLES","OUTDOOR_TABLES","54","4446","0,003","0,026","0,003","0,039"
"VEHICLE PARTS & ACCESSORIES","ACC CARS & VANS","CARS & VANS REPLACEMENT PARTS","CARS & VANS OTHERS","VEHICLE_FOG_LIGHT_SWITCHES","54","2762","0,003","0,055","0,002","0,033"
"T & B","PARTY","PARTY COSTUMES & ACCESSORIES","COSPLAY","COSPLAY_WANDS","54","1802","0,003","0,09","0,001","0,048"
"TECHNOLOGY","CONSOLE GAMING HARDWARE","GAMES ACCESSORIES","GAME PARTS","GAME_CONSOLE_COOLERS_AND_FANS","54","4904","0,003","0,035","0,004","0,017"
"VEHICLE PARTS & ACCESSORIES","ACC CARS & VANS","CARS & VANS REPLACEMENT PARTS","CARS & VANS STEERING & SUSPENSION","VEHICLE_STEERING_COLUMNS","54","5246","0,003","0,055","0,004","0,063"
"VEHICLE PARTS & ACCESSORIES","ACC CARS & VANS","CARS & VANS REPLACEMENT PARTS","CARS & VANS ENGINE","VEHICLE_ENGINE_COOLING_FAN_MOTORS","54","4218","0,003","0,055","0,003","0,05"
"T & B","BABY","BABY BATHROOM","BABY BATHTUB","BABY_BATHTUBS","54","5287","0,003","0,09","0,004","0,142"
"TECHNOLOGY","IT APPLIANCES","PRINTERS PARTS & ACCESSORIES","PRINTERS ACCESSORIES","SCANNERS","54","49825","0,003","0,035","0,039","0,17"
"SPORTS","MOUNTAIN & OUTDOORS","CAMPING","SHELTER & SLEEP","CAMPING_THERMAL_MATS","54","2852","0,003","0,097","0,002","0,08"
"CONSTRUCTION & INDUSTRY","CONSTRUCTION","CONSTRUCTION MACHINERY & ACC","LADDERS","LADDERS","54","6404","0,003","0,017","0,005","0,032"
"ENTERTAINMENT","MUSICAL INSTRUMENTS","PERCUSION INSTRUMENTS","PERCUSION INSTRUMENTS","PERCUSSION_INSTRUMENTS_COVERS_AND_BAGS","54","3606","0,003","0,175","0,003","0,147"
"T & B","BABY","STROLLERS & CAR SEATS","STROLLERS & CAR SEATS ACCEESSORIES","BABY_STROLLER_ORGANIZERS","54","2817","0,003","0,09","0,002","0,076"
"VEHICLE PARTS & ACCESSORIES","ACC CARS & VANS","CARS & VANS REPLACEMENT PARTS","CARS & VANS OTHERS","VEHICLE_FUEL_DELIVERY_FUEL_HOSES","54","4184","0,003","0,055","0,003","0,05"
"SPORTS","OTHER MAINSTREAM SPORTS","BASKETBALL","BASKETBALL","BASKETBALL_JERSEYS","54","3311","0,003","0,097","0,003","0,093"
"HOME ELECTRONICS","TELEVISIONS & STREAMING DEVICES","TELEVISIONS ACCESSORIES","TELEVISIONS ACCESSORIES","TV_RECEIVERS_AND_DECODERS","54","2089","0,003","0,066","0,002","0,031"
"CPG","FOODS","GROCERIES","BAKERY","TART_SHELLS","54","2957","0,003","0,017","0,002","0,024"
"VEHICLE PARTS & ACCESSORIES","ACC CARS & VANS","CARS & VANS REPLACEMENT PARTS","CARS & VANS ELECTRONICS","VEHICLE_ENGINE_CAMSHAFT_SENSORS","54","8287","0,003","0,055","0,006","0,099"
"TECHNOLOGY","SMARTPHONES & TABLETS","SMARTPHONES PARTS & ACCESSORIES","SMARTPHONES ACCESSORIES","CELLPHONE_AND_TABLET_SKINS","53","1458","0,003","0,035","0,001","0,005"
"TECHNOLOGY","CAMERAS & DRONES","STUDIO & LIGHTING","PHOTOGRAPHIC ACCESSORIES","PHOTOGRAPHIC_REFLECTORS","53","2810","0,003","0,035","0,002","0,01"
"BEAUTY","BEAUTY PROFESSIONAL","MANICURE & PEDICURE","MANICURE ACCESSORIES & EQUIPMENTS","NAIL_STICKERS","53","2179","0,003","0,044","0,002","0,023"
"T & B","TOYS AND GAMES","OTHER TOYS & GAMES","OTHER TOYS & GAMES","FINGER_SKATEBOARDS","53","2172","0,003","0,089","0,002","0,058"
"OTHERS","OTHER","OTHER","OTHER","HOOKAH_BASES","53","2047","0,003","0,552","0,002","0,366"
"TECHNOLOGY","IT PERIPHERALS, PARTS & ACCESSORIES","PARTS COMPONENTS","PC COMPONENTS","HEAT_SINKS","53","2260","0,003","0,035","0,002","0,008"
"CPG","PET","PET ACCESSORIES","OTHER ACCESSORIES","PET_DOORS","53","2978","0,003","0,017","0,002","0,025"
"VEHICLE PARTS & ACCESSORIES","ACC CARS & VANS","CARS & VANS REPLACEMENT PARTS","CARS & VANS BRAKES","OTHER_VEHICLE_BRAKE_CALIPERS","53","5014","0,003","0,054","0,004","0,06"
"CONSTRUCTION & INDUSTRY","INDUSTRY","INDUSTRY GENERAL EQUIPMENT","INDUSTRY GENERAL EQUIPMENT","FINGERPRINT_READERS","53","19736","0,003","0,017","0,015","0,099"
"SPORTS","CYCLING AND OTHERS","BICYCLES ACCESORIES AND SPARE PARTS","BICYCLES ACCESORIES AND SPARE PARTS","BICYCLE_BUGLE_HORNS","53","2423","0,003","0,096","0,002","0,068"
"CONSTRUCTION & INDUSTRY","INDUSTRY","INDUSTRY GENERAL EQUIPMENT","INDUSTRY GENERAL EQUIPMENT","LASER_CUTTING_AND_ENGRAVING_MACHINES","53","28023","0,003","0,017","0,022","0,14"
"OTHERS","ANTIQUES & HOBBIES","COLLECTIBLES","COLLECTIBLES","COLLECTIBLE_POSTAGE_STAMPS","53","1694","0,003","0,552","0,001","0,303"
"FURNISHING & HOUSEWARE","HOUSEHOLD ITEMS","ORGANIZATION","OTHER ORG","UMBRELLA_STANDS","52","4346","0,003","0,025","0,003","0,038"
"VEHICLE PARTS & ACCESSORIES","ACC MOTORCYCLES","MOTORCYCLE REPLACEMENT PARTS","MOTORCYCLE TRANSMISSION","MOTORCYCLE_WHEEL_AXLES","52","3398","0,003","0,053","0,003","0,041"
"T & B","BABY","BABY ACCESSORIES","MATERNITY ARTICLES","BABY_WRAP_SLINGS","52","2964","0,003","0,087","0,002","0,08"
"HOME ELECTRONICS","HOUSEHOLD APPLIANCES PARTS","REFRIGERATION PARTS","REFRIGERATOR & FREEZER PARTS","REFRIGERATOR_AND_FREEZER_HEATERS","52","4084","0,003","0,064","0,003","0,061"
"SPORTS","INDOOR SPORTS","GYM","GYM ACCESORIES","FITNESS_TRAMPOLINES","52","5821","0,003","0,094","0,005","0,163"
"CPG","PET","PET HOUSES, TOYS & FASHION","PET FASHION","DOG_BACKPACKS_AND_SADDLEBAGS","52","2836","0,003","0,017","0,002","0,023"
"BEAUTY","BEAUTY PROFESSIONAL","ESTHETIC","ELECTRIC ESTHETIC TOOLS","PERMANENT_EPILATORS","52","25414","0,003","0,043","0,02","0,265"
"CPG","FOODS","GROCERIES","DRY FOOD","QUINOAS","52","1544","0,003","0,017","0,001","0,013"
"VEHICLE PARTS & ACCESSORIES","ACC CARS & VANS","CARS & VANS REPLACEMENT PARTS","CARS & VANS STEERING & SUSPENSION","VEHICLE_WHEEL_LUG_NUT_COVERS","52","1787","0,003","0,053","0,001","0,021"
"HOME ELECTRONICS","SMALL APPLIANCES","KITCHEN","ELECTRIC KITCHEN TOOLS","ICE_CREAM_MACHINES","52","7509","0,003","0,064","0,006","0,113"
"VEHICLE PARTS & ACCESSORIES","ACC CARS & VANS","CARS & VANS ACCESSORIES","CARS & VANS ACCESSORIES INTERIOR","CAR_BACK_SEAT_ORGANIZERS","52","2546","0,003","0,053","0,002","0,03"
"HEALTH","HEALTH GOODS","HEALTH PROFESSIONAL","MEDICAL SPECIALIZED EQUIPMENT","MEDICAL_HOSES","52","2269","0,003","0,049","0,002","0,027"
"OTHERS","ANTIQUES & HOBBIES","ANTIQUES & HOBBIES","ANTIQUES & HOBBIES","ANTIQUE_KNIVES","52","8503","0,003","0,541","0,007","1,521"
"VEHICLE PARTS & ACCESSORIES","ACC CARS & VANS","CARS & VANS REPLACEMENT PARTS","CARS & VANS OTHERS","VEHICLE_CLUTCH_BEARINGS","52","3165","0,003","0,053","0,002","0,038"
"VEHICLE PARTS & ACCESSORIES","ACC CARS & VANS","CARS & VANS REPLACEMENT PARTS","CARS & VANS OTHERS","VEHICLE_LED_STRIPS","52","1464","0,003","0,053","0,001","0,017"
"HOME ELECTRONICS","HOUSEHOLD APPLIANCES PARTS","LAUNDRY PARTS","WASHING & DRYER MACHINE PARTS","WASHING_MACHINE_DOOR_AND_LID_GASKETS","52","3743","0,003","0,064","0,003","0,056"
"VEHICLE PARTS & ACCESSORIES","ACC CARS & VANS","CARS & VANS REPLACEMENT PARTS","CARS & VANS OTHERS","VEHICLE_ENGINE_PISTON_AND_LINER_KITS","52","7544","0,003","0,053","0,006","0,09"
"T & B","TOYS AND GAMES","LIFELIKE TOYS","LIFELIKE TOYS","TOY_TOOLS_KITS","52","3765","0,003","0,087","0,003","0,101"
"CONSTRUCTION & INDUSTRY","INDUSTRY","SAFETY EQUIPMENT","SAFETY EQUIPMENT","LASER_CUTTING_AND_ENGRAVING_MACHINE_LENSES","52","1732","0,003","0,017","0,001","0,009"
"CONSTRUCTION & INDUSTRY","STATIONERY","OFFICE & SCHOOL SUPPLIES","DRAFTING","DRAFTING_TEMPLATES","52","1733","0,003","0,017","0,001","0,009"
"SPORTS","OTHER SPORTS","OTHER SPORTS","OTHER SPORTS","SELF_DEFENSE_TELESCOPIC_BATONS","51","3201","0,003","0,092","0,002","0,09"
"VEHICLE PARTS & ACCESSORIES","ACC CARS & VANS","CARS & VANS ACCESSORIES","CARS & VANS ACCESSORIES EXTERIOR","VEHICLE_TRANSMISSION_TEMPERATURE_GAUGES","51","2318","0,003","0,052","0,002","0,028"
"BEAUTY","MAKEUP","MAKEUP KITS AND ACCESSORIES","MAKEUP KITS AND ACCESSORIES","MAKEUP_BRUSH_TEXTURED_CLEANERS","51","2953","0,003","0,042","0,002","0,031"
"VEHICLE PARTS & ACCESSORIES","ACC CARS & VANS","CARS & VANS REPLACEMENT PARTS","CARS & VANS BODYWORK","VEHICLE_MUD_GUARDS","51","4267","0,003","0,052","0,003","0,051"
"ENTERTAINMENT","MUSICAL INSTRUMENTS","STRING INSTRUMENTS","OTHER STRING INSTRUMENTS & ACCESORIES","INSTRUMENT_KNOBS","51","2094","0,003","0,165","0,002","0,085"
"HOME ELECTRONICS","HOUSEHOLD APPLIANCES PARTS","PARTS","BUILT IN PARTS","KITCHEN_RANGE_HOOD_INSTALLATION_KITS","51","2708","0,003","0,062","0,002","0,041"
"VEHICLE PARTS & ACCESSORIES","ACC MOTORCYCLES","MOTORCYCLE REPLACEMENT PARTS","MOTORCYCLE ENGINE","MOTORCYCLE_RUBBER_DAMPERS","51","1822","0,003","0,052","0,001","0,022"
"CPG","DRINKS","ALCOHOLICS","LIQUORS & SPIRITS","GINGER","51","1552","0,003","0,016","0,001","0,013"
"VEHICLE PARTS & ACCESSORIES","ACC NAUTICAL VEHICLES","NAUTICAL EQUIPMENT","NAUTICAL EQUIPMENT INTERIOR","NAUTICAL_CABLE_GLANDS","51","1530","0,003","0,052","0,001","0,018"
"BEAUTY","BEAUTY PROFESSIONAL","MANICURE & PEDICURE","MANICURE ACCESSORIES & EQUIPMENTS","NAIL_POWDERS","51","1553","0,003","0,042","0,001","0,016"
"HOME ELECTRONICS","HOUSEHOLD APPLIANCES PARTS","LAUNDRY PARTS","WASHING & DRYER MACHINE PARTS","WASHING_AND_DRYER_MACHINE_SEALS","51","1564","0,003","0,062","0,001","0,023"
"VEHICLE PARTS & ACCESSORIES","ACC CARS & VANS","CARS & VANS REPLACEMENT PARTS","CARS & VANS OTHERS","VEHICLE_ALTERNATOR_STATORS","51","5501","0,003","0,052","0,004","0,066"
"FASHION","APPAREL","KIDS APPAREL","KIDS APPAREL","BABY_CLOTHING","51","1982","0,003","0,02","0,002","0,016"
"T & B","BABY","BABY TOYS & ACTIVITY CENTERS","BABY BOUNCERS & JUMPERS","BABY_WALKERS","51","5925","0,003","0,085","0,005","0,159"
"HOME ELECTRONICS","SMALL APPLIANCES","KITCHEN","MEAL & DRINK MAKERS","CUPCAKES_MAKERS","50","2449","0,003","0,061","0,002","0,037"
"VEHICLE PARTS & ACCESSORIES","ACC CARS & VANS","CARS & VANS REPLACEMENT PARTS","CARS & VANS IGNITION","VEHICLE_GLOW_PLUGS","50","3311","0,003","0,051","0,003","0,04"
"SPORTS","SPORTS ACCESSORIES","SPORTS ACCESSORIES","SPORTS ACCESSORIES","SPORTS_CONES","50","2989","0,003","0,09","0,002","0,084"
"VEHICLE PARTS & ACCESSORIES","ACC MOTORCYCLES","MOTORCYCLE ACCESSORIES","MOTORCYCLE ACCESSORIES CLOTHING & FOOTWEAR","MOTORCYCLE_GOGGLES","50","4173","0,003","0,051","0,003","0,05"
"SPORTS","MOUNTAIN & OUTDOORS","CAMPING","GEAR & EQUIPMENT","TACTICAL_GLOVES","50","2328","0,003","0,09","0,002","0,065"
"CONSTRUCTION & INDUSTRY","HOME OUTDOORS","LANDSCAPING & GARDEN CENTER","INDOOR GROWTH","INDOOR_GROWING_LIGHTS","50","6990","0,003","0,016","0,005","0,035"
"CONSTRUCTION & INDUSTRY","STATIONERY","ART & CRAFT SUPPLIES","ART & CRAFT SUPPLIES","STAMP_PUNCHES","50","1834","0,003","0,016","0,001","0,009"
"CONSTRUCTION & INDUSTRY","TOOLS","MANUAL TOOLS","OTHER MANUAL TOOLS","LOCK_PICKS","50","3164","0,003","0,016","0,002","0,016"
"T & B","BABY","BABY CARE","BABY CARE","BABY_SAFETY_HELMETS","50","2097","0,003","0,084","0,002","0,056"
"T & B","TOYS AND GAMES","SHOOTERS & SWORDS","SHOOTERS & SWORDS","TOY_SWORDS","50","2702","0,003","0,084","0,002","0,072"
"FURNISHING & HOUSEWARE","HOUSEHOLD ITEMS","BAR, WINE & ACC","BAR SETS & ACC","LIQUOR_FLASKS","50","1927","0,003","0,024","0,001","0,017"
"FURNISHING & HOUSEWARE","HOUSEHOLD ITEMS","ORGANIZATION","KITCHEN ORG","WATER_DISPENSER_BOTTLE_COVERS","50","1604","0,003","0,024","0,001","0,014"
"T & B","BABY","BABY BEDROOM","CRIBS, BASSINETS & MOSES","BABY_PLAYARDS","50","5619","0,003","0,084","0,004","0,151"
"TECHNOLOGY","IT PERIPHERALS, PARTS & ACCESSORIES","MONITORS & ACCESSORIES","MONITORS ACCESSORIES & PARTIES","TV_AND_MONITOR_COVERS","50","2280","0,003","0,033","0,002","0,008"
"BEAUTY","MAKEUP","EYES MAKEUP","EYES MAKEUP","EYEBROW_SHADOWS","50","1580","0,003","0,041","0,001","0,016"
"TECHNOLOGY","IT APPLIANCES","PRINTERS PARTS & ACCESSORIES","PRINTERS PARTS","PRINTER_AND_PHOTOCOPIER_GEARS","50","2807","0,003","0,033","0,002","0,01"
"VEHICLE PARTS & ACCESSORIES","ACC CARS & VANS","CARS & VANS REPLACEMENT PARTS","CARS & VANS OTHERS","VEHICLE_ENGINE_CRANKSHAFT_PULLEYS","49","13419","0,003","0,05","0,01","0,16"
"SPORTS","OTHER SPORTS","SPORTS SHOOTING AND ARCHERY","SHOOTING","GUN_SCOPES_AND_SIGHTS","49","4388","0,003","0,088","0,003","0,123"
"HEALTH","HEALTH GOODS","HEALTH ELECTRONICS","WELL BEING ELECTRONICS","NEBULIZER_MASKS","49","1584","0,003","0,046","0,001","0,019"
"CONSTRUCTION & INDUSTRY","CONSTRUCTION","CONSTRUCTION MACHINERY & ACC","CONSTRUCTION ACCESSORIES","TURNBUCKLES","49","5434","0,003","0,016","0,004","0,027"
"TECHNOLOGY","IT PERIPHERALS, PARTS & ACCESSORIES","PERIPHERALS ACCESSORIES","PC ACCESSORIES","POWER_SUPPLY_TESTERS","49","1522","0,003","0,032","0,001","0,005"
"T & B","BABY","STROLLERS & CAR SEATS","STROLLERS & CAR SEATS ACCEESSORIES","BABY_STROLLER_AND_CAR_SEAT_LINERS","49","2465","0,003","0,082","0,002","0,066"
"CPG","PET","PET HOUSES, TOYS & FASHION","PET HOUSES","AQUARIUM_KITS","49","3080","0,003","0,016","0,002","0,025"
"SPORTS","MOUNTAIN & OUTDOORS","FISHING","FISHING_APPAREL_AND_EQUIPMENT","FISHING_PANTS","49","4014","0,003","0,088","0,003","0,113"
"HOME ELECTRONICS","AUDIO & GENERAL ELECTRONICS","PHYSICAL MEDIAS & HARDWARE FOR AUDIO & VIDEO","PHYSICAL MEDIAS & HARDWARE FOR AUDIO & VIDEO","DISC_CARRYING_CASES","49","1670","0,003","0,06","0,001","0,025"
"FASHION","APPAREL ACCESSORIES","OTHER APPAREL ACCESSORIES","OTHER APPAREL ACCESSORIES","MASK_FILTERS","49","1545","0,003","0,019","0,001","0,012"
"SPORTS","CYCLING AND OTHERS","BICYCLES ACCESORIES AND SPARE PARTS","BICYCLES ACCESORIES AND SPARE PARTS","BICYCLE_HANDLEBAR_TAPES","49","3365","0,003","0,088","0,003","0,094"
"SPORTS","CYCLING AND OTHERS","BICYCLES ACCESORIES AND SPARE PARTS","BICYCLES ACCESORIES AND SPARE PARTS","BICYCLE_COMBUSTION_ENGINE_KITS","49","3782","0,003","0,088","0,003","0,106"
"HOME ELECTRONICS","AUDIO & GENERAL ELECTRONICS","PHYSICAL MEDIAS & HARDWARE FOR AUDIO & VIDEO","PHYSICAL MEDIAS & HARDWARE FOR AUDIO & VIDEO","CD_AND_DVD_PLAYERS","49","8728","0,003","0,06","0,007","0,131"
"FURNISHING & HOUSEWARE","HOUSEHOLD ITEMS","GRILLS & OUTDOOR COOKING","OUTDOOR COOK ACC","CHARCOAL","48","2051","0,003","0,023","0,002","0,018"
"TECHNOLOGY","CAMERAS & DRONES","CAMERA ACCESSORIES","OTHER CAMERA ACCESSORIES","CAMERA_SCREEN_PROTECTORS","48","2969","0,003","0,031","0,002","0,01"
"TECHNOLOGY","CAMERAS & DRONES","LENSES, PARTS & OTHERS","LENSES ACCESSORIES","LENS_CAPS","48","1747","0,003","0,031","0,001","0,006"
"VEHICLE PARTS & ACCESSORIES","ACC AGRO VEHICLES & EQUIPMENT","AGRO EQUIPMENT","MACHINERY","INDUSTRIAL_MACHINE_GREASES","48","4228","0,003","0,049","0,003","0,051"
"FASHION","FOOTWEAR","SANDAL","SANDAL","FLIP_FLOP_STRAPS","48","1085","0,003","0,018","0,001","0,009"
"VEHICLE PARTS & ACCESSORIES","ACC CARS & VANS","CARS & VANS REPLACEMENT PARTS","CARS & VANS ELECTRONICS","VEHICLE_SIDE_VIEW_MIRROR_SWITCHES","48","3564","0,003","0,049","0,003","0,043"
"VEHICLE PARTS & ACCESSORIES","ACC CARS & VANS","CARS & VANS REPLACEMENT PARTS","CARS & VANS CLIMATIZATION","VEHICLE_AC_CONTROL_PANELS","48","8111","0,003","0,049","0,006","0,097"
"HOME ELECTRONICS","AUDIO & GENERAL ELECTRONICS","AUDIO","AMPLIFIERS & RECEIVERS","PREAMPLIFIERS","48","10227","0,003","0,059","0,008","0,153"
"SPORTS","WATER SPORTS","OTHER WATER SPORTS","OTHER WATER SPORTS","WATER_AND_EXTREME_SPORTS_EQUIPMENT","48","3917","0,003","0,087","0,003","0,11"
"CONSTRUCTION & INDUSTRY","TOOLS","POWER TOOLS","PAINTING TOOLS","PAINT_MACHINES","48","3922","0,003","0,015","0,003","0,02"
"ENTERTAINMENT","BOOKS AND OTHERS","MUSIC AND MEDIA CONTENT","MUSIC AND MEDIA CONTENT","TV_SERIES","48","5658","0,003","0,155","0,004","0,231"
"HOME ELECTRONICS","HOUSEHOLD APPLIANCES PARTS","BUILT IN PARTS","BUILT IN PARTS","COFFEE_MAKER_REPLACEMENT_FAUCETS","48","2588","0,003","0,059","0,002","0,039"
"TECHNOLOGY","SMARTPHONES & TABLETS","ACCESSORIES & PARTS FOR COMMUNICATION","WALKIE TALKIE","WALKIE_TALKIE_CHARGERS","48","1184","0,003","0,031","0,001","0,004"
"FURNISHING & HOUSEWARE","HOUSEHOLD ITEMS","KITCHEN HOME","BAKEWARE","CAKE_LEVELERS","48","1201","0,003","0,023","0,001","0,011"
"ENTERTAINMENT","MUSICAL INSTRUMENTS","STRING INSTRUMENTS","GUITARS & ACCESSORIES","GUITAR_INTERFACES","48","5102","0,003","0,155","0,004","0,208"
"FURNISHING & HOUSEWARE","HOUSEHOLD ITEMS","CLEANING & LAUNDRY","IRONING","MANUAL_CLOTH_FOLDING_BOARDS","48","1542","0,003","0,023","0,001","0,014"
"ENTERTAINMENT","MUSICAL INSTRUMENTS","PERCUSION INSTRUMENTS","PERCUSION INSTRUMENTS ACCESSORIES","PERCUSSION_INSTRUMENTS_WASHERS","48","1445","0,003","0,155","0,001","0,059"
"SPORTS","CYCLING AND OTHERS","BICYCLES ACCESORIES AND SPARE PARTS","BICYCLES ACCESORIES AND SPARE PARTS","BICYCLE_EXTRACTOR_TOOL_KITS","48","2137","0,003","0,087","0,002","0,06"
"CONSTRUCTION & INDUSTRY","HOME OUTDOORS","LANDSCAPING & GARDEN CENTER","LANDSCAPING ACC","MAILBOXES","48","2868","0,003","0,015","0,002","0,014"
"TECHNOLOGY","SMARTPHONES & TABLETS","SMARTPHONES PARTS & ACCESSORIES","SMARTPHONES ACCESSORIES","CELLPHONE_BATTERY_CASES","48","3416","0,003","0,031","0,003","0,012"
"T & B","TOYS AND GAMES","TOY VEHICLES","REMOTE CONTROL VEHICLES","RC_SERVO_MOTORS","48","3499","0,003","0,08","0,003","0,094"
"HOME ELECTRONICS","AUDIO & GENERAL ELECTRONICS","ELECTRONIC, TOOLS & COMPONENTS","ELECTRONIC TOOLS","ELECTRIC_FOOTWEAR_DRYERS","48","2804","0,003","0,059","0,002","0,042"
"OTHERS","OTHER","TATOOS","TATOOS","TATTOO_NEEDLE_CARTRIDGES","48","1804","0,003","0,5","0,001","0,323"
"ENTERTAINMENT","MUSICAL INSTRUMENTS","DJ CONSOLES & MIXERS","DJ EQUIPMENT","STAGE_LASER_LIGHTS","48","3440","0,003","0,155","0,003","0,14"
"VEHICLE PARTS & ACCESSORIES","OILS & FILTERS","OILS","COMMERCIAL VEHICLES OILS","VEHICLE_AUTOMATIC_GEARBOX_OILS","48","9915","0,003","0,049","0,008","0,118"
"CONSTRUCTION & INDUSTRY","INDUSTRY","SAFETY EQUIPMENT","SAFETY EQUIPMENT","SAFETY_CHAINS","47","1994","0,003","0,015","0,002","0,01"
"CONSTRUCTION & INDUSTRY","CONSTRUCTION","ELECTRICAL","SWITCHES AND PLUGS","MOTOR_STARTERS","47","7666","0,003","0,015","0,006","0,038"
"VEHICLE PARTS & ACCESSORIES","ACC MOTORCYCLES","MOTORCYCLE REPLACEMENT PARTS","MOTORCYCLE BODYWORK","MOTORCYCLE_GRAB_BARS","47","2391","0,003","0,048","0,002","0,029"
"CONSTRUCTION & INDUSTRY","INDUSTRY","OFFICE EQUIPMENT","OFFICE EQUIPMENT","PROXIMITY_CARDS","47","2273","0,003","0,015","0,002","0,011"
"VEHICLE PARTS & ACCESSORIES","ACC CARS & VANS","CARS & VANS REPLACEMENT PARTS","CARS & VANS STEERING & SUSPENSION","VEHICLE_PINS","47","1646","0,003","0,048","0,001","0,02"
"BEAUTY","BEAUTY PROFESSIONAL","ESTHETIC","ELECTRIC ESTHETIC TOOLS","BLACKHEAD_SUCTION_REMOVERS","47","2050","0,003","0,039","0,002","0,021"
"T & B","TOYS AND GAMES","OUTDOOR TOYS","SPORTS GAMES","BUTTON_FOOTBALL_BUTTONS","47","2785","0,003","0,079","0,002","0,075"
"FURNISHING & HOUSEWARE","HOUSEHOLD ITEMS","KITCHEN HOME","BAKEWARE","PORTION_MARKERS","47","1666","0,003","0,022","0,001","0,015"
"CONSTRUCTION & INDUSTRY","INDUSTRY","INDUSTRY GENERAL EQUIPMENT","INDUSTRY GENERAL EQUIPMENT","HARD_TAGS","47","3048","0,003","0,015","0,002","0,015"
"HOME ELECTRONICS","AUDIO & GENERAL ELECTRONICS","ELECTRONIC, TOOLS & COMPONENTS","ELECTRONIC COMPONENTS","OPTOCOUPLERS","47","1670","0,003","0,057","0,001","0,025"
"T & B","PARTY","PARTY EQUIPMENT","PARTY EQUIPMENT","COSTUME_CAPES","47","2582","0,003","0,079","0,002","0,069"
"VEHICLE PARTS & ACCESSORIES","ACC MOTORCYCLES","MOTORCYCLE REPLACEMENT PARTS","MOTORCYCLE BRAKES","MOTORCYCLE_BRAKE_CABLES","47","1159","0,003","0,048","0,001","0,014"
"ENTERTAINMENT","MUSICAL INSTRUMENTS","STRING INSTRUMENTS","OTHER STRING INSTRUMENTS & ACCESORIES","STRING_INSTRUMENT_BRIDGES","47","3161","0,003","0,152","0,002","0,129"
"FURNISHING & HOUSEWARE","HOUSEHOLD ITEMS","BAR, WINE & ACC","BAR SETS & ACC","COCKTAIL_JIGGERS","47","1480","0,003","0,022","0,001","0,013"
"CONSTRUCTION & INDUSTRY","INDUSTRY","COMMERCE EQUIPMENT","COMMERCE EQUIPMENT","HAND_DRYERS","47","14189","0,003","0,015","0,011","0,071"
"TECHNOLOGY","CAMERAS & DRONES","CAMERA ACCESSORIES","BAGS & CAMERA CARE","WATERPROOF_CAMERA_CASES","47","4936","0,003","0,031","0,004","0,017"
"CONSTRUCTION & INDUSTRY","TOOLS","GARDEN TOOLS","ACCESSORIES AND SPARE PARTS","GARDEN_MACHINE_REPLACEMENT_PARTS_KITS","47","4835","0,003","0,015","0,004","0,024"
"VEHICLE PARTS & ACCESSORIES","ACC CARS & VANS","CARS & VANS REPLACEMENT PARTS","CARS & VANS ENGINE","VEHICLE_ALTERNATOR_PULLEYS","47","4864","0,003","0,048","0,004","0,058"
"FURNISHING & HOUSEWARE","HOUSEHOLD ITEMS","KITCHEN HOME","PREP, GADGETS AND ACC","PORTABLE_FOOD_SMOKERS","46","5478","0,003","0,022","0,004","0,049"
"HOME ELECTRONICS","HOUSEHOLD APPLIANCES PARTS","LAUNDRY PARTS","WASHING & DRYER MACHINE PARTS","WASHING_AND_DRYER_MACHINE_DOORS_AND_LIDS","46","1482","0,003","0,056","0,001","0,022"
"SPORTS","CYCLING AND OTHERS","BICYCLES ACCESORIES AND SPARE PARTS","BICYCLES ACCESORIES AND SPARE PARTS","BICYCLE_BRAKE_LEVERS","46","2229","0,003","0,083","0,002","0,063"
"VEHICLE PARTS & ACCESSORIES","ACC CARS & VANS","CARS & VANS REPLACEMENT PARTS","CARS & VANS OTHERS","VEHICLE_MAF_SENSORS","46","6493","0,003","0,047","0,005","0,078"
"CONSTRUCTION & INDUSTRY","TOOLS","MEASURING TOOLS","DISTANCE","MICROMETERS","46","6010","0,003","0,015","0,005","0,03"
"T & B","BABY","BABY BEDROOM","CRIBS, BASSINETS & MOSES","BABY_NESTS","46","3586","0,003","0,077","0,003","0,096"
"T & B","TOYS AND GAMES","SUMMER TOYS & POOLS","BEACH TOYS","BEACH_TOYS_KITS","46","1906","0,003","0,077","0,001","0,051"
"CONSTRUCTION & INDUSTRY","TOOLS","BOXES AND ORGANIZERS","BOXES","MITER_BOXES","46","1835","0,003","0,015","0,001","0,009"
"SPORTS","INDOOR SPORTS","BALLET","BALLET","DANCE_METATARSAL_PROTECTORS","46","1316","0,003","0,083","0,001","0,037"
"CONSTRUCTION & INDUSTRY","CONSTRUCTION","CONSTRUCTION MACHINERY & ACC","CONSTRUCTION ACCESSORIES","BEAM_AND_JOIST_BRACKETS","46","2911","0,003","0,015","0,002","0,015"
"VEHICLE PARTS & ACCESSORIES","ACC CARS & VANS","CARS & VANS REPLACEMENT PARTS","CARS & VANS OTHERS","VEHICLE_BRAKE_CALIPERS","46","9403","0,003","0,047","0,007","0,112"
"FASHION","APPAREL ACCESSORIES","OTHER APPAREL ACCESSORIES","OTHER APPAREL ACCESSORIES","JEWELRY_TOOLS","46","3040","0,003","0,018","0,002","0,024"
"SPORTS","OTHER SPORTS","SPORTS SHOOTING AND ARCHERY","SHOOTING","GUN_GRIPS","46","2534","0,003","0,083","0,002","0,071"
"TECHNOLOGY","CAMERAS & DRONES","STUDIO & LIGHTING","STUDIO","TELEPROMPTERS","46","14515","0,003","0,03","0,011","0,049"
"TECHNOLOGY","IT PERIPHERALS, PARTS & ACCESSORIES","PARTS COMPONENTS","PC COMPONENTS","MOLEX_CABLES","46","877","0,003","0,03","0,001","0,003"
"CONSTRUCTION & INDUSTRY","HOME OUTDOORS","POOL, HOT TUBES & SAUNA","POOL MAINTENANCE","POOL_ROBOTS_AND_CLEANERS","46","4522","0,003","0,015","0,004","0,023"
"CONSTRUCTION & INDUSTRY","INDUSTRY","GASTRONOMY & HOSPITALITY","GASTRONOMY & HOSPITALITY","GREASE_TRAPS","46","4828","0,003","0,015","0,004","0,024"
"VEHICLE PARTS & ACCESSORIES","ACC CARS & VANS","CARS & VANS REPLACEMENT PARTS","CARS & VANS BODYWORK","VEHICLE_FENDER_FLARES","45","4637","0,002","0,046","0,004","0,055"
"SPORTS","INDOOR SPORTS","GYM","GYM ACCESORIES","AGILITY_RINGS_AND_LADDERS","45","2326","0,002","0,081","0,002","0,065"
"ENTERTAINMENT","MUSICAL INSTRUMENTS","MUSICAL KEYBOARDS","MUSICAL KEYBOARDS","MUSICAL_KEYBOARD_COVERS_AND_BAGS","45","3546","0,002","0,145","0,003","0,145"
"VEHICLE PARTS & ACCESSORIES","ACC CARS & VANS","CARS & VANS REPLACEMENT PARTS","CARS & VANS OTHERS","VEHICLE_ELEC_ADAPTER_CONNECTORS","45","4264","0,002","0,046","0,003","0,051"
"SPORTS","OTHER MAINSTREAM SPORTS","RUNNING","RUNNING","TREADMILL_LUBRICANTS","45","3110","0,002","0,081","0,002","0,087"
"FURNISHING & HOUSEWARE","FURNITURE","STORAGE FURNITURE","SIDEBOARD & DRAWERS","DRAWERS_AND_STORAGE_DRAWERS","45","4977","0,002","0,021","0,004","0,044"
"CONSTRUCTION & INDUSTRY","CONSTRUCTION","CONSTRUCTION MACHINERY & ACC","STAIRS AND BALCONIES RAILS","STAIRS_AND_BALCONIES_RAILS","45","2269","0,002","0,014","0,002","0,011"
"HEALTH","HEALTH GOODS","OFTALMOLOGY","LENSES","CONTACT_LENS_CASES","45","1105","0,002","0,043","0,001","0,013"
"FASHION","APPAREL ACCESSORIES","WATCH","WATCH","POCKET_WATCHES","45","1576","0,002","0,017","0,001","0,012"
"VEHICLE PARTS & ACCESSORIES","ACC CARS & VANS","CARS & VANS REPLACEMENT PARTS","CARS & VANS ELECTRONICS","VEHICLE_PROGRAMMABLE_EMS","45","26445","0,002","0,046","0,021","0,316"
"BEAUTY","BEAUTY PROFESSIONAL","ESTHETIC","ELECTRIC ESTHETIC TOOLS","FACIAL_SPOT_REMOVER_PENS","45","3363","0,002","0,037","0,003","0,035"
"TECHNOLOGY","IT PERIPHERALS, PARTS & ACCESSORIES","PERIPHERALS ACCESSORIES","NOTEBOOK ACCESSORIES","LAPTOP_SKINS","45","1720","0,002","0,029","0,001","0,006"
"T & B","BABY","BABY ACCESSORIES","BABY PACIFIER","BABY_FEEDING_PACIFIERS","45","1269","0,002","0,075","0,001","0,034"
"TECHNOLOGY","IT PERIPHERALS, PARTS & ACCESSORIES","STORAGE","DISCS & ACCESSORIES","DESKTOP_COMPUTER_EXPANSION_CARDS","45","3933","0,002","0,029","0,003","0,013"
"CONSTRUCTION & INDUSTRY","TOOLS","GARDEN TOOLS","MANUAL GARDEN TOOLS","GARDEN_RAKES","45","1685","0,002","0,014","0,001","0,008"
"TECHNOLOGY","SMARTPHONES & TABLETS","SMARTPHONES PARTS & ACCESSORIES","SMARTPHONES ACCESSORIES","CELLPHONE_FANS","45","2345","0,002","0,029","0,002","0,008"
"CPG","PET","PET HOUSES, TOYS & FASHION","PET HOUSES","RABBIT_AND_RODENT_HOUSES","45","2441","0,002","0,014","0,002","0,02"
"SPORTS","CYCLING AND OTHERS","BICYCLES ACCESORIES AND SPARE PARTS","BICYCLES ACCESORIES AND SPARE PARTS","BICYCLE_WRENCHES","44","1501","0,002","0,079","0,001","0,042"
"FURNISHING & HOUSEWARE","TEXTILES","CURTAINS, BLINDS AND ACC","CURTAINS & BLINDS ACC","ELECTRIC_INDOOR_CURTAINS_AND_BLINDS","44","9850","0,002","0,021","0,008","0,087"
"CONSTRUCTION & INDUSTRY","CONSTRUCTION","PLUMBING","TANKS AND ACC","WATER_TANK_LIDS","44","1816","0,002","0,014","0,001","0,009"
"VEHICLE PARTS & ACCESSORIES","ACC CARS & VANS","CARS & VANS REPLACEMENT PARTS","CARS & VANS OTHERS","VEHICLE_EXHAUST_CATALYTICS","44","17205","0,002","0,045","0,013","0,206"
"CONSTRUCTION & INDUSTRY","TOOLS","MANUAL TOOLS","CUTTING AND ROUGHING","PIPE_CUTTERS","44","2140","0,002","0,014","0,002","0,011"
"VEHICLE PARTS & ACCESSORIES","ACC CARS & VANS","CARS & VANS REPLACEMENT PARTS","CARS & VANS OTHERS","VEHICLE_CENTER_CONSOLES","44","3549","0,002","0,045","0,003","0,042"
"T & B","TOYS AND GAMES","ACTION FIGURES","ACTION FIGURES","TOY_SOLDIERS","44","2642","0,002","0,074","0,002","0,071"
"T & B","BABY","BABY ACCESSORIES","MATERNITY ARTICLES","DIAPER_ORGANIZERS","44","1713","0,002","0,074","0,001","0,046"
"CPG","PET","PET HOUSES, TOYS & FASHION","PET HOUSE EQUIPMENT","AQUARIUM_CO2_DIFFUSERS","44","1735","0,002","0,014","0,001","0,014"
"T & B","TOYS AND GAMES","MODELISM","MODELISM","PLASTIC_MODEL_KITS","44","5687","0,002","0,074","0,004","0,153"
"SPORTS","SPORTS ACCESSORIES","SPORTS ACCESSORIES","SPORTS ACCESSORIES","SPORT_AND_SELF_DEFENSE_TONFAS","44","1258","0,002","0,079","0,001","0,035"
"SPORTS","CYCLING AND OTHERS","BICYCLES ACCESORIES AND SPARE PARTS","BICYCLES ACCESORIES AND SPARE PARTS","BICYCLE_BOTTOM_BRACKETS","44","2513","0,002","0,079","0,002","0,071"
"HEALTH","MEDICINES","PRESCRIPTION MEDICINES","PRESCRIPTION MEDICINES","RX_HORMONE_MEDICINES","44","679","0,002","0,042","0,001","0,008"
"CONSTRUCTION & INDUSTRY","SECURITY","DOOR AND GATE AUTOMIZATION","DOOR AND GATE AUTOMIZATION","DOOR_AND_GATE_WHELLS","44","1600","0,002","0,014","0,001","0,008"
"T & B","TOYS AND GAMES","DOLLS","DOLLS PLAY SETS","DOLLHOUSE_FURNITURE_AND_APPLIANCES","44","3614","0,002","0,074","0,003","0,097"
"SPORTS","MOUNTAIN & OUTDOORS","CAMPING","GEAR & EQUIPMENT","TACTICAL_VESTS","44","7773","0,002","0,079","0,006","0,218"
"FURNISHING & HOUSEWARE","FURNITURE","OTHER FURNITURE","OTHER FURNITURE","MAGAZINE_HOLDERS","44","2357","0,002","0,021","0,002","0,021"
"CPG","PET","PET BEAUTY & HYGIENE","PET GROOMING","PET_DRYERS","44","5336","0,002","0,014","0,004","0,044"
"SPORTS","WATER SPORTS","SWIMMING","SWIMMING","SWIMMING_KICKBOARDS_AND_PULL_BUOYS","44","1316","0,002","0,079","0,001","0,037"
"VEHICLE PARTS & ACCESSORIES","ACC CARS & VANS","CARS & VANS REPLACEMENT PARTS","CARS & VANS TRANSMISSION","VEHICLE_CLUTCH_DISCS","44","9385","0,002","0,045","0,007","0,112"
"VEHICLE PARTS & ACCESSORIES","ACC CARS & VANS","CARS & VANS REPLACEMENT PARTS","CARS & VANS INTERIOR","VEHICLE_TRUNK_CARGO_COVER_SHIELDS","44","1489","0,002","0,045","0,001","0,018"
"VEHICLE PARTS & ACCESSORIES","ACC CARS & VANS","CARS & VANS REPLACEMENT PARTS","CARS & VANS INJECTION","VEHICLE_FUEL_INJECTION_PIPES","44","6205","0,002","0,045","0,005","0,074"
"FURNISHING & HOUSEWARE","DECOR","DECORATIVE FIGURES","DECORATIVE FIGURES","DECORATIVE_FLUORESCENT_STICKERS","44","1432","0,002","0,021","0,001","0,013"
"CONSTRUCTION & INDUSTRY","INDUSTRY","COMMERCE EQUIPMENT","COMMERCE EQUIPMENT","BILL_COUNTERS","44","14939","0,002","0,014","0,012","0,075"
"CONSTRUCTION & INDUSTRY","TOOLS","POWER TOOLS","CUTTING","ELECTRIC_RECIPROCATING_SAWS","44","6134","0,002","0,014","0,005","0,031"
"SPORTS","CYCLING AND OTHERS","BICYCLES ACCESORIES AND SPARE PARTS","BICYCLES ACCESORIES AND SPARE PARTS","BICYCLE_BASKETS","44","1921","0,002","0,079","0,001","0,054"
"HEALTH","HEALTH GOODS","HEALTH PROFESSIONAL","MEDICAL SPECIALIZED EQUIPMENT","EMERGENCY_THERMAL_BLANKETS","44","1001","0,002","0,042","0,001","0,012"
"VEHICLE PARTS & ACCESSORIES","ACC CARS & VANS","CARS & VANS REPLACEMENT PARTS","CARS & VANS STEERING & SUSPENSION","VEHICLE_SHOCK_ABSORBER_KITS","44","7146","0,002","0,045","0,006","0,085"
"VEHICLE PARTS & ACCESSORIES","ACC CARS & VANS","CARS & VANS REPLACEMENT PARTS","CARS & VANS EXTERIOR","HORN_DRIVERS","43","2875","0,002","0,044","0,002","0,034"
"CONSTRUCTION & INDUSTRY","CONSTRUCTION","CONSTRUCTION MATERIALS","HEAVY WORK","CONSTRUCTION_STIRRUPS","43","4941","0,002","0,014","0,004","0,025"
"HOME ELECTRONICS","SMALL APPLIANCES","KITCHEN","ELECTRIC KITCHEN TOOLS","OMELETTE_MAKERS","43","2509","0,002","0,053","0,002","0,038"
"VEHICLE PARTS & ACCESSORIES","ACC CARS & VANS","CARS & VANS REPLACEMENT PARTS","CARS & VANS ELECTRONICS","VEHICLE_ELECTRIC_DOOR_LOCKS","43","2893","0,002","0,044","0,002","0,035"
"CONSTRUCTION & INDUSTRY","CONSTRUCTION","ELECTRICAL","POWER SAVERS & STRIPS","POWER_SAVERS","43","3738","0,002","0,014","0,003","0,019"
"ENTERTAINMENT","MUSICAL INSTRUMENTS","DJ CONSOLES & MIXERS","DJ CONSOLES & MIXERS","MIDI_CONTROLLERS","43","11771","0,002","0,139","0,009","0,48"
"ENTERTAINMENT","MUSICAL INSTRUMENTS","MUSICAL KEYBOARDS","MUSICAL KEYBOARDS & ACC","KEYBOARD_AND_PIANO_PEDALS","43","3224","0,002","0,139","0,003","0,132"
"VEHICLE PARTS & ACCESSORIES","ACC CARS & VANS","CARS & VANS REPLACEMENT PARTS","CARS & VANS ELECTRONICS","VEHICLE_SPEED_SENSORS","43","2730","0,002","0,044","0,002","0,033"
"SPORTS","CYCLING AND OTHERS","BICYCLES ACCESORIES AND SPARE PARTS","BICYCLES ACCESORIES AND SPARE PARTS","BICYCLE_CHAIN_CLEANERS","43","1705","0,002","0,078","0,001","0,048"
"CONSTRUCTION & INDUSTRY","TOOLS","MANUAL TOOLS","PLIERS","SNAP_RING_PLIERS","43","1895","0,002","0,014","0,001","0,009"
"VEHICLE PARTS & ACCESSORIES","ACC CARS & VANS","CARS & VANS ACCESSORIES","CARS & VANS ACCESSORIES EXTERIOR","VEHICLE_VOLTMETER_GAUGES","43","1128","0,002","0,044","0,001","0,013"
"FURNISHING & HOUSEWARE","TEXTILES","BEDROOM TEXTILES","BEDDING SETS","BEDDING","43","1271","0,002","0,02","0,001","0,011"
"T & B","BABY","BABY BATHROOM","BABY BATHROOM ACCESSORIES","BABY_URINALS","43","1427","0,002","0,072","0,001","0,038"
"BEAUTY","BEAUTY PERSONAL CARE","PERSONAL CARE TOOLS AND ACCESSORIES","PERSONAL CARE TOOLS AND ACCESSORIES","SKIN_PUMICE_STONES","43","1000","0,002","0,036","0,001","0,01"
"TECHNOLOGY","CAMERAS & DRONES","STUDIO & LIGHTING","PHOTOGRAPHIC ACCESSORIES","FLASH_TRIGGERS","43","5814","0,002","0,028","0,005","0,02"
"CPG","PET","PET HOUSES, TOYS & FASHION","PET TOYS","RODENT_TOYS","43","1516","0,002","0,014","0,001","0,013"
"FURNISHING & HOUSEWARE","FURNITURE","OFFICE FURNITURE","DESKS & OFFICE CHAIRS","OFFICE_CHAIRS","43","2831","0,002","0,02","0,002","0,025"
"SPORTS","SPORTS ACCESSORIES","SPORTS ACCESSORIES","SPORTS ACCESSORIES","HIP_SCARVES","43","1354","0,002","0,078","0,001","0,038"
"HOME ELECTRONICS","SMALL APPLIANCES","KITCHEN","ELECTRIC KITCHEN TOOLS","YOGURT_MAKERS","43","5094","0,002","0,053","0,004","0,076"
"VEHICLE PARTS & ACCESSORIES","ACC CARS & VANS","CARS & VANS REPLACEMENT PARTS","CARS & VANS ELECTRONICS","AUTOMOTIVE_OBD_CABLE_ADAPTERS","42","3942","0,002","0,043","0,003","0,047"
"HOME ELECTRONICS","HOUSEHOLD APPLIANCES PARTS","KITCHEN PARTS","BLENDER PARTS","BLENDER_LIDS","42","1670","0,002","0,051","0,001","0,025"
"TECHNOLOGY","SMARTPHONES & TABLETS","SMARTPHONES PARTS & ACCESSORIES","SMARTPHONES PARTS","CELLPHONE_AND_TABLET_MOTHERBOARDS","42","2964","0,002","0,028","0,002","0,01"
"BEAUTY","BEAUTY PROFESSIONAL","MANICURE & PEDICURE","MANICURE ACCESSORIES & EQUIPMENTS","NAIL_POLISH_SHELVES_AND_ORGANIZERS","42","1867","0,002","0,035","0,001","0,019"
"T & B","BABY","BABY BEDROOM","BABY BEDROOM ACCESSORIES","BREASTFEEDING_PILLOWS","42","2307","0,002","0,07","0,002","0,062"
"T & B","BABY","BABY BATHROOM","BABY BATHROOM ACCESSORIES","INFANT_SHOWER_VISORS","42","2055","0,002","0,07","0,002","0,055"
"SPORTS","MOUNTAIN & OUTDOORS","CAMPING","SHELTER & SLEEP","INFLATABLE_PILLOWS","42","1398","0,002","0,076","0,001","0,039"
"VEHICLE PARTS & ACCESSORIES","ACC CARS & VANS","CARS & VANS ACCESSORIES","CARS & VANS ACCESSORIES EXTERIOR","VEHICLE_FRONT_MASKS","42","3009","0,002","0,043","0,002","0,036"
"VEHICLE PARTS & ACCESSORIES","ACC TOOLS","VEHICLE TOOLS","OTHER VEHICLE TOOLS","ENGINE_COMPRESSION_TESTERS","42","6448","0,002","0,043","0,005","0,077"
"VEHICLE PARTS & ACCESSORIES","ACC CARS & VANS","CARS & VANS REPLACEMENT PARTS","CARS & VANS INTERIOR","VEHICLE_MANUAL_WINDOW_REGULATOR_SYSTEMS","42","3817","0,002","0,043","0,003","0,046"
"VEHICLE PARTS & ACCESSORIES","ACC CARS & VANS","CARS & VANS REPLACEMENT PARTS","CARS & VANS OTHERS","VEHICLE_SKIRTS","42","2852","0,002","0,043","0,002","0,034"
"CONSTRUCTION & INDUSTRY","TOOLS","MANUAL TOOLS","PLIERS","HOSE_CLAMP_PLIERS","42","2758","0,002","0,013","0,002","0,014"
"TECHNOLOGY","IT APPLIANCES","PRINTERS","PRINTERS 3D","3D_PRINTERS","42","6149","0,002","0,028","0,005","0,021"
"CONSTRUCTION & INDUSTRY","TOOLS","MEASURING TOOLS","OTHER MEASURING TOOLS","WATER_FLOW_SENSORS","42","8843","0,002","0,013","0,007","0,044"
"VEHICLE PARTS & ACCESSORIES","ACC CARS & VANS","CARS & VANS REPLACEMENT PARTS","CARS & VANS ENGINE","VEHICLE_FUSE_BOX_COVERS","41","2469","0,002","0,042","0,002","0,029"
"SPORTS","CYCLING AND OTHERS","BICYCLES ACCESORIES AND SPARE PARTS","BICYCLES ACCESORIES AND SPARE PARTS","BICYCLE_FENDERS","41","2057","0,002","0,074","0,002","0,058"
"CONSTRUCTION & INDUSTRY","SECURITY","ALARMS & SENSORS","ALARMS & SENSORS","GAS_DETECTORS","41","4960","0,002","0,013","0,004","0,025"
"FASHION","FOOTWEAR","BOOTS","BOOTS","HIKING_BOOTS","41","13112","0,002","0,016","0,01","0,104"
"T & B","TOYS AND GAMES","OUTDOOR TOYS","PLAYGROUND TOYS","BALL_PIT_BALLS","41","3751","0,002","0,069","0,003","0,101"
"OTHERS","OTHER","TOBACCO","TOBACCO","CIGAR_CUTTERS","41","2032","0,002","0,427","0,002","0,364"
"CPG","FOODS","COOKIES & SNACKS","SNACKS","GINGERBREADS","41","1242","0,002","0,013","0,001","0,01"
"HOME ELECTRONICS","SMALL APPLIANCES","KITCHEN","MEAL & DRINK MAKERS","BREAD_MAKERS","41","10415","0,002","0,05","0,008","0,156"
"CPG","FOODS","GROCERIES","DRY FOOD","COUSCOUS","41","870","0,002","0,013","0,001","0,007"
"CONSTRUCTION & INDUSTRY","HOME OUTDOORS","POOL, HOT TUBES & SAUNA","POOL ACCESSORIES","POOL_COVERS","41","5231","0,002","0,013","0,004","0,026"
"BEAUTY","BEAUTY PERSONAL CARE","BODY CARE","BODY CARE","BATH_BOMBS","41","2080","0,002","0,034","0,002","0,022"
"T & B","BABY","BABY BEDROOM","BABY BEDROOM ACCESSORIES","BED_AND_CRIB_SAFETY_RAILS","41","4250","0,002","0,069","0,003","0,114"
"FURNISHING & HOUSEWARE","HOUSEHOLD ITEMS","ORGANIZATION","KITCHEN ORG","WATER_DISPENSER_TOP_COVERS","41","1787","0,002","0,02","0,001","0,016"
"CONSTRUCTION & INDUSTRY","TOOLS","MEASURING TOOLS","OTHER MEASURING TOOLS","BREATHALYSERS","41","4413","0,002","0,013","0,003","0,022"
"SPORTS","OTHER MAINSTREAM SPORTS","VOLLEYBALL","VOLLEYBALL","VOLLEYBALL_NETS","41","4335","0,002","0,074","0,003","0,122"
"CONSTRUCTION & INDUSTRY","TOOLS","GARDEN TOOLS","ACCESSORIES AND SPARE PARTS","GARDEN_MACHINE_TRIMMER_LINES","41","2912","0,002","0,013","0,002","0,015"
"BEAUTY","BEAUTY PROFESSIONAL","MANICURE & PEDICURE","MANICURE ACCESSORIES & EQUIPMENTS","NAIL_DUST_COLLECTORS","41","5280","0,002","0,034","0,004","0,055"
"VEHICLE PARTS & ACCESSORIES","ACC CARS & VANS","CARS & VANS ACCESSORIES","CARS & VANS ACCESSORIES EXTERIOR","VEHICLE_TRAILER_HITCH_BALLS","41","2131","0,002","0,042","0,002","0,025"
"HOME ELECTRONICS","HOUSEHOLD APPLIANCES PARTS","BUILT IN PARTS","BUILT IN PARTS","ELECTRIC_OVEN_THERMOSTATS","41","2065","0,002","0,05","0,002","0,031"
"OTHERS","ANTIQUES & HOBBIES","ANTIQUES & HOBBIES","ANTIQUES & HOBBIES","MILITARY_COLLECTIBLE_SUPPLIES","41","1470","0,002","0,427","0,001","0,263"
"FURNISHING & HOUSEWARE","DECOR","CHRISTMAS DECOR","CHRISTMAS DECOR","CHRISTMAS_DOLLS","41","3388","0,002","0,02","0,003","0,03"
"T & B","TOYS AND GAMES","OUTDOOR TOYS","OTHER OUTDOOR TOYS","DARTS_AND_DARTBOARDS","41","3444","0,002","0,069","0,003","0,092"
"TECHNOLOGY","IT PERIPHERALS, PARTS & ACCESSORIES","PERIPHERALS ACCESSORIES","CABLES & ACCESSORIES","CABLE_TRACKERS","40","3777","0,002","0,026","0,003","0,013"
"HEALTH","HEALTH GOODS","HEALTH PROFESSIONAL","DENTAL SPECIALIZED EQUIPMENT","TEETH_WHITENING_SYRINGES","40","2830","0,002","0,038","0,002","0,034"
"CPG","FOODS","GROCERIES","INSTANT FOOD","INSTANT_RICE","40","549","0,002","0,013","0","0,005"
"SPORTS","OTHER SPORTS","SKATEBOARDS","SKATEBOARDS","ROLLER_SKATE_WHEELS","40","3478","0,002","0,072","0,003","0,098"
"SPORTS","OTHER SPORTS","BASEBALL","BASEBALL","BASEBALL_AND_SOFTBALL_BATS","40","2479","0,002","0,072","0,002","0,07"
"CONSTRUCTION & INDUSTRY","HOME OUTDOORS","INSECT & PEST CONTROL","INSECT & PEST CONTROL","PLAGUES_ULTRASONIC_REPELLENTS","40","3407","0,002","0,013","0,003","0,017"
"VEHICLE PARTS & ACCESSORIES","ACC CARS & VANS","CARS & VANS REPLACEMENT PARTS","CARS & VANS OTHERS","VEHICLE_STEERING_WHEEL_CENTERS","40","2026","0,002","0,041","0,002","0,024"
"HOME ELECTRONICS","HOUSEHOLD APPLIANCES PARTS","LAUNDRY PARTS","WASHING & DRYER MACHINE PARTS","WASHING_MACHINE_DETERGENT_DISPENSERS","40","1822","0,002","0,049","0,001","0,027"
"SPORTS","MOUNTAIN & OUTDOORS","FISHING","FISHING_GEAR_AND_ACCESSORIES","FISHING_ROD_CASES","40","2220","0,002","0,072","0,002","0,062"
"VEHICLE PARTS & ACCESSORIES","ACC CARS & VANS","CARS & VANS REPLACEMENT PARTS","CARS & VANS INJECTION","VEHICLE_FUEL_INJECTION_RAILS","40","3511","0,002","0,041","0,003","0,042"
"SPORTS","OTHER SPORTS","SKATEBOARDS","SKATEBOARDS","SKATEBOARD_TRUCKS","40","4502","0,002","0,072","0,004","0,126"
"VEHICLE PARTS & ACCESSORIES","ACC CARS & VANS","CARS & VANS ACCESSORIES","CARS & VANS ACCESSORIES INTERIOR","VEHICLE_INTERIOR_TRUNK_STORAGE_ORGANIZERS","40","1529","0,002","0,041","0,001","0,018"
"CPG","CPG PERSONAL CARE","PERSONAL CARE ESSENTIALS","FEMENINE CARE","MENSTRUAL_CUPS_AND_DISCS","40","2673","0,002","0,013","0,002","0,022"
"SPORTS","INDOOR SPORTS","GYM","GYM ACCESORIES","SUSPENSION_TRAINERS","40","2450","0,002","0,072","0,002","0,069"
"CPG","PET","PET BEAUTY & HYGIENE","SHAMPOO & CONDITIONER","PET_SOAPS","40","1284","0,002","0,013","0,001","0,011"
"HOME ELECTRONICS","AUDIO & GENERAL ELECTRONICS","ELECTRONIC, TOOLS & COMPONENTS","ELECTRONIC TOOLS","ELECTRONIC_AND_ELECTRICAL_COMPONENT_LUBRICANTS","40","1127","0,002","0,049","0,001","0,017"
"VEHICLE PARTS & ACCESSORIES","ACC CARS & VANS","CARS & VANS REPLACEMENT PARTS","CARS & VANS TRANSMISSION","VEHICLE_TRANSMISSION_CROWNS","40","2359","0,002","0,041","0,002","0,028"
"FURNISHING & HOUSEWARE","HOUSEHOLD ITEMS","KITCHEN HOME","PREP, GADGETS AND ACC","EGG_SLICERS","40","766","0,002","0,019","0,001","0,007"
"CPG","FOODS","FRESH FOOD","OTHER FRESH FOOD","PASTRY_SHEETS_FOR_EMPANADAS_AND_PIES","40","576","0,002","0,013","0","0,005"
"VEHICLE PARTS & ACCESSORIES","ACC CARS & VANS","CARS & VANS REPLACEMENT PARTS","CARS & VANS OTHERS","VEHICLE_CALIPER_BOLTS","40","2641","0,002","0,041","0,002","0,032"
"SPORTS","CYCLING AND OTHERS","BICYCLES ACCESORIES AND SPARE PARTS","BICYCLES ACCESORIES AND SPARE PARTS","BICYCLE_TRAINING_WHEELS","40","1644","0,002","0,072","0,001","0,046"
"CPG","PET","PET BEAUTY & HYGIENE","SANITARY ACCESSORIES","DOG_POTTY_TRAYS","40","2465","0,002","0,013","0,002","0,02"
"HOME ELECTRONICS","AUDIO & GENERAL ELECTRONICS","ELECTRONIC, TOOLS & COMPONENTS","ELECTRONIC TOOLS","ELECTRONIC_AND_ELECTRICAL_COMPONENT_CLEANING_SWABS","39","602","0,002","0,048","0","0,009"
"CONSTRUCTION & INDUSTRY","TOOLS","MANUAL TOOLS","CUTTING AND ROUGHING","AXES","39","2283","0,002","0,012","0,002","0,011"
"FURNISHING & HOUSEWARE","HOUSEHOLD ITEMS","KITCHEN HOME","PREP, GADGETS AND ACC","EGG_SEPARATORS","39","890","0,002","0,019","0,001","0,008"
"CONSTRUCTION & INDUSTRY","TOOLS","MEASURING TOOLS","OTHER MEASURING TOOLS","HYDROMETERS_AND_DENSIMETERS","39","4574","0,002","0,012","0,004","0,023"
"VEHICLE PARTS & ACCESSORIES","ACC CARS & VANS","CARS & VANS REPLACEMENT PARTS","CARS & VANS OTHERS","VEHICLE_HEATER_HOSES","39","4080","0,002","0,04","0,003","0,049"
"CONSTRUCTION & INDUSTRY","TOOLS","MANUAL TOOLS","LIFTING AND TRACTION","HAND_WINCHES","39","4765","0,002","0,012","0,004","0,024"
"CONSTRUCTION & INDUSTRY","STATIONERY","OFFICE & SCHOOL SUPPLIES","DRAFTING","DRAWING_COMPASSES","39","1837","0,002","0,012","0,001","0,009"
"VEHICLE PARTS & ACCESSORIES","ACC COMMERCIAL VEHICLES","COMMERCIAL VEHICLES ACCESSORIES","COMMERCIAL VEHICLES ACCESSORIES OTHERS","COMMERCIAL_VEHICLE_ACCESSORIES","39","1679","0,002","0,04","0,001","0,02"
"TECHNOLOGY","CONSOLE GAMING HARDWARE","GAMES ACCESSORIES","PERIPHERALS FOR GAMES","VIDEO_GAME_STEERING_WHEELS","39","17684","0,002","0,026","0,014","0,06"
"VEHICLE PARTS & ACCESSORIES","ACC CARS & VANS","CARS & VANS REPLACEMENT PARTS","CARS & VANS ENGINE","VEHICLE_DRIVE_BELTS","39","8295","0,002","0,04","0,006","0,099"
"SPORTS","INDOOR SPORTS","GYM","GYM ACCESORIES","BARBELL_PADS","39","1890","0,002","0,07","0,001","0,053"
"CONSTRUCTION & INDUSTRY","HOME OUTDOORS","LANDSCAPING & GARDEN CENTER","HYDROPONIC GROWTH","HYDROPONIC_NUTRIENTS","39","1792","0,002","0,012","0,001","0,009"
"HOME ELECTRONICS","HOUSEHOLD APPLIANCES PARTS","HEATING & COOLING PARTS","FAN PARTS","PEDESTAL_FAN_BASES","39","1189","0,002","0,048","0,001","0,018"
"SPORTS","MOUNTAIN & OUTDOORS","CLIMBING","CLIMBING","CLIMBING_CHALK_BAGS","39","1658","0,002","0,07","0,001","0,047"
"CPG","FOODS","BREAKFAST & CEREALS","SWEET","CAKE_COVER_PASTES","39","2569","0,002","0,012","0,002","0,021"
"SPORTS","MOUNTAIN & OUTDOORS","CAMPING","SHELTER & SLEEP","TENT_STAKES","39","1388","0,002","0,07","0,001","0,039"
"FURNISHING & HOUSEWARE","HOUSEHOLD ITEMS","KITCHEN HOME","COOKWARE","STOVETOP_GRILLS","39","2740","0,002","0,019","0,002","0,024"
"FURNISHING & HOUSEWARE","HOUSEHOLD ITEMS","KITCHEN HOME","PREP, GADGETS AND ACC","GROCERY_BAG_HANDLES","39","1316","0,002","0,019","0,001","0,012"
"CONSTRUCTION & INDUSTRY","INDUSTRY","GASTRONOMY & HOSPITALITY","GASTRONOMY & HOSPITALITY","FOOD_FILM_WRAPPERS","39","3406","0,002","0,012","0,003","0,017"
"TECHNOLOGY","IT APPLIANCES","PRINTERS PARTS & ACCESSORIES","PRINTERS PARTS","PRINTER_SPARE_TRAYS_REPLACEMENTS","38","2060","0,002","0,025","0,002","0,007"
"SPORTS","INDOOR SPORTS","GYM","GYM ACCESORIES","REHABILITATION_GYROSCOPE_BALLS","38","1098","0,002","0,069","0,001","0,031"
"SPORTS","MOUNTAIN & OUTDOORS","CAMPING","GEAR & EQUIPMENT","TACTICAL_SLINGS","38","2251","0,002","0,069","0,002","0,063"
"SPORTS","MOUNTAIN & OUTDOORS","CAMPING","GEAR & EQUIPMENT","CANTEENS","38","1832","0,002","0,069","0,001","0,051"
"TECHNOLOGY","CAMERAS & DRONES","CAMERA ACCESSORIES","OTHER CAMERA ACCESSORIES","CAMERA_SHOE_MOUNT_ADAPTERS","38","2069","0,002","0,025","0,002","0,007"
"HOME ELECTRONICS","AUDIO & GENERAL ELECTRONICS","AUDIO ACCESSORIES","AUDIO INTERFACES & CROSSOVERS","AUDIO_CROSSOVERS","38","6684","0,002","0,046","0,005","0,1"
"VEHICLE PARTS & ACCESSORIES","ACC NAUTICAL VEHICLES","NAUTICAL REPLACEMENT PARTS","NAUTICAL FUEL SYSTEM","NAUTICAL_FUEL_TANKS","38","3131","0,002","0,039","0,002","0,037"
"VEHICLE PARTS & ACCESSORIES","ACC CARS & VANS","CARS & VANS ACCESSORIES","CARS & VANS ACCESSORIES SECURITY","UNIVERSAL_CAR_REMOTES","38","3760","0,002","0,039","0,003","0,045"
"TECHNOLOGY","IT APPLIANCES","CONNECTIVITY & NETWORKS","CONNECTIVITY & NETWORKS ACCESSORIES","GATEWAYS","38","22812","0,002","0,025","0,018","0,078"
"CPG","FOODS","GROCERIES","SALT, SPICES & BROTHS","COOKING_BAGS","38","1929","0,002","0,012","0,002","0,016"
"VEHICLE PARTS & ACCESSORIES","ACC CARS & VANS","CARS & VANS REPLACEMENT PARTS","CARS & VANS ENGINE","VEHICLE_ENGINE_TIMING_COVERS","38","2014","0,002","0,039","0,002","0,024"
"OTHERS","ANTIQUES & HOBBIES","COLLECTIBLES","COLLECTIBLES","COLLECTIBLE_MATCHBOXES","38","850","0,002","0,395","0,001","0,152"
"HOME ELECTRONICS","AUDIO & GENERAL ELECTRONICS","MULTIMEDIA","PARTY EFFECTS MACHINES","BUBBLE_MACHINES","38","2346","0,002","0,046","0,002","0,035"
"TECHNOLOGY","CONSOLE GAMING HARDWARE","GAMES ACCESSORIES","PERIPHERALS FOR GAMES","VIDEO_GAME_DRUMS","38","646","0,002","0,025","0,001","0,002"
"SPORTS","WATER SPORTS","SWIMMING","SWIMMING","SWIMMING_FINS","38","5742","0,002","0,069","0,004","0,161"
"HOME ELECTRONICS","AUDIO & GENERAL ELECTRONICS","ELECTRONIC, TOOLS & COMPONENTS","ELECTRONIC TOOLS","DEVICE_PROGRAMMERS","38","5998","0,002","0,046","0,005","0,09"
"CONSTRUCTION & INDUSTRY","TOOLS","INDUSTRY TOOLS","INDUSTRY TOOLS","CNC_SERVO_MOTORS","38","5807","0,002","0,012","0,005","0,029"
"VEHICLE PARTS & ACCESSORIES","ACC CARS & VANS","CARS & VANS REPLACEMENT PARTS","CARS & VANS STEERING & SUSPENSION","VEHICLE_POWER_STEERING_FLUID_RESERVOIRS","38","2582","0,002","0,039","0,002","0,031"
"OTHERS","OTHER","TATOOS","TATOOS","TATTOO_KITS","38","3962","0,002","0,395","0,003","0,709"
"HOME ELECTRONICS","HOUSEHOLD APPLIANCES PARTS","HEATING & COOLING PARTS","AIR CONDITIONER PARTS","AIR_CONDITIONER_FILTERS","38","1748","0,002","0,046","0,001","0,026"
"HEALTH","HEALTH GOODS","HEALTH PROFESSIONAL","MEDICAL SPECIALIZED EQUIPMENT","AYRE_SCRAPERS","38","2947","0,002","0,036","0,002","0,035"
"HOME ELECTRONICS","LARGE APPLIANCES","BUILT IN","RANGES, OVENS & COOKTOPS","OVENS","37","12003","0,002","0,045","0,009","0,18"
"CONSTRUCTION & INDUSTRY","SECURITY","CAMERAS, MONITORS & KITS","CAMERAS, MONITORS & KITS","SECURITY_MONITORS","37","3340","0,002","0,012","0,003","0,017"
"VEHICLE PARTS & ACCESSORIES","ACC CARS & VANS","CARS & VANS REPLACEMENT PARTS","CARS & VANS ENGINE","VEHICLE_DISTRIBUTOR_CAPS","37","2661","0,002","0,038","0,002","0,032"
"TECHNOLOGY","SMARTPHONES & TABLETS","SMARTPHONES PARTS & ACCESSORIES","SMARTPHONES ACCESSORIES","MOBILE_GAMING_TRIGGERS","37","1637","0,002","0,024","0,001","0,006"
"VEHICLE PARTS & ACCESSORIES","ACC CARS & VANS","CARS & VANS REPLACEMENT PARTS","CARS & VANS OTHERS","VEHICLE_FREEZE_PLUGS","37","1598","0,002","0,038","0,001","0,019"
"FASHION","APPAREL ACCESSORIES","OTHER APPAREL ACCESSORIES","OTHER APPAREL ACCESSORIES","GLASSES_REPLACEMENT_LENSES","37","4593","0,002","0,014","0,004","0,036"
"T & B","PARTY","PARTY EQUIPMENT","PARTY MACHINES","MIRROR_BALLS","37","2447","0,002","0,062","0,002","0,066"
"HOME ELECTRONICS","LARGE APPLIANCES","LAUNDRY & DISHWASHERS","DISHWASHERS","DISHWASHERS","37","38286","0,002","0,045","0,03","0,575"
"CONSTRUCTION & INDUSTRY","SECURITY","SAFES & PERSONAL SECURITY","SAFES & PERSONAL SECURITY","ANTI_PANIC_BARS","37","4948","0,002","0,012","0,004","0,025"
"HEALTH","MEDICINES","PRESCRIPTION MEDICINES","PRESCRIPTION MEDICINES","RX_MUSCULOSKELETAL_MEDICINES","37","786","0,002","0,035","0,001","0,009"
"FASHION","APPAREL ACCESSORIES","OTHER APPAREL ACCESSORIES","OTHER APPAREL ACCESSORIES","VEILS","37","2352","0,002","0,014","0,002","0,019"
"OTHERS","OTHER","OTHER","OTHER","STRAP_ONS","37","2346","0,002","0,385","0,002","0,42"
"VEHICLE PARTS & ACCESSORIES","ACC CARS & VANS","CARS & VANS REPLACEMENT PARTS","CARS & VANS FUEL SYSTEM","VEHICLE_FUEL_TANKS","37","5896","0,002","0,038","0,005","0,07"
"VEHICLE PARTS & ACCESSORIES","ACC CARS & VANS","CARS & VANS REPLACEMENT PARTS","CARS & VANS OTHERS","VEHICLE_EXHAUSTS","37","8006","0,002","0,038","0,006","0,096"
"FURNISHING & HOUSEWARE","MATTRESSES & SOMMIER","MATTRESSES & SOMMIER SETS","MATTRESSES & SOMMIER SETS","BOX_SPRING_AND_MATTRESS_KITS","37","21636","0,002","0,018","0,017","0,192"
"FASHION","APPAREL ACCESSORIES","WATCH","SPORTS JEWELRY","JEWELRY_AND_WATCHES","37","7305","0,002","0,014","0,006","0,058"
"SPORTS","CYCLING AND OTHERS","BICYCLES ACCESORIES AND SPARE PARTS","BICYCLES ACCESORIES AND SPARE PARTS","BICYCLE_WHEEL_HUB_SKEWERS","37","389","0,002","0,067","0","0,011"
"CONSTRUCTION & INDUSTRY","INDUSTRY","GASTRONOMY & HOSPITALITY","GASTRONOMY & HOSPITALITY","BEER_BOTTLES_AND_GROWLERS","37","1098","0,002","0,012","0,001","0,005"
"CONSTRUCTION & INDUSTRY","INDUSTRY","PACKAGING","PACKAGING","MANUAL_STRAPPING_AND_TENSIONERS","37","8091","0,002","0,012","0,006","0,04"
"SPORTS","WATER SPORTS","SURF","SURF","WETSUITS","37","11325","0,002","0,067","0,009","0,318"
"HEALTH","HEALTH GOODS","HEALTH PROFESSIONAL","MEDICAL SPECIALIZED EQUIPMENT","OPTICAL_INSTRUMENTS","37","2224","0,002","0,035","0,002","0,027"
"T & B","BABY","BABY TOYS & ACTIVITY CENTERS","ACTIVITY CENTERS","BABY_SENSORY_AND_STIMULATION_TOYS","37","1976","0,002","0,062","0,002","0,053"
"VEHICLE PARTS & ACCESSORIES","ACC CARS & VANS","CARS & VANS REPLACEMENT PARTS","CARS & VANS FUEL SYSTEM","VEHICLE_FUEL_FILLER_DOOR_RELEASE_CABLES","36","2541","0,002","0,037","0,002","0,03"
"SPORTS","INDOOR SPORTS","GYM","GYM ACCESORIES","MEDICINE_BALLS","36","1635","0,002","0,065","0,001","0,046"
"TECHNOLOGY","CAMERAS & DRONES","CAMERA ACCESSORIES","BAGS & CAMERA CARE","CAMERA_BACKPACKS","36","5024","0,002","0,024","0,004","0,017"
"BEAUTY","BEAUTY PROFESSIONAL","MANICURE & PEDICURE","MANICURE ACCESSORIES & EQUIPMENTS","MANICURE_FINGER_COVERS","36","944","0,002","0,03","0,001","0,01"
"ENTERTAINMENT","MUSICAL INSTRUMENTS","PERCUSION INSTRUMENTS","LITTLE PERCUSSION INSTRUMENTS","PERCUSSION_MARACAS","36","1670","0,002","0,116","0,001","0,068"
"FURNISHING & HOUSEWARE","HOUSEHOLD ITEMS","CLEANING & LAUNDRY","IRONING","IRONING_BOARDS","36","3738","0,002","0,017","0,003","0,033"
"VEHICLE PARTS & ACCESSORIES","ACC CARS & VANS","CARS & VANS REPLACEMENT PARTS","CARS & VANS STEERING & SUSPENSION","VEHICLE_TRIPOD_JOINT_SPIDERS","36","986","0,002","0,037","0,001","0,012"
"T & B","PARTY","PARTY EQUIPMENT","PARTY EQUIPMENT","SOUVENIR_CANS","36","1133","0,002","0,06","0,001","0,03"
"VEHICLE PARTS & ACCESSORIES","ACC CARS & VANS","CARS & VANS REPLACEMENT PARTS","CARS & VANS OTHERS","VEHICLE_POWER_STEERING_HOSES","36","3616","0,002","0,037","0,003","0,043"
"TECHNOLOGY","CAMERAS & DRONES","STUDIO & LIGHTING","PHOTOGRAPHIC ACCESSORIES","MINI_PHOTOGRAPHIC_STUDIOS","36","2344","0,002","0,024","0,002","0,008"
"SPORTS","OTHER SPORTS","OTHER SPORTS","OTHER SPORTS","SPORT_BOARD_STANDS","36","1164","0,002","0,065","0,001","0,033"
"CONSTRUCTION & INDUSTRY","TOOLS","MANUAL TOOLS","BRICKWORK","SLEDGEHAMMERS","36","1779","0,002","0,011","0,001","0,009"
"BEAUTY","BEAUTY PROFESSIONAL","ESTHETIC","ELECTRIC ESTHETIC TOOLS","ULTRASONIC_SKIN_SCRUBBERS","36","1494","0,002","0,03","0,001","0,016"
"CONSTRUCTION & INDUSTRY","TOOLS","MEASURING TOOLS","AMBIENT","PH_METER_BUFFER_SOLUTIONS","36","1625","0,002","0,011","0,001","0,008"
"CONSTRUCTION & INDUSTRY","HOME OUTDOORS","POOL, HOT TUBES & SAUNA","POOL INFRASTRUCTURE","POOL_PUMPS","36","16797","0,002","0,011","0,013","0,084"
"VEHICLE PARTS & ACCESSORIES","ACC MOTORCYCLES","MOTORCYCLE REPLACEMENT PARTS","MOTORCYCLE BODYWORK","MOTORCYCLE_HANDLEBAR_YOKES","36","2645","0,002","0,037","0,002","0,032"
"CONSTRUCTION & INDUSTRY","INDUSTRY","INDUSTRY GENERAL EQUIPMENT","INDUSTRY GENERAL EQUIPMENT","REFRIGERANT_GASES","36","12228","0,002","0,011","0,01","0,061"
"CONSTRUCTION & INDUSTRY","INDUSTRY","GASTRONOMY & HOSPITALITY","GASTRONOMY & HOSPITALITY","CLEANING_TROLLEYS","36","3528","0,002","0,011","0,003","0,018"
"VEHICLE PARTS & ACCESSORIES","ACC CARS & VANS","CARS & VANS REPLACEMENT PARTS","CARS & VANS OTHERS","OTHER_VEHICLE_WHEEL_HUBS","36","3687","0,002","0,037","0,003","0,044"
"T & B","TOYS AND GAMES","SUMMER TOYS & POOLS","INFLATABLE TOYS","INFLATABLE_BOUNCE_HOUSES_AND_SLIDES","36","1683","0,002","0,06","0,001","0,045"
"T & B","TOYS AND GAMES","LIFELIKE TOYS","SUPERMARKET TOYS","TOY_CASH_REGISTERS","36","2476","0,002","0,06","0,002","0,066"
"VEHICLE PARTS & ACCESSORIES","ACC CARS & VANS","CARS & VANS ACCESSORIES","CARS & VANS ACCESSORIES SECURITY","VEHICLE_EMERGENCY_KITS","36","4441","0,002","0,037","0,003","0,053"
"CONSTRUCTION & INDUSTRY","STATIONERY","OFFICE & SCHOOL SUPPLIES","OTHER OFFICE & SCHOOL SUPPLIES","INKWELLS","35","1263","0,002","0,011","0,001","0,006"
"T & B","TOYS AND GAMES","OUTDOOR TOYS","SPORTS GAMES","FOOSBALL_TABLES","35","1964","0,002","0,059","0,002","0,053"
"T & B","TOYS AND GAMES","SHOOTERS & SWORDS","SHOOTERS & SWORDS","GEL_BLASTERS","35","1126","0,002","0,059","0,001","0,03"
"SPORTS","OTHER MAINSTREAM SPORTS","TENNIS","TENNIS","TENNIS_AND_PADDEL_BALL_PRESSURIZERS","35","2989","0,002","0,063","0,002","0,084"
"CPG","PET","PET BEAUTY & HYGIENE","PET GROOMING","PET_CLIPPER_REPLACEMENT_BLADES","35","4057","0,002","0,011","0,003","0,034"
"T & B","BABY","STROLLERS & CAR SEATS","STROLLERS & CAR SEATS ACCEESSORIES","BABY_STROLLER_MOSQUITO_COVERS","35","770","0,002","0,059","0,001","0,021"
"HEALTH","HEALTH GOODS","EROTIC","SEX TOYS","SEX_TOY_KITS","35","1279","0,002","0,033","0,001","0,015"
"CONSTRUCTION & INDUSTRY","TOOLS","GARDEN TOOLS","MANUAL GARDEN TOOLS","HOES","35","1326","0,002","0,011","0,001","0,007"
"VEHICLE PARTS & ACCESSORIES","ACC CARS & VANS","CARS & VANS REPLACEMENT PARTS","CARS & VANS INTERIOR","VEHICLE_HEADRESTS","35","1637","0,002","0,036","0,001","0,02"
"TECHNOLOGY","IT APPLIANCES","PROJECTOR ACCESSORIES & PARTS","PROJECTOR ACCESSORIES & PARTS","PROJECTOR_LAMPS","35","4097","0,002","0,023","0,003","0,014"
"VEHICLE PARTS & ACCESSORIES","ACC CARS & VANS","CARS & VANS REPLACEMENT PARTS","CARS & VANS WHEELS","VEHICLE_WHEEL_SPACERS","35","16834","0,002","0,036","0,013","0,201"
"T & B","PARTY","PARTY EQUIPMENT","PARTY EQUIPMENT","CARD_AND_INVITATION_BOXES","35","1998","0,002","0,059","0,002","0,054"
"HOME ELECTRONICS","HOUSEHOLD APPLIANCES PARTS","LAUNDRY PARTS","WASHING & DRYER MACHINE PARTS","WASHING_MACHINE_GEARBOXES","35","5328","0,002","0,043","0,004","0,08"
"FURNISHING & HOUSEWARE","FURNITURE","OTHER FURNITURE","OTHER FURNITURE","HOME_FURNITURE","35","3021","0,002","0,017","0,002","0,027"
"HOME ELECTRONICS","LARGE APPLIANCES","REFRIGERATION","REFRIGERATORS","REFRIGERATORS","35","40275","0,002","0,043","0,031","0,604"
"SPORTS","MOUNTAIN & OUTDOORS","CAMPING","GEAR & EQUIPMENT","BUTANE_GAS_CARTRIDGES","35","2247","0,002","0,063","0,002","0,063"
"CONSTRUCTION & INDUSTRY","INDUSTRY","COMMERCE EQUIPMENT","COMMERCE EQUIPMENT","PRECISION_SCALES","34","1054","0,002","0,011","0,001","0,005"
"VEHICLE PARTS & ACCESSORIES","ACC CARS & VANS","CARS & VANS REPLACEMENT PARTS","CARS & VANS OTHERS","VEHICLE_STEERING_WHEEL_SWITCHES","34","3491","0,002","0,035","0,003","0,042"
"CONSTRUCTION & INDUSTRY","INDUSTRY","ADVERTISEMENT & GRAPHIC DESIGN","ADVERTISEMENT & GRAPHIC DESIGN","CUTTING_PLOTTER_BLADES","34","3546","0,002","0,011","0,003","0,018"
"SPORTS","CYCLING AND OTHERS","BICYCLES ACCESORIES AND SPARE PARTS","BICYCLES ACCESORIES AND SPARE PARTS","BICYCLE_WHEEL_AXLES","34","1029","0,002","0,061","0,001","0,029"
"CPG","FOODS","BREAKFAST & CEREALS","MILK","COFFEE_CREAMERS","34","3834","0,002","0,011","0,003","0,032"
"BEAUTY","BEAUTY PROFESSIONAL","BEAUTY SALOON","SALOON SUPPLIES","EXFOLIATING_GLOVES_AND_MITTS","34","886","0,002","0,028","0,001","0,009"
"HOME ELECTRONICS","SMALL APPLIANCES","KITCHEN","MEAL & DRINK MAKERS","ELECTRIC_DONUT_MAKERS","34","2616","0,002","0,042","0,002","0,039"
"HEALTH","MEDICINES","PRESCRIPTION MEDICINES","PRESCRIPTION MEDICINES","RX_BLOOD_AND_HEMATOPOIETIC_ORGAN_MEDICINES","34","1476","0,002","0,032","0,001","0,018"
"ENTERTAINMENT","MUSICAL INSTRUMENTS","DJ CONSOLES & MIXERS","DJ EQUIPMENT","DJ_RACKS","34","4187","0,002","0,11","0,003","0,171"
"TECHNOLOGY","CAMERAS & DRONES","DRONES, PARTS & ACCESSORIES","DRONES, PARTS & ACCESSORIES","DRONE_REMOTE_CONTROLS","34","14488","0,002","0,022","0,011","0,049"
"FASHION","APPAREL ACCESSORIES","OTHER APPAREL ACCESSORIES","OTHER APPAREL ACCESSORIES","CUFFLINKS","34","1146","0,002","0,013","0,001","0,009"
"T & B","TOYS AND GAMES","LIFELIKE TOYS","LIFELIKE TOYS","TOY_KITE_STICKS","34","1055","0,002","0,057","0,001","0,028"
"VEHICLE PARTS & ACCESSORIES","ACC NAUTICAL VEHICLES","NAUTICAL EQUIPMENT","NAUTICAL EQUIPMENT INTERIOR","NAUTICAL_EYE_BOLTS","34","2018","0,002","0,035","0,002","0,024"
"CONSTRUCTION & INDUSTRY","INDUSTRY","ADVERTISEMENT & GRAPHIC DESIGN","ADVERTISEMENT & GRAPHIC DESIGN","COIL_BINDING_MACHINES","34","9523","0,002","0,011","0,007","0,048"
"VEHICLE PARTS & ACCESSORIES","ACC CARS & VANS","CARS & VANS REPLACEMENT PARTS","CARS & VANS ENGINE","VEHICLE_ENGINE_COOLANT_THERMOSTAT_HOUSINGS","34","2576","0,002","0,035","0,002","0,031"
"CONSTRUCTION & INDUSTRY","CONSTRUCTION","FLOORING & COATING","FLOOR MOLDS","FLOOR_MAKER_MOLDS","34","1646","0,002","0,011","0,001","0,008"
"CONSTRUCTION & INDUSTRY","INDUSTRY","INDUSTRY GENERAL EQUIPMENT","INDUSTRY GENERAL EQUIPMENT","LIQUID_ELECTRICAL_TAPES","34","1756","0,002","0,011","0,001","0,009"
"FURNISHING & HOUSEWARE","DECOR","MIRRORS & DECORATIVE ART","MIRRORS & DECORATIVE ART","POSTERS","33","1272","0,002","0,016","0,001","0,011"
"CONSTRUCTION & INDUSTRY","INDUSTRY","SAFETY EQUIPMENT","SAFETY EQUIPMENT","RESPIRATOR_CARTRIDGES","33","1931","0,002","0,01","0,002","0,01"
"CONSTRUCTION & INDUSTRY","INDUSTRY","GASTRONOMY & HOSPITALITY","GASTRONOMY & HOSPITALITY","WAITER_CALLING_SYSTEMS","33","14008","0,002","0,01","0,011","0,07"
"VEHICLE PARTS & ACCESSORIES","ACC MOTORCYCLES","MOTORCYCLE ACCESSORIES","MOTORCYCLE ACCESSORIES EXTERIOR","VEHICLE_SPARE_WHEEL_COVERS","33","1673","0,002","0,034","0,001","0,02"
"SPORTS","MOUNTAIN & OUTDOORS","CAMPING","GEAR & EQUIPMENT","PORTABLE_CAMPING_SHOWERS","33","1805","0,002","0,06","0,001","0,051"
"T & B","BABY","BABY CARE","BABY CARE","BABY_KNEE_PADS","33","999","0,002","0,055","0,001","0,027"
"SPORTS","MOUNTAIN & OUTDOORS","FISHING","FISHING_APPAREL_AND_EQUIPMENT","FISHING_GLOVES_AND_MITTENS","33","1065","0,002","0,06","0,001","0,03"
"SPORTS","CYCLING AND OTHERS","BICYCLES ACCESORIES AND SPARE PARTS","BICYCLES ACCESORIES AND SPARE PARTS","BICYCLE_V_BRAKE_KITS","33","3467","0,002","0,06","0,003","0,097"
"CPG","PET","PET FOOD & TREATS","OTHER PET FOOD & TREATS","RODENT_FOODS","33","2167","0,002","0,01","0,002","0,018"
"VEHICLE PARTS & ACCESSORIES","ACC CARS & VANS","CARS & VANS REPLACEMENT PARTS","CARS & VANS ELECTRONICS","VEHICLE_TRAILER_CONNECTORS","33","2562","0,002","0,034","0,002","0,031"
"VEHICLE PARTS & ACCESSORIES","ACC CARS & VANS","CARS & VANS ACCESSORIES","CARS & VANS ACCESSORIES EXTERIOR","AUTOMOTIVE_BOARD_AND_WATERCRAFT_ROOF_RACKS","33","1659","0,002","0,034","0,001","0,02"
"SPORTS","OTHER SPORTS","SPORTS SHOOTING AND ARCHERY","SHOOTING","AIRSOFT_GUN_REPLACEMENT_SPRINGS","33","2282","0,002","0,06","0,002","0,064"
"FURNISHING & HOUSEWARE","HOUSEHOLD ITEMS","KITCHEN HOME","PREP, GADGETS AND ACC","SHARPENING_STEELS","33","2092","0,002","0,016","0,002","0,019"
"CONSTRUCTION & INDUSTRY","TOOLS","POWER TOOLS","OTHER POWER TOOLS","WOOD_BURNING_MACHINES","33","3199","0,002","0,01","0,002","0,016"
"HOME ELECTRONICS","HOUSEHOLD APPLIANCES PARTS","REFRIGERATION PARTS","REFRIGERATOR & FREEZER PARTS","REFRIGERATOR_AND_FREEZER_LIGHT_SWITCHES","33","1013","0,002","0,04","0,001","0,015"
"SPORTS","CYCLING AND OTHERS","BICYCLES ACCESORIES AND SPARE PARTS","BICYCLES ACCESORIES AND SPARE PARTS","BICYCLE_CHAINRINGS","33","2321","0,002","0,06","0,002","0,065"
"OTHERS","OTHER","TATOOS","TATOOS","TATTOO_MACHINES","33","9849","0,002","0,343","0,008","1,762"
"ENTERTAINMENT","MUSICAL INSTRUMENTS","PERCUSION INSTRUMENTS","DRUMS & ACCESSORIES","DRUM_PRACTICE_PADS","33","2698","0,002","0,107","0,002","0,11"
"FURNISHING & HOUSEWARE","HOUSEHOLD ITEMS","CLEANING & LAUNDRY","HOME CLEANING","DRINKING_GLASS_WASHERS","33","1855","0,002","0,016","0,001","0,016"
"TECHNOLOGY","IT PERIPHERALS, PARTS & ACCESSORIES","PERIPHERALS ACCESSORIES","PC ACCESSORIES","USB_WARMERS","33","1706","0,002","0,022","0,001","0,006"
"VEHICLE PARTS & ACCESSORIES","ACC CARS & VANS","CARS & VANS REPLACEMENT PARTS","CARS & VANS OTHERS","VEHICLE_CLUTCH_FORKS","33","2442","0,002","0,034","0,002","0,029"
"VEHICLE PARTS & ACCESSORIES","ACC CARS & VANS","CARS & VANS REPLACEMENT PARTS","CARS & VANS ENGINE","VEHICLE_ENGINE_ROCKER_ARMS","33","3599","0,002","0,034","0,003","0,043"
"OTHERS","ANTIQUES & HOBBIES","COLLECTIBLES","COLLECTIBLES","COLLECTIBLE_BILLS","33","2951","0,002","0,343","0,002","0,528"
"HEALTH","HEALTH GOODS","HEALTH PROFESSIONAL","ORTHOPEDIC SPECIALIZED EQUIPMENT","MEDICAL_WALKERS","32","3501","0,002","0,03","0,003","0,042"
"CONSTRUCTION & INDUSTRY","CONSTRUCTION","ELECTRICAL","GENERATORS","PORTABLE_GENERATORS","32","41398","0,002","0,01","0,032","0,207"
"CPG","PET","PET HOUSES, TOYS & FASHION","PET HOUSE EQUIPMENT","MAGNETIC_AQUARIUM_CLEANERS","32","2113","0,002","0,01","0,002","0,017"
"TECHNOLOGY","IT APPLIANCES","PRINTERS PARTS & ACCESSORIES","PRINTERS PARTS","PRINTER_BEARINGS","32","1824","0,002","0,021","0,001","0,006"
"VEHICLE PARTS & ACCESSORIES","ACC CARS & VANS","CARS & VANS REPLACEMENT PARTS","CARS & VANS OTHERS","VEHICLE_CRANKSHAFTS","32","14923","0,002","0,033","0,012","0,178"
"OTHERS","ANTIQUES & HOBBIES","COLLECTIBLES","COLLECTIBLES","COLLECTIBLE_CANS_BOTTLES_AND_SODA_SIPHONS","32","1817","0,002","0,333","0,001","0,325"
"FURNISHING & HOUSEWARE","DECOR","CHRISTMAS DECOR","CHRISTMAS DECOR","CHRISTMAS_WREATHS","32","1476","0,002","0,015","0,001","0,013"
"VEHICLE PARTS & ACCESSORIES","ACC TOOLS","PARTICULAR TOOLS","CHARGERS AND JUMP STARTERS","VEHICLE_BATTERY_TESTERS","32","2835","0,002","0,033","0,002","0,034"
"VEHICLE PARTS & ACCESSORIES","ACC MOTORCYCLES","MOTORCYCLE REPLACEMENT PARTS","MOTORCYCLE TRANSMISSION","MOTORCYCLE_CLUTCH_COVERS","32","3355","0,002","0,033","0,003","0,04"
"CONSTRUCTION & INDUSTRY","CONSTRUCTION","ELECTRICAL","NET AND FIBER OPTIC","FIBER_OPTIC_SPLICE_CLOSURES","32","1545","0,002","0,01","0,001","0,008"
"T & B","BABY","BABY BATHROOM","BABY BATHROOM ACCESSORIES","BABY_BATH_FLOATING_PILLOWS_AND_NETS","32","1518","0,002","0,054","0,001","0,041"
"T & B","BABY","BABY CARE","BABY CARE","BABY_REPELLENT_BUTTONS_AND_PATCHES","32","990","0,002","0,054","0,001","0,027"
"CONSTRUCTION & INDUSTRY","INDUSTRY","GASTRONOMY & HOSPITALITY","GASTRONOMY & HOSPITALITY","MEAT_HOOKS","32","1606","0,002","0,01","0,001","0,008"
"HOME ELECTRONICS","LARGE APPLIANCES","LAUNDRY & DISHWASHERS","LAUNDRY","WASHING_MACHINES","32","47430","0,002","0,039","0,037","0,712"
"T & B","BABY","BREASTFEED & EATING ACCESSORIES","BREASTFEED ACCESSORIES","BABY_BOTTLE_WARMERS","32","4193","0,002","0,054","0,003","0,112"
"VEHICLE PARTS & ACCESSORIES","ACC CARS & VANS","CARS & VANS REPLACEMENT PARTS","CARS & VANS OTHERS","VEHICLE_DISTRIBUTORS","32","7658","0,002","0,033","0,006","0,092"
"T & B","TOYS AND GAMES","TOY VEHICLES","NON REMOTE CONTROL VEHICLES","AUTOMODELISM_VEHICLES","32","4212","0,002","0,054","0,003","0,113"
"CPG","FOODS","GROCERIES","OTHER GROCERIES","SAUSAGE_CASINGS","32","1223","0,002","0,01","0,001","0,01"
"HEALTH","HEALTH GOODS","HEALTH PROFESSIONAL","HEALTH PROFESSIONAL CONSUMABLES","TOOTHBRUSH_HEADS","32","1762","0,002","0,03","0,001","0,021"
"CONSTRUCTION & INDUSTRY","TOOLS","MEASURING TOOLS","ELECTRICITY","OSCILLOSCOPES","32","8788","0,002","0,01","0,007","0,044"
"T & B","PARTY","PARTY EQUIPMENT","PARTY EQUIPMENT","BODY_PAINTS","32","656","0,002","0,054","0,001","0,018"
"HEALTH","HEALTH GOODS","EROTIC","SEX TOYS","PENIS_SLEEVES","32","1721","0,002","0,03","0,001","0,021"
"HOME ELECTRONICS","SMALL APPLIANCES","KITCHEN","ELECTRIC KITCHEN TOOLS","STOVETOP_WAFFLE_AND_SANDWICH_MAKERS","32","1974","0,002","0,039","0,002","0,03"
"FASHION","FOOTWEAR","SNEAKERS","FOOTBALL FOOTWEAR","FOOTBALL_SHOES_KITS","32","1718","0,002","0,012","0,001","0,014"
"BEAUTY","BEAUTY PROFESSIONAL","ESTHETIC","ELECTRIC ESTHETIC TOOLS","CRYOLIPOLYSIS_MACHINES","32","2785","0,002","0,026","0,002","0,029"
"HOME ELECTRONICS","TELEVISIONS & STREAMING DEVICES","TELEVISIONS PARTS","TELEVISIONS PARTS","TV_BUTTON_BOARDS","31","1584","0,002","0,038","0,001","0,024"
"VEHICLE PARTS & ACCESSORIES","ACC MOTORCYCLES","MOTORCYCLE REPLACEMENT PARTS","MOTORCYCLE BODYWORK","MOTORCYCLE_SEATS","31","5029","0,002","0,032","0,004","0,06"
"ENTERTAINMENT","MUSICAL INSTRUMENTS","PERCUSION INSTRUMENTS","DRUMS & ACCESSORIES","DRUM_STANDS","31","5838","0,002","0,1","0,005","0,238"
"SPORTS","CYCLING AND OTHERS","BICYCLES ACCESORIES AND SPARE PARTS","BICYCLES ACCESORIES AND SPARE PARTS","BICYCLE_PEDAL_CLEATS","31","2038","0,002","0,056","0,002","0,057"
"CONSTRUCTION & INDUSTRY","HOME OUTDOORS","LANDSCAPING & GARDEN CENTER","INDOOR GROWTH","INDOOR_GROWING_KITS","31","3271","0,002","0,01","0,003","0,016"
"VEHICLE PARTS & ACCESSORIES","ACC NAUTICAL VEHICLES","NAUTICAL EQUIPMENT","NAUTICAL EQUIPMENT OTHERS","NAUTICAL_ACCESSORIES","31","1770","0,002","0,032","0,001","0,021"
"HOME ELECTRONICS","SMALL APPLIANCES","KITCHEN","MEAL & DRINK MAKERS","ELECTRIC_CREPE_PANCAKE_AND_TORTILLA_MAKERS","31","2519","0,002","0,038","0,002","0,038"
"HOME ELECTRONICS","LARGE APPLIANCES","BUILT IN","MICROWAVES","MICROWAVES","31","17319","0,002","0,038","0,013","0,26"
"VEHICLE PARTS & ACCESSORIES","ACC CARS & VANS","CARS & VANS REPLACEMENT PARTS","CARS & VANS OTHERS","VEHICLE_RADIATOR_PROTECTORS","31","3534","0,002","0,032","0,003","0,042"
"TECHNOLOGY","CAMERAS & DRONES","CAMERA ACCESSORIES","OTHER CAMERA ACCESSORIES","CAMERA_REMOTE_CONTROLS","31","3316","0,002","0,02","0,003","0,011"
"HEALTH","HEALTH GOODS","HEALTH PROFESSIONAL","DENTAL SPECIALIZED EQUIPMENT","TEETH_WHITENING_POWDERS","31","920","0,002","0,029","0,001","0,011"
"ENTERTAINMENT","MUSICAL INSTRUMENTS","MUSICAL KEYBOARDS","MUSICAL KEYBOARDS & ACC","MELODICAS","31","3922","0,002","0,1","0,003","0,16"
"SPORTS","FOOTBALL","FOOTBALL ACCESSORIES","FOOTBALL ACCESSORIES","GOAL_NETS","31","4292","0,002","0,056","0,003","0,12"
"CONSTRUCTION & INDUSTRY","INDUSTRY","INDUSTRY GENERAL EQUIPMENT","INDUSTRY GENERAL EQUIPMENT","BEARING_BALLS","31","1258","0,002","0,01","0,001","0,006"
"SPORTS","OTHER MAINSTREAM SPORTS","TENNIS","TENNIS","TENNIS_AND_SQUASH_RACKETS","31","6500","0,002","0,056","0,005","0,182"
"CPG","PET","PET ACCESSORIES","FEEDERS","AQUARIUM_AUTOMATIC_FEEDERS","31","2248","0,002","0,01","0,002","0,019"
"TECHNOLOGY","SMARTPHONES & TABLETS","SMARTPHONES PARTS & ACCESSORIES","SMARTPHONES SIGNAL BOOSTERS","CELLPHONE_SIGNAL_BOOSTER_ANTENNAS","31","406","0,002","0,02","0","0,001"
"FURNISHING & HOUSEWARE","DECOR","DECORATIVE FIGURES","DECORATIVE FIGURES","NESTING_DOLLS","31","3745","0,002","0,015","0,003","0,033"
"VEHICLE PARTS & ACCESSORIES","ACC CARS & VANS","CARS & VANS REPLACEMENT PARTS","CARS & VANS OTHERS","VEHICLE_AC_HOSE_ASSEMBLIES","31","3604","0,002","0,032","0,003","0,043"
"CONSTRUCTION & INDUSTRY","INDUSTRY","INDUSTRY GENERAL EQUIPMENT","INDUSTRY GENERAL EQUIPMENT","SANDBLASTERS","31","5550","0,002","0,01","0,004","0,028"
"T & B","BABY","BABY ACCESSORIES","BABY ACCESSORIES","BABY_TOOTH_BOXES","30","908","0,002","0,05","0,001","0,024"
"CPG","FOODS","INFANTS & BABIES","BISCUITS","BABY_BISCUITS","30","1009","0,002","0,01","0,001","0,008"
"SPORTS","CYCLING AND OTHERS","BICYCLES ACCESORIES AND SPARE PARTS","BICYCLES ACCESORIES AND SPARE PARTS","BICYCLE_GROUPSETS","30","9328","0,002","0,054","0,007","0,262"
"VEHICLE PARTS & ACCESSORIES","ACC AGRO VEHICLES & EQUIPMENT","CROPS","CROPS","GARDENING_AND_AGRICULTURE_SUPPLEMENTS","30","3722","0,002","0,031","0,003","0,044"
"TECHNOLOGY","IT APPLIANCES","PRINTERS PARTS & ACCESSORIES","PRINTERS PARTS","PRINTER_TRANSPARENCIES","30","1185","0,002","0,02","0,001","0,004"
"VEHICLE PARTS & ACCESSORIES","ACC MOTORCYCLES","MOTORCYCLE ACCESSORIES","MOTORCYCLE ACCESSORIES CLOTHING & FOOTWEAR","MOTORCYCLE_PANTS","30","4098","0,002","0,031","0,003","0,049"
"VEHICLE PARTS & ACCESSORIES","ACC CARS & VANS","CARS & VANS REPLACEMENT PARTS","CARS & VANS OTHERS","VEHICLE_DEFLECTORS","30","2539","0,002","0,031","0,002","0,03"
"VEHICLE PARTS & ACCESSORIES","ACC AGRO VEHICLES & EQUIPMENT","LIVESTOCK","LIVESTOCK","ANIMAL_DISINFECTANTS","30","2164","0,002","0,031","0,002","0,026"
"TECHNOLOGY","IT PERIPHERALS, PARTS & ACCESSORIES","PARTS COMPONENTS","PC COMPONENTS","LAPTOP_REPLACEMENT_INTERNAL_SPEAKERS","30","2133","0,002","0,02","0,002","0,007"
"FURNISHING & HOUSEWARE","HOUSEHOLD ITEMS","KITCHEN HOME","BREW","COFFEE_AND_FOOD_DECORATIVE_STENCILS","30","976","0,002","0,014","0,001","0,009"
"T & B","BABY","STROLLERS & CAR SEATS","STROLLERS & CAR SEATS ACCEESSORIES","BABY_STROLLER_WEATHER_SHIELDS","30","1583","0,002","0,05","0,001","0,042"
"OTHERS","OTHER","TATOOS","TATOOS","TATTOO_MACHINE_POWER_SUPPLIES","30","1065","0,002","0,312","0,001","0,191"
"FURNISHING & HOUSEWARE","HOUSEHOLD ITEMS","KITCHEN HOME","BAKEWARE","KITCHEN_HOLE_PUNCHERS","30","946","0,002","0,014","0,001","0,008"
"VEHICLE PARTS & ACCESSORIES","ACC CARS & VANS","CARS & VANS REPLACEMENT PARTS","CARS & VANS OTHERS","OTHER_VEHICLE_WATER_RADIATORS","30","8158","0,002","0,031","0,006","0,097"
"SPORTS","OTHER SPORTS","OTHER SPORTS","RIDING","HORSE_BLANKETS","30","3101","0,002","0,054","0,002","0,087"
"ENTERTAINMENT","MUSICAL INSTRUMENTS","PERCUSION INSTRUMENTS","DRUMS & ACCESSORIES","DRUM_TENSION_RODS","30","1450","0,002","0,097","0,001","0,059"
"FASHION","APPAREL ACCESSORIES","OTHER APPAREL ACCESSORIES","OTHER APPAREL ACCESSORIES","WINTER_EARMUFFS","30","1033","0,002","0,012","0,001","0,008"
"SPORTS","OTHER SPORTS","OTHER SPORTS","OTHER SPORTS","PASSIVE_LEG_EXERCISERS","30","1778","0,002","0,054","0,001","0,05"
"VEHICLE PARTS & ACCESSORIES","ACC CARS & VANS","CARS & VANS REPLACEMENT PARTS","CARS & VANS TRANSMISSION","VEHICLE_ENGINE_CAMSHAFT_TIMING_GEARS","30","10293","0,002","0,031","0,008","0,123"
"FASHION","APPAREL ACCESSORIES","OTHER APPAREL ACCESSORIES","OTHER APPAREL ACCESSORIES","TACTICAL_HANDCUFFS","29","1997","0,002","0,011","0,002","0,016"
"CONSTRUCTION & INDUSTRY","TOOLS","MEASURING TOOLS","OTHER MEASURING TOOLS","HAND_HELD_REFRACTOMETERS","29","3912","0,002","0,009","0,003","0,02"
"FURNISHING & HOUSEWARE","HOUSEHOLD ITEMS","ORGANIZATION","KITCHEN ORG","TOOTHPICK_HOLDERS","29","877","0,002","0,014","0,001","0,008"
"CPG","PET","PET BEAUTY & HYGIENE","SANITARY ACCESSORIES","DOG_AND_CAT_SANITARY_PANTIES","29","1001","0,002","0,009","0,001","0,008"
"VEHICLE PARTS & ACCESSORIES","ACC CARS & VANS","CARS & VANS REPLACEMENT PARTS","CARS & VANS OTHERS","OTHER_VEHICLE_SIDE_VIEW_MIRRORS","29","3051","0,002","0,03","0,002","0,036"
"SPORTS","OTHER SPORTS","AMERICAN FOOTBALL","AMERICAN FOOTBALL","AMERICAN_FOOTBALL_JERSEYS","29","2543","0,002","0,052","0,002","0,071"
"FURNISHING & HOUSEWARE","HOUSEHOLD ITEMS","KITCHEN HOME","PREP, GADGETS AND ACC","SUSHI_MAKERS","29","1203","0,002","0,014","0,001","0,011"
"TECHNOLOGY","IT APPLIANCES","CONNECTIVITY & NETWORKS","NETWORK CABLES & ACCESSORIES","NETWORK_PLUG_COVERS","29","1113","0,002","0,019","0,001","0,004"
"CONSTRUCTION & INDUSTRY","CONSTRUCTION","DOOR, WINDOW & FENCES","PERIMETER SECURITY","FENCE_PRIVACY_TAPES","29","1773","0,002","0,009","0,001","0,009"
"TECHNOLOGY","SMARTPHONES & TABLETS","SMARTPHONES PARTS & ACCESSORIES","SMARTPHONES PARTS","CMOS_CELL_BATTERIES","29","1747","0,002","0,019","0,001","0,006"
"SPORTS","WATER SPORTS","SWIMMING","SWIMMING","SWIMMING_GLOVES_AND_PADDLES","29","1450","0,002","0,052","0,001","0,041"
"SPORTS","OTHER SPORTS","BADMINTON","BADMINTON","BADMINTON_SHUTTLECOCKS","29","1347","0,002","0,052","0,001","0,038"
"HOME ELECTRONICS","HOUSEHOLD APPLIANCES PARTS","LAUNDRY PARTS","WASHING & DRYER MACHINE PARTS","WASHING_MACHINE_PULLEYS","29","1045","0,002","0,035","0,001","0,016"
"VEHICLE PARTS & ACCESSORIES","ACC CARS & VANS","CARS & VANS REPLACEMENT PARTS","CARS & VANS ENGINE","FUEL_HOSES","29","1053","0,002","0,03","0,001","0,013"
"T & B","PARTY","PARTY EQUIPMENT","PARTY EQUIPMENT","DECORATIVE_CYLINDERS","29","1579","0,002","0,048","0,001","0,042"
"HOME ELECTRONICS","HOUSEHOLD APPLIANCES PARTS","KITCHEN PARTS","HOME APPLIANCES PARTS","REVERSE_OSMOSIS_FILTERS","29","3632","0,002","0,035","0,003","0,055"
"CONSTRUCTION & INDUSTRY","CONSTRUCTION","FLOORING & COATING","TILES & MOSAICS","ARTISTIC_MOSAIC_TILES","29","1104","0,002","0,009","0,001","0,006"
"CONSTRUCTION & INDUSTRY","INDUSTRY","INDUSTRY GENERAL EQUIPMENT","INDUSTRY GENERAL EQUIPMENT","DATA_COLLECTORS","29","38032","0,002","0,009","0,03","0,19"
"T & B","TOYS AND GAMES","BOARD AND CARD GAMES","BOARD GAMES","POKER_KITS","29","3703","0,002","0,048","0,003","0,099"
"FURNISHING & HOUSEWARE","FURNITURE","LIVING & DININGROOM FURNITURE","SOFAS, ACCENT CHAIR & ACC","SOFAS_FUTONS_AND_ARMCHAIRS","29","14305","0,002","0,014","0,011","0,127"
"BEAUTY","BEAUTY PERSONAL CARE","FACIAL CARE","FACIAL SKINCARE","REUSABLE_MAKEUP_REMOVERS","29","1138","0,002","0,024","0,001","0,012"
"BEAUTY","BEAUTY PERSONAL CARE","PERSONAL CARE TOOLS AND ACCESSORIES","PERSONAL CARE TOOLS AND ACCESSORIES","ELECTRIC_FACIAL_BRUSHES_AND_SPONGES","29","1608","0,002","0,024","0,001","0,017"
"SPORTS","CYCLING AND OTHERS","BICYCLES ACCESORIES AND SPARE PARTS","BICYCLES ACCESORIES AND SPARE PARTS","BICYCLE_V_BRAKE_BRAKE_PADS","29","722","0,002","0,052","0,001","0,02"
"VEHICLE PARTS & ACCESSORIES","ACC CARS & VANS","CARS & VANS REPLACEMENT PARTS","CARS & VANS OTHERS","VEHICLE_MAINTENANCE_RUST_INHIBITORS","28","735","0,002","0,029","0,001","0,009"
"VEHICLE PARTS & ACCESSORIES","ACC CARS & VANS","CARS & VANS REPLACEMENT PARTS","CARS & VANS ELECTRONICS","VEHICLE_REVERSE_LIGHT_SWITCHES","28","1034","0,002","0,029","0,001","0,012"
"ENTERTAINMENT","MUSICAL INSTRUMENTS","PERCUSION INSTRUMENTS","LITTLE PERCUSSION INSTRUMENTS","XYLOPHONES_AND_METALLOPHONES","28","1160","0,002","0,09","0,001","0,047"
"SPORTS","INDOOR SPORTS","GYM","GYM ACCESORIES","ANTI_FATIGUE_MATS","28","1636","0,002","0,05","0,001","0,046"
"CONSTRUCTION & INDUSTRY","INDUSTRY","SAFETY EQUIPMENT","SAFETY EQUIPMENT","FIRE_HOSE_CABINETS","28","1154","0,002","0,009","0,001","0,006"
"FURNISHING & HOUSEWARE","HOUSEHOLD ITEMS","BAR, WINE & ACC","BAR SETS & ACC","DRINKING_GLASS_AND_MUG_IDENTIFIERS","28","1121","0,002","0,013","0,001","0,01"
"VEHICLE PARTS & ACCESSORIES","ACC CARS & VANS","CARS & VANS REPLACEMENT PARTS","CARS & VANS OTHERS","VEHICLE_ELECTRICAL_VOLTAGE_REGULATORS","28","1722","0,002","0,029","0,001","0,021"
"CONSTRUCTION & INDUSTRY","TOOLS","MANUAL TOOLS","CUTTING AND ROUGHING","BOLT_CUTTERS","28","1489","0,002","0,009","0,001","0,007"
"T & B","PARTY","PARTY EQUIPMENT","PARTY EQUIPMENT","COSTUME_EARS","28","910","0,002","0,047","0,001","0,024"
"CONSTRUCTION & INDUSTRY","TOOLS","TOOL ACCESSORIES","WELDING ACC","ELECTRODE_HOLDERS","28","2113","0,002","0,009","0,002","0,011"
"VEHICLE PARTS & ACCESSORIES","ACC CARS & VANS","CARS & VANS REPLACEMENT PARTS","CARS & VANS OTHERS","VEHICLE_RACKS_AND_PINIONS","28","6978","0,002","0,029","0,005","0,083"
"VEHICLE PARTS & ACCESSORIES","ACC CARS & VANS","CARS & VANS REPLACEMENT PARTS","CARS & VANS OTHERS","VEHICLE_NERF_BARS","28","2418","0,002","0,029","0,002","0,029"
"CPG","PET","PET HOUSES, TOYS & FASHION","PET HOUSE EQUIPMENT","AQUARIUM_WAVE_MAKERS","28","2322","0,002","0,009","0,002","0,019"
"TECHNOLOGY","IT APPLIANCES","PRINTERS PARTS & ACCESSORIES","PRINTERS PARTS","PRINTER_PRESSURE_ROLLERS","28","2385","0,002","0,018","0,002","0,008"
"VEHICLE PARTS & ACCESSORIES","ACC CARS & VANS","CARS & VANS REPLACEMENT PARTS","CARS & VANS STEERING & SUSPENSION","VEHICLE_AXLE_TIP_MOUNTS","28","8590","0,002","0,029","0,007","0,103"
"VEHICLE PARTS & ACCESSORIES","ACC CARS & VANS","CARS & VANS ACCESSORIES","CARS & VANS ACCESSORIES INTERIOR","VEHICLE_DASHBOARD_COVERS","28","2536","0,002","0,029","0,002","0,03"
"ENTERTAINMENT","MUSICAL INSTRUMENTS","MUSICAL INSTRUMENTS ACCESSORIES","MUSICAL INSTRUMENTS ACCESSORIES","DIRECT_BOXES","28","5069","0,002","0,09","0,004","0,207"
"HOME ELECTRONICS","HOUSEHOLD APPLIANCES PARTS","BUILT IN PARTS","BUILT IN PARTS","COFFEE_MAKER_REPLACEMENT_WATER_RESERVOIRS","28","2841","0,002","0,034","0,002","0,043"
"CONSTRUCTION & INDUSTRY","INDUSTRY","COMMERCE EQUIPMENT","COMMERCE EQUIPMENT","MANNEQUINS","28","2829","0,002","0,009","0,002","0,014"
"CPG","DRINKS","ALCOHOLICS","WINES & SPARKLING WINES","SPARKLING_CIDERS","28","467","0,002","0,009","0","0,004"
"CONSTRUCTION & INDUSTRY","TOOLS","POWER TOOLS","STAPLING AND NAILING","PNEUMATIC_NAILERS_AND_STAPLERS","28","4266","0,002","0,009","0,003","0,021"
"CONSTRUCTION & INDUSTRY","INDUSTRY","COMMERCE EQUIPMENT","COMMERCE EQUIPMENT","STACKABLE_BINS","28","3347","0,002","0,009","0,003","0,017"
"CONSTRUCTION & INDUSTRY","INDUSTRY","GASTRONOMY & HOSPITALITY","GASTRONOMY & HOSPITALITY","ELECTRIC_CHURRO_MAKING_MACHINES","28","2272","0,002","0,009","0,002","0,011"
"CONSTRUCTION & INDUSTRY","CONSTRUCTION","DOOR, WINDOW & FENCES","FENCES & FARM GATES","FENCE_CHARGERS","28","5340","0,002","0,009","0,004","0,027"
"VEHICLE PARTS & ACCESSORIES","ACC CARS & VANS","CARS & VANS REPLACEMENT PARTS","CARS & VANS STEERING & SUSPENSION","VEHICLE_DOOR_MOLDINGS","27","1035","0,001","0,028","0,001","0,012"
"HOME ELECTRONICS","SMALL APPLIANCES","KITCHEN","ELECTRIC KITCHEN TOOLS","WASTE_SHREDDERS","27","47903","0,001","0,033","0,037","0,719"
"CONSTRUCTION & INDUSTRY","TOOLS","MEASURING TOOLS","FORCE","FORCE_GAUGES","27","5055","0,001","0,009","0,004","0,025"
"VEHICLE PARTS & ACCESSORIES","ACC CARS & VANS","CARS & VANS ACCESSORIES","CARS & VANS ACCESSORIES EXTERIOR","VEHICLE_BICYCLE_CARRIERS","27","2218","0,001","0,028","0,002","0,027"
"T & B","BABY","BREASTFEED & EATING ACCESSORIES","BREASTFEED ACCESSORIES","BABY_BOTTLE_TOTE_BAGS","27","923","0,001","0,045","0,001","0,025"
"VEHICLE PARTS & ACCESSORIES","ACC CARS & VANS","CARS & VANS REPLACEMENT PARTS","CARS & VANS STEERING & SUSPENSION","VEHICLE_IDLER_ARMS","27","5590","0,001","0,028","0,004","0,067"
"VEHICLE PARTS & ACCESSORIES","ACC CARS & VANS","CARS & VANS REPLACEMENT PARTS","CARS & VANS OTHERS","VEHICLE_GASOLINE_VAPOR_KITS","27","1671","0,001","0,028","0,001","0,02"
"SPORTS","OTHER MAINSTREAM SPORTS","BASKETBALL","BASKETBALL","BASKETBALL_BACKBOARDS_AND_HOOPS","27","1786","0,001","0,049","0,001","0,05"
"CONSTRUCTION & INDUSTRY","TOOLS","MANUAL TOOLS","CUTTING AND ROUGHING","PINCERS","27","1818","0,001","0,009","0,001","0,009"
"SPORTS","MOUNTAIN & OUTDOORS","CAMPING","GEAR & EQUIPMENT","FIRE_STARTER_FLINTS","27","1056","0,001","0,049","0,001","0,03"
"ENTERTAINMENT","MUSICAL INSTRUMENTS","STRING INSTRUMENTS","OTHER STRING INSTRUMENTS & ACCESORIES","PICKGUARDS","27","1108","0,001","0,087","0,001","0,045"
"T & B","TOYS AND GAMES","OUTDOOR TOYS","PLAYGROUND TOYS","PLAYGROUND_SWINGS","27","2447","0,001","0,045","0,002","0,066"
"T & B","TOYS AND GAMES","SHOOTERS & SWORDS","SHOOTERS & SWORDS","TOY_AMMUNITIONS","27","977","0,001","0,045","0,001","0,026"
"T & B","TOYS AND GAMES","DOLLS","DOLLS PLAY SETS","DOLL_STROLLERS","27","2343","0,001","0,045","0,002","0,063"
"HOME ELECTRONICS","AUDIO & GENERAL ELECTRONICS","ELECTRONIC, TOOLS & COMPONENTS","ELECTRONIC TOOLS","FIBER_OPTIC_CLEANERS","27","1430","0,001","0,033","0,001","0,021"
"HEALTH","HEALTH GOODS","MASSAGERS","OTHER MASSAGERS","MASSAGE_EQUIPMENT","27","1251","0,001","0,026","0,001","0,015"
"HEALTH","HEALTH GOODS","PHARMACY ARTICLES","PHARMACY ARTICLES","NASAL_STRIPS","27","1311","0,001","0,026","0,001","0,016"
"VEHICLE PARTS & ACCESSORIES","ACC MOTORCYCLES","MOTORCYCLE ACCESSORIES","MOTORCYCLE ACCESSORIES CLOTHING & FOOTWEAR","MOTORCYCLE_CHEST_PROTECTORS","27","3668","0,001","0,028","0,003","0,044"
"VEHICLE PARTS & ACCESSORIES","ACC CARS & VANS","CARS & VANS REPLACEMENT PARTS","CARS & VANS FLUIDS","VEHICLE_RADIATOR_CLEANERS","27","1536","0,001","0,028","0,001","0,018"
"HEALTH","HEALTH GOODS","HEALTH PROFESSIONAL","MASK","REUSABLE_MASKS","27","1280","0,001","0,026","0,001","0,015"
"ENTERTAINMENT","MUSICAL INSTRUMENTS","STRING INSTRUMENTS","UKELELES","UKULELES","27","4655","0,001","0,087","0,004","0,19"
"SPORTS","OTHER SPORTS","BILLIARD","BILLIARD","CUE_STICKS","27","3361","0,001","0,049","0,003","0,094"
"FURNISHING & HOUSEWARE","HABERDASHERY","HABERDASHERY","HABERDASHERY","HANDLOOMS","27","887","0,001","0,013","0,001","0,008"
"CONSTRUCTION & INDUSTRY","HOME OUTDOORS","POOL, HOT TUBES & SAUNA","POOL MAINTENANCE","POOL_FILTERS","27","2689","0,001","0,009","0,002","0,013"
"CONSTRUCTION & INDUSTRY","TOOLS","INDUSTRY TOOLS","INDUSTRY TOOLS","TUBE_BENDERS","26","3463","0,001","0,008","0,003","0,017"
"BEAUTY","BEAUTY PERSONAL CARE","SOLAR CARE","BODY SOLAR CARE","AFTER_SUNS","26","920","0,001","0,021","0,001","0,01"
"VEHICLE PARTS & ACCESSORIES","ACC CARS & VANS","CARS & VANS REPLACEMENT PARTS","CARS & VANS OTHERS","VEHICLE_EXTERIOR_DOOR_HANDLE_COVERS","26","1497","0,001","0,027","0,001","0,018"
"CONSTRUCTION & INDUSTRY","INDUSTRY","INDUSTRY GENERAL EQUIPMENT","INDUSTRY GENERAL EQUIPMENT","INDUSTRIAL_GEARBOXES_AND_GEARMOTORS","26","4250","0,001","0,008","0,003","0,021"
"CONSTRUCTION & INDUSTRY","TOOLS","POWER TOOLS","OTHER POWER TOOLS","OSCILLATING_MULTI_TOOLS","26","7067","0,001","0,008","0,005","0,035"
"FURNISHING & HOUSEWARE","HOUSEHOLD ITEMS","ORGANIZATION","KITCHEN ORG","HOME_CAN_CRUSHERS","26","1400","0,001","0,012","0,001","0,012"
"VEHICLE PARTS & ACCESSORIES","ACC MOTORCYCLES","MOTORCYCLE REPLACEMENT PARTS","MOTORCYCLE WHEELS","MOTORCYCLE_WHEEL_SPOKES","26","3186","0,001","0,027","0,002","0,038"
"SPORTS","OTHER SPORTS","OTHER SPORTS","RIDING","HORSE_REINS","26","1791","0,001","0,047","0,001","0,05"
"FURNISHING & HOUSEWARE","HOUSEHOLD ITEMS","TABLETOP","FLATWARE","HONEY_SPOONS","26","1083","0,001","0,012","0,001","0,01"
"CONSTRUCTION & INDUSTRY","STATIONERY","ART & CRAFT SUPPLIES","ART & CRAFT SUPPLIES","DRAWING_BOARDS_AND_TABLES","26","1494","0,001","0,008","0,001","0,007"
"CONSTRUCTION & INDUSTRY","TOOLS","POWER TOOLS","SANDING, ROUGHING AND POLISHING","ELECTRIC_HAND_PLANERS","26","6206","0,001","0,008","0,005","0,031"
"HOME ELECTRONICS","HOUSEHOLD APPLIANCES PARTS","LAUNDRY PARTS","WASHING & DRYER MACHINE PARTS","WASHING_MACHINE_MOTORS","26","6204","0,001","0,032","0,005","0,093"
"VEHICLE PARTS & ACCESSORIES","ACC CARS & VANS","CARS & VANS REPLACEMENT PARTS","CARS & VANS INJECTION","VEHICLE_INJECTION_PUMPS","26","31981","0,001","0,027","0,025","0,382"
"VEHICLE PARTS & ACCESSORIES","ACC CARS & VANS","CARS & VANS REPLACEMENT PARTS","CARS & VANS CLIMATIZATION","VEHICLE_HEATER_CORES","26","2817","0,001","0,027","0,002","0,034"
"SPORTS","FOOTBALL","FOOTBALL EQUIPMENT","FOOTBALL ACCESSORIES","CAPTAIN_ARMBANDS","26","686","0,001","0,047","0,001","0,019"
"CONSTRUCTION & INDUSTRY","STATIONERY","OFFICE & SCHOOL SUPPLIES","DRAFTING","SCALE_RULERS","26","686","0,001","0,008","0,001","0,003"
"CONSTRUCTION & INDUSTRY","HOME OUTDOORS","POOL, HOT TUBES & SAUNA","POOL HEATING","SWIMMING_POOLS_HEATERS","26","6762","0,001","0,008","0,005","0,034"
"CPG","FOODS","FRESH FOOD","DAIRY, EGGS & CHEESE","YOGURTS","26","150","0,001","0,008","0","0,001"
"CPG","CPG HOME CARE","CLEANING EQUIPMENT","CLEANING EQUIPMENT","BROOM_AND_SQUEEGEE_HANDLES","26","1271","0,001","0,008","0,001","0,011"
"VEHICLE PARTS & ACCESSORIES","ACC CARS & VANS","CARS & VANS REPLACEMENT PARTS","CARS & VANS OTHERS","VEHICLE_ENGINE_CYLINDER_HEAD_GASKETS","26","3539","0,001","0,027","0,003","0,042"
"VEHICLE PARTS & ACCESSORIES","ACC CARS & VANS","CARS & VANS REPLACEMENT PARTS","CARS & VANS OTHERS","VEHICLE_BUMPER_MOLDINGS","26","2378","0,001","0,027","0,002","0,028"
"CONSTRUCTION & INDUSTRY","HOME OUTDOORS","LANDSCAPING & GARDEN CENTER","LANDSCAPING ACC","PLANT_MARKERS","26","849","0,001","0,008","0,001","0,004"
"VEHICLE PARTS & ACCESSORIES","ACC CARS & VANS","CARS & VANS REPLACEMENT PARTS","CARS & VANS STEERING & SUSPENSION","VEHICLE_FUEL_PRESSURE_SENSORS","26","3549","0,001","0,027","0,003","0,042"
"CONSTRUCTION & INDUSTRY","TOOLS","TOOL ACCESSORIES","WELDING ACC","MAGNETIC_WELDING_HOLDERS","26","1183","0,001","0,008","0,001","0,006"
"VEHICLE PARTS & ACCESSORIES","ACC CARS & VANS","CARS & VANS REPLACEMENT PARTS","CARS & VANS ENGINE","VEHICLE_ENGINE_COOLING_FAN_SHROUDS","26","2822","0,001","0,027","0,002","0,034"
"TECHNOLOGY","IT PERIPHERALS, PARTS & ACCESSORIES","PARTS COMPONENTS","PC COMPONENTS","THERMAL_PADS","26","1162","0,001","0,017","0,001","0,004"
"VEHICLE PARTS & ACCESSORIES","ACC CARS & VANS","CARS & VANS REPLACEMENT PARTS","CARS & VANS INTERIOR","VEHICLE_PARKING_BRAKE_LEVER_BOOTS","26","2121","0,001","0,027","0,002","0,025"
"CPG","FOODS","GROCERIES","INSTANT FOOD","INSTANT_MASHED_POTATOES","26","999","0,001","0,008","0,001","0,008"
"CONSTRUCTION & INDUSTRY","TOOLS","TOOL ACCESSORIES","COMPRESSOR ACC","AIR_COMPRESSOR_HEADS","26","1027","0,001","0,008","0,001","0,005"
"CONSTRUCTION & INDUSTRY","HOME OUTDOORS","LANDSCAPING & GARDEN CENTER","LANDSCAPING ACC","GERMINATION_TRAYS","26","997","0,001","0,008","0,001","0,005"
"HOME ELECTRONICS","HOUSEHOLD APPLIANCES PARTS","LAUNDRY PARTS","WASHING & DRYER MACHINE PARTS","WASHING_AND_DRYER_MACHINE_BEARINGS","26","1070","0,001","0,032","0,001","0,016"
"CONSTRUCTION & INDUSTRY","TOOLS","TOOL ACCESSORIES","DRILLS & SCREWDRIVERS ACC","DIE_NUTS","26","1983","0,001","0,008","0,002","0,01"
"CPG","PET","PET HOUSES, TOYS & FASHION","PET FASHION","PET_LIFE_JACKETS","26","2138","0,001","0,008","0,002","0,018"
"HOME ELECTRONICS","HOUSEHOLD APPLIANCES PARTS","LAUNDRY PARTS","WASHING & DRYER MACHINE PARTS","WASHING_AND_DRYER_MACHINE_CONTROL_PANELS","25","1014","0,001","0,031","0,001","0,015"
"VEHICLE PARTS & ACCESSORIES","ACC CARS & VANS","CARS & VANS REPLACEMENT PARTS","CARS & VANS OTHERS","VEHICLE_ENGINE_COOLING_FAN_SWITCHES","25","828","0,001","0,026","0,001","0,01"
"HOME ELECTRONICS","SMALL APPLIANCES","KITCHEN","ELECTRIC KITCHEN TOOLS","JUICERS","25","6456","0,001","0,031","0,005","0,097"
"HOME ELECTRONICS","AUDIO & GENERAL ELECTRONICS","ELECTRONIC, TOOLS & COMPONENTS","ELECTRONIC COMPONENTS","AUDIO_AND_VIDEO_OPTICAL_LASER_LENSES","25","2617","0,001","0,031","0,002","0,039"
"FURNISHING & HOUSEWARE","DECOR","ORNAMENTS","ORNAMENTS","WOODEN_CRATES","25","1008","0,001","0,012","0,001","0,009"
"FURNISHING & HOUSEWARE","HABERDASHERY","HABERDASHERY","HABERDASHERY","SEWING_BOXES","25","912","0,001","0,012","0,001","0,008"
"BEAUTY","BEAUTY PROFESSIONAL","MANICURE & PEDICURE","NAIL POLISH","NAIL_POLISH_THINNERS","25","859","0,001","0,021","0,001","0,009"
"CONSTRUCTION & INDUSTRY","INDUSTRY","SAFETY EQUIPMENT","SAFETY EQUIPMENT","ANTI_STATIC_GLOVES","25","447","0,001","0,008","0","0,002"
"TECHNOLOGY","SMARTPHONES & TABLETS","TABLETS & READERS ACCESSORIES","TABLET PARTIES","TABLET_BATTERIES","25","858","0,001","0,016","0,001","0,003"
"TECHNOLOGY","GAMES, DIGITAL GOODS & SOFTWARE","SOFTWARE & UTILITIES","SOFTWARE & UTILITIES","OFFICE_SOFTWARES","25","8915","0,001","0,016","0,007","0,03"
"T & B","TOYS AND GAMES","LIFELIKE TOYS","SUPERMARKET TOYS","TOY_SUPERMARKET_KITS","25","712","0,001","0,042","0,001","0,019"
"VEHICLE PARTS & ACCESSORIES","ACC CARS & VANS","CARS & VANS REPLACEMENT PARTS","CARS & VANS STEERING & SUSPENSION","VEHICLE_ELEC_FUSE_HOLDERS","25","1679","0,001","0,026","0,001","0,02"
"FURNISHING & HOUSEWARE","HOUSEHOLD ITEMS","GRILLS & OUTDOOR COOKING","OUTDOOR COOK ACC","COOKING_PLOW_DISCS","25","2087","0,001","0,012","0,002","0,018"
"VEHICLE PARTS & ACCESSORIES","ACC CARS & VANS","CARS & VANS REPLACEMENT PARTS","CARS & VANS OTHERS","VEHICLE_CARBURETOR_CHOKE_CABLES","25","1883","0,001","0,026","0,001","0,023"
"SPORTS","MOUNTAIN & OUTDOORS","SKI","SKI","SKI_AND_SNOWBOARD_GOGGLES","25","1870","0,001","0,045","0,001","0,053"
"VEHICLE PARTS & ACCESSORIES","ACC TOOLS","TIRES AND WHEELS SERVICE TOOLS","TIRE CHANGERS","ELECTRIC_TIRE_CHANGERS","25","2483","0,001","0,026","0,002","0,03"
"VEHICLE PARTS & ACCESSORIES","ACC CARS & VANS","CARS & VANS REPLACEMENT PARTS","CARS & VANS INTERIOR","VEHICLE_SEATS","25","2706","0,001","0,026","0,002","0,032"
"T & B","TOYS AND GAMES","MODELISM","MODELISM","MODEL_NAVAL_MOTOR_BOATS","25","1226","0,001","0,042","0,001","0,033"
"FURNISHING & HOUSEWARE","HOUSEHOLD ITEMS","KITCHEN HOME","BAKEWARE","PASTRY_RULERS","25","732","0,001","0,012","0,001","0,006"
"T & B","TOYS AND GAMES","OUTDOOR TOYS","OTHER OUTDOOR TOYS","TOY_KITE_HANDLES_AND_REELS","25","1692","0,001","0,042","0,001","0,045"
"VEHICLE PARTS & ACCESSORIES","ACC CARS & VANS","CARS & VANS REPLACEMENT PARTS","CARS & VANS OTHERS","VEHICLE_IGNITION_CONTROL_MODULES","25","2686","0,001","0,026","0,002","0,032"
"FURNISHING & HOUSEWARE","FURNITURE","OUTDOOR FURNITURE","OTHER OUTDOOR FURNITURE","SUNBATHING_CHAIRS_AND_LOUNGERS","25","1215","0,001","0,012","0,001","0,011"
"SPORTS","CYCLING AND OTHERS","BICYCLES ACCESORIES AND SPARE PARTS","BICYCLES ACCESORIES AND SPARE PARTS","BICYCLE_SPOKES","25","1478","0,001","0,045","0,001","0,042"
"VEHICLE PARTS & ACCESSORIES","ACC CARS & VANS","CARS & VANS REPLACEMENT PARTS","CARS & VANS OTHERS","VEHICLE_BRAKE_DRUMS","25","3422","0,001","0,026","0,003","0,041"
"T & B","TOYS AND GAMES","BOARD AND CARD GAMES","BOARD GAMES","ROULETTE_KITS","25","1816","0,001","0,042","0,001","0,049"
"HEALTH","HEALTH GOODS","EROTIC","EROTIC CLOTHING & COSTUMES","EROTIC_PANTIES","25","816","0,001","0,024","0,001","0,01"
"HOME ELECTRONICS","TELEVISIONS & STREAMING DEVICES","TELEVISIONS ACCESSORIES","TELEVISIONS ACCESSORIES","PORTABLE_SATELLITE_DISH_ANTENNA_KITS","25","1801","0,001","0,031","0,001","0,027"
"TECHNOLOGY","CAMERAS & DRONES","STUDIO & LIGHTING","PHOTOGRAPHIC ACCESSORIES","LIGHT_STANDS","25","1802","0,001","0,016","0,001","0,006"
"HEALTH","HEALTH GOODS","HEALTH PROFESSIONAL","MEDICAL SPECIALIZED EQUIPMENT","SHOWER_AND_TOILET_CHAIRS","25","2930","0,001","0,024","0,002","0,035"
"FURNISHING & HOUSEWARE","DECOR","OTHERS DECOR","OTHERS DECOR","GAS_CYLINDER_COVERS","25","920","0,001","0,012","0,001","0,008"
"FURNISHING & HOUSEWARE","MATTRESSES & SOMMIER","MATTRESSES","MATTRESSES","MATTRESSES","25","7022","0,001","0,012","0,005","0,062"
"VEHICLE PARTS & ACCESSORIES","ACC TIRES","OTHER ACC TIRES","OTHER ACC TIRES","VEHICLE_TIRES_AND_WHEELS","25","2279","0,001","0,026","0,002","0,027"
"CONSTRUCTION & INDUSTRY","HOME OUTDOORS","POOL, HOT TUBES & SAUNA","POOL INFRASTRUCTURE","POOL_VALVES","24","2184","0,001","0,008","0,002","0,011"
"CONSTRUCTION & INDUSTRY","INDUSTRY","INDUSTRY GENERAL EQUIPMENT","INDUSTRY GENERAL EQUIPMENT","REFRIGERATOR_AND_FREEZER_BINS","24","1664","0,001","0,008","0,001","0,008"
"CPG","PET","PET HOUSES, TOYS & FASHION","PET HOUSE EQUIPMENT","AQUARIUM_NETS","24","643","0,001","0,008","0","0,005"
"VEHICLE PARTS & ACCESSORIES","ACC CARS & VANS","CARS & VANS REPLACEMENT PARTS","CARS & VANS ENGINE","VEHICLE_DISTRIBUTOR_KITS","24","6167","0,001","0,025","0,005","0,074"
"VEHICLE PARTS & ACCESSORIES","ACC MOTORCYCLES","MOTORCYCLE REPLACEMENT PARTS","MOTORCYCLE TRANSMISSION","MOTORCYCLE_GEAR_SHIFT_SHAFTS","24","4385","0,001","0,025","0,003","0,052"
"VEHICLE PARTS & ACCESSORIES","ACC CARS & VANS","CARS & VANS REPLACEMENT PARTS","CARS & VANS OTHERS","VEHICLE_HOSE_CLAMPS","24","898","0,001","0,025","0,001","0,011"
"TECHNOLOGY","CONSOLE GAMING HARDWARE","ARCADE & PARTS","ARCADE & PARTS","ARCADE_MACHINE_BUTTONS","24","587","0,001","0,016","0","0,002"
"SPORTS","FOOTBALL","FOOTBALL ACCESSORIES","FOOTBALL ACCESSORIES","REFEREE_CARDS","24","979","0,001","0,043","0,001","0,027"
"HOME ELECTRONICS","SMALL APPLIANCES","KITCHEN","MEAL & DRINK MAKERS","COTTON_CANDY_MACHINES","24","926","0,001","0,029","0,001","0,014"
"HEALTH","HEALTH GOODS","EROTIC","BDSM PRODUCTS","BDSM_KITS","24","1169","0,001","0,023","0,001","0,014"
"VEHICLE PARTS & ACCESSORIES","ACC CARS & VANS","CARS & VANS REPLACEMENT PARTS","CARS & VANS BODYWORK","VEHICLE_HOOD_HINGES","24","1150","0,001","0,025","0,001","0,014"
"CONSTRUCTION & INDUSTRY","INDUSTRY","GASTRONOMY & HOSPITALITY","GASTRONOMY & HOSPITALITY","ELECTRIC_MEAT_SLICERS","24","4771","0,001","0,008","0,004","0,024"
"CONSTRUCTION & INDUSTRY","CONSTRUCTION","FLOORING & COATING","RUBBER FLOORS","ELECTRIC_SECRETION_ASPIRATORS","24","4804","0,001","0,008","0,004","0,024"
"VEHICLE PARTS & ACCESSORIES","ACC CARS & VANS","CARS & VANS REPLACEMENT PARTS","CARS & VANS INJECTION","VEHICLE_EGR_VALVES","24","8087","0,001","0,025","0,006","0,097"
"T & B","TOYS AND GAMES","ART & CRAFT","ORGANIZATION & STORAGE TOYS","KIDS_TABLES_AND_CHAIRS_SETS","24","2353","0,001","0,04","0,002","0,063"
"CONSTRUCTION & INDUSTRY","TOOLS","GARDEN TOOLS","ACCESSORIES AND SPARE PARTS","GARDEN_MACHINE_RECOIL_STARTERS","24","1151","0,001","0,008","0,001","0,006"
"VEHICLE PARTS & ACCESSORIES","ACC CARS & VANS","CARS & VANS REPLACEMENT PARTS","CARS & VANS STEERING & SUSPENSION","VEHICLE_RAG_JOINTS","24","1829","0,001","0,025","0,001","0,022"
"VEHICLE PARTS & ACCESSORIES","ACC CARS & VANS","CARS & VANS REPLACEMENT PARTS","CARS & VANS OTHERS","VEHICLE_POWER_STEERING_OIL_PRESSURE_SENSORS","24","3043","0,001","0,025","0,002","0,036"
"CONSTRUCTION & INDUSTRY","TOOLS","GARDEN TOOLS","BRUSHCUTTERS AND EDGERS","ELECTRIC_BRUSH_CUTTERS_AND_STRING_TRIMMERS","24","2898","0,001","0,008","0,002","0,014"
"VEHICLE PARTS & ACCESSORIES","ACC COMMERCIAL VEHICLES","COMMERCIAL VEHICLES REPLACEMENT PARTS","COMMERCIAL VEHICLES INTERIOR","VEHICLE_LININGS","24","2895","0,001","0,025","0,002","0,035"
"HOME ELECTRONICS","AUDIO & GENERAL ELECTRONICS","PHYSICAL MEDIAS & HARDWARE FOR AUDIO & VIDEO","PHYSICAL MEDIAS & HARDWARE FOR AUDIO & VIDEO","MINI_COMPONENT_SYSTEMS","24","5378","0,001","0,029","0,004","0,081"
"CONSTRUCTION & INDUSTRY","CONSTRUCTION","ELECTRICAL","SOLAR ENERGY","SOLAR_BATTERIES","24","9418","0,001","0,008","0,007","0,047"
"CPG","FOODS","CHOCOLATE & SWEETS","CANDIES","COTTON_CANDY","23","1977","0,001","0,007","0,002","0,016"
"VEHICLE PARTS & ACCESSORIES","ACC COMMERCIAL VEHICLES","COMMERCIAL VEHICLES REPLACEMENT PARTS","COMMERCIAL VEHICLES BODYWORK","VEHICLE_GATE_AND_TRUNK_HINGES","23","2060","0,001","0,024","0,002","0,025"
"VEHICLE PARTS & ACCESSORIES","ACC CARS & VANS","CARS & VANS ACCESSORIES","CARS & VANS ACCESSORIES EXTERIOR","VEHICLE_XENON_KITS","23","2658","0,001","0,024","0,002","0,032"
"SPORTS","MOUNTAIN & OUTDOORS","CAMPING","GEAR & EQUIPMENT","TACTICAL_BOARDS","23","1207","0,001","0,041","0,001","0,034"
"VEHICLE PARTS & ACCESSORIES","ACC CARS & VANS","CARS & VANS REPLACEMENT PARTS","CARS & VANS BODYWORK","VEHICLE_FLOOR_PANS","23","890","0,001","0,024","0,001","0,011"
"VEHICLE PARTS & ACCESSORIES","ACC CARS & VANS","CARS & VANS REPLACEMENT PARTS","CARS & VANS OTHERS","OTHER_VEHICLE_DRUM_BRAKE_WHEEL_CYLINDERS","23","1618","0,001","0,024","0,001","0,019"
"VEHICLE PARTS & ACCESSORIES","ACC MOTORCYCLES","MOTORCYCLE REPLACEMENT PARTS","MOTORCYCLE OTHERS","VEHICLE_ELECTRICAL_BATTERY_CABLE_TERMINAL_ENDS","23","507","0,001","0,024","0","0,006"
"CPG","PET","PET PROFESSIONAL","PET PROFESSIONAL","PET_TRAINING_CLICKERS","23","756","0,001","0,007","0,001","0,006"
"CONSTRUCTION & INDUSTRY","TOOLS","MANUAL TOOLS","BRICKWORK","MASONRY_TROWELS","23","798","0,001","0,007","0,001","0,004"
"FASHION","APPAREL ACCESSORIES","OTHER APPAREL ACCESSORIES","OTHER APPAREL ACCESSORIES","PREGNANCY_PANTS_EXTENDERS","23","746","0,001","0,009","0,001","0,006"
"ENTERTAINMENT","MUSICAL INSTRUMENTS","PERCUSION INSTRUMENTS","LITTLE PERCUSSION INSTRUMENTS","CYMBALS","23","4731","0,001","0,074","0,004","0,193"
"OTHERS","OTHER","ESOTERIC","ESOTERIC","RUNES","23","985","0,001","0,239","0,001","0,176"
"SPORTS","WATER SPORTS","SURF","SURF","SURFBOARD_WAXES","23","855","0,001","0,041","0,001","0,024"
"CONSTRUCTION & INDUSTRY","INDUSTRY","COMMERCE EQUIPMENT","COMMERCE EQUIPMENT","CASH_DRAWERS","23","1386","0,001","0,007","0,001","0,007"
"BEAUTY","BEAUTY PROFESSIONAL","BEAUTY SALOON","HAIR PROFESSIONAL","FAKE_BANGS","23","1209","0,001","0,019","0,001","0,013"
"TECHNOLOGY","IT PERIPHERALS, PARTS & ACCESSORIES","PARTS COMPONENTS","PC COMPONENTS","LAPTOP_HINGES","23","1481","0,001","0,015","0,001","0,005"
"HEALTH","HEALTH GOODS","HEALTH PROFESSIONAL","DENTAL SPECIALIZED EQUIPMENT","ORTHODONTIC_WAXES","23","773","0,001","0,022","0,001","0,009"
"CONSTRUCTION & INDUSTRY","INDUSTRY","INDUSTRY","GASTRONOMY & HOSPITALITY","APPETIZER_BOARDS","23","1500","0,001","0,007","0,001","0,007"
"TECHNOLOGY","GAMES, DIGITAL GOODS & SOFTWARE","SOFTWARE & UTILITIES","SOFTWARE & UTILITIES","SECURITY_TOKENS","23","1677","0,001","0,015","0,001","0,006"
"CONSTRUCTION & INDUSTRY","INDUSTRY","SAFETY EQUIPMENT","SAFETY EQUIPMENT","ANTI_STATIC_WRIST_STRAPS","23","526","0,001","0,007","0","0,003"
"CPG","CPG HOME CARE","CLEANING EQUIPMENT","CLEANING EQUIPMENT","CANNED_AIR_DUSTERS","23","1200","0,001","0,007","0,001","0,01"
"CONSTRUCTION & INDUSTRY","CONSTRUCTION","DOOR, WINDOW & FENCES","PERIMETER SECURITY","CONCERTINA_WIRES","23","1711","0,001","0,007","0,001","0,009"
"VEHICLE PARTS & ACCESSORIES","ACC TIRES","AUTOMOTIVE TIRES","AUTOMOTIVE TIRES","AUTOMOTIVE_TIRES","23","7258","0,001","0,024","0,006","0,087"
"VEHICLE PARTS & ACCESSORIES","ACC CARS & VANS","CARS & VANS REPLACEMENT PARTS","CARS & VANS INTERIOR","VEHICLE_DASHBOARDS","23","4197","0,001","0,024","0,003","0,05"
"BEAUTY","BEAUTY PROFESSIONAL","ESTHETIC","ELECTRIC ESTHETIC TOOLS","HAIR_REMOVAL_SPRINGS","23","575","0,001","0,019","0","0,006"
"VEHICLE PARTS & ACCESSORIES","ACC CARS & VANS","CARS & VANS ACCESSORIES","CARS & VANS ACCESSORIES EXTERIOR","VEHICLE_INTERIOR_USB_POWER_OUTLET_ADAPTERS","23","544","0,001","0,024","0","0,006"
"FURNISHING & HOUSEWARE","HOUSEHOLD ITEMS","BAR, WINE & ACC","WINE ACC","WINE_VACUUM_PUMPS","23","976","0,001","0,011","0,001","0,009"
"CPG","CPG PERSONAL CARE","ADULT DIAPERS & PADS","URINARY INCONTINENCE","INCONTINENCE_UNDERPADS","23","1055","0,001","0,007","0,001","0,009"
"SPORTS","OTHER SPORTS","OTHER SPORTS","RIDING","HORSE_HALTERS","23","1176","0,001","0,041","0,001","0,033"
"VEHICLE PARTS & ACCESSORIES","ACC MOTORCYCLES","MOTORCYCLE REPLACEMENT PARTS","MOTORCYCLE ELECTRONICS","MOTORCYCLE_IGNITION_COILS","23","643","0,001","0,024","0,001","0,008"
"VEHICLE PARTS & ACCESSORIES","ACC CARS & VANS","CARS & VANS REPLACEMENT PARTS","CARS & VANS BRAKES","VEHICLE_BRAKE_CALIPER_COVERS","22","1855","0,001","0,023","0,001","0,022"
"FASHION","APPAREL ACCESSORIES","OTHER APPAREL ACCESSORIES","OTHER APPAREL ACCESSORIES","WRISTWATCH_BUCKLES","22","352","0,001","0,008","0","0,003"
"SPORTS","OTHER SPORTS","PAINTBALL","PAINTBALL","PAINTBALLS","22","1835","0,001","0,04","0,001","0,052"
"VEHICLE PARTS & ACCESSORIES","ACC CARS & VANS","CARS & VANS REPLACEMENT PARTS","CARS & VANS OTHERS","VEHICLE_TIRE_REPAIR_PLUGS","22","544","0,001","0,023","0","0,006"
"VEHICLE PARTS & ACCESSORIES","ACC CARS & VANS","CARS & VANS REPLACEMENT PARTS","CARS & VANS STEERING & SUSPENSION","VEHICLE_TORSION_BARS","22","3733","0,001","0,023","0,003","0,045"
"CONSTRUCTION & INDUSTRY","HOME OUTDOORS","LANDSCAPING & GARDEN CENTER","COMPOSTING","COMPOSTERS","22","1290","0,001","0,007","0,001","0,006"
"VEHICLE PARTS & ACCESSORIES","ACC CARS & VANS","CARS & VANS REPLACEMENT PARTS","CARS & VANS OTHERS","VEHICLE_FUEL_FLOW_METERS","22","872","0,001","0,023","0,001","0,01"
"SPORTS","CYCLING AND OTHERS","BICYCLES ACCESORIES AND SPARE PARTS","BICYCLES ACCESORIES AND SPARE PARTS","BICYCLE_FORKS","22","1488","0,001","0,04","0,001","0,042"
"CONSTRUCTION & INDUSTRY","TOOLS","GARDEN TOOLS","MANUAL GARDEN TOOLS","GARDENING_AND_CONSTRUCTION_SHOVELS","22","704","0,001","0,007","0,001","0,004"
"CONSTRUCTION & INDUSTRY","TOOLS","POWER TOOLS","OTHER POWER TOOLS","PLASTIC_PIPES_WELDING_MACHINES","22","2650","0,001","0,007","0,002","0,013"
"CPG","FOODS","GROCERIES","DRY FOOD","TORTILLAS","22","1522","0,001","0,007","0,001","0,013"
"VEHICLE PARTS & ACCESSORIES","ACC CARS & VANS","CARS & VANS REPLACEMENT PARTS","CARS & VANS OTHERS","VEHICLE_PERFORMANCE_CHIPS","22","11766","0,001","0,023","0,009","0,141"
"SPORTS","INDOOR SPORTS","GYM","GYM MACHINES","TREADMILLS","22","2168","0,001","0,04","0,002","0,061"
"SPORTS","OTHER SPORTS","SPORTS SHOOTING AND ARCHERY","SHOOTING","SHOOTING_STICKS","22","595","0,001","0,04","0","0,017"
"VEHICLE PARTS & ACCESSORIES","ACC NAUTICAL VEHICLES","NAUTICAL REPLACEMENT PARTS","NAUTICAL OTHERS","NAUTICAL_REPLACEMENTS","22","3758","0,001","0,023","0,003","0,045"
"FASHION","APPAREL ACCESSORIES","OTHER APPAREL ACCESSORIES","OTHER APPAREL ACCESSORIES","PREGNANCY_BELTS","22","903","0,001","0,008","0,001","0,007"
"TECHNOLOGY","CAMERAS & DRONES","STUDIO & LIGHTING","STUDIO","CLAPPERBOARDS","22","1337","0,001","0,014","0,001","0,005"
"HOME ELECTRONICS","AUDIO & GENERAL ELECTRONICS","PHYSICAL MEDIAS & HARDWARE FOR AUDIO & VIDEO","PHYSICAL MEDIAS & HARDWARE FOR AUDIO & VIDEO","BLANK_AUDIO_CASSETTES","22","1860","0,001","0,027","0,001","0,028"
"ENTERTAINMENT","MUSICAL INSTRUMENTS","MUSICAL AUDIO","PATCH PANELS","PATCH_PANELS","22","3134","0,001","0,071","0,002","0,128"
"OTHERS","OTHER","TATOOS","TATOOS","TATTOO_INK_CAPS","22","710","0,001","0,229","0,001","0,127"
"VEHICLE PARTS & ACCESSORIES","ACC MOTORCYCLES","MOTORCYCLE REPLACEMENT PARTS","MOTORCYCLE BRAKES","MOTORCYCLE_BRAKE_RODS","22","737","0,001","0,023","0,001","0,009"
"SPORTS","WATER SPORTS","KITESURF","KITESURF","LIFE_RINGS","21","567","0,001","0,038","0","0,016"
"CONSTRUCTION & INDUSTRY","INDUSTRY","INDUSTRY GENERAL EQUIPMENT","INDUSTRY GENERAL EQUIPMENT","WELDING_CURTAINS","21","3741","0,001","0,007","0,003","0,019"
"TECHNOLOGY","SMARTPHONES & TABLETS","SMARTPHONES PARTS & ACCESSORIES","SMARTPHONES ACCESSORIES","SCREEN_SEPARATOR_MACHINES","21","2042","0,001","0,014","0,002","0,007"
"TECHNOLOGY","IT PERIPHERALS, PARTS & ACCESSORIES","PERIPHERALS ACCESSORIES","PC ACCESSORIES","COMPUTER_REMOTE_CONTROLS","21","746","0,001","0,014","0,001","0,003"
"VEHICLE PARTS & ACCESSORIES","ACC MOTORCYCLES","MOTORCYCLE REPLACEMENT PARTS","MOTORCYCLE ENGINE","MOTORCYCLE_MAGNETO_ROTORS","21","2376","0,001","0,022","0,002","0,028"
"BEAUTY","BEAUTY PROFESSIONAL","ESTHETIC","ESTHETIC SUPPLIES","TANNING_ADHESIVE_TAPES","21","1009","0,001","0,017","0,001","0,011"
"VEHICLE PARTS & ACCESSORIES","ACC CARS & VANS","CARS & VANS REPLACEMENT PARTS","CARS & VANS OTHERS","VEHICLE_PROTECTIVE_FILMS","21","1734","0,001","0,022","0,001","0,021"
"CONSTRUCTION & INDUSTRY","HOME OUTDOORS","LANDSCAPING & GARDEN CENTER","LANDSCAPING ACC","GARDEN_TORCHES","21","1137","0,001","0,007","0,001","0,006"
"T & B","TOYS AND GAMES","SUMMER TOYS & POOLS","INFLATABLE TOYS","INFLATABLE_BALL_PITS","21","1518","0,001","0,035","0,001","0,041"
"HOME ELECTRONICS","AUDIO & GENERAL ELECTRONICS","AUDIO","OTHER AUDIO DEVICES","VIDEOKE_TRANSFER_KITS","21","11658","0,001","0,026","0,009","0,175"
"T & B","TOYS AND GAMES","TOY VEHICLES","REMOTE CONTROL VEHICLES","RC_BATTERY_CHARGERS","21","2905","0,001","0,035","0,002","0,078"
"FURNISHING & HOUSEWARE","HOUSEHOLD ITEMS","KITCHEN HOME","PREP, GADGETS AND ACC","KITCHEN_NUTCRACKERS","21","572","0,001","0,01","0","0,005"
"VEHICLE PARTS & ACCESSORIES","ACC CARS & VANS","CARS & VANS REPLACEMENT PARTS","CARS & VANS OTHERS","VEHICLE_ENGINE_COVERS","21","3091","0,001","0,022","0,002","0,037"
"FURNISHING & HOUSEWARE","DECOR","CHRISTMAS DECOR","CHRISTMAS DECOR","CHRISTMAS_TREES","21","1063","0,001","0,01","0,001","0,009"
"CONSTRUCTION & INDUSTRY","INDUSTRY","COMMERCE EQUIPMENT","COMMERCE EQUIPMENT","FINGERTIP_MOISTENERS","21","527","0,001","0,007","0","0,003"
"SPORTS","MOUNTAIN & OUTDOORS","SKI","SKI","SKI_AND_SNOWBOARD_SOCKS","21","2157","0,001","0,038","0,002","0,061"
"OTHERS","ANTIQUES & HOBBIES","ANTIQUES & HOBBIES","ANTIQUES & HOBBIES","KNIFE_SHEATHS","21","795","0,001","0,219","0,001","0,142"
"TECHNOLOGY","CAMERAS & DRONES","LENSES, PARTS & OTHERS","OPTICAL INSTRUMENTS","TELESCOPES","21","5217","0,001","0,014","0,004","0,018"
"TECHNOLOGY","CONSOLE GAMING HARDWARE","GAMES ACCESSORIES","GAME PARTS","PORTABLE_GAME_CONSOLE_REPLACEMENT_SCREENS","21","3304","0,001","0,014","0,003","0,011"
"VEHICLE PARTS & ACCESSORIES","ACC CARS & VANS","CARS & VANS REPLACEMENT PARTS","CARS & VANS WHEELS","AUTOMOTIVE_WHEELS","21","7529","0,001","0,022","0,006","0,09"
"FURNISHING & HOUSEWARE","HOUSEHOLD ITEMS","KITCHEN HOME","PREP, GADGETS AND ACC","KITCHEN_SYRINGES","21","797","0,001","0,01","0,001","0,007"
"CONSTRUCTION & INDUSTRY","TOOLS","POWER TOOLS","CUTTING","TABLE_SAWS","21","4043","0,001","0,007","0,003","0,02"
"FASHION","APPAREL","KIDS APPAREL","KIDS APPAREL","BABY_SLEEPING_BAGS","21","1446","0,001","0,008","0,001","0,011"
"CONSTRUCTION & INDUSTRY","TOOLS","MANUAL TOOLS","CUTTING AND ROUGHING","MANUAL_HAND_PLANES","21","2662","0,001","0,007","0,002","0,013"
"CPG","PET","PET HOUSES, TOYS & FASHION","PET HOUSES","ANIMAL_TERRARIUMS","21","711","0,001","0,007","0,001","0,006"
"CPG","DRINKS","NON ALCOHOLICS","JUICES","FRUIT_PULPS","21","1467","0,001","0,007","0,001","0,012"
"VEHICLE PARTS & ACCESSORIES","ACC CARS & VANS","CARS & VANS REPLACEMENT PARTS","CARS & VANS OTHERS","VEHICLE_GEARBOXES","21","14020","0,001","0,022","0,011","0,168"
"T & B","TOYS AND GAMES","ART & CRAFT","BOARDS","KIDS_EASELS","21","1025","0,001","0,035","0,001","0,027"
"T & B","TOYS AND GAMES","OUTDOOR TOYS","TRAMPOLINES","TRAMPOLINE_SPRINGS","21","975","0,001","0,035","0,001","0,026"
"HOME ELECTRONICS","SMALL APPLIANCES","HOUSING & CLEANING","OTHERS HOUSING & CLEANING","ELECTRIC_BLANKETS","21","4317","0,001","0,026","0,003","0,065"
"VEHICLE PARTS & ACCESSORIES","ACC CARS & VANS","CARS & VANS REPLACEMENT PARTS","CARS & VANS OTHERS","VEHICLE_ASHTRAYS","21","1491","0,001","0,022","0,001","0,018"
"CONSTRUCTION & INDUSTRY","HOME OUTDOORS","LANDSCAPING & GARDEN CENTER","INDOOR GROWTH","INDOOR_GROWING_TENTS","21","2421","0,001","0,007","0,002","0,012"
"VEHICLE PARTS & ACCESSORIES","ACC CARS & VANS","CARS & VANS REPLACEMENT PARTS","CARS & VANS OTHERS","VEHICLE_FRAMES","21","2263","0,001","0,022","0,002","0,027"
"FASHION","APPAREL ACCESSORIES","OTHER APPAREL ACCESSORIES","OTHER APPAREL ACCESSORIES","READY_MADE_CORRECTIVE_GLASSES","21","1597","0,001","0,008","0,001","0,013"
"ENTERTAINMENT","MUSICAL INSTRUMENTS","MUSICAL KEYBOARDS","MUSICAL KEYBOARDS & ACC","MUSICAL_KEYBOARDS","20","1976","0,001","0,065","0,002","0,081"
"VEHICLE PARTS & ACCESSORIES","ACC MOTORCYCLES","MOTORCYCLE REPLACEMENT PARTS","MOTORCYCLE OTHERS","VEHICLE_TIRE_REPAIR_PATCHES","20","795","0,001","0,021","0,001","0,01"
"HEALTH","HEALTH GOODS","MASSAGERS","OTHER MASSAGERS","ELECTRONIC_ACUPUNCTURE_PENS","20","5335","0,001","0,019","0,004","0,064"
"CONSTRUCTION & INDUSTRY","INDUSTRY","ADVERTISEMENT & GRAPHIC DESIGN","ADVERTISEMENT & GRAPHIC DESIGN","CODING_AND_DATING_MACHINES","20","6158","0,001","0,006","0,005","0,031"
"TECHNOLOGY","SMARTPHONES & TABLETS","ACCESSORIES & PARTS FOR COMMUNICATION","TELEPHONES","CELLPHONES_AND_TELEPHONY","20","3397","0,001","0,013","0,003","0,012"
"TECHNOLOGY","IT PERIPHERALS, PARTS & ACCESSORIES","STORAGE","MEMORY CARD","MEMORY_CARD_COVERS_AND_BAGS","20","816","0,001","0,013","0,001","0,003"
"T & B","PARTY","PARTY EQUIPMENT","PARTY MACHINES","PARTY_SPRAY_FOAMS","20","961","0,001","0,033","0,001","0,026"
"TECHNOLOGY","CAMERAS & DRONES","DRONES, PARTS & ACCESSORIES","DRONES, PARTS & ACCESSORIES","DRONE_PROPELLERS","20","1793","0,001","0,013","0,001","0,006"
"FURNISHING & HOUSEWARE","HOUSEHOLD ITEMS","KITCHEN HOME","PREP, GADGETS AND ACC","MUDDLERS","20","475","0,001","0,01","0","0,004"
"VEHICLE PARTS & ACCESSORIES","ACC NAUTICAL VEHICLES","NAUTICAL EQUIPMENT","NAUTICAL EQUIPMENT EXTERIOR","NAUTICAL_ANCHOR_CHAINS","20","1362","0,001","0,021","0,001","0,016"
"SPORTS","INDOOR SPORTS","GYM","GYM BARS","BARBELL_WEIGHT_KITS","20","4339","0,001","0,036","0,003","0,122"
"SPORTS","OTHER SPORTS","SKATEBOARDS","SKATEBOARDS","SKATEBOARD_WHEELS","20","1470","0,001","0,036","0,001","0,041"
"CONSTRUCTION & INDUSTRY","CONSTRUCTION","DOOR, WINDOW & FENCES","WINDOWS & SKYLIGHTS","WINDOWS","20","1229","0,001","0,006","0,001","0,006"
"OTHERS","ANTIQUES & HOBBIES","COLLECTIBLES","COLLECTIBLES","COLLECTIBLE_SWORDS","20","1592","0,001","0,208","0,001","0,285"
"VEHICLE PARTS & ACCESSORIES","ACC CARS & VANS","CARS & VANS REPLACEMENT PARTS","CARS & VANS OTHERS","VEHICLE_NUTS","20","607","0,001","0,021","0","0,007"
"HOME ELECTRONICS","HOUSEHOLD APPLIANCES PARTS","HEATING & COOLING PARTS","FAN PARTS","FAN_MOTORS","20","1219","0,001","0,024","0,001","0,018"
"TECHNOLOGY","CAMERAS & DRONES","CAMERA ACCESSORIES","OTHER CAMERA ACCESSORIES","CELLPHONE_PHOTO_PRINTERS","20","5820","0,001","0,013","0,005","0,02"
"VEHICLE PARTS & ACCESSORIES","ACC CARS & VANS","CARS & VANS REPLACEMENT PARTS","CARS & VANS OTHERS","VEHICLE_CARGO_TIE_DOWN_NETS","20","2083","0,001","0,021","0,002","0,025"
"CPG","DRINKS","ALCOHOLICS","LIQUORS & SPIRITS","BRANDIES","20","2108","0,001","0,006","0,002","0,017"
"HOME ELECTRONICS","HOUSEHOLD APPLIANCES PARTS","LAUNDRY PARTS","WASHING & DRYER MACHINE PARTS","WASHING_MACHINE_TIMERS","20","735","0,001","0,024","0,001","0,011"
"SPORTS","WATER SPORTS","SURF","SURF","SURFBOARD_TRACTION_PADS","20","1647","0,001","0,036","0,001","0,046"
"FURNISHING & HOUSEWARE","DECOR","ORNAMENTS","ORNAMENTS","NEWTONS_CRADLES","20","1206","0,001","0,01","0,001","0,011"
"VEHICLE PARTS & ACCESSORIES","ACC CARS & VANS","CARS & VANS REPLACEMENT PARTS","CARS & VANS OTHERS","VEHICLE_BRAKE_FORCE_REGULATORS","20","2598","0,001","0,021","0,002","0,031"
"CPG","FOODS","CHOCOLATE & SWEETS","CANDIES","NOUGATS","20","898","0,001","0,006","0,001","0,007"
"VEHICLE PARTS & ACCESSORIES","ACC NAUTICAL VEHICLES","NAUTICAL EQUIPMENT","NAUTICAL EQUIPMENT EXTERIOR","NAUTICAL_ROPES","20","1617","0,001","0,021","0,001","0,019"
"TECHNOLOGY","CAMERAS & DRONES","CAMERA ACCESSORIES","OTHER CAMERA ACCESSORIES","CAMERA_FIELD_MONITORS","20","5550","0,001","0,013","0,004","0,019"
"CONSTRUCTION & INDUSTRY","TOOLS","MEASURING TOOLS","PRESSURE","SOUND_LEVEL_METERS","20","4600","0,001","0,006","0,004","0,023"
"FURNISHING & HOUSEWARE","HOUSEHOLD ITEMS","KITCHEN HOME","PREP, GADGETS AND ACC","EDIBLE_MARKERS","20","691","0,001","0,01","0,001","0,006"
"TECHNOLOGY","IT APPLIANCES","PRINTERS PARTS & ACCESSORIES","PRINTERS 3D ACCESSORIES","3D_PRINTER_THERMISTORS","20","2039","0,001","0,013","0,002","0,007"
"HEALTH","HEALTH GOODS","HEALTH PROFESSIONAL","MEDICAL SPECIALIZED EQUIPMENT","STADIOMETERS","20","2822","0,001","0,019","0,002","0,034"
"OTHERS","ANTIQUES & HOBBIES","ANTIQUES & HOBBIES","ANTIQUES & HOBBIES","CHALICES","20","992","0,001","0,208","0,001","0,178"
"VEHICLE PARTS & ACCESSORIES","ACC CARS & VANS","CARS & VANS REPLACEMENT PARTS","CARS & VANS OTHERS","VEHICLE_ELEC_BODY_WIRE_HARNESSES","20","857","0,001","0,021","0,001","0,01"
"HEALTH","HEALTH GOODS","HEALTH PROFESSIONAL","DENTAL SPECIALIZED EQUIPMENT","DENTAL_CURETTES","20","1176","0,001","0,019","0,001","0,014"
"HEALTH","HEALTH GOODS","MASSAGERS","OTHER MASSAGERS","FOOT_BATH_MASSAGERS","20","2419","0,001","0,019","0,002","0,029"
"ENTERTAINMENT","MUSICAL INSTRUMENTS","PERCUSION INSTRUMENTS","DRUMS & ACCESSORIES","BONGOS","20","1002","0,001","0,065","0,001","0,041"
"SPORTS","OTHER SPORTS","OTHER SPORTS","OTHER SPORTS","KATANA_SWORDS","19","849","0,001","0,034","0,001","0,024"
"TECHNOLOGY","CONSOLE GAMING HARDWARE","GAMES ACCESSORIES","PERIPHERALS FOR GAMES","DRIVING_SIMULATORS","19","5048","0,001","0,012","0,004","0,017"
"CONSTRUCTION & INDUSTRY","INDUSTRY","INDUSTRY GENERAL EQUIPMENT","INDUSTRY GENERAL EQUIPMENT","MANUAL_HOISTS","19","1367","0,001","0,006","0,001","0,007"
"HOME ELECTRONICS","SMALL APPLIANCES","KITCHEN","ELECTRIC KITCHEN TOOLS","ELECTRIC_KNIVES","19","4034","0,001","0,023","0,003","0,061"
"T & B","TOYS AND GAMES","MOUNTABLE TOY VEHICLES","MOUNTABLE VEHICLES","KIDS_TRICYCLES","19","3682","0,001","0,032","0,003","0,099"
"CONSTRUCTION & INDUSTRY","CONSTRUCTION","CONSTRUCTION MATERIALS","DRY CONSTRUCTION","GYPSUM_BOARDS","19","911","0,001","0,006","0,001","0,005"
"VEHICLE PARTS & ACCESSORIES","ACC CARS & VANS","CARS & VANS REPLACEMENT PARTS","CARS & VANS STEERING & SUSPENSION","VEHICLE_INTERIOR_SEATBELT_ADJUSTERS","19","386","0,001","0,019","0","0,005"
"T & B","TOYS AND GAMES","LIFELIKE TOYS","SUPERMARKET TOYS","TOY_SHOPPING_CARTS","19","1176","0,001","0,032","0,001","0,032"
"T & B","PARTY","PARTY EQUIPMENT","PARTY EQUIPMENT","GPS_COVERS","19","1229","0,001","0,032","0,001","0,033"
"VEHICLE PARTS & ACCESSORIES","ACC CARS & VANS","CARS & VANS REPLACEMENT PARTS","CARS & VANS OTHERS","VEHICLE_SPEEDOMETER_CABLES","19","872","0,001","0,019","0,001","0,01"
"VEHICLE PARTS & ACCESSORIES","ACC CARS & VANS","CARS & VANS ACCESSORIES","CARS & VANS ACCESSORIES EXTERIOR","VEHICLE_ELECTRIC_WINCHES","19","4815","0,001","0,019","0,004","0,058"
"VEHICLE PARTS & ACCESSORIES","ACC NAUTICAL VEHICLES","NAUTICAL EQUIPMENT","NAUTICAL EQUIPMENT EXTERIOR","NAUTICAL_SHACKLES","19","1053","0,001","0,019","0,001","0,013"
"HOME ELECTRONICS","LARGE APPLIANCES","BUILT IN","RANGES, OVENS & COOKTOPS","RANGES","19","14032","0,001","0,023","0,011","0,211"
"CPG","FOODS","BREAKFAST & CEREALS","MILK","KEFIR","19","803","0,001","0,006","0,001","0,007"
"T & B","TOYS AND GAMES","DOLLS","DOLLS PLAY SETS","DOLL_CRIBS","19","1092","0,001","0,032","0,001","0,029"
"BEAUTY","BEAUTY PERSONAL CARE","BODY CARE","BODY CARE","REUSABLE_SANITARY_PADS","19","1222","0,001","0,016","0,001","0,013"
"FURNISHING & HOUSEWARE","FURNITURE","LIVING & DININGROOM FURNITURE","TV STORAGE","TV_STORAGE_UNITS","19","2005","0,001","0,009","0,002","0,018"
"FURNISHING & HOUSEWARE","FURNITURE","STORAGE FURNITURE","CABINETS & LOCKERS","OFFICE_STORAGE_CABINETS","19","2280","0,001","0,009","0,002","0,02"
"SPORTS","INDOOR SPORTS","BOXING AND MARTIAL ARTS","BAGS AND ACCESORIES","BOXING_SPEED_BAGS","19","544","0,001","0,034","0","0,015"
"BEAUTY","BEAUTY PROFESSIONAL","MANICURE & PEDICURE","MANICURE ACCESSORIES & EQUIPMENTS","SCULPTURED_NAIL_REMOVER_CLIPS","19","583","0,001","0,016","0","0,006"
"CPG","PET","PET HOUSES, TOYS & FASHION","PET TOYS","DOG_FRISBEES","19","780","0,001","0,006","0,001","0,006"
"SPORTS","OTHER SPORTS","PAINTBALL","PAINTBALL","PAINTBALL_MARKER_MAGAZINES","19","2971","0,001","0,034","0,002","0,083"
"HEALTH","HEALTH GOODS","HEALTH PROFESSIONAL","MEDICAL SPECIALIZED EQUIPMENT","WHEELCHAIR_WHEELS","19","1948","0,001","0,018","0,002","0,023"
"SPORTS","CYCLING AND OTHERS","BICYCLES ACCESORIES AND SPARE PARTS","BICYCLES ACCESORIES AND SPARE PARTS","BICYCLE_CHILD_SEATS","19","1855","0,001","0,034","0,001","0,052"
"VEHICLE PARTS & ACCESSORIES","ACC CARS & VANS","CARS & VANS ACCESSORIES","CARS & VANS ACCESSORIES EXTERIOR","VEHICLE_STEERING_WHEEL_SPINNERS","19","1520","0,001","0,019","0,001","0,018"
"SPORTS","OTHER SPORTS","BILLIARD","BILLIARD","BILLIARD_BALLS","19","1866","0,001","0,034","0,001","0,052"
"VEHICLE PARTS & ACCESSORIES","ACC CARS & VANS","CARS & VANS REPLACEMENT PARTS","CARS & VANS ELECTRONICS","VEHICLE_BRAKE_SENSORS_PADS","19","1545","0,001","0,019","0,001","0,018"
"TECHNOLOGY","IT APPLIANCES","PRINTERS PARTS & ACCESSORIES","PRINTERS ACCESSORIES","CONTINUOUS_INK_SYSTEMS","19","1609","0,001","0,012","0,001","0,005"
"SPORTS","INDOOR SPORTS","BOXING AND MARTIAL ARTS","BAGS AND ACCESORIES","MARTIAL_ARTS_AND_BOXING_FOCUS_MITTS_AND_RACKETS","19","1537","0,001","0,034","0,001","0,043"
"T & B","TOYS AND GAMES","OUTDOOR TOYS","SPORTS GAMES","KIDS_BOWLING_GAMES","19","468","0,001","0,032","0","0,013"
"SPORTS","INDOOR SPORTS","GYM","GYM ACCESORIES","GYM_WEIGHT_AND_BAR_RACKS","19","1464","0,001","0,034","0,001","0,041"
"T & B","TOYS AND GAMES","MODELISM","MODELISM","MODEL_RAILROAD_TRAINS","19","3226","0,001","0,032","0,003","0,087"
"CONSTRUCTION & INDUSTRY","TOOLS","MEASURING TOOLS","AMBIENT","CONDUCTIVITY_METERS","19","2733","0,001","0,006","0,002","0,014"
"CONSTRUCTION & INDUSTRY","INDUSTRY","GASTRONOMY & HOSPITALITY","GASTRONOMY & HOSPITALITY","BEER_FAUCETS","19","1588","0,001","0,006","0,001","0,008"
"HOME ELECTRONICS","HOUSEHOLD APPLIANCES PARTS","HEATING & COOLING PARTS","AIR CONDITIONER PARTS","AIR_CONDITIONER_CLEANING_COVERS","19","2408","0,001","0,023","0,002","0,036"
"VEHICLE PARTS & ACCESSORIES","ACC CARS & VANS","CARS & VANS REPLACEMENT PARTS","CARS & VANS TRANSMISSION","VEHICLE_REAR_AXLES","18","3823","0,001","0,018","0,003","0,046"
"VEHICLE PARTS & ACCESSORIES","ACC AGRO VEHICLES & EQUIPMENT","AGRO EQUIPMENT","STORAGE","SILAGE_BAGS","18","1540","0,001","0,018","0,001","0,018"
"ENTERTAINMENT","MUSICAL INSTRUMENTS","STRING INSTRUMENTS","STRING INSTRUMENTS","STRING_INSTRUMENT_BOWS","18","2100","0,001","0,058","0,002","0,086"
"FURNISHING & HOUSEWARE","HOUSEHOLD ITEMS","KITCHEN HOME","PREP, GADGETS AND ACC","SUSHI_MATS","18","505","0,001","0,009","0","0,004"
"VEHICLE PARTS & ACCESSORIES","ACC CARS & VANS","CARS & VANS REPLACEMENT PARTS","CARS & VANS OTHERS","VEHICLE_AC_COMPRESSOR_CLUTCH_COILS","18","2879","0,001","0,018","0,002","0,034"
"CONSTRUCTION & INDUSTRY","INDUSTRY","INDUSTRY GENERAL EQUIPMENT","INDUSTRY GENERAL EQUIPMENT","HYDRAULIC_STACKERS","18","1927","0,001","0,006","0,001","0,01"
"SPORTS","MOUNTAIN & OUTDOORS","FISHING","FISHING_GEAR_AND_ACCESSORIES","FISH_FINDERS","18","1327","0,001","0,032","0,001","0,037"
"CONSTRUCTION & INDUSTRY","CONSTRUCTION","CONSTRUCTION MATERIALS","CONSTRUCTION MATERIALS FIXING","THREADED_RODS","18","438","0,001","0,006","0","0,002"
"FURNISHING & HOUSEWARE","DECOR","CHRISTMAS DECOR","CHRISTMAS DECOR","NATIVITY_SCENES","18","563","0,001","0,009","0","0,005"
"TECHNOLOGY","SMARTPHONES & TABLETS","SMARTPHONES PARTS & ACCESSORIES","SMARTPHONES ACCESSORIES","SIM_CARD_EJECT_PINS","18","742","0,001","0,012","0,001","0,003"
"VEHICLE PARTS & ACCESSORIES","ACC MOTORCYCLES","MOTORCYCLE ACCESSORIES","MOTORCYCLE ACCESSORIES CLOTHING & FOOTWEAR","MOTORCYCLE_SAFETY_HARNESSES","18","886","0,001","0,018","0,001","0,011"
"BEAUTY","BEAUTY PROFESSIONAL","MANICURE & PEDICURE","MANICURE ACCESSORIES & EQUIPMENTS","NAIL_POLISH_TROLLEYS","18","2303","0,001","0,015","0,002","0,024"
"VEHICLE PARTS & ACCESSORIES","ACC TOOLS","LIFTING EQUIPMENT","VEHICLE LIFTS","AUTOMOTIVE_LIFTS","18","730","0,001","0,018","0,001","0,009"
"BEAUTY","MAKEUP","MAKEUP KITS AND ACCESSORIES","MAKEUP KITS AND ACCESSORIES","MAKEUP_BRUSH_LIQUID_CLEANERS","18","1560","0,001","0,015","0,001","0,016"
"VEHICLE PARTS & ACCESSORIES","ACC CARS & VANS","CARS & VANS REPLACEMENT PARTS","CARS & VANS STEERING & SUSPENSION","VEHICLE_PARKING_BRAKE_SWITCHES","18","1586","0,001","0,018","0,001","0,019"
"VEHICLE PARTS & ACCESSORIES","ACC CARS & VANS","CARS & VANS REPLACEMENT PARTS","CARS & VANS STEERING & SUSPENSION","VEHICLE_DRIVE_SHAFTS","18","2311","0,001","0,018","0,002","0,028"
"ENTERTAINMENT","MUSICAL INSTRUMENTS","MUSICAL INSTRUMENTS ACCESSORIES","MUSICAL INSTRUMENTS ACCESSORIES","PEDALBOARD_CASES","18","1904","0,001","0,058","0,001","0,078"
"VEHICLE PARTS & ACCESSORIES","ACC AGRO VEHICLES & EQUIPMENT","AGRO EQUIPMENT","STORAGE","GARDENING_AND_AGRICULTURE_FABRICS_AND_PROTECTIVE_PLASTICS","18","1307","0,001","0,018","0,001","0,016"
"VEHICLE PARTS & ACCESSORIES","ACC CARS & VANS","CARS & VANS REPLACEMENT PARTS","CARS & VANS OTHERS","VEHICLE_MIRROR_TRIMS","18","760","0,001","0,018","0,001","0,009"
"CONSTRUCTION & INDUSTRY","TOOLS","MEASURING TOOLS","DISTANCE","DIGITAL_TIRE_GAUGES","18","1959","0,001","0,006","0,002","0,01"
"TECHNOLOGY","CONSOLE GAMING HARDWARE","ARCADE & PARTS","ARCADE & PARTS","ARCADE_PARTS_KITS","18","1720","0,001","0,012","0,001","0,006"
"TECHNOLOGY","IT APPLIANCES","CONNECTIVITY & NETWORKS","NETWORK CABLES & ACCESSORIES","DUST_PLUG_COVERS","18","353","0,001","0,012","0","0,001"
"HEALTH","HEALTH GOODS","MASSAGERS","MASSAGERS FUNITURE","MASSAGE_TABLES_AND_CHAIRS","18","683","0,001","0,017","0,001","0,008"
"VEHICLE PARTS & ACCESSORIES","ACC CARS & VANS","CARS & VANS REPLACEMENT PARTS","CARS & VANS STEERING & SUSPENSION","VEHICLE_AIR_SUSPENSION_KITS","18","1175","0,001","0,018","0,001","0,014"
"ENTERTAINMENT","MUSICAL INSTRUMENTS","WIND INSTRUMENTS","SAXOPHONES","SAXOPHONE_MOUTHPIECES","18","5458","0,001","0,058","0,004","0,223"
"OTHERS","ANTIQUES & HOBBIES","COLLECTIBLES","COLLECTIBLES","COLLECTIBLE_TOKENS","18","661","0,001","0,187","0,001","0,118"
"VEHICLE PARTS & ACCESSORIES","ACC CARS & VANS","CARS & VANS REPLACEMENT PARTS","CARS & VANS STEERING & SUSPENSION","VEHICLE_CV_AXLES","18","3369","0,001","0,018","0,003","0,04"
"SPORTS","CYCLING AND OTHERS","BICYCLES ACCESORIES AND SPARE PARTS","BICYCLES ACCESORIES AND SPARE PARTS","BICYCLE_DISC_BRAKE_CALIPERS","18","1084","0,001","0,032","0,001","0,03"
"HOME ELECTRONICS","AUDIO & GENERAL ELECTRONICS","AUDIO","AMPLIFIERS & RECEIVERS","AV_RECEIVERS","18","9702","0,001","0,022","0,008","0,146"
"VEHICLE PARTS & ACCESSORIES","ACC CARS & VANS","CARS & VANS REPLACEMENT PARTS","CARS & VANS TRANSMISSION","VEHICLE_REAR_WHEEL_HUBS_BEARING_ASSEMBLY","18","794","0,001","0,018","0,001","0,009"
"TECHNOLOGY","CAMERAS & DRONES","LENSES, PARTS & OTHERS","LENSES ACCESSORIES","LENS_HOODS","18","629","0,001","0,012","0","0,002"
"HEALTH","MEDICINES","OTC MEDICINES","OTC MEDICINES","OTC_OTIC_AND_EYE_CARE_MEDICINES","18","845","0,001","0,017","0,001","0,01"
"VEHICLE PARTS & ACCESSORIES","ACC CARS & VANS","CARS & VANS REPLACEMENT PARTS","CARS & VANS TRANSMISSION","VEHICLE_TRANSMISSION_U_JOINTS","18","1190","0,001","0,018","0,001","0,014"
"VEHICLE PARTS & ACCESSORIES","ACC AGRO VEHICLES & EQUIPMENT","CROPS","FUNGICIDES","AGRICULTURAL_FUNGICIDES","18","698","0,001","0,018","0,001","0,008"
"VEHICLE PARTS & ACCESSORIES","ACC CARS & VANS","CARS & VANS REPLACEMENT PARTS","CARS & VANS OTHERS","VEHICLE_BOLTS","18","584","0,001","0,018","0","0,007"
"SPORTS","OTHER SPORTS","BILLIARD","BILLIARD","BILLIARD_CHALKS","18","536","0,001","0,032","0","0,015"
"BEAUTY","BEAUTY PROFESSIONAL","ESTHETIC","ESTHETIC SUPPLIES","EYEBROW_STENCILS","17","431","0,001","0,014","0","0,004"
"SPORTS","OTHER MAINSTREAM SPORTS","TENNIS","TENNIS","TENNIS_AND_PADDLE_NETS","17","2417","0,001","0,031","0,002","0,068"
"T & B","TOYS AND GAMES","BOARD AND CARD GAMES","CARDS GAME","POKER_CHIPS","17","901","0,001","0,028","0,001","0,024"
"VEHICLE PARTS & ACCESSORIES","ACC CARS & VANS","CARS & VANS REPLACEMENT PARTS","CARS & VANS OTHERS","VEHICLE_ENGINE_VALVE_SPRINGS","17","4198","0,001","0,017","0,003","0,05"
"VEHICLE PARTS & ACCESSORIES","ACC CARS & VANS","CARS & VANS REPLACEMENT PARTS","CARS & VANS STEERING & SUSPENSION","VEHICLE_HOOD_SUPPORT_RODS","17","1047","0,001","0,017","0,001","0,013"
"SPORTS","CYCLING AND OTHERS","BICYCLES ACCESORIES AND SPARE PARTS","BICYCLES ACCESORIES AND SPARE PARTS","BICYCLE_PROTECTORS","17","520","0,001","0,031","0","0,015"
"SPORTS","OTHER SPORTS","OTHER SPORTS","OTHER SPORTS","TOWABLE_TUBES","17","2683","0,001","0,031","0,002","0,075"
"SPORTS","OTHER SPORTS","PAINTBALL","PAINTBALL","PAINTBALL_O_RINGS","17","730","0,001","0,031","0,001","0,02"
"CONSTRUCTION & INDUSTRY","TOOLS","MEASURING TOOLS","OTHER MEASURING TOOLS","GONIOMETERS","17","727","0,001","0,005","0,001","0,004"
"VEHICLE PARTS & ACCESSORIES","ACC CARS & VANS","CARS & VANS REPLACEMENT PARTS","CARS & VANS CLIMATIZATION","VEHICLE_BLOWER_HEATER_MOTORS","17","1836","0,001","0,017","0,001","0,022"
"SPORTS","INDOOR SPORTS","BOXING AND MARTIAL ARTS","BAGS AND ACCESORIES","MARTIAL_ARTS_AND_BOXING_KICKING_SHIELDS","17","1765","0,001","0,031","0,001","0,05"
"TECHNOLOGY","IT PERIPHERALS, PARTS & ACCESSORIES","PARTS COMPONENTS","PC COMPONENTS","IGBT_MODULES","17","5531","0,001","0,011","0,004","0,019"
"FURNISHING & HOUSEWARE","HOUSEHOLD ITEMS","BATHROOM","BATHROOM ACCESSORIES","TOOTHPASTE_DISPENSERS","17","416","0,001","0,008","0","0,004"
"VEHICLE PARTS & ACCESSORIES","ACC MOTORCYCLES","MOTORCYCLE REPLACEMENT PARTS","MOTORCYCLE IGNITION","MOTORCYCLE_KICK_LEVER_PEDAL_SPRINGS","17","388","0,001","0,017","0","0,005"
"VEHICLE PARTS & ACCESSORIES","OILS & FILTERS","FILTERS","COMMERCIAL VEHICLES FILTERS","VEHICLE_HYDRAULIC_FILTERS","17","573","0,001","0,017","0","0,007"
"TECHNOLOGY","IT APPLIANCES","PRINTERS PARTS & ACCESSORIES","PRINTERS PARTS","PRINTER_TIMING_BELTS","17","1025","0,001","0,011","0,001","0,003"
"BEAUTY","BEAUTY PROFESSIONAL","ESTHETIC","ESTHETIC SUPPLIES","NOSE_SHAPERS","17","748","0,001","0,014","0,001","0,008"
"T & B","TOYS AND GAMES","ACTION FIGURES","ACTION FIGURES","INTERACTIVE_GAMING_FIGURES","17","2267","0,001","0,028","0,002","0,061"
"VEHICLE PARTS & ACCESSORIES","ACC CARS & VANS","CARS & VANS REPLACEMENT PARTS","CARS & VANS OTHERS","VEHICLE_ENGINE_COOLING_FAN_CLUTCHES","17","2246","0,001","0,017","0,002","0,027"
"CONSTRUCTION & INDUSTRY","CONSTRUCTION","DOOR, WINDOW & FENCES","PERIMETER SECURITY","SECURITY_SPIKES","17","1301","0,001","0,005","0,001","0,007"
"OTHERS","OTHER","CRYPTOCURRENCY","CRYPTOCURRENCY","RISER_CARDS","17","1816","0,001","0,177","0,001","0,325"
"VEHICLE PARTS & ACCESSORIES","ACC CARS & VANS","CARS & VANS REPLACEMENT PARTS","CARS & VANS EXHAUST","VEHICLE_EXHAUST_CLAMPS","17","771","0,001","0,017","0,001","0,009"
"T & B","BABY","BABY CARE","BABY CARE","BABY_BATH_THERMOMETERS","17","3071","0,001","0,028","0,002","0,082"
"CONSTRUCTION & INDUSTRY","STATIONERY","OFFICE & SCHOOL SUPPLIES","OTHER OFFICE & SCHOOL SUPPLIES","PINS_AND_THUMB_TACKS","17","769","0,001","0,005","0,001","0,004"
"VEHICLE PARTS & ACCESSORIES","ACC CARS & VANS","CARS & VANS REPLACEMENT PARTS","CARS & VANS OTHERS","VEHICLE_WINDSHIELD_WIPER_SWITCHES","17","2993","0,001","0,017","0,002","0,036"
"FASHION","APPAREL ACCESSORIES","JEWELRY","JEWELRY","JEWELRY_DISPLAYS_AND_BOXES","17","758","0,001","0,007","0,001","0,006"
"VEHICLE PARTS & ACCESSORIES","ACC CARS & VANS","CARS & VANS REPLACEMENT PARTS","CARS & VANS ELECTRONICS","VEHICLE_IGNITION_KNOCK_SENSORS","17","1340","0,001","0,017","0,001","0,016"
"VEHICLE PARTS & ACCESSORIES","ACC CARS & VANS","CARS & VANS REPLACEMENT PARTS","CARS & VANS OTHERS","VEHICLE_TRAILER_LIGHT_POWER_MODULES","17","1346","0,001","0,017","0,001","0,016"
"CONSTRUCTION & INDUSTRY","CONSTRUCTION","BATHROOM & KITCHEN CONSTRUCTION","BATHROOM & KITCHEN CONSTRUCTION ACC","BATHTUB_PILLOWS","17","861","0,001","0,005","0,001","0,004"
"SPORTS","CYCLING AND OTHERS","BICYCLES ACCESORIES AND SPARE PARTS","BICYCLES ACCESORIES AND SPARE PARTS","BICYCLE_DISC_BRAKE_ADAPTERS","17","600","0,001","0,031","0","0,017"
"CONSTRUCTION & INDUSTRY","CONSTRUCTION","PAINTING","OTHERS PAINTING","PAINTS_AND_ACCESSORIES","17","1085","0,001","0,005","0,001","0,005"
"FURNISHING & HOUSEWARE","HOUSEHOLD ITEMS","BAR, WINE & ACC","WINE ACC","BEVERAGE_BARRELS_AND_VATS","17","2814","0,001","0,008","0,002","0,025"
"SPORTS","WATER SPORTS","SURF","SURF","SURFBOARD_LEASHES","17","1579","0,001","0,031","0,001","0,044"
"CONSTRUCTION & INDUSTRY","INDUSTRY","GASTRONOMY & HOSPITALITY","GASTRONOMY & HOSPITALITY","BEER_BREWING_YEASTS","17","784","0,001","0,005","0,001","0,004"
"HEALTH","HEALTH GOODS","HEALTH PROFESSIONAL","MEDICAL SPECIALIZED EQUIPMENT","OPTICAL_INSTRUMENT_EYEPIECES","17","1556","0,001","0,016","0,001","0,019"
"VEHICLE PARTS & ACCESSORIES","ACC MOTORCYCLES","MOTORCYCLE ACCESSORIES","MOTORCYCLE ACCESSORIES EXTERIOR","MOTORCYCLE_AND_ALL_TERRAIN_VEHICLE_LOADING_RAMPS","17","1476","0,001","0,017","0,001","0,018"
"CPG","PET","PET PROFESSIONAL","PET PROFESSIONAL","BIRD_EGGS_INCUBATORS","17","3241","0,001","0,005","0,003","0,027"
"SPORTS","OTHER SPORTS","OTHER SPORTS","SPORTS SHOOTING AND ARCHERY","BUTTSTOCKS","17","2738","0,001","0,031","0,002","0,077"
"BEAUTY","BEAUTY PROFESSIONAL","MANICURE & PEDICURE","MANICURE ACCESSORIES & EQUIPMENTS","NAIL_SAMPLES","16","525","0,001","0,013","0","0,005"
"TECHNOLOGY","IT PERIPHERALS, PARTS & ACCESSORIES","PARTS COMPONENTS","PC COMPONENTS","LAPTOP_REPLACEMENT_TOUCHPADS","16","1492","0,001","0,01","0,001","0,005"
"T & B","BABY","BREASTFEED & EATING ACCESSORIES","BREASTFEED ACCESSORIES","BABY_BOTTLE_DRYING_RACKS","16","1091","0,001","0,027","0,001","0,029"
"ENTERTAINMENT","MUSICAL INSTRUMENTS","MUSICAL INSTRUMENTS ACCESSORIES","MUSICAL INSTRUMENTS ACCESSORIES","PEDALBOARDS","16","2357","0,001","0,052","0,002","0,096"
"FURNISHING & HOUSEWARE","FURNITURE","STORAGE FURNITURE","SIDEBOARD & DRAWERS","SIDEBOARDS","16","1826","0,001","0,008","0,001","0,016"
"HOME ELECTRONICS","AUDIO & GENERAL ELECTRONICS","ELECTRONIC, TOOLS & COMPONENTS","ELECTRONIC COMPONENTS","VACUUM_TUBES","16","1133","0,001","0,02","0,001","0,017"
"VEHICLE PARTS & ACCESSORIES","ACC MOTORCYCLES","MOTORCYCLE ACCESSORIES","MOTORCYCLE ACCESSORIES CLOTHING & FOOTWEAR","MOTORCYCLE_SUITS","16","4835","0,001","0,016","0,004","0,058"
"SPORTS","OTHER SPORTS","OTHER SPORTS","OTHER SPORTS","NUNCHAKUS","16","560","0,001","0,029","0","0,016"
"CONSTRUCTION & INDUSTRY","TOOLS","MANUAL TOOLS","BRICKWORK","MASONRY_PLUMB_BOBS","16","658","0,001","0,005","0,001","0,003"
"TECHNOLOGY","CAMERAS & DRONES","STUDIO & LIGHTING","PHOTOGRAPHIC ACCESSORIES","FLASH_FILTERS","16","997","0,001","0,01","0,001","0,003"
"FASHION","APPAREL ACCESSORIES","OTHER APPAREL ACCESSORIES","OTHER APPAREL ACCESSORIES","SOCK_AIDS","16","1066","0,001","0,006","0,001","0,008"
"VEHICLE PARTS & ACCESSORIES","ACC CARS & VANS","CARS & VANS REPLACEMENT PARTS","CARS & VANS ENGINE","VEHICLE_DISTRIBUTOR_ROTORS","16","525","0,001","0,016","0","0,006"
"T & B","PARTY","PARTY EQUIPMENT","PARTY EQUIPMENT","COSTUME_WINGS","16","449","0,001","0,027","0","0,012"
"SPORTS","CYCLING AND OTHERS","CLOTH AND EQUIPMENT","CLOTH AND EQUIPMENT","HIKING_SPORT_HELMETS","16","2090","0,001","0,029","0,002","0,059"
"HEALTH","HEALTH GOODS","EROTIC","SEX TOYS","CHASTITY_BELTS_AND_CAGES","16","1286","0,001","0,015","0,001","0,015"
"TECHNOLOGY","CONSOLE GAMING HARDWARE","GAMES ACCESSORIES","PERIPHERALS FOR GAMES","VIDEO_GAME_CONTROLLER_CHARGER_PINS","16","703","0,001","0,01","0,001","0,002"
"CONSTRUCTION & INDUSTRY","TOOLS","INDUSTRY TOOLS","INDUSTRY TOOLS","INDUSTRIAL_SAWS","16","1784","0,001","0,005","0,001","0,009"
"SPORTS","OTHER SPORTS","BADMINTON","BADMINTON","BADMINTON_KITS","16","979","0,001","0,029","0,001","0,027"
"T & B","BABY","BABY BEDROOM","BABY PILLOWS & BLANKETS","BABY_PHOTOGRAPHIC_POSITIONERS","16","430","0,001","0,027","0","0,012"
"SPORTS","MOUNTAIN & OUTDOORS","CAMPING","GEAR & EQUIPMENT","TACTICAL_UNIFORMS","16","2084","0,001","0,029","0,002","0,059"
"TECHNOLOGY","IT PERIPHERALS, PARTS & ACCESSORIES","MONITORS & ACCESSORIES","MONITORS ACCESSORIES & PARTIES","LED_SCREENS","16","15231","0,001","0,01","0,012","0,052"
"CPG","FOODS","FRESH FOOD","VEGETABLES AND FRUITS","FRUITS","16","521","0,001","0,005","0","0,004"
"BEAUTY","BEAUTY PROFESSIONAL","MANICURE & PEDICURE","MANICURE ACCESSORIES & EQUIPMENTS","NAIL_STAMPS","16","507","0,001","0,013","0","0,005"
"CPG","CPG PERSONAL CARE","CPG BODY CARE","OTHERS PERSONAL HYGIENE","ABSORBENT_SWEAT_PADS","16","504","0,001","0,005","0","0,004"
"CONSTRUCTION & INDUSTRY","HOME OUTDOORS","POOL, HOT TUBES & SAUNA","POOL MAINTENANCE","SOLAR_POOL_IONIZERS","16","2608","0,001","0,005","0,002","0,013"
"T & B","TOYS AND GAMES","MODELISM","MODELISM","MODEL_AIRCRAFT_ELECTRIC_MOTORS","16","1005","0,001","0,027","0,001","0,027"
"VEHICLE PARTS & ACCESSORIES","ACC CARS & VANS","CARS & VANS REPLACEMENT PARTS","CARS & VANS ENGINE","VEHICLE_DIESEL_VACUUM_PUMPS","16","3577","0,001","0,016","0,003","0,043"
"SPORTS","OTHER SPORTS","SKATEBOARDS","SKATEBOARDS","ROLLER_SKATE_BAGS","16","1825","0,001","0,029","0,001","0,051"
"ENTERTAINMENT","MUSICAL INSTRUMENTS","WIND INSTRUMENTS","ACCORDION & BADONEONS","ACCORDIONS_AND_CONCERTINAS","15","1815","0,001","0,048","0,001","0,074"
"VEHICLE PARTS & ACCESSORIES","ACC MOTORCYCLES","MOTORCYCLE REPLACEMENT PARTS","MOTORCYCLE ENGINE","MOTORCYCLE_ALTERNATOR_STATOR_COVERS","15","1111","0,001","0,015","0,001","0,013"
"CONSTRUCTION & INDUSTRY","TOOLS","GARDEN TOOLS","ACCESSORIES AND SPARE PARTS","CHAINSAW_BARS","15","1779","0,001","0,005","0,001","0,009"
"VEHICLE PARTS & ACCESSORIES","ACC CARS & VANS","CARS & VANS ACCESSORIES","CARS & VANS ACCESSORIES EXTERIOR","VEHICLE_TRAILER_HITCH_COUPLERS","15","950","0,001","0,015","0,001","0,011"
"BEAUTY","BEAUTY PROFESSIONAL","ESTHETIC","ELECTRIC ESTHETIC TOOLS","ABDOMINAL_TONING_BELTS","15","1120","0,001","0,012","0,001","0,012"
"TECHNOLOGY","CAMERAS & DRONES","DRONES, PARTS & ACCESSORIES","DRONES, PARTS & ACCESSORIES","DRONE_BATTERY_CHARGERS","15","2288","0,001","0,01","0,002","0,008"
"VEHICLE PARTS & ACCESSORIES","ACC COMMERCIAL VEHICLES","COMMERCIAL VEHICLES REPLACEMENT PARTS","COMMERCIAL VEHICLES BODYWORK","VEHICLE_DOOR_CYLINDERS","15","917","0,001","0,015","0,001","0,011"
"CPG","PET","PET ACCESSORIES","OTHER ACCESSORIES","BIRD_BANDS","15","401","0,001","0,005","0","0,003"
"TECHNOLOGY","CAMERAS & DRONES","DRONES, PARTS & ACCESSORIES","DRONES, PARTS & ACCESSORIES","DRONE_PROPELLER_GUARDS","15","960","0,001","0,01","0,001","0,003"
"FURNISHING & HOUSEWARE","FURNITURE","KITCHEN FURNITURE","CABINETS","KITCHEN_CABINETS","15","5309","0,001","0,007","0,004","0,047"
"VEHICLE PARTS & ACCESSORIES","ACC CARS & VANS","CARS & VANS BATTERIES","CARS & VANS BATTERIES","VEHICLE_EV_BATTERY_SWITCHES","15","563","0,001","0,015","0","0,007"
"HEALTH","HEALTH GOODS","HEALTH PROFESSIONAL","ORTHOPEDIC SPECIALIZED EQUIPMENT","ACUPRESSURE_WRISTBANDS","15","537","0,001","0,014","0","0,006"
"FURNISHING & HOUSEWARE","FURNITURE","BEDROOM FURNITURE","MAKE UP VANITIES","MAKEUP_VANITIES","15","969","0,001","0,007","0,001","0,009"
"VEHICLE PARTS & ACCESSORIES","ACC CARS & VANS","CARS & VANS REPLACEMENT PARTS","CARS & VANS STEERING & SUSPENSION","VEHICLE_STEERING_U_JOINTS","15","1750","0,001","0,015","0,001","0,021"
"FURNISHING & HOUSEWARE","FURNITURE","OUTDOOR FURNITURE","OUTDOOR CHAIRS & TABLES","GARDEN_CHAIRS_BENCHES_AND_SOFAS","15","1315","0,001","0,007","0,001","0,012"
"CONSTRUCTION & INDUSTRY","INDUSTRY","INDUSTRY GENERAL EQUIPMENT","INDUSTRY GENERAL EQUIPMENT","MANUAL_CAPSULE_FILLERS","15","752","0,001","0,005","0,001","0,004"
"T & B","BABY","BABY BATHROOM","BABY BATHTUB","BABY_BATHTUB_SEATS","15","1326","0,001","0,025","0,001","0,036"
"VEHICLE PARTS & ACCESSORIES","ACC CARS & VANS","CARS & VANS REPLACEMENT PARTS","CARS & VANS INTERIOR","VEHICLE_DOOR_PANELS","15","1306","0,001","0,015","0,001","0,016"
"TECHNOLOGY","IT PERIPHERALS, PARTS & ACCESSORIES","PARTS COMPONENTS","PC COMPONENTS","LAPTOP_POWER_BUTTON_BOARDS","15","578","0,001","0,01","0","0,002"
"VEHICLE PARTS & ACCESSORIES","ACC VEHICULAR MULTIMEDIA","VEHICULAR AUDIO","VEHICULAR SPEAKERS","VEHICLE_COMPONENT_SPEAKER_KITS","15","5875","0,001","0,015","0,005","0,07"
"CONSTRUCTION & INDUSTRY","INDUSTRY","PACKAGING","PACKAGING","EDGE_AND_CORNER_PROTECTORS","15","283","0,001","0,005","0","0,001"
"SPORTS","FOOTBALL","FOOTBALL EQUIPMENT","FOOTBALL ACCESSORIES","FOOTBALL_EQUIPMENT_AND_ACCESSORIES","15","481","0,001","0,027","0","0,014"
"ENTERTAINMENT","MUSICAL INSTRUMENTS","PERCUSION INSTRUMENTS","DRUMS & ACCESSORIES","DRUM_KEYS","15","991","0,001","0,048","0,001","0,04"
"SPORTS","OTHER SPORTS","SKATEBOARDS","SKATEBOARDS","SKATEBOARD_DECKS","15","1444","0,001","0,027","0,001","0,041"
"VEHICLE PARTS & ACCESSORIES","ACC CARS & VANS","CARS & VANS REPLACEMENT PARTS","CARS & VANS OTHERS","VEHICLE_ENGINE_COOLANT_PIPES","15","1397","0,001","0,015","0,001","0,017"
"FURNISHING & HOUSEWARE","DECOR","CANDLES AND ACC","CANDLES AND ACC","AROMATIC_BURNERS","15","598","0,001","0,007","0","0,005"
"VEHICLE PARTS & ACCESSORIES","ACC VEHICULAR MULTIMEDIA","VEHICULAR AUDIO","AUDIO EQUALIZERS","VEHICLE_EQUALIZERS","15","1943","0,001","0,015","0,002","0,023"
"CONSTRUCTION & INDUSTRY","TOOLS","TOOL ACCESSORIES","CUTTING ACC","TILE_CUTTER_SCORING_WHEELS","15","466","0,001","0,005","0","0,002"
"CONSTRUCTION & INDUSTRY","TOOLS","TOOL ACCESSORIES","COMPRESSOR ACC","COMPRESSED_AIR_TANKS","15","526","0,001","0,005","0","0,003"
"CONSTRUCTION & INDUSTRY","INDUSTRY","ADVERTISEMENT & GRAPHIC DESIGN","ADVERTISEMENT & GRAPHIC DESIGN","CUTTING_PLOTTERS","15","13485","0,001","0,005","0,01","0,067"
"VEHICLE PARTS & ACCESSORIES","ACC MOTORCYCLES","MOTORCYCLE REPLACEMENT PARTS","MOTORCYCLE IGNITION","MOTORCYCLE_STARTER_BRUSH_HOLDERS","15","381","0,001","0,015","0","0,005"
"VEHICLE PARTS & ACCESSORIES","ACC MOTORCYCLES","MOTORCYCLE REPLACEMENT PARTS","MOTORCYCLE TRANSMISSION","MOTORCYCLE_CLUTCH_BELLS","15","2452","0,001","0,015","0,002","0,029"
"FURNISHING & HOUSEWARE","HOUSEHOLD ITEMS","KITCHEN HOME","PREP, GADGETS AND ACC","SACHET_OPENERS","15","377","0,001","0,007","0","0,003"
"HOME ELECTRONICS","HOUSEHOLD APPLIANCES PARTS","KITCHEN PARTS","REFRIGERATOR & FREEZER PARTS","FREEZER_COVERS","15","1152","0,001","0,018","0,001","0,017"
"CONSTRUCTION & INDUSTRY","CONSTRUCTION","ELECTRICAL","NET AND FIBER OPTIC","FIBER_OPTIC_CLEAVERS","15","684","0,001","0,005","0,001","0,003"
"SPORTS","CYCLING AND OTHERS","BICYCLES ACCESORIES AND SPARE PARTS","BICYCLES ACCESORIES AND SPARE PARTS","BICYCLE_RACKS","15","680","0,001","0,027","0,001","0,019"
"ENTERTAINMENT","MUSICAL INSTRUMENTS","PERCUSION INSTRUMENTS","DRUMS & ACCESSORIES","DRUM_PEDALS","15","2638","0,001","0,048","0,002","0,108"
"TECHNOLOGY","IT APPLIANCES","PRINTERS PARTS & ACCESSORIES","PRINTERS PARTS","PRINTER_PULLEYS","15","519","0,001","0,01","0","0,002"
"CONSTRUCTION & INDUSTRY","CONSTRUCTION","CONSTRUCTION MACHINERY & ACC","SCAFFOLDS & POST SHORES","SCAFFOLDS","15","1970","0,001","0,005","0,002","0,01"
"SPORTS","OTHER SPORTS","OTHER SPORTS","RIDING","HORSE_BOOTS","15","1221","0,001","0,027","0,001","0,034"
"CPG","PET","PET PROFESSIONAL","PET PROFESSIONAL","PET_ULTRASONIC_REPELLENTS","15","1870","0,001","0,005","0,001","0,015"
"CPG","FOODS","GROCERIES","BAKERY","PIZZA_CRUSTS","14","582","0,001","0,004","0","0,005"
"T & B","BABY","BABY TOYS & ACTIVITY CENTERS","ACTIVITY CENTERS","BABY_PUZZLE_PLAY_MATS","14","1082","0,001","0,023","0,001","0,029"
"CONSTRUCTION & INDUSTRY","TOOLS","MANUAL TOOLS","OTHER MANUAL TOOLS","FISH_TAPES","14","788","0,001","0,004","0,001","0,004"
"CONSTRUCTION & INDUSTRY","INDUSTRY","INDUSTRY GENERAL EQUIPMENT","INDUSTRY GENERAL EQUIPMENT","STATIONARY_ENGINES","14","622","0,001","0,004","0","0,003"
"VEHICLE PARTS & ACCESSORIES","ACC CARS & VANS","CARS & VANS REPLACEMENT PARTS","CARS & VANS OTHERS","VEHICLE_DOOR_GLASSES","14","2022","0,001","0,014","0,002","0,024"
"CPG","PET","PET ACCESSORIES","OTHER ACCESSORIES","PET_WHEELCHAIRS","14","1935","0,001","0,004","0,002","0,016"
"CPG","PET","PET HOUSES, TOYS & FASHION","PET HOUSE EQUIPMENT","AQUARIUM_ALGAECIDES","14","990","0,001","0,004","0,001","0,008"
"CONSTRUCTION & INDUSTRY","TOOLS","BOXES AND ORGANIZERS","ORGANIZERS","TOOL_ORGANIZERS","14","877","0,001","0,004","0,001","0,004"
"VEHICLE PARTS & ACCESSORIES","ACC CARS & VANS","CARS & VANS REPLACEMENT PARTS","CARS & VANS BODYWORK","VEHICLE_TRUNK_LIDS","14","3935","0,001","0,014","0,003","0,047"
"FURNISHING & HOUSEWARE","HOUSEHOLD ITEMS","KITCHEN HOME","PREP, GADGETS AND ACC","PASTA_DRYING_RACKS","14","874","0,001","0,007","0,001","0,008"
"HEALTH","MEDICINES","PRESCRIPTION MEDICINES","PRESCRIPTION MEDICINES","RX_OTIC_AND_EYE_CARE_MEDICINES","14","447","0,001","0,013","0","0,005"
"SPORTS","MOUNTAIN & OUTDOORS","CAMPING","GEAR & EQUIPMENT","TACTICAL_HELMETS","14","1274","0,001","0,025","0,001","0,036"
"TECHNOLOGY","CAMERAS & DRONES","DRONES, PARTS & ACCESSORIES","DRONES, PARTS & ACCESSORIES","DRONE_REPLACEMENT_CAMERAS","14","3952","0,001","0,009","0,003","0,013"
"FURNISHING & HOUSEWARE","HOUSEHOLD ITEMS","KITCHEN HOME","PREP, GADGETS AND ACC","MANUAL_GNOCCHI_MAKERS","14","407","0,001","0,007","0","0,004"
"VEHICLE PARTS & ACCESSORIES","ACC CARS & VANS","CARS & VANS REPLACEMENT PARTS","CARS & VANS OTHERS","VEHICLE_HYDRAULIC_ACTUATORS","14","4008","0,001","0,014","0,003","0,048"
"CONSTRUCTION & INDUSTRY","TOOLS","POWER TOOLS","SANDING, ROUGHING AND POLISHING","PNEUMATIC_SANDER_MACHINES","14","2692","0,001","0,004","0,002","0,013"
"HEALTH","HEALTH GOODS","HEALTH PROFESSIONAL","MEDICAL SPECIALIZED EQUIPMENT","MEDICAL_ULTRASOUND_SCANNERS","14","2723","0,001","0,013","0,002","0,033"
"TECHNOLOGY","IT APPLIANCES","PROJECTOR ACCESSORIES & PARTS","PROJECTOR ACCESSORIES & PARTS","PROJECTOR_COVERS_AND_BAGS","14","789","0,001","0,009","0,001","0,003"
"VEHICLE PARTS & ACCESSORIES","ACC MOTORCYCLES","MOTORCYCLE REPLACEMENT PARTS","MOTORCYCLE OTHERS","VEHICLE_ENGINE_UNDERHOOD_V_BELTS","14","490","0,001","0,014","0","0,006"
"SPORTS","OTHER SPORTS","AMERICAN FOOTBALL","AMERICAN FOOTBALL","AMERICAN_FOOTBALL_BALLS","14","1391","0,001","0,025","0,001","0,039"
"ENTERTAINMENT","MUSICAL INSTRUMENTS","PERCUSION INSTRUMENTS","DRUMS & ACCESSORIES","DRUM_THRONES","14","1483","0,001","0,045","0,001","0,06"
"VEHICLE PARTS & ACCESSORIES","ACC MOTORCYCLES","MOTORCYCLE REPLACEMENT PARTS","MOTORCYCLE BODYWORK","MOTORCYCLE_FENDER_SUPPORT_BRACKETS","14","1424","0,001","0,014","0,001","0,017"
"ENTERTAINMENT","MUSICAL INSTRUMENTS","STRING INSTRUMENTS","OTHER STRING INSTRUMENTS & ACCESORIES","STRING_INSTRUMENT_MUTES","14","481","0,001","0,045","0","0,02"
"T & B","PARTY","PARTY EQUIPMENT","PARTY EQUIPMENT","FAKE_TEETH","14","218","0,001","0,023","0","0,006"
"CPG","PET","PET PROFESSIONAL","PET PROFESSIONAL","PET_GROOMING_TABLES","14","1293","0,001","0,004","0,001","0,011"
"CONSTRUCTION & INDUSTRY","INDUSTRY","SAFETY EQUIPMENT","SAFETY EQUIPMENT","FIREFIGHTER_UNIFORMS","14","868","0,001","0,004","0,001","0,004"
"VEHICLE PARTS & ACCESSORIES","ACC CARS & VANS","CARS & VANS ACCESSORIES","CARS & VANS ACCESSORIES EXTERIOR","VEHICLE_TIRE_INFLATORS","14","240","0,001","0,014","0","0,003"
"VEHICLE PARTS & ACCESSORIES","ACC CARS & VANS","CARS & VANS REPLACEMENT PARTS","CARS & VANS OTHERS","VEHICLE_TRANSMISSION_WIRE_HARNESSES","14","506","0,001","0,014","0","0,006"
"CONSTRUCTION & INDUSTRY","INDUSTRY","COMMERCE EQUIPMENT","COMMERCE EQUIPMENT","SHOPPING_BASKETS","14","1307","0,001","0,004","0,001","0,007"
"SPORTS","MOUNTAIN & OUTDOORS","CLIMBING","CLIMBING","CLIMBING_SLINGS","14","524","0,001","0,025","0","0,015"
"CONSTRUCTION & INDUSTRY","TOOLS","TOOL ACCESSORIES","CUTTING ACC","PLANER_AND_JOINTER_BLADES","14","5329","0,001","0,004","0,004","0,027"
"CONSTRUCTION & INDUSTRY","CONSTRUCTION","CONSTRUCTION MACHINERY & ACC","TRUCKS & WHEELBARROWS","HAND_AND_PLATFORM_TRUCKS","14","2221","0,001","0,004","0,002","0,011"
"CONSTRUCTION & INDUSTRY","TOOLS","MANUAL TOOLS","OTHER MANUAL TOOLS","CROWBARS","14","375","0,001","0,004","0","0,002"
"VEHICLE PARTS & ACCESSORIES","ACC NAUTICAL VEHICLES","NAUTICAL EQUIPMENT","NAUTICAL EQUIPMENT EXTERIOR","NAUTICAL_FENDERS","14","2370","0,001","0,014","0,002","0,028"
"T & B","PARTY","PARTY EQUIPMENT","PARTY MACHINES","PARTY_PAPER_STREAMERS","14","1191","0,001","0,023","0,001","0,032"
"VEHICLE PARTS & ACCESSORIES","ACC AGRO VEHICLES & EQUIPMENT","AGRO EQUIPMENT","BEEKEEPING","BEEKEEPING_BOXES","14","412","0,001","0,014","0","0,005"
"VEHICLE PARTS & ACCESSORIES","ACC MOTORCYCLES","MOTORCYCLE REPLACEMENT PARTS","MOTORCYCLE BRAKES","MOTORCYCLE_BRAKE_DRUM_COVERS","13","920","0,001","0,013","0,001","0,011"
"VEHICLE PARTS & ACCESSORIES","ACC COMMERCIAL VEHICLES","COMMERCIAL VEHICLES REPLACEMENT PARTS","COMMERCIAL VEHICLES ENGINE","VEHICLE_THROTTLE_BODY_GEARS","13","202","0,001","0,013","0","0,002"
"VEHICLE PARTS & ACCESSORIES","ACC CARS & VANS","CARS & VANS REPLACEMENT PARTS","CARS & VANS OTHERS","VEHICLE_GRILLES","13","955","0,001","0,013","0,001","0,011"
"HOME ELECTRONICS","AUDIO & GENERAL ELECTRONICS","ELECTRONIC, TOOLS & COMPONENTS","ELECTRONIC COMPONENTS","RADIAL_INDUCTORS","13","849","0,001","0,016","0,001","0,013"
"SPORTS","OTHER SPORTS","BILLIARD","BILLIARD","BILLIARD_CUE_TIPS","13","593","0,001","0,023","0","0,017"
"SPORTS","CYCLING AND OTHERS","BICYCLES ACCESORIES AND SPARE PARTS","BICYCLES ACCESORIES AND SPARE PARTS","BICYCLE_V_BRAKE_CALIPERS","13","467","0,001","0,023","0","0,013"
"VEHICLE PARTS & ACCESSORIES","ACC CARS & VANS","CARS & VANS REPLACEMENT PARTS","CARS & VANS OTHERS","VEHICLE_AC_COMPRESSOR_BEARINGS","13","554","0,001","0,013","0","0,007"
"CONSTRUCTION & INDUSTRY","INDUSTRY","INDUSTRY GENERAL EQUIPMENT","INDUSTRY GENERAL EQUIPMENT","DISTILLATION_FLASKS","13","498","0,001","0,004","0","0,002"
"TECHNOLOGY","IT APPLIANCES","PRINTERS PARTS & ACCESSORIES","PRINTERS PARTS","THERMISTORS","13","369","0,001","0,009","0","0,001"
"OTHERS","ANTIQUES & HOBBIES","ANTIQUES & HOBBIES","ANTIQUES & HOBBIES","TYPEWRITERS","13","543","0,001","0,135","0","0,097"
"VEHICLE PARTS & ACCESSORIES","ACC CARS & VANS","CARS & VANS REPLACEMENT PARTS","CARS & VANS STEERING & SUSPENSION","VEHICLE_HOOD_LIFT_SUPPORTS","13","517","0,001","0,013","0","0,006"
"VEHICLE PARTS & ACCESSORIES","ACC CARS & VANS","CARS & VANS REPLACEMENT PARTS","CARS & VANS OTHERS","VEHICLE_AC_EXPANSION_VALVES","13","904","0,001","0,013","0,001","0,011"
"T & B","TOYS AND GAMES","LIFELIKE TOYS","LIFELIKE TOYS","TOY_SEWING_MACHINES","13","904","0,001","0,022","0,001","0,024"
"SPORTS","OTHER SPORTS","BASEBALL","BASEBALL","BASEBALL_AND_SOFTBALL_JERSEYS","13","706","0,001","0,023","0,001","0,02"
"T & B","TOYS AND GAMES","LIFELIKE TOYS","SPACE MODEL","MODEL_SPACE_ROCKETS","13","521","0,001","0,022","0","0,014"
"HEALTH","HEALTH GOODS","EROTIC","BDSM PRODUCTS","BDSM_RESTRAINTS","13","623","0,001","0,012","0","0,007"
"SPORTS","MOUNTAIN & OUTDOORS","SKI","SKI","SKI_AND_SNOWBOARD_GLOVES","13","907","0,001","0,023","0,001","0,025"
"FASHION","APPAREL ACCESSORIES","OTHER APPAREL ACCESSORIES","OTHER APPAREL ACCESSORIES","ELECTRIC_SLEEPING_MASKS","13","632","0,001","0,005","0","0,005"
"TECHNOLOGY","CONSOLE GAMING HARDWARE","GAMES ACCESSORIES","GAME PARTS","GAME_CONSOLE_CAMERA_MOUNTS","13","364","0,001","0,009","0","0,001"
"VEHICLE PARTS & ACCESSORIES","ACC CARS & VANS","CARS & VANS ACCESSORIES","CARS & VANS ACCESSORIES INTERIOR","VEHICLE_STEREO_CAGES","13","366","0,001","0,013","0","0,004"
"CONSTRUCTION & INDUSTRY","TOOLS","GARDEN TOOLS","ACCESSORIES AND SPARE PARTS","BRUSH_CUTTERS_AND_STRING_TRIMMER_HARNESSES","13","572","0,001","0,004","0","0,003"
"T & B","BABY","BABY ACCESSORIES","BABY PACIFIER","BABY_PACIFIER_CASES","13","349","0,001","0,022","0","0,009"
"CPG","PET","PET HOUSES, TOYS & FASHION","PET FASHION","PET_ROBES","13","387","0,001","0,004","0","0,003"
"CONSTRUCTION & INDUSTRY","HOME OUTDOORS","SUN & RAIN COVERS","GAZEBOS, SHADES & SUN UMBRELLAS","FOLDING_GAZEBOS","13","2589","0,001","0,004","0,002","0,013"
"CONSTRUCTION & INDUSTRY","INDUSTRY","INDUSTRY GENERAL EQUIPMENT","INDUSTRY GENERAL EQUIPMENT","SHAPER_AND_MILLING_MACHINES","13","1846","0,001","0,004","0,001","0,009"
"TECHNOLOGY","IT PERIPHERALS, PARTS & ACCESSORIES","PERIPHERALS ACCESSORIES","PDA ACCESSORIES","PDA_CHARGERS","13","1592","0,001","0,009","0,001","0,005"
"HOME ELECTRONICS","TELEVISIONS & STREAMING DEVICES","TELEVISIONS ACCESSORIES","TELEVISIONS ACCESSORIES","3D_GLASSES","13","4455","0,001","0,016","0,003","0,067"
"TECHNOLOGY","IT APPLIANCES","PRINTERS PARTS & ACCESSORIES","PRINTERS PARTS","PRINTER_SERVERS","13","1576","0,001","0,009","0,001","0,005"
"ENTERTAINMENT","MUSICAL INSTRUMENTS","STRING INSTRUMENTS","GUITARS & ACCESSORIES","SYNTHESIZER_KEYBOARDS","13","2972","0,001","0,042","0,002","0,121"
"HOME ELECTRONICS","AUDIO & GENERAL ELECTRONICS","PHYSICAL MEDIAS & HARDWARE FOR AUDIO & VIDEO","PHYSICAL MEDIAS & HARDWARE FOR AUDIO & VIDEO","PORTABLE_DVD_PLAYERS","13","1767","0,001","0,016","0,001","0,027"
"HEALTH","HEALTH GOODS","HEALTH PROFESSIONAL","MEDICAL SPECIALIZED EQUIPMENT","SANITIZING_LIGHTS","13","1235","0,001","0,012","0,001","0,015"
"CONSTRUCTION & INDUSTRY","TOOLS","INDUSTRY TOOLS","INDUSTRY TOOLS","PIPE_THREADING_MACHINES","13","1341","0,001","0,004","0,001","0,007"
"TECHNOLOGY","IT APPLIANCES","PRINTERS PARTS & ACCESSORIES","PRINTERS PARTS","PRINTER_SPARE_CARRIAGE_UNITS_REPLACEMENTS","13","1661","0,001","0,009","0,001","0,006"
"CONSTRUCTION & INDUSTRY","TOOLS","POWER TOOLS","DRILLING AND SCREWDRIVING","TABLE_DRILLS","13","1002","0,001","0,004","0,001","0,005"
"VEHICLE PARTS & ACCESSORIES","ACC CARS & VANS","CARS & VANS REPLACEMENT PARTS","CARS & VANS OTHERS","VEHICLE_DISC_BRAKE_CALIPER_PISTONS","13","1487","0,001","0,013","0,001","0,018"
"HOME ELECTRONICS","SMALL APPLIANCES","KITCHEN","MEAL & DRINK MAKERS","CHOCOLATE_WATERFALLS","13","2312","0,001","0,016","0,002","0,035"
"OTHERS","OTHER","CRYPTOCURRENCY","CRYPTOCURRENCY","CRYPTOCURRENCY_HARDWARE_WALLETS","13","5504","0,001","0,135","0,004","0,985"
"HOME ELECTRONICS","LARGE APPLIANCES","BUILT IN","BUILT IN","KITCHEN_RANGE_HOODS","13","4789","0,001","0,016","0,004","0,072"
"T & B","PARTY","PARTY COSTUMES & ACCESSORIES","COSPLAY","COSPLAY_SHIELDS","12","374","0,001","0,02","0","0,01"
"FASHION","APPAREL","BASICS","LINGERIE PANTIES","GARTER_BELTS","12","470","0,001","0,005","0","0,004"
"TECHNOLOGY","IT APPLIANCES","PRINTERS PARTS & ACCESSORIES","PRINTERS SUPPLIES","TONER_REFILLS","12","1240","0,001","0,008","0,001","0,004"
"SPORTS","WATER SPORTS","SWIMMING","SWIMMING","SWIMMING_NASAL_CLIPS","12","293","0,001","0,022","0","0,008"
"SPORTS","INDOOR SPORTS","BOXING AND MARTIAL ARTS","BAGS AND ACCESORIES","GROIN_GUARDS","12","771","0,001","0,022","0,001","0,022"
"VEHICLE PARTS & ACCESSORIES","ACC NAUTICAL VEHICLES","NAUTICAL REPLACEMENT PARTS","NAUTICAL LIGHTING","NAUTICAL_COURTESY_LIGHTS","12","285","0,001","0,012","0","0,003"
"VEHICLE PARTS & ACCESSORIES","ACC CARS & VANS","CARS & VANS REPLACEMENT PARTS","CARS & VANS STEERING & SUSPENSION","VEHICLE_ELEC_WIRE_HARNESS_KITS","12","918","0,001","0,012","0,001","0,011"
"T & B","TOYS AND GAMES","MODELISM","MODELISM","MODEL_AIRCRAFT_HELICOPTERS","12","1110","0,001","0,02","0,001","0,03"
"VEHICLE PARTS & ACCESSORIES","ACC CARS & VANS","CARS & VANS REPLACEMENT PARTS","CARS & VANS OTHERS","VEHICLE_STARTER_DRIVES","12","495","0,001","0,012","0","0,006"
"VEHICLE PARTS & ACCESSORIES","ACC CARS & VANS","CARS & VANS REPLACEMENT PARTS","CARS & VANS ENGINE","VEHICLE_MAIN_BEARINGS","12","266","0,001","0,012","0","0,003"
"ENTERTAINMENT","MUSICAL INSTRUMENTS","PERCUSION INSTRUMENTS","LITTLE PERCUSSION INSTRUMENTS","MUSICAL_TRIANGLES","12","669","0,001","0,039","0,001","0,027"
"VEHICLE PARTS & ACCESSORIES","ACC CARS & VANS","CARS & VANS REPLACEMENT PARTS","CARS & VANS ELECTRONICS","VEHICLE_AIRBAG_MODULES","12","3993","0,001","0,012","0,003","0,048"
"HEALTH","HEALTH GOODS","HEALTH PROFESSIONAL","ORTHOPEDIC SPECIALIZED EQUIPMENT","PATIENT_GAIT_BELTS","12","900","0,001","0,011","0,001","0,011"
"VEHICLE PARTS & ACCESSORIES","ACC CARS & VANS","CARS & VANS REPLACEMENT PARTS","CARS & VANS STEERING & SUSPENSION","VEHICLE_EMISSION_VACUUM_PUMPS","12","3607","0,001","0,012","0,003","0,043"
"FURNISHING & HOUSEWARE","HOUSEHOLD ITEMS","KITCHEN HOME","PREP, GADGETS AND ACC","FISHER_SCALERS","12","337","0,001","0,006","0","0,003"
"VEHICLE PARTS & ACCESSORIES","ACC CARS & VANS","CARS & VANS REPLACEMENT PARTS","CARS & VANS STEERING & SUSPENSION","VEHICLE_SUSPENSION_INSULATORS","12","783","0,001","0,012","0,001","0,009"
"SPORTS","OTHER SPORTS","BILLIARD","BILLIARD","BILLIARD_CUE_FERRULES","12","335","0,001","0,022","0","0,009"
"VEHICLE PARTS & ACCESSORIES","ACC CARS & VANS","CARS & VANS BATTERIES","CARS & VANS BATTERIES","VEHICLE_ELECTRICAL_BATTERY_HOLD_DOWNS","12","815","0,001","0,012","0,001","0,01"
"HOME ELECTRONICS","LARGE APPLIANCES","LAUNDRY & DISHWASHERS","LAUNDRY","DRYER_MACHINES","12","5538","0,001","0,015","0,004","0,083"
"ENTERTAINMENT","MUSICAL INSTRUMENTS","PERCUSION INSTRUMENTS","LITTLE PERCUSSION INSTRUMENTS","TAMBORIMS","12","1433","0,001","0,039","0,001","0,058"
"HEALTH","HEALTH GOODS","EROTIC","EROTIC CLOTHING & COSTUMES","EROTIC_COSTUMES","12","738","0,001","0,011","0,001","0,009"
"VEHICLE PARTS & ACCESSORIES","ACC CARS & VANS","CARS & VANS REPLACEMENT PARTS","CARS & VANS STEERING & SUSPENSION","VEHICLE_TRANSMISSION_SERVOS","12","5209","0,001","0,012","0,004","0,062"
"BEAUTY","BEAUTY PROFESSIONAL","ESTHETIC","ELECTRIC ESTHETIC TOOLS","ESTHETIC_ELECTROPORATORS","12","3886","0,001","0,01","0,003","0,041"
"CONSTRUCTION & INDUSTRY","HOME OUTDOORS","LANDSCAPING & GARDEN CENTER","LANDSCAPING ACC","GARDENING_GLOVES","12","442","0,001","0,004","0","0,002"
"SPORTS","OTHER SPORTS","OTHER SPORTS","RIDING","HORSE_BITS","12","851","0,001","0,022","0,001","0,024"
"ENTERTAINMENT","MUSICAL INSTRUMENTS","STRING INSTRUMENTS","VIOLIN & VIOLAS","VIOLIN_AND_VIOLA_SHOULDER_RESTS","12","729","0,001","0,039","0,001","0,03"
"SPORTS","CYCLING AND OTHERS","BICYCLES ACCESORIES AND SPARE PARTS","BICYCLES ACCESORIES AND SPARE PARTS","BICYCLE_MULTIFUNCTION_TOOLS","12","724","0,001","0,022","0,001","0,02"
"ENTERTAINMENT","MUSICAL INSTRUMENTS","PERCUSION INSTRUMENTS","DRUMS & ACCESSORIES","DRUM_CLAMPS","12","1350","0,001","0,039","0,001","0,055"
"CPG","FOODS","SEASONAL FOOD","EASTER EGGS","EASTER_EGGS","12","609","0,001","0,004","0","0,005"
"HEALTH","MEDICINES","OTC MEDICINES","OTC MEDICINES","OTC_URINARY_MEDICINES","12","1089","0,001","0,011","0,001","0,013"
"VEHICLE PARTS & ACCESSORIES","ACC CARS & VANS","CARS & VANS REPLACEMENT PARTS","CARS & VANS STEERING & SUSPENSION","VEHICLE_LIGHT_GRILLS","12","100","0,001","0,012","0","0,001"
"VEHICLE PARTS & ACCESSORIES","ACC COMMERCIAL VEHICLES","COMMERCIAL VEHICLES REPLACEMENT PARTS","COMMERCIAL VEHICLES BODYWORK","VEHICLE_BUMPER_CAPS","12","1050","0,001","0,012","0,001","0,013"
"VEHICLE PARTS & ACCESSORIES","ACC CARS & VANS","CARS & VANS REPLACEMENT PARTS","CARS & VANS OTHERS","VEHICLE_HEATER_VALVES","12","2094","0,001","0,012","0,002","0,025"
"TECHNOLOGY","IT APPLIANCES","PRINTERS PARTS & ACCESSORIES","PRINTERS PARTS","PRINTER_SPARE_CONTROL_PANELS_REPLACEMENTS","12","2080","0,001","0,008","0,002","0,007"
"SPORTS","OTHER SPORTS","PING PONG GAME","PING PONG GAME","TABLE_TENNIS_NETS","12","942","0,001","0,022","0,001","0,026"
"VEHICLE PARTS & ACCESSORIES","ACC CARS & VANS","CARS & VANS BATTERIES","CARS & VANS BATTERIES","VEHICLE_ELEC_NEG_BATTERY_CABLES","12","1050","0,001","0,012","0,001","0,013"
"HEALTH","HEALTH GOODS","EROTIC","SEX TOYS","SEX_TOYS_AND_SUPPLIES","12","517","0,001","0,011","0","0,006"
"CONSTRUCTION & INDUSTRY","INDUSTRY","COMMERCE EQUIPMENT","COMMERCE EQUIPMENT","TICKET_NUMBER_DISPENSERS","12","2733","0,001","0,004","0,002","0,014"
"VEHICLE PARTS & ACCESSORIES","ACC CARS & VANS","CARS & VANS REPLACEMENT PARTS","CARS & VANS OTHERS","OTHER_VEHICLE_DOOR_HANDLES","12","593","0,001","0,012","0","0,007"
"VEHICLE PARTS & ACCESSORIES","ACC CARS & VANS","CARS & VANS REPLACEMENT PARTS","CARS & VANS OTHERS","VEHICLE_ENGINE_INTAKE_GASKETS","12","948","0,001","0,012","0,001","0,011"
"HOME ELECTRONICS","AUDIO & GENERAL ELECTRONICS","AUDIO","OTHER AUDIO DEVICES","RADIO_BASE_STATIONS","12","2682","0,001","0,015","0,002","0,04"
"VEHICLE PARTS & ACCESSORIES","ACC CARS & VANS","CARS & VANS REPLACEMENT PARTS","CARS & VANS ELECTRONICS","VEHICLE_SUNROOFS_ACTUATORS","12","2697","0,001","0,012","0,002","0,032"
"SPORTS","OTHER MAINSTREAM SPORTS","BASKETBALL","BASKETBALL","BASKETBALL_NETS","12","930","0,001","0,022","0,001","0,026"
"VEHICLE PARTS & ACCESSORIES","ACC CARS & VANS","CARS & VANS REPLACEMENT PARTS","CARS & VANS OTHERS","VEHICLE_EXHAUST_MANIFOLDS","12","2445","0,001","0,012","0,002","0,029"
"FURNISHING & HOUSEWARE","FURNITURE","OFFICE FURNITURE","DESKS & OFFICE CHAIRS","HOME_OFFICE_DESKS","12","2188","0,001","0,006","0,002","0,019"
"CONSTRUCTION & INDUSTRY","INDUSTRY","SAFETY EQUIPMENT","SAFETY EQUIPMENT","SELF_CONTAINED_BREATHING_APPARATUS","12","2337","0,001","0,004","0,002","0,012"
"VEHICLE PARTS & ACCESSORIES","ACC NAUTICAL VEHICLES","NAUTICAL REPLACEMENT PARTS","NAUTICAL INTERIOR","NAUTICAL_SEAT_BASES","12","543","0,001","0,012","0","0,006"
"VEHICLE PARTS & ACCESSORIES","ACC CARS & VANS","CARS & VANS REPLACEMENT PARTS","CARS & VANS ELECTRONICS","VEHICLE_HORN_BUTTONS","11","774","0,001","0,011","0,001","0,009"
"VEHICLE PARTS & ACCESSORIES","ACC CARS & VANS","CARS & VANS REPLACEMENT PARTS","CARS & VANS ELECTRONICS","VEHICLE_ELECTRICAL_POWER_SUPPLY_CONVERTERS","11","776","0,001","0,011","0,001","0,009"
"ENTERTAINMENT","MUSICAL INSTRUMENTS","MUSICAL INSTRUMENTS ACCESSORIES","MUSICAL INSTRUMENTS ACCESSORIES","FOOTSWITCHES","11","973","0,001","0,036","0,001","0,04"
"SPORTS","OTHER SPORTS","PAINTBALL","PAINTBALL","PAINTBALL_REMOTES","11","319","0,001","0,02","0","0,009"
"CPG","FOODS","FRESH FOOD","OTHER FRESH FOOD","HOPS","11","701","0,001","0,003","0,001","0,006"
"VEHICLE PARTS & ACCESSORIES","ACC CARS & VANS","CARS & VANS REPLACEMENT PARTS","CARS & VANS OTHERS","VEHICLE_TOOL_BOXES","11","1517","0,001","0,011","0,001","0,018"
"TECHNOLOGY","CONSOLE GAMING HARDWARE","GAMES ACCESSORIES","GAME PARTS","PORTABLE_GAME_CONSOLE_BATTERIES","11","1090","0,001","0,007","0,001","0,004"
"VEHICLE PARTS & ACCESSORIES","ACC CARS & VANS","CARS & VANS REPLACEMENT PARTS","CARS & VANS STEERING & SUSPENSION","VEHICLE_WISHBONES","11","1650","0,001","0,011","0,001","0,02"
"VEHICLE PARTS & ACCESSORIES","ACC CARS & VANS","CARS & VANS ACCESSORIES","CARS & VANS ACCESSORIES EXTERIOR","VEHICLE_SPOILERS","11","1303","0,001","0,011","0,001","0,016"
"VEHICLE PARTS & ACCESSORIES","ACC CARS & VANS","CARS & VANS REPLACEMENT PARTS","CARS & VANS ENGINE","VEHICLE_ENGINE_OIL_PUMP_PICKUP_TUBES","11","716","0,001","0,011","0,001","0,009"
"FURNISHING & HOUSEWARE","HOUSEHOLD ITEMS","KITCHEN HOME","WATER DISPENSERS AND FILTERS","ALKALINE_WATER_STICKS","11","850","0,001","0,005","0,001","0,008"
"CONSTRUCTION & INDUSTRY","TOOLS","BOXES AND ORGANIZERS","ORGANIZERS","TOOL_CABINETS","11","1635","0,001","0,003","0,001","0,008"
"CONSTRUCTION & INDUSTRY","INDUSTRY","COMMERCE EQUIPMENT","COMMERCE EQUIPMENT","REFRIGERATION_STRIP_CURTAINS","11","2517","0,001","0,003","0,002","0,013"
"CONSTRUCTION & INDUSTRY","TOOLS","OTHER TOOLS","OTHER TOOLS","DIGITAL_PRESSURE_GAUGES","11","4385","0,001","0,003","0,003","0,022"
"CONSTRUCTION & INDUSTRY","CONSTRUCTION","DOOR, WINDOW & FENCES","FENCES & FARM GATES","ELECTRIC_FENCE_INSULATORS","11","738","0,001","0,003","0,001","0,004"
"ENTERTAINMENT","MUSICAL INSTRUMENTS","DJ CONSOLES & MIXERS","DJ CONSOLES & MIXERS","DJ_CONTROLLERS","11","10548","0,001","0,036","0,008","0,43"
"VEHICLE PARTS & ACCESSORIES","ACC CARS & VANS","CARS & VANS ACCESSORIES","CARS & VANS ACCESSORIES EXTERIOR","VEHICLE_PADDLE_SHIFTERS","11","1422","0,001","0,011","0,001","0,017"
"CONSTRUCTION & INDUSTRY","HOME OUTDOORS","POOL, HOT TUBES & SAUNA","POOL ACCESSORIES","POOL_PLUGS","11","388","0,001","0,003","0","0,002"
"CONSTRUCTION & INDUSTRY","INDUSTRY","INDUSTRY GENERAL EQUIPMENT","INDUSTRY GENERAL EQUIPMENT","CO2_LASER_TUBES","11","2471","0,001","0,003","0,002","0,012"
"VEHICLE PARTS & ACCESSORIES","ACC CARS & VANS","CARS & VANS REPLACEMENT PARTS","CARS & VANS ELECTRONICS","VEHICLE_INTERIOR_ELECTRICAL_POWER_OUTLETS","11","754","0,001","0,011","0,001","0,009"
"CPG","FOODS","BREAKFAST & CEREALS","BREADS","SPONGE_CAKE_ROLLS","11","378","0,001","0,003","0","0,003"
"CPG","PET","PET HOUSES, TOYS & FASHION","PET HOUSE EQUIPMENT","AQUARIUM_SALTS","11","2074","0,001","0,003","0,002","0,017"
"VEHICLE PARTS & ACCESSORIES","ACC CARS & VANS","CARS & VANS REPLACEMENT PARTS","CARS & VANS STEERING & SUSPENSION","VEHICLE_TIE_ROD_ENDS","11","731","0,001","0,011","0,001","0,009"
"CONSTRUCTION & INDUSTRY","INDUSTRY","INDUSTRY GENERAL EQUIPMENT","INDUSTRY GENERAL EQUIPMENT","HYDRAULIC_POWER_UNITS","11","13500","0,001","0,003","0,01","0,067"
"CONSTRUCTION & INDUSTRY","STATIONERY","OFFICE & SCHOOL SUPPLIES","OTHER OFFICE & SCHOOL SUPPLIES","ELECTRONIC_DICTIONARIES","11","529","0,001","0,003","0","0,003"
"HOME ELECTRONICS","AUDIO & GENERAL ELECTRONICS","PHYSICAL MEDIAS & HARDWARE FOR AUDIO & VIDEO","PHYSICAL MEDIAS & HARDWARE FOR AUDIO & VIDEO","TAPE_DECKS","11","1584","0,001","0,013","0,001","0,024"
"CPG","FOODS","BREAKFAST & CEREALS","SWEET","BAKERY_PASTRIES","11","470","0,001","0,003","0","0,004"
"CONSTRUCTION & INDUSTRY","INDUSTRY","OFFICE EQUIPMENT","OFFICE EQUIPMENT","FILING_CABINETS","11","946","0,001","0,003","0,001","0,005"
"SPORTS","OTHER SPORTS","BILLIARD","BILLIARD","BILLIARD_TABLES","11","946","0,001","0,02","0,001","0,027"
"T & B","TOYS AND GAMES","BOARD AND CARD GAMES","BOARD GAMES","DICE_ACCESSORIES","11","1171","0,001","0,018","0,001","0,031"
"CONSTRUCTION & INDUSTRY","INDUSTRY","TEXTIL INDUSTRY","TEXTIL INDUSTRY","RIBBON_AND_ROPE_THERMAL_CUTTERS","11","877","0,001","0,003","0,001","0,004"
"CONSTRUCTION & INDUSTRY","CONSTRUCTION","BATHROOM & KITCHEN CONSTRUCTION","BATHTUBS, SHOWERS ACC & DRAINS","BATH_AND_SAUNA_STEAM_GENERATORS","11","1791","0,001","0,003","0,001","0,009"
"ENTERTAINMENT","MUSICAL INSTRUMENTS","WIND INSTRUMENTS","OTHER WIND INSTRUMENTS & ACCESORIES","WIND_INSTRUMENT_STANDS","11","1166","0,001","0,036","0,001","0,048"
"VEHICLE PARTS & ACCESSORIES","ACC NAUTICAL VEHICLES","NAUTICAL REPLACEMENT PARTS","NAUTICAL PUMPS","NAUTICAL_AUTOMATIC_BILGE_PUMPS","11","1917","0,001","0,011","0,001","0,023"
"VEHICLE PARTS & ACCESSORIES","ACC MOTORCYCLES","MOTORCYCLE REPLACEMENT PARTS","MOTORCYCLE TRANSMISSION","MOTORCYCLE_KICK_LEVER_PEDALS","11","275","0,001","0,011","0","0,003"
"VEHICLE PARTS & ACCESSORIES","ACC TIRES","AUTOMOTIVE TIRES","AUTOMOTIVE TIRES","VEHICLE_SPARE_TIRE_SCISSOR_JACKS","11","1186","0,001","0,011","0,001","0,014"
"VEHICLE PARTS & ACCESSORIES","ACC CARS & VANS","CARS & VANS REPLACEMENT PARTS","CARS & VANS CLIMATIZATION","VEHICLE_AC_EVAPORATOR_CORES","11","3164","0,001","0,011","0,002","0,038"
"HEALTH","MEDICINES","OTC MEDICINES","OTC MEDICINES","OTC_CARDIOVASCULAR_MEDICINES","11","486","0,001","0,01","0","0,006"
"T & B","TOYS AND GAMES","OUTDOOR TOYS","OTHER OUTDOOR TOYS","TIKI_TAKAS","11","282","0,001","0,018","0","0,008"
"SPORTS","CYCLING AND OTHERS","BICYCLES","URBAN BICYCLES","BICYCLES","11","3167","0,001","0,02","0,002","0,089"
"CONSTRUCTION & INDUSTRY","INDUSTRY","GASTRONOMY & HOSPITALITY","GASTRONOMY & HOSPITALITY","FOOD_CONES","11","440","0,001","0,003","0","0,002"
"VEHICLE PARTS & ACCESSORIES","ACC CARS & VANS","CARS & VANS REPLACEMENT PARTS","CARS & VANS FUEL SYSTEM","VEHICLE_FUEL_PUMP_STRAINERS","11","250","0,001","0,011","0","0,003"
"HEALTH","HEALTH GOODS","HEALTH PROFESSIONAL","MEDICAL SPECIALIZED EQUIPMENT","WHEELCHAIR_RAMPS","11","594","0,001","0,01","0","0,007"
"VEHICLE PARTS & ACCESSORIES","ACC CARS & VANS","CARS & VANS REPLACEMENT PARTS","CARS & VANS TRANSMISSION","VEHICLE_DIFFERENTIAL_COVERS","11","1250","0,001","0,011","0,001","0,015"
"VEHICLE PARTS & ACCESSORIES","ACC CARS & VANS","CARS & VANS REPLACEMENT PARTS","CARS & VANS OTHERS","VEHICLE_ROOF_LIGHT_ASSEMBLIES","11","930","0,001","0,011","0,001","0,011"
"CPG","PET","PET HOUSES, TOYS & FASHION","PET FASHION","PET_RAINCOATS","11","262","0,001","0,003","0","0,002"
"VEHICLE PARTS & ACCESSORIES","ACC CARS & VANS","CARS & VANS REPLACEMENT PARTS","CARS & VANS STEERING & SUSPENSION","VEHICLE_ENGINE_TENSIONER_ASSEMBLIES","11","3461","0,001","0,011","0,003","0,041"
"SPORTS","OTHER MAINSTREAM SPORTS","PADDLE","PADDLE","PICKLEBALL_PADDLES","11","1834","0,001","0,02","0,001","0,051"
"CONSTRUCTION & INDUSTRY","INDUSTRY","TEXTIL INDUSTRY","TEXTIL INDUSTRY","SEWING_PATTERNS","11","301","0,001","0,003","0","0,002"
"SPORTS","OTHER SPORTS","OTHER SPORTS","RIDING","RIDING_CROPS_AND_QUIRTS","10","503","0,001","0,018","0","0,014"
"T & B","BABY","BABY TOYS & ACTIVITY CENTERS","ACTIVITY CENTERS","BABY_PLAY_AND_FOAM_MATS","10","557","0,001","0,017","0","0,015"
"CONSTRUCTION & INDUSTRY","INDUSTRY","INDUSTRY GENERAL EQUIPMENT","INDUSTRY GENERAL EQUIPMENT","INDUSTRIAL_MACHINE_REMOTE_CONTROLS","10","3074","0,001","0,003","0,002","0,015"
"HOME ELECTRONICS","HOUSEHOLD APPLIANCES PARTS","HEATING & COOLING PARTS","AIR CONDITIONER PARTS","AIR_CONDITIONER_BLOWER_WHEELS","10","122","0,001","0,012","0","0,002"
"CONSTRUCTION & INDUSTRY","INDUSTRY","GASTRONOMY & HOSPITALITY","GASTRONOMY & HOSPITALITY","MILK_CHILLERS","10","2170","0,001","0,003","0,002","0,011"
"ENTERTAINMENT","MUSICAL INSTRUMENTS","PERCUSION INSTRUMENTS","LITTLE PERCUSSION INSTRUMENTS","GUIROS","10","633","0,001","0,032","0","0,026"
"CONSTRUCTION & INDUSTRY","INDUSTRY","COMMERCE EQUIPMENT","COMMERCE EQUIPMENT","QUEUE_STANCHIONS","10","2186","0,001","0,003","0,002","0,011"
"OTHERS","ANTIQUES & HOBBIES","ANTIQUES & HOBBIES","ANTIQUES & HOBBIES","POTTERY_WHEELS","10","1843","0,001","0,104","0,001","0,33"
"SPORTS","MOUNTAIN & OUTDOORS","CLIMBING","CLIMBING","CLIMBING_HARNESSES","10","2403","0,001","0,018","0,002","0,067"
"CONSTRUCTION & INDUSTRY","TOOLS","MEASURING TOOLS","AMBIENT","LIGHT_METERS","10","2257","0,001","0,003","0,002","0,011"
"T & B","TOYS AND GAMES","OUTDOOR TOYS","SPORTS GAMES","BUTTON_FOOTBALL_GOALS","10","374","0,001","0,017","0","0,01"
"T & B","TOYS AND GAMES","OTHER TOYS & GAMES","OTHER TOYS & GAMES","PINATA_TOYS","10","641","0,001","0,017","0","0,017"
"CONSTRUCTION & INDUSTRY","HOME OUTDOORS","POOL, HOT TUBES & SAUNA","POOL MAINTENANCE","ELECTRIC_POOL_IONIZERS","10","1681","0,001","0,003","0,001","0,008"
"SPORTS","OTHER SPORTS","BASEBALL","BASEBALL","BASEBALL_AND_SOFTBALL_BALLS","10","515","0,001","0,018","0","0,014"
"TECHNOLOGY","CAMERAS & DRONES","DRONES, PARTS & ACCESSORIES","DRONES, PARTS & ACCESSORIES","DRONE_LANDING_GEARS","10","410","0,001","0,007","0","0,001"
"VEHICLE PARTS & ACCESSORIES","ACC CARS & VANS","CARS & VANS ACCESSORIES","CARS & VANS ACCESSORIES EXTERIOR","ROOF_RACKS","10","1947","0,001","0,01","0,002","0,023"
"FURNISHING & HOUSEWARE","DECOR","ORNAMENTS","ORNAMENTS","DREAMCATCHERS","10","590","0,001","0,005","0","0,005"
"CPG","PET","PET BEAUTY & HYGIENE","SANITARY ACCESSORIES","PET_EAR_CARE_PRODUCTS","10","425","0,001","0,003","0","0,004"
"VEHICLE PARTS & ACCESSORIES","ACC CARS & VANS","CARS & VANS REPLACEMENT PARTS","CARS & VANS OTHERS","VEHICLE_QUARTER_GLASSES","10","715","0,001","0,01","0,001","0,009"
"SPORTS","INDOOR SPORTS","GYM","GYM ACCESORIES","GYMNASTIC_RINGS","10","687","0,001","0,018","0,001","0,019"
"VEHICLE PARTS & ACCESSORIES","ACC CARS & VANS","CARS & VANS REPLACEMENT PARTS","CARS & VANS OTHERS","VEHICLE_WATER_RADIATORS","10","4003","0,001","0,01","0,003","0,048"
"VEHICLE PARTS & ACCESSORIES","ACC CARS & VANS","CARS & VANS REPLACEMENT PARTS","CARS & VANS STEERING & SUSPENSION","VEHICLE_RECOVERY_TOW_ROPES","10","679","0,001","0,01","0,001","0,008"
"CONSTRUCTION & INDUSTRY","CONSTRUCTION","BATHROOM & KITCHEN CONSTRUCTION","VANITIES & CABINETS","BATHROOM_WALL_CABINETS","10","1600","0,001","0,003","0,001","0,008"
"VEHICLE PARTS & ACCESSORIES","ACC CARS & VANS","CARS & VANS REPLACEMENT PARTS","CARS & VANS OTHERS","VEHICLE_WHEEL_LUG_BOLTS","10","401","0,001","0,01","0","0,005"
"CONSTRUCTION & INDUSTRY","TOOLS","GARDEN TOOLS","SPARE PARTS AND ACCESSORIES","BRUSH_CUTTERS_AND_STRING_TRIMMERS_FUEL_TANKS","10","471","0,001","0,003","0","0,002"
"SPORTS","MOUNTAIN & OUTDOORS","CLIMBING","CLIMBING","CLIMBING_HOLDS","10","727","0,001","0,018","0,001","0,02"
"FURNISHING & HOUSEWARE","TEXTILES","CURTAINS, BLINDS AND ACC","CURTAINS & BLINDS ACC","ELECTRIC_INDOOR_CURTAINS_AND_BLINDS_MOTORS","10","1607","0,001","0,005","0,001","0,014"
"VEHICLE PARTS & ACCESSORIES","ACC VEHICULAR MULTIMEDIA","VEHICULAR AUDIO","AUDIO ACCESSORIES","VEHICLE_AUDIO_CAPACITORS","10","1707","0,001","0,01","0,001","0,02"
"VEHICLE PARTS & ACCESSORIES","ACC CARS & VANS","CARS & VANS REPLACEMENT PARTS","CARS & VANS NGV","VEHICLE_FLEX_FUEL_CONVERTERS","10","451","0,001","0,01","0","0,005"
"VEHICLE PARTS & ACCESSORIES","ACC CARS & VANS","CARS & VANS REPLACEMENT PARTS","CARS & VANS ENGINE","AUTOMOTIVE_BLOW_OFF_VALVES","10","1497","0,001","0,01","0,001","0,018"
"TECHNOLOGY","CONSOLE GAMING HARDWARE","GAMES ACCESSORIES","PERIPHERALS FOR GAMES","GAME_CONSOLE_CAMERAS_AND_SENSOR_BARS","10","887","0,001","0,007","0,001","0,003"
"SPORTS","OTHER MAINSTREAM SPORTS","RUNNING","RUNNING","TREADMILL_RUNNING_BELTS","10","1098","0,001","0,018","0,001","0,031"
"SPORTS","INDOOR SPORTS","GYM","GYM ACCESORIES","TRAINING_BATTLE_ROPES","10","960","0,001","0,018","0,001","0,027"
"SPORTS","MOUNTAIN & OUTDOORS","CLIMBING","CLIMBING","CLIMBING_PULLEYS","10","1208","0,001","0,018","0,001","0,034"
"SPORTS","INDOOR SPORTS","BOXING AND MARTIAL ARTS","BAGS AND ACCESORIES","BOXING_HEADGEARS","10","1112","0,001","0,018","0,001","0,031"
"OTHERS","OTHER","OTHER","OTHER","BALLOON_GRIDS","10","175","0,001","0,104","0","0,031"
"CONSTRUCTION & INDUSTRY","TOOLS","TOOL ACCESSORIES","DRILLS & SCREWDRIVERS ACC","DRILL_MIXERS","10","349","0,001","0,003","0","0,002"
"VEHICLE PARTS & ACCESSORIES","ACC AGRO VEHICLES & EQUIPMENT","LIVESTOCK","LIVESTOCK","LIVESTOCK_EAR_TAGS","10","832","0,001","0,01","0,001","0,01"
"CONSTRUCTION & INDUSTRY","CONSTRUCTION","PLUMBING","PLUMBING PUMPS","HYDRAULIC_RAM_PUMPS","10","167","0,001","0,003","0","0,001"
"VEHICLE PARTS & ACCESSORIES","ACC CARS & VANS","CARS & VANS REPLACEMENT PARTS","CARS & VANS OTHERS","OTHER_VEHICLE_DOOR_LATCHES","10","929","0,001","0,01","0,001","0,011"
"TECHNOLOGY","SMARTPHONES & TABLETS","TABLETS & READERS ACCESSORIES","TABLET PARTIES","TABLET_CHARGE_PINS","10","25","0,001","0,007","0","0"
"CONSTRUCTION & INDUSTRY","INDUSTRY","GASTRONOMY & HOSPITALITY","GASTRONOMY & HOSPITALITY","INDUSTRIAL_DISHWASHERS","10","945","0,001","0,003","0,001","0,005"
"FURNISHING & HOUSEWARE","HOUSEHOLD ITEMS","KITCHEN HOME","PREP, GADGETS AND ACC","KITCHEN_CORERS_AND_PITTERS","10","351","0,001","0,005","0","0,003"
"OTHERS","OTHER","CRYPTOCURRENCY","CRYPTOCURRENCY","MINING_RIGS","10","1541","0,001","0,104","0,001","0,276"
"SPORTS","OTHER SPORTS","OTHER SPORTS","RIDING","HORSE_CARE_TOOL_KITS","10","993","0,001","0,018","0,001","0,028"
"CONSTRUCTION & INDUSTRY","INDUSTRY","INDUSTRY GENERAL EQUIPMENT","INDUSTRY GENERAL EQUIPMENT","ELECTRIC_HOISTS","10","5443","0,001","0,003","0,004","0,027"
"ENTERTAINMENT","MUSICAL INSTRUMENTS","PERCUSION INSTRUMENTS","DRUMS & ACCESSORIES","PERCUSSION_INSTRUMENTS_HOOPS","10","1367","0,001","0,032","0,001","0,056"
"VEHICLE PARTS & ACCESSORIES","ACC CARS & VANS","CARS & VANS REPLACEMENT PARTS","CARS & VANS CLIMATIZATION","VEHICLE_AC_COMPRESSOR_CONTROL_VALVES","10","1341","0,001","0,01","0,001","0,016"
"VEHICLE PARTS & ACCESSORIES","ACC CARS & VANS","CARS & VANS REPLACEMENT PARTS","CARS & VANS OTHERS","VEHICLE_BEDLINERS","10","1080","0,001","0,01","0,001","0,013"
"SPORTS","WATER SPORTS","SURF","SURF","BOARD_FINS","10","1183","0,001","0,018","0,001","0,033"
"SPORTS","CYCLING AND OTHERS","BICYCLES ACCESORIES AND SPARE PARTS","BICYCLES ACCESORIES AND SPARE PARTS","BICYCLE_SPOKE_NIPPLES","10","266","0,001","0,018","0","0,007"
"VEHICLE PARTS & ACCESSORIES","ACC CARS & VANS","CARS & VANS REPLACEMENT PARTS","CARS & VANS STEERING & SUSPENSION","VEHICLE_BED_SUPPORT_CABLES","10","208","0,001","0,01","0","0,002"
"HOME ELECTRONICS","HEATING, COOLING & AIR QUALITY","COOLING","OTHER COOLING","WATER_SOFTENERS","10","0","0,001","0,012","0","0"
"SPORTS","OTHER MAINSTREAM SPORTS","GOLF","GOLF","GOLF_GLOVES","10","210","0,001","0,018","0","0,006"
"CONSTRUCTION & INDUSTRY","CONSTRUCTION","DOOR, WINDOW & FENCES","HARDWARE","FENCE_ORNAMENTS","10","366","0,001","0,003","0","0,002"
"VEHICLE PARTS & ACCESSORIES","ACC CARS & VANS","CARS & VANS REPLACEMENT PARTS","CARS & VANS STEERING & SUSPENSION","VEHICLE_ELECTRICAL_CONNECTORS","9","1625","0","0,009","0,001","0,019"
"HOME ELECTRONICS","AUDIO & GENERAL ELECTRONICS","PHYSICAL MEDIAS & HARDWARE FOR AUDIO & VIDEO","PHYSICAL MEDIAS & HARDWARE FOR AUDIO & VIDEO","PERSONAL_CD_PLAYERS","9","1929","0","0,011","0,001","0,029"
"VEHICLE PARTS & ACCESSORIES","ACC CARS & VANS","CARS & VANS REPLACEMENT PARTS","CARS & VANS STEERING & SUSPENSION","VEHICLE_BODY_MOUNT_BUSHINGS","9","254","0","0,009","0","0,003"
"CONSTRUCTION & INDUSTRY","CONSTRUCTION","CONSTRUCTION MATERIALS","HEAVY WORK","CONCRETE_BLOCKS","9","1085","0","0,003","0,001","0,005"
"T & B","BABY","BABY TOYS & ACTIVITY CENTERS","BABY BOUNCERS & JUMPERS","BABY_BOUNCERS","9","1329","0","0,015","0,001","0,036"
"HEALTH","HEALTH GOODS","EROTIC","SEX TOYS","SEX_DOLLS","9","2767","0","0,009","0,002","0,033"
"VEHICLE PARTS & ACCESSORIES","ACC CARS & VANS","CARS & VANS REPLACEMENT PARTS","CARS & VANS STEERING & SUSPENSION","VEHICLE_ENGINE_TENSIONER_PULLEYS","9","425","0","0,009","0","0,005"
"HEALTH","HEALTH GOODS","HEALTH PROFESSIONAL","MEDICAL SPECIALIZED EQUIPMENT","EXTERNAL_DEFIBRILLATORS","9","8793","0","0,009","0,007","0,106"
"CPG","FOODS","FRESH FOOD","FROZEN FOOD","FRENCH_FRIES_AND_SWEET_POTATO_FRIES","9","505","0","0,003","0","0,004"
"HEALTH","HEALTH GOODS","EROTIC","SEX TOYS","NIPPLE_CLAMPS","9","253","0","0,009","0","0,003"
"CPG","CPG PERSONAL CARE","CPG BODY CARE","DEPILATORY","HAIR_RAZOR_PENS","9","302","0","0,003","0","0,003"
"VEHICLE PARTS & ACCESSORIES","ACC CARS & VANS","CARS & VANS ACCESSORIES","CARS & VANS ACCESSORIES EXTERIOR","VEHICLE_INTERIOR_SUNGLASS_HOLDERS","9","495","0","0,009","0","0,006"
"CONSTRUCTION & INDUSTRY","INDUSTRY","INDUSTRY GENERAL EQUIPMENT","INDUSTRY GENERAL EQUIPMENT","LOAD_MOVING_SKATES","9","3149","0","0,003","0,002","0,016"
"TECHNOLOGY","CONSOLE GAMING HARDWARE","GAMES ACCESSORIES","GAMES ACCESSORIES","MULTIGAME_MACHINE_CARDS","9","496","0","0,006","0","0,002"
"HEALTH","HEALTH GOODS","EROTIC","EROTIC COSMESTIC & PERSONAL CARE","EROTIC_MASSAGE_OILS_AND_GELS","9","256","0","0,009","0","0,003"
"T & B","TOYS AND GAMES","ELECTRONIC TOYS","ELECTRONIC TOYS","DANCE_MATS","9","1774","0","0,015","0,001","0,048"
"CPG","PET","PET HOUSES, TOYS & FASHION","PET HOUSE EQUIPMENT","AQUARIUM_CO2_REGULATORS","9","479","0","0,003","0","0,004"
"CONSTRUCTION & INDUSTRY","TOOLS","GARDEN TOOLS","OTHER GARDEN TOOLS","FRUIT_PICKERS","9","201","0","0,003","0","0,001"
"FURNISHING & HOUSEWARE","DECOR","MIRRORS & DECORATIVE ART","MIRRORS & DECORATIVE ART","AUTHOR_AND_REPRODUCTION_PAINTINGS","9","3189","0","0,004","0,002","0,028"
"VEHICLE PARTS & ACCESSORIES","ACC NAUTICAL VEHICLES","NAUTICAL EQUIPMENT","NAUTICAL EQUIPMENT EXTERIOR","NAUTICAL_BATTERY_BOXES","9","650","0","0,009","0,001","0,008"
"VEHICLE PARTS & ACCESSORIES","ACC CARS & VANS","CARS & VANS REPLACEMENT PARTS","CARS & VANS OTHERS","VEHICLE_TRANSMISSION_MANUAL_BUSHINGS","9","187","0","0,009","0","0,002"
"HOME ELECTRONICS","AUDIO & GENERAL ELECTRONICS","AUDIO","OTHER AUDIO DEVICES","RADIOFREQUENCY_POWER_SUPPLIES","9","686","0","0,011","0,001","0,01"
"VEHICLE PARTS & ACCESSORIES","ACC MOTORCYCLES","MOTORCYCLE ACCESSORIES","MOTORCYCLE ACCESSORIES CLOTHING & FOOTWEAR","MOTORCYCLE_NECK_BRACES","9","694","0","0,009","0,001","0,008"
"HEALTH","HEALTH GOODS","HEALTH PROFESSIONAL","MEDICAL SPECIALIZED EQUIPMENT","WHEELCHAIR_ELEVATING_LEG_LIFTS","9","256","0","0,009","0","0,003"
"SPORTS","OTHER SPORTS","OTHER SPORTS","RIDING","EQUINE_ROPES","9","1262","0","0,016","0,001","0,035"
"CONSTRUCTION & INDUSTRY","TOOLS","BOXES AND ORGANIZERS","ORGANIZERS","MAGNETIC_TRAYS","9","286","0","0,003","0","0,001"
"CONSTRUCTION & INDUSTRY","TOOLS","POWER TOOLS","DRILLING AND SCREWDRIVING","ELECTRIC_DEMOLITION_HAMMERS","9","3459","0","0,003","0,003","0,017"
"VEHICLE PARTS & ACCESSORIES","ACC CARS & VANS","CARS & VANS REPLACEMENT PARTS","CARS & VANS INTERIOR","VEHICLE_GLOVE_BOXES","9","1245","0","0,009","0,001","0,015"
"VEHICLE PARTS & ACCESSORIES","ACC CARS & VANS","CARS & VANS REPLACEMENT PARTS","CARS & VANS STEERING & SUSPENSION","VEHICLE_CONNECTORS","9","615","0","0,009","0","0,007"
"T & B","PARTY","SOUVENIRS","SOUVENIRS","SOUVENIR_BOTTLES","9","400","0","0,015","0","0,011"
"VEHICLE PARTS & ACCESSORIES","ACC CARS & VANS","CARS & VANS REPLACEMENT PARTS","CARS & VANS STEERING & SUSPENSION","VEHICLE_IGNITION_DISTRIBUTOR_VACUUM_UNITS","9","401","0","0,009","0","0,005"
"VEHICLE PARTS & ACCESSORIES","ACC CARS & VANS","CARS & VANS REPLACEMENT PARTS","CARS & VANS OTHERS","VEHICLE_ENGINE_COOLING_RADIATOR_MOUNTS","9","395","0","0,009","0","0,005"
"VEHICLE PARTS & ACCESSORIES","ACC CARS & VANS","CARS & VANS REPLACEMENT PARTS","CARS & VANS OTHERS","VEHICLE_CRANKSHAFT_GEARS","9","2114","0","0,009","0,002","0,025"
"VEHICLE PARTS & ACCESSORIES","ACC CARS & VANS","CARS & VANS REPLACEMENT PARTS","CARS & VANS STEERING & SUSPENSION","VEHICLE_TRANS_HARNESS_ADAPTER_CONNECTORS","9","238","0","0,009","0","0,003"
"CONSTRUCTION & INDUSTRY","TOOLS","POWER TOOLS","CUTTING","PLASMA_CUTTERS","9","2266","0","0,003","0,002","0,011"
"VEHICLE PARTS & ACCESSORIES","ACC CARS & VANS","CARS & VANS REPLACEMENT PARTS","CARS & VANS OTHERS","VEHICLE_SWAY_BARS","9","982","0","0,009","0,001","0,012"
"CONSTRUCTION & INDUSTRY","INDUSTRY","INDUSTRY GENERAL EQUIPMENT","INDUSTRY GENERAL EQUIPMENT","MOTOR_COIL_WINDING_MACHINES","9","373","0","0,003","0","0,002"
"VEHICLE PARTS & ACCESSORIES","ACC CARS & VANS","CARS & VANS REPLACEMENT PARTS","CARS & VANS STEERING & SUSPENSION","VEHICLE_INTERIOR_SEAT_RAIL_BUSH_KITS","9","383","0","0,009","0","0,005"
"CONSTRUCTION & INDUSTRY","HOME OUTDOORS","LANDSCAPING & GARDEN CENTER","LANDSCAPING ACC","GRASS_PAVERS","9","570","0","0,003","0","0,003"
"CONSTRUCTION & INDUSTRY","TOOLS","MEASURING TOOLS","DISTANCE","MEASURING_WHEELS","9","1010","0","0,003","0,001","0,005"
"VEHICLE PARTS & ACCESSORIES","ACC CARS & VANS","CARS & VANS REPLACEMENT PARTS","CARS & VANS OTHERS","VEHICLE_ALTERNATOR_BRACKETS","9","756","0","0,009","0,001","0,009"
"HEALTH","HEALTH GOODS","HEALTH PROFESSIONAL","MEDICAL SPECIALIZED EQUIPMENT","HUMAN_SKELETON_ANATOMICAL_MODELS","9","983","0","0,009","0,001","0,012"
"TECHNOLOGY","IT PERIPHERALS, PARTS & ACCESSORIES","PARTS COMPONENTS","PC COMPONENTS","TOUCHPADS","9","572","0","0,006","0","0,002"
"VEHICLE PARTS & ACCESSORIES","ACC CARS & VANS","CARS & VANS REPLACEMENT PARTS","CARS & VANS OTHERS","VEHICLE_ENGINE_COOLING_RADIATOR_CAPS","9","226","0","0,009","0","0,003"
"VEHICLE PARTS & ACCESSORIES","ACC NAUTICAL VEHICLES","NAUTICAL REPLACEMENT PARTS","NAUTICAL ENGINE","NAUTICAL_ENGINE_FILTERS","9","526","0","0,009","0","0,006"
"CONSTRUCTION & INDUSTRY","INDUSTRY","GASTRONOMY & HOSPITALITY","GASTRONOMY & HOSPITALITY","IMMERSION_BEER_WORT_CHILLERS","9","409","0","0,003","0","0,002"
"VEHICLE PARTS & ACCESSORIES","ACC CARS & VANS","CARS & VANS REPLACEMENT PARTS","CARS & VANS OTHERS","VEHICLE_RADIATOR_SUPPORTS","9","720","0","0,009","0,001","0,009"
"SPORTS","OTHER SPORTS","SKATEBOARDS","SKATEBOARDS","SKATE_BOOT_COVERS","9","316","0","0,016","0","0,009"
"FURNISHING & HOUSEWARE","HABERDASHERY","HABERDASHERY","HABERDASHERY","SEWING_THIMBLES","9","211","0","0,004","0","0,002"
"CONSTRUCTION & INDUSTRY","INDUSTRY","GASTRONOMY & HOSPITALITY","GASTRONOMY & HOSPITALITY","BEER_FERMENTERS","9","372","0","0,003","0","0,002"
"FURNISHING & HOUSEWARE","DECOR","DECORATIVE FIGURES","DECORATIVE FIGURES","DECORATIVE_MASKS","9","903","0","0,004","0,001","0,008"
"CONSTRUCTION & INDUSTRY","TOOLS","MANUAL TOOLS","BRICKWORK","MATTOCKS","9","310","0","0,003","0","0,002"
"T & B","PARTY","PARTY COSTUMES & ACCESSORIES","PARTY COSTUMES & ACCESSORIES","COSTUME_KNIVES","9","309","0","0,015","0","0,008"
"TECHNOLOGY","IT PERIPHERALS, PARTS & ACCESSORIES","STORAGE","FLOPPY DISKS","FLOPPY_DRIVES","9","336","0","0,006","0","0,001"
"TECHNOLOGY","IT PERIPHERALS, PARTS & ACCESSORIES","PARTS COMPONENTS","PC COMPONENTS","LAPTOP_USB_PORT_BOARDS","9","1073","0","0,006","0,001","0,004"
"HOME ELECTRONICS","SMALL APPLIANCES","KITCHEN","ELECTRIC KITCHEN TOOLS","FOOD_DEHYDRATORS","9","1074","0","0,011","0,001","0,016"
"VEHICLE PARTS & ACCESSORIES","ACC CARS & VANS","CARS & VANS REPLACEMENT PARTS","CARS & VANS CLIMATIZATION","VEHICLE_ROOF_AIR_COOLERS","9","242","0","0,009","0","0,003"
"VEHICLE PARTS & ACCESSORIES","ACC CARS & VANS","CARS & VANS REPLACEMENT PARTS","CARS & VANS OTHERS","VEHICLE_GLOVE_BOX_LIGHT_ASSEMBLIES","8","235","0","0,008","0","0,003"
"HOME ELECTRONICS","HOUSEHOLD APPLIANCES PARTS","BUILT IN PARTS","BUILT IN PARTS","DIGITAL_OVEN_CONTROLLERS","8","1982","0","0,01","0,002","0,03"
"VEHICLE PARTS & ACCESSORIES","ACC NAUTICAL VEHICLES","NAUTICAL REPLACEMENT PARTS","NAUTICAL HULL","NAUTICAL_WATER_OUTLETS","8","204","0","0,008","0","0,002"
"OTHERS","OTHER","TATOOS","TATOOS","TATTOO_CLIP_CORDS","8","113","0","0,083","0","0,02"
"ENTERTAINMENT","MUSICAL INSTRUMENTS","WIND INSTRUMENTS","TRUMPETS, TROMBONES & SIMILARS","TRUMPETS","8","2212","0","0,026","0,002","0,09"
"VEHICLE PARTS & ACCESSORIES","ACC CARS & VANS","CARS & VANS REPLACEMENT PARTS","CARS & VANS OTHERS","VEHICLE_MAGNETIC_FUEL_SAVERS","8","554","0","0,008","0","0,007"
"VEHICLE PARTS & ACCESSORIES","ACC CARS & VANS","CARS & VANS REPLACEMENT PARTS","CARS & VANS BODYWORK","VEHICLE_DOORS","8","1814","0","0,008","0,001","0,022"
"VEHICLE PARTS & ACCESSORIES","ACC CARS & VANS","CARS & VANS REPLACEMENT PARTS","CARS & VANS OTHERS","VEHICLE_ENGINE_TIMING_CHAIN_TENSIONERS","8","1816","0","0,008","0,001","0,022"
"ENTERTAINMENT","MUSICAL INSTRUMENTS","PERCUSION INSTRUMENTS","DRUMS & ACCESSORIES","SNARE_DRUM_WIRES","8","524","0","0,026","0","0,021"
"VEHICLE PARTS & ACCESSORIES","ACC CARS & VANS","CARS & VANS REPLACEMENT PARTS","CARS & VANS STEERING & SUSPENSION","VEHICLE_ENGINE_ROCKER_ARM_KITS","8","0","0","0,008","0","0"
"VEHICLE PARTS & ACCESSORIES","ACC NAUTICAL VEHICLES","NAUTICAL REPLACEMENT PARTS","NAUTICAL ENGINE","NAUTICAL_IGNITION_COILS","8","577","0","0,008","0","0,007"
"CONSTRUCTION & INDUSTRY","INDUSTRY","INDUSTRY GENERAL EQUIPMENT","INDUSTRY GENERAL EQUIPMENT","POWDER_COATING_EQUIPMENTS","8","603","0","0,003","0","0,003"
"VEHICLE PARTS & ACCESSORIES","ACC CARS & VANS","CARS & VANS REPLACEMENT PARTS","CARS & VANS TRANSMISSION","VEHICLE_DIFFERENTIALS","8","1073","0","0,008","0,001","0,013"
"TECHNOLOGY","IT APPLIANCES","PRINTERS PARTS & ACCESSORIES","PRINTERS PARTS","PRINTER_MOTHERBOARDS","8","592","0","0,005","0","0,002"
"SPORTS","MOUNTAIN & OUTDOORS","FISHING","FISHING_APPAREL_AND_EQUIPMENT","WADERS","8","954","0","0,014","0,001","0,027"
"ENTERTAINMENT","MUSICAL INSTRUMENTS","STRING INSTRUMENTS","OTHER STRING INSTRUMENTS & ACCESORIES","CAVAQUINHOS","8","2892","0","0,026","0,002","0,118"
"ENTERTAINMENT","MUSICAL INSTRUMENTS","WIND INSTRUMENTS","OTHER WIND INSTRUMENTS & ACCESORIES","OCARINAS","8","527","0","0,026","0","0,022"
"CONSTRUCTION & INDUSTRY","INDUSTRY","GASTRONOMY & HOSPITALITY","GASTRONOMY & HOSPITALITY","DRINK_DISPENSER_COOLERS","8","220","0","0,003","0","0,001"
"SPORTS","OTHER SPORTS","SPORTS SHOOTING AND ARCHERY","ARCHERY","ARCHERY_ARROWS","8","113","0","0,014","0","0,003"
"TECHNOLOGY","CONSOLE GAMING HARDWARE","GAMES ACCESSORIES","GAME PARTS","GAME_CONSOLE_POWER_RESET_BOARDS","8","238","0","0,005","0","0,001"
"CONSTRUCTION & INDUSTRY","INDUSTRY","GASTRONOMY & HOSPITALITY","GASTRONOMY & HOSPITALITY","CHECK_HOLDERS","8","981","0","0,003","0,001","0,005"
"VEHICLE PARTS & ACCESSORIES","ACC NAUTICAL VEHICLES","NAUTICAL REPLACEMENT PARTS","NAUTICAL HULL","NAUTICAL_INSPECTION_HATCHES","8","923","0","0,008","0,001","0,011"
"SPORTS","WATER SPORTS","SURF","SURF","NEOPRENE_SOCKS","8","614","0","0,014","0","0,017"
"VEHICLE PARTS & ACCESSORIES","ACC CARS & VANS","CARS & VANS REPLACEMENT PARTS","CARS & VANS OTHERS","VEHICLE_FASTENERS","8","304","0","0,008","0","0,004"
"ENTERTAINMENT","MUSICAL INSTRUMENTS","WIND INSTRUMENTS","OTHER WIND INSTRUMENTS & ACCESORIES","KAZOOS","8","164","0","0,026","0","0,007"
"VEHICLE PARTS & ACCESSORIES","ACC CARS & VANS","CARS & VANS REPLACEMENT PARTS","CARS & VANS STEERING & SUSPENSION","VEHICLE_MANUAL_TRANS_SYNCHRO_RINGS","8","703","0","0,008","0,001","0,008"
"HEALTH","MEDICINES","PRESCRIPTION MEDICINES","PRESCRIPTION MEDICINES","RX_ANTINFECTIVE_MEDICINES","8","152","0","0,008","0","0,002"
"VEHICLE PARTS & ACCESSORIES","ACC CARS & VANS","CARS & VANS REPLACEMENT PARTS","CARS & VANS STEERING & SUSPENSION","VEHICLE_TAIL_LIGHT_ASSEMBLIES","8","1641","0","0,008","0,001","0,02"
"FURNISHING & HOUSEWARE","HOUSEHOLD ITEMS","BATHROOM","BATHROOM ACCESSORIES","ELECTRIC_TOWEL_WARMERS","8","1484","0","0,004","0,001","0,013"
"T & B","TOYS AND GAMES","OUTDOOR TOYS","SPORTS GAMES","AIR_HOCKEY_TABLES","8","696","0","0,013","0,001","0,019"
"CONSTRUCTION & INDUSTRY","INDUSTRY","GASTRONOMY & HOSPITALITY","GASTRONOMY & HOSPITALITY","MANUAL_SAUSAGE_STUFFERS","8","433","0","0,003","0","0,002"
"BEAUTY","BEAUTY PROFESSIONAL","ESTHETIC","ESTHETIC SUPPLIES","LIP_PLUMPER_DEVICES","8","185","0","0,007","0","0,002"
"CONSTRUCTION & INDUSTRY","INDUSTRY","INDUSTRY GENERAL EQUIPMENT","INDUSTRY GENERAL EQUIPMENT","ANTI_STATIC_KITS","8","394","0","0,003","0","0,002"
"BEAUTY","BEAUTY PROFESSIONAL","ESTHETIC","ESTHETIC SUPPLIES","MICROBLADING_RULERS","8","183","0","0,007","0","0,002"
"ENTERTAINMENT","MUSICAL INSTRUMENTS","PERCUSION INSTRUMENTS","LITTLE PERCUSSION INSTRUMENTS","CASTANETS","8","403","0","0,026","0","0,016"
"VEHICLE PARTS & ACCESSORIES","ACC CARS & VANS","CARS & VANS REPLACEMENT PARTS","CARS & VANS OTHERS","VEHICLE_HOOD_PINS","8","164","0","0,008","0","0,002"
"HOME ELECTRONICS","HOUSEHOLD APPLIANCES PARTS","HEATING & COOLING PARTS","AIR CONDITIONER PARTS","AIR_CONDITIONERS_COMPRESSORS","8","4248","0","0,01","0,003","0,064"
"SPORTS","OTHER SPORTS","HANDBALL","HANDBALL","HANDBALL_BALLS","8","798","0","0,014","0,001","0,022"
"VEHICLE PARTS & ACCESSORIES","ACC CARS & VANS","CARS & VANS REPLACEMENT PARTS","CARS & VANS OTHERS","VEHICLE_ENGINE_PAN_LIDS","8","736","0","0,008","0,001","0,009"
"CONSTRUCTION & INDUSTRY","INDUSTRY","INDUSTRY GENERAL EQUIPMENT","INDUSTRY GENERAL EQUIPMENT","LATHE_CHUCKS","8","4457","0","0,003","0,003","0,022"
"VEHICLE PARTS & ACCESSORIES","ACC CARS & VANS","CARS & VANS REPLACEMENT PARTS","CARS & VANS OTHERS","VEHICLE_TRANSMISSION_GASKET_SETS","8","1351","0","0,008","0,001","0,016"
"ENTERTAINMENT","MUSICAL INSTRUMENTS","WIND INSTRUMENTS","CLARINETS & FLUTES","CLARINETS","8","4141","0","0,026","0,003","0,169"
"TECHNOLOGY","IT PERIPHERALS, PARTS & ACCESSORIES","PARTS COMPONENTS","PC COMPONENTS","LAPTOP_REPLACEMENT_ANTENNAS","8","336","0","0,005","0","0,001"
"VEHICLE PARTS & ACCESSORIES","ACC CARS & VANS","CARS & VANS REPLACEMENT PARTS","CARS & VANS LIGHTING","OTHER_VEHICLE_TAIL_LIGHT_LENSES","8","330","0","0,008","0","0,004"
"VEHICLE PARTS & ACCESSORIES","ACC CARS & VANS","CARS & VANS ACCESSORIES","CARS & VANS ACCESSORIES EXTERIOR","VEHICLE_ROOF_BOXES","8","1753","0","0,008","0,001","0,021"
"VEHICLE PARTS & ACCESSORIES","ACC AGRO VEHICLES & EQUIPMENT","LIVESTOCK","LIVESTOCK","CATTLE_HERDERS","8","369","0","0,008","0","0,004"
"T & B","TOYS AND GAMES","ELECTRONIC TOYS","SCALEXTRIC","SCALEXTRIC_TRACKS","8","1218","0","0,013","0,001","0,033"
"VEHICLE PARTS & ACCESSORIES","ACC MOTORCYCLES","MOTORCYCLE REPLACEMENT PARTS","MOTORCYCLE IGNITION","MOTORCYCLE_BENDIX_STARTERS","8","1237","0","0,008","0,001","0,015"
"VEHICLE PARTS & ACCESSORIES","ACC CARS & VANS","CARS & VANS ACCESSORIES","CARS & VANS ACCESSORIES EXTERIOR","VEHICLE_BED_COVERS","8","676","0","0,008","0,001","0,008"
"SPORTS","OTHER SPORTS","BILLIARD","BILLIARD","BILLIARD_TABLE_CLOTHS","8","774","0","0,014","0,001","0,022"
"VEHICLE PARTS & ACCESSORIES","ACC CARS & VANS","CARS & VANS REPLACEMENT PARTS","CARS & VANS STEERING & SUSPENSION","VEHICLE_TRANS_CONNECTOR_SLEEVES","8","282","0","0,008","0","0,003"
"CONSTRUCTION & INDUSTRY","TOOLS","POWER TOOLS","CUTTING","PNEUMATIC_POWER_GRINDERS","8","1288","0","0,003","0,001","0,006"
"VEHICLE PARTS & ACCESSORIES","ACC CARS & VANS","CARS & VANS REPLACEMENT PARTS","CARS & VANS BODYWORK","VEHICLE_FENDERS","8","650","0","0,008","0,001","0,008"
"CONSTRUCTION & INDUSTRY","HOME OUTDOORS","POOL, HOT TUBES & SAUNA","POOL INFRASTRUCTURE","POOL_WATERFALLS","8","1495","0","0,003","0,001","0,007"
"T & B","BABY","BABY CARE","BABY CARE","BABY_TEETHING_BRACELETS_AND_NECKLACES","8","479","0","0,013","0","0,013"
"SPORTS","CYCLING AND OTHERS","BICYCLES ACCESORIES AND SPARE PARTS","BICYCLES ACCESORIES AND SPARE PARTS","BICYCLE_FRONT_DERAILLEURS","8","360","0","0,014","0","0,01"
"HOME ELECTRONICS","SMALL APPLIANCES","HOUSING & CLEANING","OTHERS HOUSING & CLEANING","HOME_KNITTING_MACHINES","8","687","0","0,01","0,001","0,01"
"T & B","TOYS AND GAMES","BOARD AND CARD GAMES","BOARD GAMES","RPG_ACCESSORIES","8","293","0","0,013","0","0,008"
"BEAUTY","BEAUTY PROFESSIONAL","ESTHETIC","ESTHETIC SUPPLIES","MICROBLADING_RINGS","8","145","0","0,007","0","0,002"
"VEHICLE PARTS & ACCESSORIES","ACC CARS & VANS","CARS & VANS REPLACEMENT PARTS","CARS & VANS STEERING & SUSPENSION","VEHICLE_STEERING_WHEEL_HUBS","8","876","0","0,008","0,001","0,01"
"HOME ELECTRONICS","AUDIO & GENERAL ELECTRONICS","AUDIO","AUDIO DEVICES","WALKMANS","7","2431","0","0,009","0,002","0,036"
"VEHICLE PARTS & ACCESSORIES","ACC CARS & VANS","CARS & VANS REPLACEMENT PARTS","CARS & VANS STEERING & SUSPENSION","VEHICLE_BODY_SIDE_MOLDINGS","7","382","0","0,007","0","0,005"
"FASHION","APPAREL ACCESSORIES","OTHER APPAREL ACCESSORIES","OTHER APPAREL ACCESSORIES","TONFA_AND_SELF_DEFENSE_BATON_HOLDERS","7","164","0","0,003","0","0,001"
"T & B","PARTY","PARTY DECORATION","PARTY DECORATION ARTICLES","PINATAS","7","389","0","0,012","0","0,01"
"T & B","TOYS AND GAMES","BOARD AND CARD GAMES","BOARD GAMES","KIDS_DRAWING_TABLES","7","373","0","0,012","0","0,01"
"CONSTRUCTION & INDUSTRY","INDUSTRY","GASTRONOMY & HOSPITALITY","GASTRONOMY & HOSPITALITY","EXHIBITOR_REFRIGERATORS","7","12911","0","0,002","0,01","0,065"
"VEHICLE PARTS & ACCESSORIES","ACC CARS & VANS","CARS & VANS REPLACEMENT PARTS","CARS & VANS OTHERS","VEHICLE_HANDWASH_STATIONS","7","237","0","0,007","0","0,003"
"SPORTS","INDOOR SPORTS","BOXING AND MARTIAL ARTS","BAGS AND ACCESORIES","MARTIAL_ARTS_AND_BOXING_FOOT_GUARDS","7","376","0","0,013","0","0,011"
"VEHICLE PARTS & ACCESSORIES","ACC CARS & VANS","CARS & VANS REPLACEMENT PARTS","CARS & VANS OTHERS","VEHICLE_MAINTENANCE_KITS","7","532","0","0,007","0","0,006"
"VEHICLE PARTS & ACCESSORIES","ACC AGRO VEHICLES & EQUIPMENT","CROPS","CROPS","AGRICULTURAL_INSECTICIDES","7","353","0","0,007","0","0,004"
"VEHICLE PARTS & ACCESSORIES","ACC CARS & VANS","CARS & VANS REPLACEMENT PARTS","CARS & VANS OTHERS","VEHICLE_GEARBOX_RINGS","7","378","0","0,007","0","0,005"
"VEHICLE PARTS & ACCESSORIES","ACC CARS & VANS","CARS & VANS REPLACEMENT PARTS","CARS & VANS OTHERS","VEHICLE_DASHBOARD_LIGHTS","7","162","0","0,007","0","0,002"
"VEHICLE PARTS & ACCESSORIES","ACC NAUTICAL VEHICLES","NAUTICAL EQUIPMENT","NAUTICAL EQUIPMENT SECURITY","SMOKE_SAFETY_FLARES","7","232","0","0,007","0","0,003"
"VEHICLE PARTS & ACCESSORIES","ACC CARS & VANS","CARS & VANS REPLACEMENT PARTS","CARS & VANS OTHERS","OTHER_VEHICLE_SIDE_VIEW_MIRROR_GLASSES","7","541","0","0,007","0","0,006"
"HEALTH","HEALTH GOODS","HEALTH PROFESSIONAL","MEDICAL SPECIALIZED EQUIPMENT","VACUTHERAPY_MACHINES","7","121","0","0,007","0","0,001"
"VEHICLE PARTS & ACCESSORIES","ACC CARS & VANS","CARS & VANS REPLACEMENT PARTS","CARS & VANS OTHERS","VEHICLE_CLUTCH_FLYWHEELS","7","3413","0","0,007","0,003","0,041"
"BEAUTY","BEAUTY PROFESSIONAL","BEAUTY SALOON","HAIR PROFESSIONAL","HAIR_DYEING_PAPERS","7","287","0","0,006","0","0,003"
"OTHERS","ANTIQUES & HOBBIES","ANTIQUES & HOBBIES","ANTIQUES & HOBBIES","DOTTING_TOOL_SETS","7","148","0","0,073","0","0,026"
"CONSTRUCTION & INDUSTRY","CONSTRUCTION","DOOR, WINDOW & FENCES","PERIMETER SECURITY","STEEL_WIRE_MESHES","7","297","0","0,002","0","0,001"
"CONSTRUCTION & INDUSTRY","HOME OUTDOORS","POOL, HOT TUBES & SAUNA","POOL MAINTENANCE","POOL_OZONE_GENERATORS","7","3369","0","0,002","0,003","0,017"
"CONSTRUCTION & INDUSTRY","CONSTRUCTION","PLUMBING","TANKS AND ACC","TANK_STANDS","7","474","0","0,002","0","0,002"
"HEALTH","HEALTH GOODS","EROTIC","EROTIC CLOTHING & COSTUMES","EROTIC_MALE_UNDERWEAR","7","482","0","0,007","0","0,006"
"CONSTRUCTION & INDUSTRY","CONSTRUCTION","BATHROOM & KITCHEN CONSTRUCTION","TOILET SEATS AND LIDS","TOILET_LID_AND_BIDET_COVERS","7","194","0","0,002","0","0,001"
"VEHICLE PARTS & ACCESSORIES","ACC CARS & VANS","CARS & VANS REPLACEMENT PARTS","CARS & VANS OTHERS","VEHICLE_INTERIOR_SEAT_CUSHIONS","7","285","0","0,007","0","0,003"
"ENTERTAINMENT","MUSICAL INSTRUMENTS","PERCUSION INSTRUMENTS","LITTLE PERCUSSION INSTRUMENTS","RAINSTICKS","7","473","0","0,023","0","0,019"
"HOME ELECTRONICS","HOUSEHOLD APPLIANCES PARTS","BUILT IN PARTS","BUILT IN PARTS","OVEN_REPLACEMENT_DOOR_GLASSES","7","503","0","0,009","0","0,008"
"VEHICLE PARTS & ACCESSORIES","ACC CARS & VANS","CARS & VANS REPLACEMENT PARTS","CARS & VANS ELECTRONICS","VEHICLE_OBD_CONNECTORS","7","524","0","0,007","0","0,006"
"VEHICLE PARTS & ACCESSORIES","ACC CARS & VANS","CARS & VANS REPLACEMENT PARTS","CARS & VANS STEERING & SUSPENSION","VEHICLE_WIPER_REFILLS","7","216","0","0,007","0","0,003"
"VEHICLE PARTS & ACCESSORIES","ACC CARS & VANS","CARS & VANS REPLACEMENT PARTS","CARS & VANS OTHERS","VEHICLE_SWAY_BAR_LINK_BUSHINGS","7","406","0","0,007","0","0,005"
"T & B","PARTY","PARTY EQUIPMENT","PARTY MACHINES","CONFETTI","7","165","0","0,012","0","0,004"
"CONSTRUCTION & INDUSTRY","TOOLS","MEASURING TOOLS","AMBIENT","ANEMOMETERS","7","993","0","0,002","0,001","0,005"
"TECHNOLOGY","CAMERAS & DRONES","DRONES, PARTS & ACCESSORIES","DRONES, PARTS & ACCESSORIES","DRONES_FLEX_CABLES","7","313","0","0,005","0","0,001"
"CONSTRUCTION & INDUSTRY","CONSTRUCTION","ELECTRICAL","NET AND FIBER OPTIC","FIBER_OPTIC_DISTRIBUTION_BOXES","7","422","0","0,002","0","0,002"
"CONSTRUCTION & INDUSTRY","CONSTRUCTION","DOOR, WINDOW & FENCES","PERIMETER SECURITY","BARBED_WIRES","7","428","0","0,002","0","0,002"
"VEHICLE PARTS & ACCESSORIES","ACC CARS & VANS","CARS & VANS REPLACEMENT PARTS","CARS & VANS OTHERS","VEHICLE_STARTING_STARTER_RELAYS","7","416","0","0,007","0","0,005"
"HEALTH","MEDICINES","PRESCRIPTION MEDICINES","PRESCRIPTION MEDICINES","RX_NEUROLOGICAL_MEDICINES","7","408","0","0,007","0","0,005"
"FURNISHING & HOUSEWARE","DECOR","DECORATIVE FIGURES","DECORATIVE FIGURES","DECORATIVE_ANIMAL_HEADS","7","507","0","0,003","0","0,004"
"VEHICLE PARTS & ACCESSORIES","ACC CARS & VANS","CARS & VANS REPLACEMENT PARTS","CARS & VANS OTHERS","VEHICLE_AMMETERS","7","546","0","0,007","0","0,007"
"SPORTS","OTHER SPORTS","OTHER SPORTS","RIDING","HORSE_PADS","7","825","0","0,013","0,001","0,023"
"T & B","TOYS AND GAMES","ELECTRONIC TOYS","SCALEXTRIC","SCALEXTRIC_CARS","7","2059","0","0,012","0,002","0,055"
"CONSTRUCTION & INDUSTRY","INDUSTRY","GASTRONOMY & HOSPITALITY","GASTRONOMY & HOSPITALITY","CHOCOLATE_TEMPERING_MACHINES","7","1375","0","0,002","0,001","0,007"
"HOME ELECTRONICS","AUDIO & GENERAL ELECTRONICS","PHYSICAL MEDIAS & HARDWARE FOR AUDIO & VIDEO","PHYSICAL MEDIAS & HARDWARE FOR AUDIO & VIDEO","WIRELESS_MONITOR_SYSTEMS","7","1718","0","0,009","0,001","0,026"
"ENTERTAINMENT","MUSICAL INSTRUMENTS","PERCUSION INSTRUMENTS","DRUMS & ACCESSORIES","SNARE_DRUMS","7","1356","0","0,023","0,001","0,055"
"VEHICLE PARTS & ACCESSORIES","ACC CARS & VANS","CARS & VANS REPLACEMENT PARTS","CARS & VANS STEERING & SUSPENSION","VEHICLE_INTERIOR_DASHBOARD_CLOCKS","7","623","0","0,007","0","0,007"
"FURNISHING & HOUSEWARE","DECOR","MIRRORS & DECORATIVE ART","MIRRORS & DECORATIVE ART","FOLDING_SCREENS","7","1206","0","0,003","0,001","0,011"
"VEHICLE PARTS & ACCESSORIES","ACC CARS & VANS","CARS & VANS REPLACEMENT PARTS","CARS & VANS OTHERS","OTHER_VEHICLE_SPRING_SUSPENSIONS","7","1527","0","0,007","0,001","0,018"
"CONSTRUCTION & INDUSTRY","CONSTRUCTION","ELECTRICAL","NET AND FIBER OPTIC","FIBER_OPTIC_POWER_METERS","7","1017","0","0,002","0,001","0,005"
"SPORTS","WATER SPORTS","OTHER WATER SPORTS","OTHER WATER SPORTS","WATER_SPORTS_BOARD_BAGS","7","1512","0","0,013","0,001","0,042"
"T & B","BABY","STROLLERS & CAR SEATS","STROLLERS","BABY_STROLLERS","7","1680","0","0,012","0,001","0,045"
"TECHNOLOGY","SMARTPHONES & TABLETS","ACCESSORIES & PARTS FOR COMMUNICATION","TELEPHONES ACCESSORIES","TELEPHONY_CARDS","7","1414","0","0,005","0,001","0,005"
"VEHICLE PARTS & ACCESSORIES","ACC VEHICULAR MULTIMEDIA","VEHICULAR STEREOS AND SPEAKERS KITS","STEREOS AND SPEAKERS KITS","VEHICLE_STEREOS_AND_SPEAKERS_KITS","7","766","0","0,007","0,001","0,009"
"CONSTRUCTION & INDUSTRY","CONSTRUCTION","CONSTRUCTION MACHINERY & ACC","CONSTRUCTION ACCESSORIES","POLYWIRE_THREADS","7","596","0","0,002","0","0,003"
"SPORTS","OTHER SPORTS","SKATEBOARDS","SKATEBOARDS","COMPLETE_SKATEBOARDS","7","871","0","0,013","0,001","0,024"
"CONSTRUCTION & INDUSTRY","CONSTRUCTION","DOOR, WINDOW & FENCES","FENCES & FARM GATES","ELECTRIC_FENCE_POSTS","7","700","0","0,002","0,001","0,003"
"TECHNOLOGY","IT PERIPHERALS, PARTS & ACCESSORIES","PARTS COMPONENTS","PC COMPONENTS","BGA_STENCILS","7","1069","0","0,005","0,001","0,004"
"FURNISHING & HOUSEWARE","FURNITURE","LIVING & DININGROOM FURNITURE","DINING CHAIRS, TABLES & SETS","DINING_CHAIRS","7","853","0","0,003","0,001","0,008"
"VEHICLE PARTS & ACCESSORIES","ACC CARS & VANS","CARS & VANS REPLACEMENT PARTS","CARS & VANS OTHERS","VEHICLE_COIL_SPRING_SPACERS","7","1285","0","0,007","0,001","0,015"
"HEALTH","HEALTH GOODS","EROTIC","EROTIC","SEX_MACHINES","7","1432","0","0,007","0,001","0,017"
"FASHION","APPAREL","CLOTHING","FOOTBALL SHIRTS","FOOTBALL_SWEATSHIRTS_AND_HOODIES","7","1448","0","0,003","0,001","0,011"
"HOME ELECTRONICS","AUDIO & GENERAL ELECTRONICS","PHYSICAL MEDIAS & HARDWARE FOR AUDIO & VIDEO","PHYSICAL MEDIAS & HARDWARE FOR AUDIO & VIDEO","VIDEOCASSETTE_PLAYERS","7","781","0","0,009","0,001","0,012"
"HEALTH","HEALTH GOODS","EROTIC","EROTIC COSMESTIC & PERSONAL CARE","STIMULATING_PILLS_AND_CAPSULES","7","781","0","0,007","0,001","0,009"
"T & B","TOYS AND GAMES","MODELISM","MODELISM","MODEL_AIRCRAFT_RADIO_CONTROLS","7","877","0","0,012","0,001","0,024"
"HEALTH","HEALTH GOODS","HEALTH PROFESSIONAL","MEDICAL SPECIALIZED EQUIPMENT","MEDICAL_STOOLS","7","1644","0","0,007","0,001","0,02"
"TECHNOLOGY","SMARTPHONES & TABLETS","SMARTPHONES PARTS & ACCESSORIES","SMARTPHONES ACCESSORIES","SIM_CARD_ADAPTERS","7","40","0","0,005","0","0"
"VEHICLE PARTS & ACCESSORIES","ACC NAUTICAL VEHICLES","NAUTICAL EQUIPMENT","NAUTICAL EQUIPMENT EXTERIOR","NAUTICAL_ANCHORS","7","1564","0","0,007","0,001","0,019"
"TECHNOLOGY","CAMERAS & DRONES","DRONES, PARTS & ACCESSORIES","DRONES, PARTS & ACCESSORIES","DRONE_MODULES","7","719","0","0,005","0,001","0,002"
"HOME ELECTRONICS","AUDIO & GENERAL ELECTRONICS","ELECTRONIC, TOOLS & COMPONENTS","ELECTRONIC TOOLS","FIBER_OPTIC_FAULT_LOCATORS","7","1739","0","0,009","0,001","0,026"
"VEHICLE PARTS & ACCESSORIES","ACC CARS & VANS","CARS & VANS REPLACEMENT PARTS","CARS & VANS OTHERS","VEHICLE_SUPERCHARGER_BLOW_OFF_VALVES","7","897","0","0,007","0,001","0,011"
"VEHICLE PARTS & ACCESSORIES","ACC CARS & VANS","CARS & VANS REPLACEMENT PARTS","CARS & VANS OTHERS","VEHICLE_BRAKE_KITS","7","1353","0","0,007","0,001","0,016"
"CONSTRUCTION & INDUSTRY","INDUSTRY","COMMERCE EQUIPMENT","COMMERCE EQUIPMENT","CASH_REGISTERS","7","1083","0","0,002","0,001","0,005"
"TECHNOLOGY","IT PERIPHERALS, PARTS & ACCESSORIES","PARTS COMPONENTS","PC COMPONENTS","LAPTOP_REPLACEMENT_INTERNAL_WEBCAMS","7","637","0","0,005","0","0,002"
"CONSTRUCTION & INDUSTRY","CONSTRUCTION","CONSTRUCTION MATERIALS","DRY CONSTRUCTION","EXPANDED_POLYSTYRENE_SHEETS","6","272","0","0,002","0","0,001"
"VEHICLE PARTS & ACCESSORIES","ACC CARS & VANS","CARS & VANS REPLACEMENT PARTS","CARS & VANS ENGINE","VEHICLE_WATER_PUMP_HOUSINGS","6","941","0","0,006","0,001","0,011"
"SPORTS","WATER SPORTS","DIVING","DIVING","DIVING_REGULATORS","6","1183","0","0,011","0,001","0,033"
"ENTERTAINMENT","MUSICAL INSTRUMENTS","PERCUSION INSTRUMENTS","DRUMS & ACCESSORIES","PERCUSSION_CAJONS","6","686","0","0,019","0,001","0,028"
"OTHERS","OTHER","OTHER","OTHER","MANUAL_SHEAR_SCISSORS","6","358","0","0,062","0","0,064"
"VEHICLE PARTS & ACCESSORIES","ACC CARS & VANS","CARS & VANS REPLACEMENT PARTS","CARS & VANS STEERING & SUSPENSION","VEHICLE_LICENSE_PLATE_FRAMES","6","258","0","0,006","0","0,003"
"CONSTRUCTION & INDUSTRY","INDUSTRY","TEXTIL INDUSTRY","TEXTIL INDUSTRY","INDUSTRIAL_IRONING_BOARDS","6","45","0","0,002","0","0"
"HEALTH","MEDICINES","OTC MEDICINES","OTC MEDICINES","OTC_BLOOD_AND_HEMATOPOIETIC_ORGAN_MEDICINES","6","209","0","0,006","0","0,003"
"VEHICLE PARTS & ACCESSORIES","ACC TIRES","AUTOMOTIVE TIRES","AUTOMOTIVE TIRES","VEHICLE_TIRE_PRESSURE_GAUGES","6","372","0","0,006","0","0,004"
"VEHICLE PARTS & ACCESSORIES","ACC COMMERCIAL VEHICLES","COMMERCIAL VEHICLES REPLACEMENT PARTS","COMMERCIAL VEHICLES ENGINE","VEHICLE_PTOS","6","467","0","0,006","0","0,006"
"CONSTRUCTION & INDUSTRY","INDUSTRY","GASTRONOMY & HOSPITALITY","GASTRONOMY & HOSPITALITY","INDUSTRIAL_FOOD_PROCESSORS","6","373","0","0,002","0","0,002"
"CONSTRUCTION & INDUSTRY","INDUSTRY","GASTRONOMY & HOSPITALITY","GASTRONOMY & HOSPITALITY","FLOUR_AND_STARCH_SIEVING_MACHINES","6","134","0","0,002","0","0,001"
"CONSTRUCTION & INDUSTRY","INDUSTRY","INDUSTRY GENERAL EQUIPMENT","INDUSTRY GENERAL EQUIPMENT","HEAT_TREAT_OVENS","6","390","0","0,002","0","0,002"
"TECHNOLOGY","SMARTPHONES & TABLETS","ACCESSORIES & PARTS FOR COMMUNICATION","TELEPHONES ACCESSORIES","CALLER_ID_DEVICES","6","722","0","0,004","0,001","0,002"
"VEHICLE PARTS & ACCESSORIES","ACC CARS & VANS","CARS & VANS REPLACEMENT PARTS","CARS & VANS OTHERS","VEHICLE_FITTINGS","6","288","0","0,006","0","0,003"
"VEHICLE PARTS & ACCESSORIES","ACC NAUTICAL VEHICLES","NAUTICAL EQUIPMENT","NAUTICAL EQUIPMENT EXTERIOR","NAUTICAL_HOOKS_AND_CARABINERS","6","161","0","0,006","0","0,002"
"OTHERS","ANTIQUES & HOBBIES","ANTIQUES & HOBBIES","ANTIQUES & HOBBIES","GLASS_BOTTLE_CUTTER_MACHINES","6","389","0","0,062","0","0,07"
"VEHICLE PARTS & ACCESSORIES","ACC NAUTICAL VEHICLES","NAUTICAL REPLACEMENT PARTS","NAUTICAL ELECTRONICS","NAUTICAL_AUTOMATIC_FLOAT_SWITCHES","6","192","0","0,006","0","0,002"
"VEHICLE PARTS & ACCESSORIES","ACC CARS & VANS","CARS & VANS REPLACEMENT PARTS","CARS & VANS ENGINE","VEHICLE_WATER_PUMP_PULLEYS","6","1592","0","0,006","0,001","0,019"
"HEALTH","HEALTH GOODS","EROTIC","EROTIC PARTY SUPPLY","EROTIC_PARTY_SUPPLIES","6","153","0","0,006","0","0,002"
"CONSTRUCTION & INDUSTRY","HOME OUTDOORS","POOL, HOT TUBES & SAUNA","POOL HEATING","POOL_SOLAR_HEATERS","6","1244","0","0,002","0,001","0,006"
"VEHICLE PARTS & ACCESSORIES","ACC CARS & VANS","CARS & VANS REPLACEMENT PARTS","CARS & VANS OTHERS","VEHICLE_ALTERNATOR_RECTIFIERS","6","398","0","0,006","0","0,005"
"FASHION","APPAREL ACCESSORIES","JEWELRY","WATCH_RINGS","WATCH_RINGS","6","405","0","0,002","0","0,003"
"VEHICLE PARTS & ACCESSORIES","ACC CARS & VANS","CARS & VANS REPLACEMENT PARTS","CARS & VANS INJECTION","VEHICLE_FUEL_INJECTOR_EMULATORS","6","192","0","0,006","0","0,002"
"ENTERTAINMENT","MUSICAL INSTRUMENTS","DJ CONSOLES & MIXERS","DJ CONSOLES & MIXERS","DJ_MIXERS","6","1587","0","0,019","0,001","0,065"
"ENTERTAINMENT","MUSICAL INSTRUMENTS","MUSICAL KEYBOARDS","MUSICAL KEYBOARDS & ACC","KEYBOARD_AND_DIGITAL_PIANO_STANDS","6","438","0","0,019","0","0,018"
"TECHNOLOGY","CAMERAS & DRONES","DRONES, PARTS & ACCESSORIES","DRONES, PARTS & ACCESSORIES","DRONE_BODY_SHELLS","6","188","0","0,004","0","0,001"
"VEHICLE PARTS & ACCESSORIES","ACC CARS & VANS","CARS & VANS REPLACEMENT PARTS","CARS & VANS STEERING & SUSPENSION","VEHICLE_TRUNK_LIFT_SUPPORTS","6","386","0","0,006","0","0,005"
"SPORTS","CYCLING AND OTHERS","BICYCLES ACCESORIES AND SPARE PARTS","BICYCLES ACCESORIES AND SPARE PARTS","BICYCLE_WHEELS","6","686","0","0,011","0,001","0,019"
"VEHICLE PARTS & ACCESSORIES","ACC AGRO VEHICLES & EQUIPMENT","LIVESTOCK","LIVESTOCK","ANIMAL_FARM_BALANCED_FEEDS","6","186","0","0,006","0","0,002"
"SPORTS","OTHER SPORTS","PAINTBALL","PAINTBALL","PAINTBALL_SMOKE_GRENADES","6","95","0","0,011","0","0,003"
"BEAUTY","BEAUTY PROFESSIONAL","MANICURE & PEDICURE","MANICURE ACCESSORIES & EQUIPMENTS","NAIL_POLISH_SHAKERS","6","279","0","0,005","0","0,003"
"HEALTH","HEALTH GOODS","MASSAGERS","MASSAGERS FUNITURE","ELECTRIC_MASSAGES_SEATS","6","708","0","0,006","0,001","0,009"
"VEHICLE PARTS & ACCESSORIES","ACC CARS & VANS","CARS & VANS REPLACEMENT PARTS","CARS & VANS OTHERS","VEHICLE_TRANSMISSION_MANUAL_BEARINGS","6","66","0","0,006","0","0,001"
"CONSTRUCTION & INDUSTRY","CONSTRUCTION","ELECTRICAL","NET AND FIBER OPTIC","FIBER_OPTIC_FUSION_SPLICERS","6","3926","0","0,002","0,003","0,02"
"VEHICLE PARTS & ACCESSORIES","ACC MOTORCYCLES","MOTORCYCLE REPLACEMENT PARTS","MOTORCYCLE ENGINE","VEHICLE_IGNITION_CAPS","6","280","0","0,006","0","0,003"
"T & B","TOYS AND GAMES","LIFELIKE TOYS","KITCHEN TOYS","TOY_MICROWAVES","6","427","0","0,01","0","0,011"
"HEALTH","MEDICINES","OTC MEDICINES","OTC MEDICINES","OTC_ANTIPARASITIC_MEDICINES","6","191","0","0,006","0","0,002"
"T & B","PARTY","PARTY SUPPLY","INVITATIONS","PARTY_WHISTLES","6","183","0","0,01","0","0,005"
"HEALTH","HEALTH GOODS","HEALTH PROFESSIONAL","DENTAL SPECIALIZED EQUIPMENT","CENTRIFUGE_MACHINES","6","1937","0","0,006","0,002","0,023"
"FASHION","APPAREL ACCESSORIES","OTHER APPAREL ACCESSORIES","OTHER APPAREL ACCESSORIES","TACTICAL_SUPPLY_KITS","6","568","0","0,002","0","0,004"
"ENTERTAINMENT","MUSICAL INSTRUMENTS","WIND INSTRUMENTS","TRUMPETS, TROMBONES & SIMILARS","TRUMPET_MOUTHPIECES","6","234","0","0,019","0","0,01"
"VEHICLE PARTS & ACCESSORIES","ACC CARS & VANS","CARS & VANS REPLACEMENT PARTS","CARS & VANS ELECTRONICS","VEHICLE_ELECTRICAL_POWER_INVERTER_COOLING_FANS","6","0","0","0,006","0","0"
"BEAUTY","BEAUTY PROFESSIONAL","ESTHETIC","ELECTRIC ESTHETIC TOOLS","ULTRASONIC_CAVITATION_MACHINES","6","2923","0","0,005","0,002","0,03"
"TECHNOLOGY","CAMERAS & DRONES","CAMERA ACCESSORIES","BAGS & CAMERA CARE","PHOTOGRAPHIC_EQUIPMENT_SUITCASES","6","607","0","0,004","0","0,002"
"VEHICLE PARTS & ACCESSORIES","ACC CARS & VANS","CARS & VANS REPLACEMENT PARTS","CARS & VANS STEERING & SUSPENSION","VEHICLE_TRUNK_MOLDINGS","6","860","0","0,006","0,001","0,01"
"VEHICLE PARTS & ACCESSORIES","ACC NAUTICAL VEHICLES","NAUTICAL EQUIPMENT","NAUTICAL EQUIPMENT INTERIOR","NAUTICAL_PAD_EYES","6","183","0","0,006","0","0,002"
"VEHICLE PARTS & ACCESSORIES","ACC MOTORCYCLES","MOTORCYCLE ACCESSORIES","MOTORCYCLE ACCESSORIES CLOTHING & FOOTWEAR","MOTORCYCLE_BACK_PROTECTORS","6","598","0","0,006","0","0,007"
"BEAUTY","BEAUTY PROFESSIONAL","MANICURE & PEDICURE","MANICURE ACCESSORIES & EQUIPMENTS","MANICURE_PRACTICE_HANDS_AND_FINGERS","6","234","0","0,005","0","0,002"
"FASHION","APPAREL ACCESSORIES","OTHER APPAREL ACCESSORIES","OTHER APPAREL ACCESSORIES","TACTICAL_HANDCUFF_CASES","6","585","0","0,002","0","0,005"
"VEHICLE PARTS & ACCESSORIES","ACC CARS & VANS","CARS & VANS REPLACEMENT PARTS","CARS & VANS OTHERS","OTHER_VEHICLE_HEADLIGHT_LENSES","6","309","0","0,006","0","0,004"
"VEHICLE PARTS & ACCESSORIES","ACC CARS & VANS","CARS & VANS REPLACEMENT PARTS","CARS & VANS EXHAUST","VEHICLE_EXHAUST_SYSTEM_WRAPS","6","238","0","0,006","0","0,003"
"T & B","PARTY","PARTY EQUIPMENT","PARTY MACHINES","PARTY_INFLATABLES","6","181","0","0,01","0","0,005"
"TECHNOLOGY","CONSOLE GAMING HARDWARE","GAMES ACCESSORIES","GAME PARTS","GAME_CONSOLE_LASER_LENSES","6","239","0","0,004","0","0,001"
"FURNISHING & HOUSEWARE","HABERDASHERY","HABERDASHERY","HABERDASHERY","PINCUSHIONS","6","177","0","0,003","0","0,002"
"CONSTRUCTION & INDUSTRY","INDUSTRY","GASTRONOMY & HOSPITALITY","GASTRONOMY & HOSPITALITY","MEAT_BAND_SAWS","6","526","0","0,002","0","0,003"
"VEHICLE PARTS & ACCESSORIES","ACC CARS & VANS","CARS & VANS REPLACEMENT PARTS","CARS & VANS ELECTRONICS","VEHICLE_HEAT_SHRINK_TUBINGS","6","172","0","0,006","0","0,002"
"CPG","CPG HOME CARE","CLEANING PRODUCTS & SUPPLIES","KITCHEN & CLEANING SUPPLIES","MATCHSTICKS","6","313","0","0,002","0","0,003"
"CONSTRUCTION & INDUSTRY","INDUSTRY","INDUSTRY GENERAL EQUIPMENT","INDUSTRY GENERAL EQUIPMENT","CRIMINALISTIC_KITS","6","341","0","0,002","0","0,002"
"SPORTS","INDOOR SPORTS","GYM","GYM MACHINES","STEPPERS","6","998","0","0,011","0,001","0,028"
"ENTERTAINMENT","MUSICAL INSTRUMENTS","MUSICAL KEYBOARDS","MUSICAL KEYBOARDS & ACC","MUSICAL_KEYBOARD_RUBBER_CONTACTS","6","838","0","0,019","0,001","0,034"
"VEHICLE PARTS & ACCESSORIES","ACC CARS & VANS","CARS & VANS REPLACEMENT PARTS","CARS & VANS STEERING & SUSPENSION","VEHICLE_HOOD_PROP_RODS","6","248","0","0,006","0","0,003"
"VEHICLE PARTS & ACCESSORIES","ACC NAUTICAL VEHICLES","NAUTICAL REPLACEMENT PARTS","NAUTICAL PUMPS","NAUTICAL_WATER_PUMP_IMPELLERS","6","633","0","0,006","0","0,008"
"T & B","TOYS AND GAMES","MODELISM","MODELISM","MODEL_NAVAL_SAILBOATS","6","351","0","0,01","0","0,009"
"TECHNOLOGY","IT PERIPHERALS, PARTS & ACCESSORIES","PERIPHERALS ACCESSORIES","PDA ACCESSORIES","PDA_KEYBOARDS","6","121","0","0,004","0","0"
"FURNISHING & HOUSEWARE","HOUSEHOLD ITEMS","GRILLS & OUTDOOR COOKING","OUTDOOR COOK ACC","PLOW_DISC_BURNERS","6","317","0","0,003","0","0,003"
"VEHICLE PARTS & ACCESSORIES","ACC CARS & VANS","CARS & VANS REPLACEMENT PARTS","CARS & VANS STEERING & SUSPENSION","VEHICLE_FUEL_DOOR_LOCKS","6","552","0","0,006","0","0,007"
"TECHNOLOGY","CAMERAS & DRONES","STUDIO & LIGHTING","PHOTOGRAPHIC ACCESSORIES","PHOTOGRAPHIC_STUDIO_FLASHES","6","650","0","0,004","0,001","0,002"
"VEHICLE PARTS & ACCESSORIES","ACC CARS & VANS","CARS & VANS REPLACEMENT PARTS","CARS & VANS OTHERS","VEHICLE_WASHER_NOZZLES","6","318","0","0,006","0","0,004"
"VEHICLE PARTS & ACCESSORIES","ACC MOTORCYCLES","MOTORCYCLE REPLACEMENT PARTS","MOTORCYCLE OTHERS","VEHICLE_ELECTRICAL_PULSING_BUTTONS","6","1292","0","0,006","0,001","0,015"
"T & B","TOYS AND GAMES","BOARD AND CARD GAMES","BOARD GAMES","CHESS_CLOCKS","6","314","0","0,01","0","0,008"
"CPG","FOODS","GROCERIES","DRY FOOD","GOJI_BERRIES","6","327","0","0,002","0","0,003"
"SPORTS","CYCLING AND OTHERS","BICYCLES ACCESORIES AND SPARE PARTS","BICYCLES ACCESORIES AND SPARE PARTS","BICYCLE_TRAINERS","6","623","0","0,011","0","0,017"
"HEALTH","HEALTH GOODS","HEALTH PROFESSIONAL","MEDICAL SPECIALIZED EQUIPMENT","MEDICAL_INSTRUMENT_TABLES","6","650","0","0,006","0,001","0,008"
"SPORTS","FOOTBALL","FOOTBALL ACCESSORIES","FOOTBALL ACCESSORIES","SHOE_REPLACEMENT_CLEATS","6","166","0","0,011","0","0,005"
"T & B","TOYS AND GAMES","OUTDOOR TOYS","OTHER OUTDOOR TOYS","BOOMERANGS","6","234","0","0,01","0","0,006"
"CONSTRUCTION & INDUSTRY","TOOLS","TOOL ACCESSORIES","DRILLS & SCREWDRIVERS ACC","THREADING_TAPS","6","495","0","0,002","0","0,002"
"CONSTRUCTION & INDUSTRY","INDUSTRY","INDUSTRY GENERAL EQUIPMENT","INDUSTRY GENERAL EQUIPMENT","CNC_LATHES","6","861","0","0,002","0,001","0,004"
"VEHICLE PARTS & ACCESSORIES","ACC CARS & VANS","CARS & VANS REPLACEMENT PARTS","CARS & VANS OTHERS","VEHICLE_DOOR_FRAMES","6","180","0","0,006","0","0,002"
"SPORTS","OTHER SPORTS","OTHER SPORTS","OTHER SPORTS","SLACKLINE_KITS","5","825","0","0,009","0,001","0,023"
"CONSTRUCTION & INDUSTRY","CONSTRUCTION","BATHROOM & KITCHEN CONSTRUCTION","SANITARY WARE","TOILET_BASE_RISERS","5","388","0","0,002","0","0,002"
"VEHICLE PARTS & ACCESSORIES","ACC CARS & VANS","CARS & VANS REPLACEMENT PARTS","CARS & VANS OTHERS","VEHICLE_HEATERS","5","392","0","0,005","0","0,005"
"SPORTS","MOUNTAIN & OUTDOORS","SKI","SKI","SNOWWEAR_SETS","5","840","0","0,009","0,001","0,024"
"VEHICLE PARTS & ACCESSORIES","ACC CARS & VANS","CARS & VANS REPLACEMENT PARTS","CARS & VANS STEERING & SUSPENSION","VEHICLE_HOOD_LATCH_STRIKERS","5","323","0","0,005","0","0,004"
"CONSTRUCTION & INDUSTRY","CONSTRUCTION","BATHROOM & KITCHEN CONSTRUCTION","SANITARY WARE","TOILETS","5","1553","0","0,002","0,001","0,008"
"T & B","TOYS AND GAMES","OUTDOOR TOYS","OTHER OUTDOOR TOYS","KID_SKATEBOARDS","5","180","0","0,008","0","0,005"
"HEALTH","HEALTH GOODS","HEALTH PROFESSIONAL","MEDICAL SPECIALIZED EQUIPMENT","PATIENT_LIFTS","5","747","0","0,005","0,001","0,009"
"VEHICLE PARTS & ACCESSORIES","ACC CARS & VANS","CARS & VANS REPLACEMENT PARTS","CARS & VANS STEERING & SUSPENSION","VEHICLE_HOOD_HINGE_SPRINGS","5","334","0","0,005","0","0,004"
"T & B","TOYS AND GAMES","SUMMER TOYS & POOLS","BEACH TOYS","WATER_SLIDING_PADS","5","388","0","0,008","0","0,01"
"VEHICLE PARTS & ACCESSORIES","ACC MOTORCYCLES","MOTORCYCLE REPLACEMENT PARTS","MOTORCYCLE WHEELS","MOTORCYCLE_WHEELS","5","45","0","0,005","0","0,001"
"T & B","BABY","BABY BEDROOM","CRIBS, BASSINETS & MOSES","BABY_BASSINETS_MOSES_BASKETS_AND_MINI_CRIBS","5","304","0","0,008","0","0,008"
"HOME ELECTRONICS","AUDIO & GENERAL ELECTRONICS","PHYSICAL MEDIAS & HARDWARE FOR AUDIO & VIDEO","PHYSICAL MEDIAS & HARDWARE FOR AUDIO & VIDEO","BLU_RAY_PLAYERS","5","780","0","0,006","0,001","0,012"
"VEHICLE PARTS & ACCESSORIES","ACC CARS & VANS","CARS & VANS REPLACEMENT PARTS","CARS & VANS OTHERS","VEHICLE_CLUTCH_GEAR_PINIONS","5","374","0","0,005","0","0,004"
"VEHICLE PARTS & ACCESSORIES","ACC CARS & VANS","CARS & VANS REPLACEMENT PARTS","CARS & VANS OTHERS","VEHICLE_DEFROSTER_SWITCHES","5","297","0","0,005","0","0,004"
"T & B","TOYS AND GAMES","MODELISM","MODELISM","MODEL_AIRCRAFT_PROPELLERS","5","350","0","0,008","0","0,009"
"FURNISHING & HOUSEWARE","HOUSEHOLD ITEMS","KITCHEN HOME","PREP, GADGETS AND ACC","KITCHEN_CORN_STRIPPERS","5","369","0","0,002","0","0,003"
"T & B","TOYS AND GAMES","LIFELIKE TOYS","LIFELIKE TOYS","TOY_BINOCULARS","5","164","0","0,008","0","0,004"
"CONSTRUCTION & INDUSTRY","TOOLS","POWER TOOLS","DRILLING AND SCREWDRIVING","PNEUMATIC_DRILLS","5","1419","0","0,002","0,001","0,007"
"VEHICLE PARTS & ACCESSORIES","ACC CARS & VANS","CARS & VANS REPLACEMENT PARTS","CARS & VANS OTHERS","VEHICLE_SLIDING_DOORS","5","356","0","0,005","0","0,004"
"CONSTRUCTION & INDUSTRY","INDUSTRY","INDUSTRY GENERAL EQUIPMENT","INDUSTRY GENERAL EQUIPMENT","CNC_ROUTERS","5","163","0","0,002","0","0,001"
"VEHICLE PARTS & ACCESSORIES","ACC CARS & VANS","CARS & VANS REPLACEMENT PARTS","CARS & VANS OTHERS","VEHICLE_ENGINE_COOLANT_RESERVOIR_CAPS","5","366","0","0,005","0","0,004"
"VEHICLE PARTS & ACCESSORIES","ACC AGRO VEHICLES & EQUIPMENT","CROPS","CROPS","AGRICULTURAL_ADJUVANTS","5","163","0","0,005","0","0,002"
"VEHICLE PARTS & ACCESSORIES","ACC CARS & VANS","CARS & VANS REPLACEMENT PARTS","CARS & VANS OTHERS","VEHICLE_TURBOCHARGER_GASKET_KITS","5","291","0","0,005","0","0,003"
"HEALTH","HEALTH GOODS","EROTIC","EROTIC","EROTIC_VAGINAL_DILATORS","5","309","0","0,005","0","0,004"
"ENTERTAINMENT","MUSICAL INSTRUMENTS","STRING INSTRUMENTS","VIOLIN & VIOLAS","VIOLINS","5","1247","0","0,016","0,001","0,051"
"VEHICLE PARTS & ACCESSORIES","ACC TOOLS","VEHICLE TOOLS","COMFORT","MECHANIC_CREEPERS","5","754","0","0,005","0,001","0,009"
"CONSTRUCTION & INDUSTRY","TOOLS","GARDEN TOOLS","BRUSHCUTTERS AND EDGERS","HEDGE_TRIMMERS","5","1344","0","0,002","0,001","0,007"
"SPORTS","OTHER SPORTS","BILLIARD","BILLIARD","BILLIARD_BALL_RACKS","5","175","0","0,009","0","0,005"
"HEALTH","HEALTH GOODS","HEALTH PROFESSIONAL","DENTAL SPECIALIZED EQUIPMENT","TEETH_WHITENING_LED_ACCELERATORS","5","1275","0","0,005","0,001","0,015"
"VEHICLE PARTS & ACCESSORIES","ACC AGRO VEHICLES & EQUIPMENT","LIVESTOCK","LIVESTOCK","EAR_TAG_APPLICATORS","5","760","0","0,005","0,001","0,009"
"CONSTRUCTION & INDUSTRY","CONSTRUCTION","CONSTRUCTION MATERIALS","ROOF PANELS & TILES","ROOF_PANELS","5","187","0","0,002","0","0,001"
"VEHICLE PARTS & ACCESSORIES","ACC AGRO VEHICLES & EQUIPMENT","AGRO EQUIPMENT","BEEKEEPING","BEEKEEPING_BEESWAX_FOUNDATIONS","5","761","0","0,005","0,001","0,009"
"T & B","PARTY","PARTY DECORATION","PARTY DECORATION ARTICLES","SUBMERSIBLE_DECORATIVE_LIGHTS","5","173","0","0,008","0","0,005"
"CONSTRUCTION & INDUSTRY","CONSTRUCTION","FLOORING & COATING","LAMINATE_FLOORINGS","LAMINATE_FLOORINGS","5","380","0","0,002","0","0,002"
"SPORTS","OTHER SPORTS","SPORTS SHOOTING AND ARCHERY","ARCHERY","CROSSBOWS","5","1530","0","0,009","0,001","0,043"
"CONSTRUCTION & INDUSTRY","CONSTRUCTION","PLUMBING","PLUMBING PUMPS","CONSTRUCTION_PUMPS","5","2506","0","0,002","0,002","0,013"
"VEHICLE PARTS & ACCESSORIES","ACC COMMERCIAL VEHICLES","COMMERCIAL VEHICLES REPLACEMENT PARTS","COMMERCIAL VEHICLES STEERING & SUSPENSION","VEHICLE_TRANSMISSION_REPAIR_SLEEVES","5","128","0","0,005","0","0,002"
"VEHICLE PARTS & ACCESSORIES","ACC CARS & VANS","CARS & VANS REPLACEMENT PARTS","CARS & VANS BODYWORK","VEHICLE_FRONT_BUMPERS","5","1718","0","0,005","0,001","0,021"
"VEHICLE PARTS & ACCESSORIES","ACC CARS & VANS","CARS & VANS REPLACEMENT PARTS","CARS & VANS OTHERS","VEHICLE_SPARK_PLUG_CAPS","5","106","0","0,005","0","0,001"
"VEHICLE PARTS & ACCESSORIES","ACC CARS & VANS","CARS & VANS REPLACEMENT PARTS","CARS & VANS STEERING & SUSPENSION","VEHICLE_SUPERCHARGER_WASTEGATES","5","0","0","0,005","0","0"
"CONSTRUCTION & INDUSTRY","INDUSTRY","COMMERCE EQUIPMENT","COMMERCE EQUIPMENT","GONDOLA_SHELVING_UNITS","5","470","0","0,002","0","0,002"
"VEHICLE PARTS & ACCESSORIES","ACC MOTORCYCLES","TRANSACTIONAL MOTORCYCLES","TRANSACTIONAL MOTORCYCLES","TRANSACTIONAL_MOTORCYCLES","5","128","0","0,005","0","0,002"
"SPORTS","OTHER MAINSTREAM SPORTS","BASKETBALL","BASKETBALL","BASKETBALL_KITS","5","272","0","0,009","0","0,008"
"T & B","TOYS AND GAMES","OUTDOOR TOYS","OTHER OUTDOOR TOYS","JUGGLING_CLUBS","5","449","0","0,008","0","0,012"
"VEHICLE PARTS & ACCESSORIES","ACC MOTORCYCLES","MOTORCYCLE REPLACEMENT PARTS","MOTORCYCLE OTHERS","VEHICLE_ENGINE_VALVE_COVER_GASKETS","5","274","0","0,005","0","0,003"
"VEHICLE PARTS & ACCESSORIES","ACC TIRES","ATV TIRES","ATV TIRES","ALL_TERRAIN_VEHICLE_TIRES","5","2163","0","0,005","0,002","0,026"
"VEHICLE PARTS & ACCESSORIES","ACC CARS & VANS","CARS & VANS REPLACEMENT PARTS","CARS & VANS STEERING & SUSPENSION","VEHICLE_TRUNK_LIGHT_ASSEMBLIES","5","223","0","0,005","0","0,003"
"SPORTS","MOUNTAIN & OUTDOORS","FISHING","FISHING_GEAR_AND_ACCESSORIES","FISHING_MAGNETS","5","138","0","0,009","0","0,004"
"TECHNOLOGY","CONSOLE GAMING HARDWARE","GAMES ACCESSORIES","GAME PARTS","GAME_CONSOLE_REPLACEMENT_MOTORS","5","139","0","0,003","0","0"
"T & B","PARTY","PARTY EQUIPMENT","PARTY EQUIPMENT","COSTUME_BROOMS","5","125","0","0,008","0","0,003"
"CPG","FOODS","FRESH FOOD","OTHER FRESH FOOD","COOKING_FATS","5","242","0","0,002","0","0,002"
"CONSTRUCTION & INDUSTRY","TOOLS","MANUAL TOOLS","PLIERS","FENCING_PLIERS","5","623","0","0,002","0","0,003"
"HOME ELECTRONICS","AUDIO & GENERAL ELECTRONICS","PHYSICAL MEDIAS & HARDWARE FOR AUDIO & VIDEO","PHYSICAL MEDIAS & HARDWARE FOR AUDIO & VIDEO","VIDEO_CASSETTES","5","485","0","0,006","0","0,007"
"CONSTRUCTION & INDUSTRY","INDUSTRY","INDUSTRY GENERAL EQUIPMENT","INDUSTRY GENERAL EQUIPMENT","BILL_ACCEPTORS","5","1875","0","0,002","0,001","0,009"
"HEALTH","HEALTH GOODS","EROTIC","EROTIC CLOTHING & COSTUMES","EROTIC_BODYSUITS_AND_CATSUITS","5","245","0","0,005","0","0,003"
"HOME ELECTRONICS","HOUSEHOLD APPLIANCES PARTS","KITCHEN PARTS","BLENDER PARTS","BLENDER_MOTORS","5","243","0","0,006","0","0,004"
"VEHICLE PARTS & ACCESSORIES","ACC CARS & VANS","CARS & VANS REPLACEMENT PARTS","CARS & VANS CLIMATIZATION","VEHICLE_AC_COMPRESSOR_BRACKETS","5","1901","0","0,005","0,001","0,023"
"FURNISHING & HOUSEWARE","MATTRESSES & SOMMIER","SOMMIER BASES","SOMMIER BASES","BOX_SPRING_BASES","5","2722","0","0,002","0,002","0,024"
"VEHICLE PARTS & ACCESSORIES","ACC CARS & VANS","CARS & VANS REPLACEMENT PARTS","CARS & VANS OTHERS","VEHICLE_BACK_GLASSES","5","1098","0","0,005","0,001","0,013"
"HOME ELECTRONICS","LARGE APPLIANCES","REFRIGERATION","FREEZERS","FREEZERS","5","9499","0","0,006","0,007","0,143"
"VEHICLE PARTS & ACCESSORIES","ACC CARS & VANS","CARS & VANS REPLACEMENT PARTS","CARS & VANS OTHERS","VEHICLE_INTERIOR_STORAGE_NETS","5","213","0","0,005","0","0,003"
"CONSTRUCTION & INDUSTRY","HOME OUTDOORS","LANDSCAPING & GARDEN CENTER","OUTDOOR SHEDS & GREENHOUSES","GREENHOUSES","5","586","0","0,002","0","0,003"
"VEHICLE PARTS & ACCESSORIES","ACC CARS & VANS","CARS & VANS REPLACEMENT PARTS","CARS & VANS EXHAUST","VEHICLE_EXHAUST_HEAT_SHIELDS","5","0","0","0,005","0","0"
"VEHICLE PARTS & ACCESSORIES","ACC CARS & VANS","CARS & VANS REPLACEMENT PARTS","CARS & VANS BODYWORK","VEHICLE_BODY_SCOOPS","5","482","0","0,005","0","0,006"
"VEHICLE PARTS & ACCESSORIES","ACC AGRO VEHICLES & EQUIPMENT","LIVESTOCK","LIVESTOCK","ANIMAL_FARM_CONCENTRATED_FEEDS","5","281","0","0,005","0","0,003"
"VEHICLE PARTS & ACCESSORIES","ACC CARS & VANS","CARS & VANS REPLACEMENT PARTS","CARS & VANS OTHERS","OTHER_VEHICLE_FOG_LIGHT_GRILLS","5","230","0","0,005","0","0,003"
"SPORTS","CYCLING AND OTHERS","BICYCLES ACCESORIES AND SPARE PARTS","BICYCLES ACCESORIES AND SPARE PARTS","BICYCLE_CHAIN_GUARDS","5","232","0","0,009","0","0,007"
"T & B","BABY","BABY BEDROOM","BABY BEDROOM ACCESSORIES","BABY_BEDROOM_KITS","5","422","0","0,008","0","0,011"
"VEHICLE PARTS & ACCESSORIES","ACC CARS & VANS","CARS & VANS REPLACEMENT PARTS","CARS & VANS STEERING & SUSPENSION","VEHICLE_ACCESSORIES_AND_OFF_ROAD_LIGHTING","5","566","0","0,005","0","0,007"
"CONSTRUCTION & INDUSTRY","CONSTRUCTION","ELECTRICAL","NET AND FIBER OPTIC","FIBER_OPTIC_SPLICE_PROTECTION_SLEEVES","5","536","0","0,002","0","0,003"
"T & B","TOYS AND GAMES","MODELISM","MODELISM","MODEL_RAILROAD_LOCOMOTIVES","5","548","0","0,008","0","0,015"
"VEHICLE PARTS & ACCESSORIES","ACC CARS & VANS","CARS & VANS REPLACEMENT PARTS","CARS & VANS OTHERS","OTHER_VEHICLE_MIRROR_COVERS","5","554","0","0,005","0","0,007"
"VEHICLE PARTS & ACCESSORIES","ACC CARS & VANS","CARS & VANS REPLACEMENT PARTS","CARS & VANS ELECTRONICS","VEHICLE_SUNROOF_SWITCHES","5","742","0","0,005","0,001","0,009"
"VEHICLE PARTS & ACCESSORIES","ACC NAUTICAL VEHICLES","NAUTICAL EQUIPMENT","NAUTICAL EQUIPMENT INTERIOR","NAUTICAL_TOILETS","5","208","0","0,005","0","0,002"
"CONSTRUCTION & INDUSTRY","INDUSTRY","GASTRONOMY & HOSPITALITY","GASTRONOMY & HOSPITALITY","COLD_ROOMS","5","1610","0","0,002","0,001","0,008"
"VEHICLE PARTS & ACCESSORIES","ACC CARS & VANS","CARS & VANS REPLACEMENT PARTS","CARS & VANS ENGINE","VEHICLE_ENGINE_SIDE_COVERS","5","717","0","0,005","0,001","0,009"
"T & B","TOYS AND GAMES","OUTDOOR TOYS","OTHER OUTDOOR TOYS","JUGGLING_DIABOLOS","5","283","0","0,008","0","0,008"
"VEHICLE PARTS & ACCESSORIES","ACC CARS & VANS","CARS & VANS REPLACEMENT PARTS","CARS & VANS OTHERS","VEHICLE_TRAILER_HITCH_PINS","5","152","0","0,005","0","0,002"
"ENTERTAINMENT","MUSICAL INSTRUMENTS","PERCUSION INSTRUMENTS","LITTLE PERCUSSION INSTRUMENTS","AGOGOS","5","700","0","0,016","0,001","0,029"
"CONSTRUCTION & INDUSTRY","INDUSTRY","INDUSTRY GENERAL EQUIPMENT","INDUSTRY GENERAL EQUIPMENT","BUSINESS_TELEPHONE_SYSTEMS","5","438","0","0,002","0","0,002"
"HOME ELECTRONICS","SMALL APPLIANCES","KITCHEN","ELECTRIC KITCHEN TOOLS","ELECTRIC_WINE_AERATORS","5","149","0","0,006","0","0,002"
"SPORTS","INDOOR SPORTS","GYM","GYM ACCESORIES","JAW_EXERCISERS","5","436","0","0,009","0","0,012"
"SPORTS","OTHER SPORTS","OTHER SPORTS","RIDING","HORSE_HEAD_STALLS","5","697","0","0,009","0,001","0,02"
"CONSTRUCTION & INDUSTRY","TOOLS","TOOL ACCESSORIES","WELDING ACC","WELDING_CHIPPING_HAMMERS","5","144","0","0,002","0","0,001"
"VEHICLE PARTS & ACCESSORIES","ACC CARS & VANS","CARS & VANS REPLACEMENT PARTS","CARS & VANS OTHERS","VEHICLE_CARBURETOR_FUEL_INLETS","5","0","0","0,005","0","0"
"CONSTRUCTION & INDUSTRY","INDUSTRY","ADVERTISEMENT & GRAPHIC DESIGN","ADVERTISEMENT & GRAPHIC DESIGN","SCREEN_PRINTING_INKS","5","439","0","0,002","0","0,002"
"CONSTRUCTION & INDUSTRY","INDUSTRY","TEXTIL INDUSTRY","TEXTIL INDUSTRY","TEXTILE_CLEANING_GUNS","5","698","0","0,002","0,001","0,003"
"VEHICLE PARTS & ACCESSORIES","ACC CARS & VANS","CARS & VANS REPLACEMENT PARTS","CARS & VANS ENGINE","VEHICLE_CYLINDER_LINERS","5","0","0","0,005","0","0"
"VEHICLE PARTS & ACCESSORIES","ACC CARS & VANS","CARS & VANS REPLACEMENT PARTS","CARS & VANS OTHERS","VEHICLE_ELEC_ALT_EXT_HARNESSES","5","279","0","0,005","0","0,003"
"VEHICLE PARTS & ACCESSORIES","ACC CARS & VANS","CARS & VANS ACCESSORIES","CARS & VANS ACCESSORIES INTERIOR","VEHICLE_STEERING_WHEEL_EMBLEMS","5","432","0","0,005","0","0,005"
"CONSTRUCTION & INDUSTRY","INDUSTRY","GASTRONOMY & HOSPITALITY","GASTRONOMY & HOSPITALITY","FRY_DUMP_STATIONS","4","235","0","0,001","0","0,001"
"VEHICLE PARTS & ACCESSORIES","ACC CARS & VANS","CARS & VANS REPLACEMENT PARTS","CARS & VANS BODYWORK","VEHICLE_HOODS","4","0","0","0,004","0","0"
"HEALTH","HEALTH GOODS","HEALTH PROFESSIONAL","MEDICAL SPECIALIZED EQUIPMENT","EXTERNAL_BREAST_PROSTHESES","4","232","0","0,004","0","0,003"
"VEHICLE PARTS & ACCESSORIES","ACC COMMERCIAL VEHICLES","COMMERCIAL VEHICLES REPLACEMENT PARTS","COMMERCIAL VEHICLES OTHERS","VEHICLE_INTERIOR_SEATBELT_EXTENDERS","4","23","0","0,004","0","0"
"FURNISHING & HOUSEWARE","HOUSEHOLD ITEMS","KITCHEN HOME","COOKWARE","PROVOLETA_PLATES","4","212","0","0,002","0","0,002"
"CONSTRUCTION & INDUSTRY","INDUSTRY","INDUSTRY GENERAL EQUIPMENT","INDUSTRY GENERAL EQUIPMENT","PLASTIC_INJECTION_MOLDS","4","984","0","0,001","0,001","0,005"
"SPORTS","OTHER SPORTS","OTHER SPORTS","RIDING","HORSE_SPURS","4","215","0","0,007","0","0,006"
"HEALTH","HEALTH GOODS","HEALTH PROFESSIONAL","MEDICAL SPECIALIZED EQUIPMENT","CPR_TRAINING_MANIKINS","4","0","0","0,004","0","0"
"TECHNOLOGY","IT APPLIANCES","PRINTERS PARTS & ACCESSORIES","PRINTERS PARTS","PRINTER_SPARE_TRACTOR_UNITS_REPLACEMENTS","4","230","0","0,003","0","0,001"
"TECHNOLOGY","COMPUTERS & NOTEBOOKS","DESKTOPS","ALL IN ONE","ALL_IN_ONE_COMPUTERS","4","10376","0","0,003","0,008","0,035"
"TECHNOLOGY","IT PERIPHERALS, PARTS & ACCESSORIES","STORAGE","DISCS & ACCESSORIES","ZIP_DRIVES","4","240","0","0,003","0","0,001"
"TECHNOLOGY","CONSOLE GAMING HARDWARE","ARCADE & PARTS","ARCADE & PARTS","ARCADE_MACHINE_COINS","4","220","0","0,003","0","0,001"
"VEHICLE PARTS & ACCESSORIES","ACC CARS & VANS","CARS & VANS REPLACEMENT PARTS","CARS & VANS STEERING & SUSPENSION","VEHICLE_BED_LATCHES","4","305","0","0,004","0","0,004"
"CONSTRUCTION & INDUSTRY","CONSTRUCTION","PLUMBING","RAIN CHAINS","RAIN_CHAINS","4","272","0","0,001","0","0,001"
"ENTERTAINMENT","MUSICAL INSTRUMENTS","DJ CONSOLES & MIXERS","DJ EQUIPMENT","DJ_TURNTABLES","4","1196","0","0,013","0,001","0,049"
"VEHICLE PARTS & ACCESSORIES","ACC CARS & VANS","CARS & VANS REPLACEMENT PARTS","CARS & VANS OTHERS","VEHICLE_INTERIOR_FOOT_RESTS","4","190","0","0,004","0","0,002"
"ENTERTAINMENT","MUSICAL INSTRUMENTS","DJ CONSOLES & MIXERS","DJ EQUIPMENT","DJ_EFFECTS_PROCESSORS","4","6315","0","0,013","0,005","0,258"
"FURNISHING & HOUSEWARE","HOUSEHOLD ITEMS","KITCHEN HOME","PREP, GADGETS AND ACC","CHURRO_AND_COOKIE_PRESS_GUNS","4","270","0","0,002","0","0,002"
"CONSTRUCTION & INDUSTRY","TOOLS","POWER TOOLS","CUTTING","CHOP_SAWS","4","1186","0","0,001","0,001","0,006"
"SPORTS","CYCLING AND OTHERS","BICYCLES ACCESORIES AND SPARE PARTS","BICYCLES ACCESORIES AND SPARE PARTS","BICYCLE_SHOCK_ABSORBERS","4","862","0","0,007","0,001","0,024"
"VEHICLE PARTS & ACCESSORIES","ACC MOTORCYCLES","MOTORCYCLE REPLACEMENT PARTS","MOTORCYCLE WHEELS","MOTORCYCLE_SPOKE_COVERS","4","20","0","0,004","0","0"
"HEALTH","HEALTH GOODS","HEALTH PROFESSIONAL","HEALTH PROFESSIONAL CONSUMABLES","ELECTRIC_PET_HEATING_PADS","4","878","0","0,004","0,001","0,011"
"VEHICLE PARTS & ACCESSORIES","ACC CARS & VANS","CARS & VANS ACCESSORIES","CARS & VANS ACCESSORIES EXTERIOR","VEHICLE_INTERIOR_TRIM_KITS","4","286","0","0,004","0","0,003"
"CONSTRUCTION & INDUSTRY","INDUSTRY","GASTRONOMY & HOSPITALITY","GASTRONOMY & HOSPITALITY","GAS_CYLINDERS","4","283","0","0,001","0","0,001"
"VEHICLE PARTS & ACCESSORIES","ACC CARS & VANS","CARS & VANS REPLACEMENT PARTS","CARS & VANS INTERIOR","OTHER_VEHICLE_SEATS","4","280","0","0,004","0","0,003"
"T & B","TOYS AND GAMES","LIFELIKE TOYS","KITCHEN TOYS","TOY_TOASTERS","4","20","0","0,007","0","0,001"
"SPORTS","CYCLING AND OTHERS","BICYCLES","ELECTRIC BICYCLES","ELECTRIC_BICYCLES","4","195","0","0,007","0","0,005"
"VEHICLE PARTS & ACCESSORIES","ACC CARS & VANS","CARS & VANS ACCESSORIES","CARS & VANS ACCESSORIES EXTERIOR","VEHICLE_HORN_CONTACT_RINGS","4","185","0","0,004","0","0,002"
"CONSTRUCTION & INDUSTRY","CONSTRUCTION","CONSTRUCTION MATERIALS","HEAVY WORK","CONSTRUCTION_BEAMS","4","184","0","0,001","0","0,001"
"VEHICLE PARTS & ACCESSORIES","ACC CARS & VANS","CARS & VANS REPLACEMENT PARTS","CARS & VANS STEERING & SUSPENSION","VEHICLE_ENGINE_CRANKSHAFT_BOLTS","4","211","0","0,004","0","0,003"
"VEHICLE PARTS & ACCESSORIES","ACC CARS & VANS","CARS & VANS ACCESSORIES","CARS & VANS ACCESSORIES INTERIOR","VEHICLE_ELECTRIC_REFRIGERATORS","4","0","0","0,004","0","0"
"FURNISHING & HOUSEWARE","HOUSEHOLD ITEMS","GRILLS & OUTDOOR COOKING","OUTDOOR GRILLS & OVENS","FIREWOOD_OVENS","4","302","0","0,002","0","0,003"
"VEHICLE PARTS & ACCESSORIES","ACC NAUTICAL VEHICLES","NAUTICAL OUTBOARD MOTORS","NAUTICAL OUTBOARD MOTORS","COMBUSTION_OUTBOARD_MOTORS","4","245","0","0,004","0","0,003"
"T & B","TOYS AND GAMES","OUTDOOR TOYS","TRAMPOLINES","TRAMPOLINES","4","246","0","0,007","0","0,007"
"CONSTRUCTION & INDUSTRY","INDUSTRY","COMMERCE EQUIPMENT","COMMERCE EQUIPMENT","DISPLAY_STRIPS","4","246","0","0,001","0","0,001"
"VEHICLE PARTS & ACCESSORIES","ACC CARS & VANS","CARS & VANS ACCESSORIES","CARS & VANS ACCESSORIES INTERIOR","VEHICLE_INTERIOR_CENTER_CONSOLE_STORAGE","4","266","0","0,004","0","0,003"
"VEHICLE PARTS & ACCESSORIES","ACC CARS & VANS","CARS & VANS REPLACEMENT PARTS","CARS & VANS OTHERS","VEHICLE_AC_CONDENSERS","4","1162","0","0,004","0,001","0,014"
"OTHERS","OTHER","OTHER","OTHER","PHEROMONE_CONCENTRATES","4","268","0","0,042","0","0,048"
"VEHICLE PARTS & ACCESSORIES","ACC CARS & VANS","CARS & VANS REPLACEMENT PARTS","CARS & VANS OTHERS","OTHER_VEHICLE_SHOCK_ABSORBER_BUMP_STOPS","4","286","0","0,004","0","0,003"
"VEHICLE PARTS & ACCESSORIES","ACC NAUTICAL VEHICLES","NAUTICAL REPLACEMENT PARTS","NAUTICAL ENGINE","NAUTICAL_ENGINE_PISTONS","4","0","0","0,004","0","0"
"VEHICLE PARTS & ACCESSORIES","ACC CARS & VANS","CARS & VANS REPLACEMENT PARTS","CARS & VANS OTHERS","VEHICLE_TRAILER_HITCH_LOCKS","4","0","0","0,004","0","0"
"VEHICLE PARTS & ACCESSORIES","ACC CARS & VANS","CARS & VANS REPLACEMENT PARTS","CARS & VANS ENGINE","VEHICLE_DISTRIBUTOR_VACUUM_ADVANCES","4","299","0","0,004","0","0,004"
"CONSTRUCTION & INDUSTRY","TOOLS","MANUAL TOOLS","OTHER MANUAL TOOLS","FIREPLACE_TOOL_KITS","4","655","0","0,001","0,001","0,003"
"TECHNOLOGY","CAMERAS & DRONES","CAMERA ACCESSORIES","OTHER CAMERA ACCESSORIES","CAMERA_VIEWFINDERS","4","475","0","0,003","0","0,002"
"SPORTS","WATER SPORTS","WAKEBOARD","WAKEBOARD","WAKEBOARD_AND_WATER_SKI_HANDLES_AND_ROPES","4","472","0","0,007","0","0,013"
"VEHICLE PARTS & ACCESSORIES","ACC CARS & VANS","CARS & VANS REPLACEMENT PARTS","CARS & VANS STEERING & SUSPENSION","VEHICLE_FUEL_INJECTOR_HARNESSES","4","676","0","0,004","0,001","0,008"
"VEHICLE PARTS & ACCESSORIES","ACC CARS & VANS","CARS & VANS REPLACEMENT PARTS","CARS & VANS OTHERS","VEHICLE_TURBOCHARGER_SYSTEM_HOSES","4","675","0","0,004","0,001","0,008"
"VEHICLE PARTS & ACCESSORIES","ACC CARS & VANS","CARS & VANS REPLACEMENT PARTS","CARS & VANS OTHERS","VEHICLE_INTERIOR_WINDOW_CRANKS","4","124","0","0,004","0","0,001"
"VEHICLE PARTS & ACCESSORIES","ACC COMMERCIAL VEHICLES","COMMERCIAL VEHICLES REPLACEMENT PARTS","COMMERCIAL VEHICLES EXTERIOR","VEHICLE_CABIN_LIFTING_CYLINDERS","4","625","0","0,004","0","0,007"
"SPORTS","OTHER SPORTS","OTHER SPORTS","RIDING","RIDING_STIRRUPS","4","484","0","0,007","0","0,014"
"FURNISHING & HOUSEWARE","FURNITURE","LIVING & DININGROOM FURNITURE","DINING CHAIRS, TABLES & SETS","DINING_AND_KITCHEN_TABLES","4","651","0","0,002","0,001","0,006"
"HOME ELECTRONICS","AUDIO & GENERAL ELECTRONICS","ELECTRONIC, TOOLS & COMPONENTS","ELECTRONIC COMPONENTS","THYRISTORS","4","98","0","0,005","0","0,001"
"CPG","PET","PET PROFESSIONAL","PET PROFESSIONAL","DOG_TRAINING_WHISTLES","4","140","0","0,001","0","0,001"
"FURNISHING & HOUSEWARE","FURNITURE","BEDROOM FURNITURE","BEDS, HEADBOARDS & NIGHT STANDS","BEDS","4","429","0","0,002","0","0,004"
"VEHICLE PARTS & ACCESSORIES","ACC CARS & VANS","CARS & VANS REPLACEMENT PARTS","CARS & VANS STEERING & SUSPENSION","VEHICLE_ENGINE_CAMSHAFT_BOLT_SETS","4","149","0","0,004","0","0,002"
"VEHICLE PARTS & ACCESSORIES","ACC CARS & VANS","CARS & VANS REPLACEMENT PARTS","CARS & VANS STEERING & SUSPENSION","VEHICLE_TAILGATE_LOCKS","4","419","0","0,004","0","0,005"
"CONSTRUCTION & INDUSTRY","TOOLS","MEASURING TOOLS","AMBIENT","DIGITAL_WEATHER_STATIONS","4","720","0","0,001","0,001","0,004"
"CONSTRUCTION & INDUSTRY","TOOLS","MEASURING TOOLS","OTHER MEASURING TOOLS","MILK_METERS","4","416","0","0,001","0","0,002"
"T & B","TOYS AND GAMES","MODELISM","MODELISM","MODEL_RAILROADING_WAGONS","4","1703","0","0,007","0,001","0,046"
"VEHICLE PARTS & ACCESSORIES","ACC CARS & VANS","CARS & VANS REPLACEMENT PARTS","CARS & VANS OTHERS","VEHICLE_BODY_VENT_WINDOW_SWITCHES","4","141","0","0,004","0","0,002"
"CPG","PET","PET HOUSES, TOYS & FASHION","PET HOUSE EQUIPMENT","AQUARIUM_SKIMMERS","4","141","0","0,001","0","0,001"
"ENTERTAINMENT","MUSICAL INSTRUMENTS","PERCUSION INSTRUMENTS","LITTLE PERCUSSION INSTRUMENTS","BAR_CHIMES","4","698","0","0,013","0,001","0,028"
"CPG","CPG HOME CARE","INSECTICIDES","INSECTICIDES","REPELLENT_BRACELETS","4","144","0","0,001","0","0,001"
"TECHNOLOGY","CAMERAS & DRONES","CAMERA ACCESSORIES","CHARGERS & BATTERIES","CAMERA_BATTERY_GRIPS","4","495","0","0,003","0","0,002"
"VEHICLE PARTS & ACCESSORIES","ACC CARS & VANS","CARS & VANS REPLACEMENT PARTS","CARS & VANS STEERING & SUSPENSION","VEHICLE_WASHER_PUMPS","4","113","0","0,004","0","0,001"
"CONSTRUCTION & INDUSTRY","TOOLS","GARDEN TOOLS","ACCESSORIES AND SPARE PARTS","LAWN_MOWER_WHEELS","4","109","0","0,001","0","0,001"
"VEHICLE PARTS & ACCESSORIES","ACC CARS & VANS","CARS & VANS REPLACEMENT PARTS","CARS & VANS ENGINE","VEHICLE_TURBOCHARGER_DOWNPIPES","4","2102","0","0,004","0,002","0,025"
"HOME ELECTRONICS","TELEVISIONS & STREAMING DEVICES","TELEVISIONS ACCESSORIES","TELEVISIONS ACCESSORIES","SATELLITE_FINDERS","4","583","0","0,005","0","0,009"
"VEHICLE PARTS & ACCESSORIES","ACC CARS & VANS","CARS & VANS REPLACEMENT PARTS","CARS & VANS OTHERS","VEHICLE_BUMPER_IMPACT_ABSORBERS","4","577","0","0,004","0","0,007"
"VEHICLE PARTS & ACCESSORIES","ACC CARS & VANS","CARS & VANS REPLACEMENT PARTS","CARS & VANS STEERING & SUSPENSION","PERFORMANCE_SUSPENSION_KITS","4","2321","0","0,004","0,002","0,028"
"VEHICLE PARTS & ACCESSORIES","ACC CARS & VANS","CARS & VANS REPLACEMENT PARTS","CARS & VANS OTHERS","VEHICLE_TRANSMISSION_VALVE_BODIES","4","2249","0","0,004","0,002","0,027"
"VEHICLE PARTS & ACCESSORIES","ACC NAUTICAL VEHICLES","NAUTICAL EQUIPMENT","NAUTICAL EQUIPMENT INTERIOR","NAUTICAL_FAUCETS","4","559","0","0,004","0","0,007"
"VEHICLE PARTS & ACCESSORIES","ACC CARS & VANS","CARS & VANS REPLACEMENT PARTS","CARS & VANS STEERING & SUSPENSION","VEHICLE_SHOCK_ABSORBERS_AIR_BAGS","4","2171","0","0,004","0,002","0,026"
"VEHICLE PARTS & ACCESSORIES","ACC CARS & VANS","CARS & VANS REPLACEMENT PARTS","CARS & VANS STEERING & SUSPENSION","VEHICLE_SHOCK_ABSORBER_MOUNTS","4","560","0","0,004","0","0,007"
"T & B","TOYS AND GAMES","LIFELIKE TOYS","LIFELIKE TOYS","KIDS_ROCKING_HORSES","4","520","0","0,007","0","0,014"
"VEHICLE PARTS & ACCESSORIES","ACC CARS & VANS","CARS & VANS REPLACEMENT PARTS","CARS & VANS STEERING & SUSPENSION","VEHICLE_LEAF_SPRINGS","4","506","0","0,004","0","0,006"
"TECHNOLOGY","CAMERAS & DRONES","DRONES, PARTS & ACCESSORIES","DRONES, PARTS & ACCESSORIES","DRONE_BATTERIES","4","1960","0","0,003","0,002","0,007"
"FURNISHING & HOUSEWARE","HOUSEHOLD ITEMS","FIREPLACES","FIREPLACES","GAS_AND_ETHANOL_FIREPLACES","4","506","0","0,002","0","0,004"
"CONSTRUCTION & INDUSTRY","INDUSTRY","OFFICE EQUIPMENT","OFFICE EQUIPMENT","RFID_BRACELETS","4","118","0","0,001","0","0,001"
"VEHICLE PARTS & ACCESSORIES","ACC CARS & VANS","CARS & VANS REPLACEMENT PARTS","CARS & VANS STEERING & SUSPENSION","VEHICLE_STEERING_KING_PINS_KITS","4","99","0","0,004","0","0,001"
"HEALTH","HEALTH GOODS","EROTIC","SEX TOYS","EROTIC_ANAL_AND_VAGINAL_DOUCHES","4","105","0","0,004","0","0,001"
"OTHERS","ANTIQUES & HOBBIES","COLLECTIBLES","COLLECTIBLES","COLLECTIBLE_PHONE_CARDS","4","116","0","0,042","0","0,021"
"VEHICLE PARTS & ACCESSORIES","ACC CARS & VANS","CARS & VANS REPLACEMENT PARTS","CARS & VANS STEERING & SUSPENSION","VEHICLE_SPRING_SUPPORTS","4","519","0","0,004","0","0,006"
"T & B","BABY","BREASTFEED & EATING ACCESSORIES","BREASTFEED ACCESSORIES","MANUAL_BABY_STERILIZERS","4","586","0","0,007","0","0,016"
"T & B","TOYS AND GAMES","MODELISM","MODELISM","MODEL_AIRCRAFT_WHEELS","4","102","0","0,007","0","0,003"
"BEAUTY","BEAUTY PROFESSIONAL","ESTHETIC","ELECTRIC ESTHETIC TOOLS","ESTHETIC_ELECTRIC_DEVICES","4","5569","0","0,003","0,004","0,058"
"CONSTRUCTION & INDUSTRY","INDUSTRY","TEXTIL INDUSTRY","TEXTIL INDUSTRY","FLIP_FLOP_CUTTING_RULE_DIES","4","374","0","0,001","0","0,002"
"VEHICLE PARTS & ACCESSORIES","ACC CARS & VANS","CARS & VANS REPLACEMENT PARTS","CARS & VANS OTHERS","VEHICLE_TRAILER_HITCHES","4","1416","0","0,004","0,001","0,017"
"FURNISHING & HOUSEWARE","MATTRESSES & SOMMIER","MATTRESSES","MATTRESSES","ELECTRIC_MASSAGE_MATS_AND_MATTRESSES","4","796","0","0,002","0,001","0,007"
"VEHICLE PARTS & ACCESSORIES","ACC CARS & VANS","CARS & VANS REPLACEMENT PARTS","CARS & VANS ELECTRONICS","VEHICLE_GLOW_PLUG_CONTROLLERS","4","320","0","0,004","0","0,004"
"CPG","PET","PET HOUSES, TOYS & FASHION","PET HOUSE EQUIPMENT","TERRARIUM_HEATERS","4","757","0","0,001","0,001","0,006"
"HEALTH","HEALTH GOODS","HEALTH PROFESSIONAL","MEDICAL SPECIALIZED EQUIPMENT","SURGICAL_LIGHTS","4","1537","0","0,004","0,001","0,018"
"VEHICLE PARTS & ACCESSORIES","ACC CARS & VANS","CARS & VANS REPLACEMENT PARTS","CARS & VANS OTHERS","VEHICLE_STARTER_BUSHINGS","4","61","0","0,004","0","0,001"
"TECHNOLOGY","SMARTPHONES & TABLETS","TABLETS & READERS ACCESSORIES","TABLET PARTIES","TABLET_INTERNAL_SPEAKERS","4","64","0","0,003","0","0"
"T & B","TOYS AND GAMES","MOUNTABLE TOY VEHICLES","PEDAL MOUNTABLE VEHICLES","PEDAL_RIDE_ON_TOYS","4","165","0","0,007","0","0,004"
"VEHICLE PARTS & ACCESSORIES","ACC CARS & VANS","CARS & VANS REPLACEMENT PARTS","CARS & VANS STEERING & SUSPENSION","VEHICLE_ENGINE_BELT_IDLER_PULLEYS","4","330","0","0,004","0","0,004"
"VEHICLE PARTS & ACCESSORIES","ACC CARS & VANS","CARS & VANS REPLACEMENT PARTS","CARS & VANS STEERING & SUSPENSION","VEHICLE_REFLECTORS","4","336","0","0,004","0","0,004"
"TECHNOLOGY","CAMERAS & DRONES","STUDIO & LIGHTING","PHOTOGRAPHIC ACCESSORIES","WHITE_BALANCE_CARDS","4","179","0","0,003","0","0,001"
"TECHNOLOGY","CAMERAS & DRONES","STUDIO & LIGHTING","PHOTOGRAPHIC ACCESSORIES","PHOTOGRAPHY_WEIGHT_BAGS","4","178","0","0,003","0","0,001"
"ENTERTAINMENT","MUSICAL INSTRUMENTS","WIND INSTRUMENTS","ACCORDION & BADONEONS","ACCORDION_STRAPS","4","339","0","0,013","0","0,014"
"VEHICLE PARTS & ACCESSORIES","OILS & FILTERS","OILS","AGRO OILS","VEHICLE_AIR_FUEL_OIL_FILTER_GASKETS","4","30","0","0,004","0","0"
"VEHICLE PARTS & ACCESSORIES","ACC CARS & VANS","CARS & VANS REPLACEMENT PARTS","CARS & VANS STEERING & SUSPENSION","VEHICLE_AXIAL_JOINTS","4","37","0","0,004","0","0"
"CONSTRUCTION & INDUSTRY","INDUSTRY","INDUSTRY GENERAL EQUIPMENT","INDUSTRY GENERAL EQUIPMENT","OVERHEAD_CRANES","4","810","0","0,001","0,001","0,004"
"HEALTH","HEALTH GOODS","EROTIC","SEX TOYS","EROTIC_GARTER_BELTS","4","174","0","0,004","0","0,002"
"CONSTRUCTION & INDUSTRY","INDUSTRY","GASTRONOMY & HOSPITALITY","GASTRONOMY & HOSPITALITY","BAKERY_TROLLEYS_AND_RACKS","4","64","0","0,001","0","0"
"CONSTRUCTION & INDUSTRY","HOME OUTDOORS","LANDSCAPING & GARDEN CENTER","HYDROPONIC GROWTH","HYDROPONIC_GROWING_SYSTEMS","4","732","0","0,001","0,001","0,004"
"HEALTH","HEALTH GOODS","EROTIC","BDSM PRODUCTS","BDSM_WHIPS","4","154","0","0,004","0","0,002"
"VEHICLE PARTS & ACCESSORIES","ACC CARS & VANS","CARS & VANS REPLACEMENT PARTS","CARS & VANS OTHERS","VEHICLE_TRANSMISSION_BEARINGS","4","740","0","0,004","0,001","0,009"
"BEAUTY","BEAUTY PROFESSIONAL","MANICURE & PEDICURE","MANICURE ACCESSORIES & EQUIPMENTS","NAIL_TAPES","4","59","0","0,003","0","0,001"
"T & B","TOYS AND GAMES","LIFELIKE TOYS","BEAUTY TOYS","TOY_VANITIES","3","74","0","0,005","0","0,002"
"SPORTS","OTHER SPORTS","BASEBALL","BASEBALL","BASEBALL_AND_SOFTBALL_BATTING_GLOVES","3","103","0","0,005","0","0,003"
"VEHICLE PARTS & ACCESSORIES","ACC CARS & VANS","CARS & VANS REPLACEMENT PARTS","CARS & VANS OTHERS","VEHICLE_LICENCE_PLATE_LIGHT_ASSEMBLIES","3","151","0","0,003","0","0,002"
"VEHICLE PARTS & ACCESSORIES","ACC CARS & VANS","CARS & VANS REPLACEMENT PARTS","CARS & VANS OTHERS","VEHICLE_ENGINE_TIMING_COVER_GASKETS","3","197","0","0,003","0","0,002"
"VEHICLE PARTS & ACCESSORIES","ACC CARS & VANS","CARS & VANS REPLACEMENT PARTS","CARS & VANS OTHERS","VEHICLE_TRANS_SHORT_SHIFT_KITS","3","168","0","0,003","0","0,002"
"SPORTS","OTHER MAINSTREAM SPORTS","RUGBY","RUGBY","RUGBY_JERSEYS","3","38","0","0,005","0","0,001"
"VEHICLE PARTS & ACCESSORIES","ACC CARS & VANS","CARS & VANS REPLACEMENT PARTS","CARS & VANS OTHERS","VEHICLE_WINDOW_TRIMS","3","150","0","0,003","0","0,002"
"VEHICLE PARTS & ACCESSORIES","ACC CARS & VANS","CARS & VANS REPLACEMENT PARTS","CARS & VANS OTHERS","VEHICLE_INTERIOR_HEADLINERS","3","79","0","0,003","0","0,001"
"VEHICLE PARTS & ACCESSORIES","ACC CARS & VANS","CARS & VANS REPLACEMENT PARTS","CARS & VANS STEERING & SUSPENSION","VEHICLE_ELECTRICAL_ALTERNATOR_BEARINGS","3","92","0","0,003","0","0,001"
"VEHICLE PARTS & ACCESSORIES","ACC CARS & VANS","CARS & VANS ACCESSORIES","CARS & VANS ACCESSORIES EXTERIOR","VEHICLE_INSTRUMENT_PANELS","3","117","0","0,003","0","0,001"
"ENTERTAINMENT","MUSICAL INSTRUMENTS","MUSICAL KEYBOARDS","MUSICAL KEYBOARDS & ACC","MUSICAL_KEYBOARD_CONTACT_BOARDS","3","166","0","0,01","0","0,007"
"VEHICLE PARTS & ACCESSORIES","ACC COMMERCIAL VEHICLES","COMMERCIAL VEHICLES REPLACEMENT PARTS","COMMERCIAL VEHICLES CLIMATIZATION","VEHICLE_AC_COMPRESSOR_GASKETS","3","118","0","0,003","0","0,001"
"BEAUTY","BEAUTY PROFESSIONAL","ESTHETIC","ELECTRIC ESTHETIC TOOLS","PORTABLE_FACIAL_STEAMERS","3","30","0","0,002","0","0"
"VEHICLE PARTS & ACCESSORIES","OILS & FILTERS","OILS","CARS & VANS OILS","VEHICLE_ENGINE_VVT_OIL_CONTROL_VALVES","3","110","0","0,003","0","0,001"
"VEHICLE PARTS & ACCESSORIES","ACC CARS & VANS","CARS & VANS REPLACEMENT PARTS","CARS & VANS STEERING & SUSPENSION","VEHICLE_TURBO_EXHAUST_GASKETS","3","175","0","0,003","0","0,002"
"FURNISHING & HOUSEWARE","HOUSEHOLD ITEMS","BAR, WINE & ACC","BAR SETS & ACC","DRINKING_GLASS_RIMMERS","3","193","0","0,001","0","0,002"
"VEHICLE PARTS & ACCESSORIES","ACC AGRO VEHICLES & EQUIPMENT","AGRO EQUIPMENT","BEEKEEPING","BEEKEEPING_BEE_BRUSHES","3","113","0","0,003","0","0,001"
"OTHERS","ANTIQUES & HOBBIES","ANTIQUES & HOBBIES","ANTIQUES & HOBBIES","MONSTRANCES","3","80","0","0,031","0","0,014"
"SPORTS","OTHER MAINSTREAM SPORTS","GOLF","GOLF","GOLF_BALLS","3","108","0","0,005","0","0,003"
"FURNISHING & HOUSEWARE","TEXTILES","CURTAINS, BLINDS AND ACC","CURTAINS & BLINDS ACC","DECORATIVE_TASSELS","3","114","0","0,001","0","0,001"
"SPORTS","INDOOR SPORTS","GYM","GYM MACHINES","STATIONARY_BICYCLES","3","175","0","0,005","0","0,005"
"VEHICLE PARTS & ACCESSORIES","ACC CARS & VANS","CARS & VANS REPLACEMENT PARTS","CARS & VANS OTHERS","VEHICLE_POWER_STEERING_GEARS_KITS","3","116","0","0,003","0","0,001"
"VEHICLE PARTS & ACCESSORIES","ACC AGRO VEHICLES & EQUIPMENT","LIVESTOCK","LIVESTOCK","ANIMAL_DAIRY_SUBSTITUTES","3","151","0","0,003","0","0,002"
"VEHICLE PARTS & ACCESSORIES","ACC CARS & VANS","CARS & VANS REPLACEMENT PARTS","CARS & VANS OTHERS","VEHICLE_ELECTRICAL_BATTERY_BOXES","3","107","0","0,003","0","0,001"
"VEHICLE PARTS & ACCESSORIES","ACC CARS & VANS","CARS & VANS REPLACEMENT PARTS","CARS & VANS EXHAUST","VEHICLE_EXHAUST_PIPE_CONNECTORS","3","82","0","0,003","0","0,001"
"CONSTRUCTION & INDUSTRY","INDUSTRY","INDUSTRY GENERAL EQUIPMENT","INDUSTRY GENERAL EQUIPMENT","PLASTIC_INJECTION_MOLDING_MACHINES","3","98","0","0,001","0","0"
"ENTERTAINMENT","MUSICAL INSTRUMENTS","DJ CONSOLES & MIXERS","DJ EQUIPMENT","DJ_TURNTABLE_SLIPMATS","3","68","0","0,01","0","0,003"
"TECHNOLOGY","SMARTPHONES & TABLETS","TABLETS & READERS ACCESSORIES","TABLET PARTIES","TABLET_REPLACEMENT_CAMERAS","3","0","0","0,002","0","0"
"VEHICLE PARTS & ACCESSORIES","ACC AGRO VEHICLES & EQUIPMENT","AGRO EQUIPMENT","TOOLS","MILKING_SLEEVES","3","209","0","0,003","0","0,003"
"CONSTRUCTION & INDUSTRY","HOME OUTDOORS","POOL, HOT TUBES & SAUNA","POOL INFRASTRUCTURE","POOL_LADDERS","3","159","0","0,001","0","0,001"
"VEHICLE PARTS & ACCESSORIES","ACC CARS & VANS","CARS & VANS REPLACEMENT PARTS","CARS & VANS OTHERS","OTHER_VEHICLE_WINDOW_SWITCHES","3","124","0","0,003","0","0,001"
"CONSTRUCTION & INDUSTRY","STATIONERY","OFFICE & SCHOOL SUPPLIES","OTHER OFFICE & SCHOOL SUPPLIES","WAX_SEAL_STAMP_KITS","3","162","0","0,001","0","0,001"
"CONSTRUCTION & INDUSTRY","INDUSTRY","COMMERCE EQUIPMENT","COMMERCE EQUIPMENT","RECEPTION_DESKS","3","96","0","0,001","0","0"
"VEHICLE PARTS & ACCESSORIES","ACC CARS & VANS","CARS & VANS REPLACEMENT PARTS","CARS & VANS OTHERS","VEHICLE_ENGINE_GASKET_KITS","3","130","0","0,003","0","0,002"
"T & B","TOYS AND GAMES","LIFELIKE TOYS","LIFELIKE TOYS","TOY_IRONING_BOARDS","3","132","0","0,005","0","0,004"
"T & B","TOYS AND GAMES","LIFELIKE TOYS","KITCHEN TOYS","TOY_ICE_CREAM_MACHINES","3","206","0","0,005","0","0,006"
"CONSTRUCTION & INDUSTRY","INDUSTRY","GASTRONOMY & HOSPITALITY","GASTRONOMY & HOSPITALITY","INDUSTRIAL_VEGETABLE_AND_FRUIT_PEELERS","3","66","0","0,001","0","0"
"HEALTH","HEALTH GOODS","EROTIC","EROTIC CLOTHING & COSTUMES","EROTIC_LINGERIE_SETS","3","127","0","0,003","0","0,002"
"TECHNOLOGY","CAMERAS & DRONES","STUDIO & LIGHTING","PHOTOGRAPHIC ACCESSORIES","CAMERA_ADAPTER_RINGS","3","0","0","0,002","0","0"
"VEHICLE PARTS & ACCESSORIES","ACC TIRES","AUTOMOTIVE TIRES","AUTOMOTIVE TIRES","VEHICLE_TIRE_AIR_DEFLATORS","3","120","0","0,003","0","0,001"
"FURNISHING & HOUSEWARE","HOUSEHOLD ITEMS","CLEANING & LAUNDRY","IRONING","IRONING_BOARD_CENTERS","3","163","0","0,001","0","0,001"
"CONSTRUCTION & INDUSTRY","INDUSTRY","GASTRONOMY & HOSPITALITY","GASTRONOMY & HOSPITALITY","BAKERY_MOULDERS","3","47","0","0,001","0","0"
"CONSTRUCTION & INDUSTRY","INDUSTRY","GASTRONOMY & HOSPITALITY","GASTRONOMY & HOSPITALITY","BEER_KEGS","3","153","0","0,001","0","0,001"
"TECHNOLOGY","SMARTPHONES & TABLETS","ACCESSORIES & PARTS FOR COMMUNICATION","TELEPHONES PARTS","TELEPHONE_FILTERS","3","44","0","0,002","0","0"
"HEALTH","HEALTH GOODS","EROTIC","SEX TOYS","EROTIC_BALLS","3","119","0","0,003","0","0,001"
"VEHICLE PARTS & ACCESSORIES","ACC CARS & VANS","CARS & VANS REPLACEMENT PARTS","CARS & VANS OTHERS","VEHICLE_WHEEL_VALVE_LUG_NUT_WASHERS","3","58","0","0,003","0","0,001"
"SPORTS","MOUNTAIN & OUTDOORS","FISHING","FISHING_GEAR_AND_ACCESSORIES","FISHING_SPEARGUNS","3","96","0","0,005","0","0,003"
"CPG","PET","PET HOUSES, TOYS & FASHION","PET TOYS","MANUAL_PET_BALL_LAUNCHERS","3","98","0","0,001","0","0,001"
"HEALTH","HEALTH GOODS","EROTIC","BDSM PRODUCTS","BDSM_GAGS","3","162","0","0,003","0","0,002"
"T & B","TOYS AND GAMES","LIFELIKE TOYS","LIFELIKE TOYS","TOY_WASHING_MACHINES","3","211","0","0,005","0","0,006"
"VEHICLE PARTS & ACCESSORIES","ACC CARS & VANS","CARS & VANS REPLACEMENT PARTS","CARS & VANS OTHERS","VEHICLE_INTERIOR_DOOR_LOCK_KNOBS","3","154","0","0,003","0","0,002"
"VEHICLE PARTS & ACCESSORIES","ACC CARS & VANS","CARS & VANS REPLACEMENT PARTS","CARS & VANS STEERING & SUSPENSION","VEHICLE_IGNITION_DISTRIBUTOR_GEARS","3","99","0","0,003","0","0,001"
"CONSTRUCTION & INDUSTRY","CONSTRUCTION","CONSTRUCTION MACHINERY & ACC","CONCRET, PLASTER & BLOCK MACHINERY","CONCRETE_VIBRATORS","3","1532","0","0,001","0,001","0,008"
"FURNISHING & HOUSEWARE","HOUSEHOLD ITEMS","KITCHEN HOME","PREP, GADGETS AND ACC","MANUAL_BROCHETTE_MAKERS","3","349","0","0,001","0","0,003"
"VEHICLE PARTS & ACCESSORIES","ACC CARS & VANS","CARS & VANS REPLACEMENT PARTS","CARS & VANS EXHAUST","VEHICLE_EXHAUST_FLEX_PIPES","3","343","0","0,003","0","0,004"
"SPORTS","INDOOR SPORTS","PILATES","PILATES","PILATES_REFORMERS","3","764","0","0,005","0,001","0,021"
"SPORTS","OTHER SPORTS","SPORTS SHOOTING AND ARCHERY","ARCHERY","ARCHERY_BOWS","3","343","0","0,005","0","0,01"
"CPG","PET","PET HOUSES, TOYS & FASHION","PET HOUSE EQUIPMENT","AQUARIUM_CHILLERS","3","349","0","0,001","0","0,003"
"FURNISHING & HOUSEWARE","FURNITURE","KITCHEN FURNITURE","CABINETS","LAUNDRY_ROOM_CABINETS","3","355","0","0,001","0","0,003"
"CONSTRUCTION & INDUSTRY","INDUSTRY","INDUSTRY GENERAL EQUIPMENT","INDUSTRY GENERAL EQUIPMENT","ELECTRONIC_SAFETY_FLARES","3","378","0","0,001","0","0,002"
"VEHICLE PARTS & ACCESSORIES","ACC CARS & VANS","CARS & VANS REPLACEMENT PARTS","CARS & VANS OTHERS","VEHICLE_WORK_LIGHTS","3","352","0","0,003","0","0,004"
"TECHNOLOGY","CAMERAS & DRONES","STUDIO & LIGHTING","PHOTOGRAPHIC ACCESSORIES","PHOTO_CUTTERS","3","748","0","0,002","0,001","0,003"
"TECHNOLOGY","CAMERAS & DRONES","DRONES, PARTS & ACCESSORIES","DRONES, PARTS & ACCESSORIES","DRONE_ANTENNAS","3","351","0","0,002","0","0,001"
"VEHICLE PARTS & ACCESSORIES","ACC NAUTICAL VEHICLES","NAUTICAL REPLACEMENT PARTS","NAUTICAL ENGINE","NAUTICAL_PROPELLERS","3","339","0","0,003","0","0,004"
"VEHICLE PARTS & ACCESSORIES","ACC CARS & VANS","CARS & VANS REPLACEMENT PARTS","CARS & VANS ELECTRONICS","VEHICLE_TOGGLE_SWITCHES","3","797","0","0,003","0,001","0,01"
"TECHNOLOGY","IT APPLIANCES","CONNECTIVITY & NETWORKS","CONNECTIVITY & NETWORKS ACCESSORIES","OS_CONSOLES","3","294","0","0,002","0","0,001"
"VEHICLE PARTS & ACCESSORIES","ACC CARS & VANS","CARS & VANS ACCESSORIES","CARS & VANS OTHERS","VEHICLE_INTERIOR_POWER_SOCKET_ADAPTERS","3","290","0","0,003","0","0,003"
"SPORTS","INDOOR SPORTS","GYM","GYM ACCESORIES","TRAINING_HURDLES","3","285","0","0,005","0","0,008"
"ENTERTAINMENT","MUSICAL INSTRUMENTS","DJ CONSOLES & MIXERS","DJ EQUIPMENT","EQUALIZERS","3","829","0","0,01","0,001","0,034"
"VEHICLE PARTS & ACCESSORIES","ACC CARS & VANS","CARS & VANS REPLACEMENT PARTS","CARS & VANS ELECTRONICS","VEHICLE_HOUR_METER_GAUGES","3","296","0","0,003","0","0,004"
"CPG","DRINKS","ALCOHOLICS","LIQUORS & SPIRITS","PISCOS","3","314","0","0,001","0","0,003"
"VEHICLE PARTS & ACCESSORIES","ACC CARS & VANS","CARS & VANS REPLACEMENT PARTS","CARS & VANS STEERING & SUSPENSION","VEHICLE_BED_MOLDINGS","3","321","0","0,003","0","0,004"
"CONSTRUCTION & INDUSTRY","INDUSTRY","INDUSTRY GENERAL EQUIPMENT","INDUSTRY GENERAL EQUIPMENT","CNC_MACHINING_CENTERS","3","783","0","0,001","0,001","0,004"
"TECHNOLOGY","IT APPLIANCES","PRINTERS PARTS & ACCESSORIES","PRINTERS PARTS","PRINTER_KNOBS","3","307","0","0,002","0","0,001"
"SPORTS","CYCLING AND OTHERS","BICYCLES ACCESORIES AND SPARE PARTS","BICYCLES ACCESORIES AND SPARE PARTS","BICYCLE_REPAIR_STANDS","3","309","0","0,005","0","0,009"
"FURNISHING & HOUSEWARE","HOUSEHOLD ITEMS","GRILLS & OUTDOOR COOKING","OUTDOOR GRILLS & OVENS","GAS_GRILLS","3","386","0","0,001","0","0,003"
"ENTERTAINMENT","MUSICAL INSTRUMENTS","STRING INSTRUMENTS","OTHER STRING INSTRUMENTS & ACCESORIES","EXPRESSION_PEDALS","3","571","0","0,01","0","0,023"
"SPORTS","CYCLING AND OTHERS","BICYCLES ACCESORIES AND SPARE PARTS","BICYCLES ACCESORIES AND SPARE PARTS","BICYCLE_FRAMES","3","566","0","0,005","0","0,016"
"SPORTS","INDOOR SPORTS","BOXING AND MARTIAL ARTS","BAGS AND ACCESORIES","MARTIAL_ARTS_AND_BOXING_CHEST_GUARDS","3","571","0","0,005","0","0,016"
"HOME ELECTRONICS","LARGE APPLIANCES","REFRIGERATION","WINE CELLARS","WINE_CELLARS","3","3754","0","0,004","0,003","0,056"
"VEHICLE PARTS & ACCESSORIES","ACC CARS & VANS","CARS & VANS REPLACEMENT PARTS","CARS & VANS OTHERS","VEHICLE_ENGINE_CARB_GASKET_KITS","3","572","0","0,003","0","0,007"
"VEHICLE PARTS & ACCESSORIES","ACC CARS & VANS","CARS & VANS REPLACEMENT PARTS","CARS & VANS OTHERS","VEHICLE_TRUNK_LOCKS","3","562","0","0,003","0","0,007"
"VEHICLE PARTS & ACCESSORIES","ACC CARS & VANS","CARS & VANS REPLACEMENT PARTS","CARS & VANS STEERING & SUSPENSION","VEHICLE_ENGINE_PISTON_RINGS","3","498","0","0,003","0","0,006"
"VEHICLE PARTS & ACCESSORIES","ACC CARS & VANS","CARS & VANS REPLACEMENT PARTS","CARS & VANS OTHERS","VEHICLE_CARBURETOR_REBUILD_KITS","3","473","0","0,003","0","0,006"
"VEHICLE PARTS & ACCESSORIES","ACC CARS & VANS","CARS & VANS REPLACEMENT PARTS","CARS & VANS OTHERS","COMMERCIAL_VEHICLE_REPLACEMENTS","3","467","0","0,003","0","0,006"
"CONSTRUCTION & INDUSTRY","TOOLS","GARDEN TOOLS","GARDEN SAWS","COMBUSTION_CHAINSAWS","3","2342","0","0,001","0,002","0,012"
"VEHICLE PARTS & ACCESSORIES","ACC CARS & VANS","CARS & VANS REPLACEMENT PARTS","CARS & VANS STEERING & SUSPENSION","VEHICLE_ROCKER_PANELS","3","508","0","0,003","0","0,006"
"TECHNOLOGY","IT APPLIANCES","PROJECTOR ACCESSORIES & PARTS","PROJECTOR ACCESSORIES & PARTS","PROJECTOR_LENSES","3","445","0","0,002","0","0,002"
"SPORTS","OTHER MAINSTREAM SPORTS","GOLF","GOLF","PUTTERS_GOLF_CLUBS","3","693","0","0,005","0,001","0,019"
"CONSTRUCTION & INDUSTRY","CONSTRUCTION","CONSTRUCTION MACHINERY & ACC","OTHER MACHINERY","CONSTRUCTION_MACHINERY","3","414","0","0,001","0","0,002"
"VEHICLE PARTS & ACCESSORIES","ACC CARS & VANS","CARS & VANS REPLACEMENT PARTS","CARS & VANS OTHERS","VEHICLE_AC_FULL_KITS","3","408","0","0,003","0","0,005"
"FURNISHING & HOUSEWARE","FURNITURE","STORAGE FURNITURE","CABINETS & LOCKERS","BATHROOM_ORGANIZER_FURNITURE","3","393","0","0,001","0","0,003"
"CONSTRUCTION & INDUSTRY","CONSTRUCTION","ELECTRICAL","BREAKERS, LOAD CENTERS AND FUSES","CAPACITOR_BANKS","3","696","0","0,001","0,001","0,003"
"VEHICLE PARTS & ACCESSORIES","ACC MOTORCYCLES","MOTORCYCLE REPLACEMENT PARTS","MOTORCYCLE TRANSMISSION","MOTORCYCLE_CLUTCH_PRESSURE_PLATES","3","649","0","0,003","0,001","0,008"
"VEHICLE PARTS & ACCESSORIES","OILS & FILTERS","OILS","CARS & VANS OILS","VEHICLE_DIFFERENTIAL_OIL_COOLER_KITS","3","2013","0","0,003","0,002","0,024"
"CONSTRUCTION & INDUSTRY","INDUSTRY","INDUSTRY GENERAL EQUIPMENT","INDUSTRY GENERAL EQUIPMENT","EDGE_BANDING_MACHINES","3","440","0","0,001","0","0,002"
"HEALTH","HEALTH GOODS","HEALTH PROFESSIONAL","MEDICAL SPECIALIZED EQUIPMENT","AMBULANCE_STRETCHERS","3","437","0","0,003","0","0,005"
"VEHICLE PARTS & ACCESSORIES","ACC CARS & VANS","CARS & VANS REPLACEMENT PARTS","CARS & VANS BODYWORK","VEHICLE_CROSSMEMBERS","3","599","0","0,003","0","0,007"
"SPORTS","INDOOR SPORTS","GYM","GYM MACHINES","HOME_GYMS","3","3923","0","0,005","0,003","0,11"
"VEHICLE PARTS & ACCESSORIES","ACC CARS & VANS","CARS & VANS REPLACEMENT PARTS","CARS & VANS STEERING & SUSPENSION","VEHICLE_ENGINE_VALVE_COVER_SETS","3","249","0","0,003","0","0,003"
"CONSTRUCTION & INDUSTRY","TOOLS","GARDEN TOOLS","BRUSHCUTTERS AND EDGERS","COMBUSTION_BRUSH_CUTTERS_AND_STRING_TRIMMERS","3","1024","0","0,001","0,001","0,005"
"TECHNOLOGY","IT PERIPHERALS, PARTS & ACCESSORIES","PARTS COMPONENTS","PC COMPONENTS","INK_CARTRIDGE_REFILL_MACHINES","3","240","0","0,002","0","0,001"
"VEHICLE PARTS & ACCESSORIES","ACC CARS & VANS","CARS & VANS REPLACEMENT PARTS","CARS & VANS ENGINE","VEHICLE_ENGINE_COOLANT_RESERVOIRS","3","233","0","0,003","0","0,003"
"VEHICLE PARTS & ACCESSORIES","ACC CARS & VANS","CARS & VANS REPLACEMENT PARTS","CARS & VANS LIGHTING","VEHICLE_REAR_BODY_TAIL_LIGHT_PANELS","3","899","0","0,003","0,001","0,011"
"CONSTRUCTION & INDUSTRY","INDUSTRY","GASTRONOMY & HOSPITALITY","GASTRONOMY & HOSPITALITY","SERVICE_CARTS","3","1087","0","0,001","0,001","0,005"
"CPG","PET","PET HOUSES, TOYS & FASHION","PET HOUSES","DOG_HOUSES","3","271","0","0,001","0","0,002"
"CONSTRUCTION & INDUSTRY","CONSTRUCTION","CONSTRUCTION MACHINERY & ACC","CONSTRUCTION ACCESSORIES","WIRE_ROPE_THIMBLES","3","264","0","0,001","0","0,001"
"T & B","TOYS AND GAMES","OUTDOOR TOYS","OTHER OUTDOOR TOYS","CUPS_AND_BALLS","3","257","0","0,005","0","0,007"
"VEHICLE PARTS & ACCESSORIES","ACC CARS & VANS","CARS & VANS REPLACEMENT PARTS","CARS & VANS STEERING & SUSPENSION","VEHICLE_ABS_CONTROL_MODULES","3","5892","0","0,003","0,005","0,07"
"SPORTS","MOUNTAIN & OUTDOORS","SKI","SKI","SKI_AND_SNOWBOARD_BOOTS","3","232","0","0,005","0","0,007"
"VEHICLE PARTS & ACCESSORIES","ACC NAUTICAL VEHICLES","NAUTICAL REPLACEMENT PARTS","NAUTICAL HULL","NAUTICAL_CLEATS","3","234","0","0,003","0","0,003"
"T & B","TOYS AND GAMES","OUTDOOR TOYS","PLAYGROUND TOYS","KIDS_PLAYHOUSES","3","283","0","0,005","0","0,008"
"CONSTRUCTION & INDUSTRY","INDUSTRY","INDUSTRY GENERAL EQUIPMENT","INDUSTRY GENERAL EQUIPMENT","VOLUMETRIC_FILLERS","3","967","0","0,001","0,001","0,005"
"VEHICLE PARTS & ACCESSORIES","ACC CARS & VANS","CARS & VANS REPLACEMENT PARTS","CARS & VANS STEERING & SUSPENSION","VEHICLE_BRAKE_CALIPER_BRACKETS","2","0","0","0,002","0","0"
"VEHICLE PARTS & ACCESSORIES","ACC CARS & VANS","CARS & VANS REPLACEMENT PARTS","CARS & VANS OTHERS","VEHICLE_ENGINE_CAMSHAFT_GEAR_COVERS","2","682","0","0,002","0,001","0,008"
"VEHICLE PARTS & ACCESSORIES","ACC CARS & VANS","CARS & VANS REPLACEMENT PARTS","CARS & VANS OTHERS","VEHICLE_RAIN_SENSORS","2","0","0","0,002","0","0"
"TECHNOLOGY","CONSOLE GAMING HARDWARE","GAMES ACCESSORIES","PERIPHERALS FOR GAMES","VIDEO_GAME_GUITARS","2","660","0","0,001","0,001","0,002"
"VEHICLE PARTS & ACCESSORIES","OILS & FILTERS","OILS & FILTERS KITS","COMMERCIAL VEHICLES OILS & FILTERS KITS","VEHICLE_HVAC_CABIN_AIR_FILTERS","2","97","0","0,002","0","0,001"
"VEHICLE PARTS & ACCESSORIES","ACC CARS & VANS","CARS & VANS REPLACEMENT PARTS","CARS & VANS OTHERS","VEHICLE_FUEL_TANK_SENDING_UNITS","2","650","0","0,002","0,001","0,008"
"VEHICLE PARTS & ACCESSORIES","ACC CARS & VANS","CARS & VANS REPLACEMENT PARTS","CARS & VANS BODYWORK","VEHICLE_REAR_BUMPERS","2","0","0","0,002","0","0"
"VEHICLE PARTS & ACCESSORIES","ACC CARS & VANS","CARS & VANS REPLACEMENT PARTS","CARS & VANS OTHERS","OTHER_VEHICLE_SUSPENSION_CONTROL_ARMS","2","0","0","0,002","0","0"
"CONSTRUCTION & INDUSTRY","HOME OUTDOORS","LANDSCAPING & GARDEN CENTER","HYDROPONIC GROWTH","HYDROPONIC_FOAMS","2","76","0","0,001","0","0"
"VEHICLE PARTS & ACCESSORIES","ACC CARS & VANS","CARS & VANS REPLACEMENT PARTS","CARS & VANS STEERING & SUSPENSION","OTHER_VEHICLE_SHOCK_ABSORBERS_AIR_BAGS","2","728","0","0,002","0,001","0,009"
"FASHION","APPAREL ACCESSORIES","OTHER APPAREL ACCESSORIES","OTHER APPAREL ACCESSORIES","FLASHLIGHT_POUCHES","2","80","0","0,001","0","0,001"
"CONSTRUCTION & INDUSTRY","INDUSTRY","GASTRONOMY & HOSPITALITY","GASTRONOMY & HOSPITALITY","COUNTERFLOW_BEER_WORT_CHILLERS","2","73","0","0,001","0","0"
"VEHICLE PARTS & ACCESSORIES","ACC COMMERCIAL VEHICLES","COMMERCIAL VEHICLES REPLACEMENT PARTS","COMMERCIAL VEHICLES BODYWORK","OTHER_VEHICLE_DOORS","2","0","0","0,002","0","0"
"CONSTRUCTION & INDUSTRY","TOOLS","MEASURING TOOLS","ELECTRICITY","GROUND_RESISTANCE_METERS","2","1576","0","0,001","0,001","0,008"
"VEHICLE PARTS & ACCESSORIES","ACC CARS & VANS","CARS & VANS REPLACEMENT PARTS","CARS & VANS OTHERS","VEHICLE_HOOD_SCOOPS","2","710","0","0,002","0,001","0,008"
"VEHICLE PARTS & ACCESSORIES","ACC CARS & VANS","CARS & VANS REPLACEMENT PARTS","CARS & VANS OTHERS","VEHICLE_POWER_STEERING_KITS","2","90","0","0,002","0","0,001"
"VEHICLE PARTS & ACCESSORIES","ACC CARS & VANS","CARS & VANS REPLACEMENT PARTS","CARS & VANS OTHERS","VEHICLE_WHEEL_RIM_PROTECTORS","2","93","0","0,002","0","0,001"
"VEHICLE PARTS & ACCESSORIES","ACC CARS & VANS","CARS & VANS REPLACEMENT PARTS","CARS & VANS STEERING & SUSPENSION","VEHICLE_TRAILER_HITCH_SAFETY_PINS","2","96","0","0,002","0","0,001"
"HEALTH","HEALTH GOODS","EROTIC","BDSM PRODUCTS","BDSM_HANDCUFFS","2","89","0","0,002","0","0,001"
"VEHICLE PARTS & ACCESSORIES","ACC CARS & VANS","CARS & VANS REPLACEMENT PARTS","CARS & VANS STEERING & SUSPENSION","VEHICLE_IGNITION_DISTRIBUTOR_MOUNTING_CLAMPS","2","90","0","0,002","0","0,001"
"VEHICLE PARTS & ACCESSORIES","ACC CARS & VANS","CARS & VANS REPLACEMENT PARTS","CARS & VANS STEERING & SUSPENSION","VEHICLE_WHEEL_LUG_NUTS","2","0","0","0,002","0","0"
"VEHICLE PARTS & ACCESSORIES","ACC CARS & VANS","CARS & VANS REPLACEMENT PARTS","CARS & VANS STEERING & SUSPENSION","VEHICLE_TRANSMISSION_SYNCHRO_RINGS","2","516","0","0,002","0","0,006"
"CONSTRUCTION & INDUSTRY","INDUSTRY","SAFETY EQUIPMENT","SAFETY EQUIPMENT","ANTI_STATIC_SMOCKS","2","0","0","0,001","0","0"
"CPG","PET","PET HOUSES, TOYS & FASHION","PET TOYS","AUTOMATIC_PET_BALL_LAUNCHERS","2","499","0","0,001","0","0,004"
"VEHICLE PARTS & ACCESSORIES","ACC CARS & VANS","CARS & VANS REPLACEMENT PARTS","CARS & VANS STEERING & SUSPENSION","VEHICLE_BULB_IGNITERS","2","2500","0","0,002","0,002","0,03"
"VEHICLE PARTS & ACCESSORIES","ACC CARS & VANS","CARS & VANS REPLACEMENT PARTS","CARS & VANS TRANSMISSION","VEHICLE_CLUTCH_BLEEDER_VALVES","2","524","0","0,002","0","0,006"
"VEHICLE PARTS & ACCESSORIES","ACC CARS & VANS","CARS & VANS REPLACEMENT PARTS","CARS & VANS OTHERS","VEHICLE_BRAKE_DISC_PAD_KITS","2","116","0","0,002","0","0,001"
"VEHICLE PARTS & ACCESSORIES","ACC CARS & VANS","CARS & VANS REPLACEMENT PARTS","CARS & VANS STEERING & SUSPENSION","VEHICLE_CARBURETOR_IDLE_SOLENOIDS","2","118","0","0,002","0","0,001"
"VEHICLE PARTS & ACCESSORIES","ACC CARS & VANS","CARS & VANS REPLACEMENT PARTS","CARS & VANS STEERING & SUSPENSION","VEHICLE_INTERIOR_SEAT_FRAMES","2","497","0","0,002","0","0,006"
"BEAUTY","BEAUTY PROFESSIONAL","BEAUTY SALOON","FURNITURE","HAIRDRESSING_FLOOR_AND_WALL_HAIR_STEAMERS","2","121","0","0,002","0","0,001"
"OTHERS","ANTIQUES & HOBBIES","ANTIQUES & HOBBIES","ANTIQUES & HOBBIES","GRAMOPHONES","2","490","0","0,021","0","0,088"
"TECHNOLOGY","CAMERAS & DRONES","CAMERA ACCESSORIES","OTHER CAMERA ACCESSORIES","ACTION_CAMERA_DOMES","2","499","0","0,001","0","0,002"
"VEHICLE PARTS & ACCESSORIES","ACC CARS & VANS","CARS & VANS REPLACEMENT PARTS","CARS & VANS STEERING & SUSPENSION","VEHICLE_DOOR_SEALS","2","0","0","0,002","0","0"
"SPORTS","OTHER MAINSTREAM SPORTS","PADDLE","PADDLE","ROWING_PADDLES","2","120","0","0,004","0","0,003"
"VEHICLE PARTS & ACCESSORIES","ACC CARS & VANS","CARS & VANS REPLACEMENT PARTS","CARS & VANS OTHERS","OTHER_VEHICLE_WINDSHIELD_WIPER_ARMS","2","0","0","0,002","0","0"
"VEHICLE PARTS & ACCESSORIES","ACC AGRO VEHICLES & EQUIPMENT","AGRO EQUIPMENT","BEEKEEPING","AGRICULTURAL_EQUIPMENT","2","105","0","0,002","0","0,001"
"VEHICLE PARTS & ACCESSORIES","ACC CARS & VANS","CARS & VANS REPLACEMENT PARTS","CARS & VANS OTHERS","VEHICLE_ROLL_BARS","2","584","0","0,002","0","0,007"
"VEHICLE PARTS & ACCESSORIES","ACC CARS & VANS","CARS & VANS REPLACEMENT PARTS","CARS & VANS STEERING & SUSPENSION","VEHICLE_BRACKET_ADAPTERS","2","0","0","0,002","0","0"
"SPORTS","MOUNTAIN & OUTDOORS","CAMPING","GEAR & EQUIPMENT","FOLDING_CAMPING_TABLES_AND_CHAIRS_KITS","2","0","0","0,004","0","0"
"VEHICLE PARTS & ACCESSORIES","ACC CARS & VANS","CARS & VANS REPLACEMENT PARTS","CARS & VANS OTHERS","VEHICLE_PITMAN_ARMS","2","0","0","0,002","0","0"
"CONSTRUCTION & INDUSTRY","CONSTRUCTION","ELECTRICAL","SOLAR ENERGY","SOLAR_PUMPS","2","2013","0","0,001","0,002","0,01"
"VEHICLE PARTS & ACCESSORIES","ACC NAUTICAL VEHICLES","NAUTICAL EQUIPMENT","NAUTICAL EQUIPMENT ELECTRONICS","VEHICLE_AUTOPILOTS","2","997","0","0,002","0,001","0,012"
"SPORTS","OTHER MAINSTREAM SPORTS","GOLF","GOLF","GOLF_CLUBS_KITS","2","112","0","0,004","0","0,003"
"HOME ELECTRONICS","AUDIO & GENERAL ELECTRONICS","ELECTRONIC, TOOLS & COMPONENTS","ELECTRONIC TOOLS","SWR_AND_POWER_METERS","2","996","0","0,002","0,001","0,015"
"CONSTRUCTION & INDUSTRY","INDUSTRY","OFFICE EQUIPMENT","OFFICE EQUIPMENT","OFFICE_CUBICLES","2","0","0","0,001","0","0"
"VEHICLE PARTS & ACCESSORIES","ACC CARS & VANS","CARS & VANS REPLACEMENT PARTS","CARS & VANS OTHERS","VEHICLE_COWL_PANEL_MOLDINGS","2","0","0","0,002","0","0"
"TECHNOLOGY","IT APPLIANCES","PROJECTOR ACCESSORIES & PARTS","PROJECTOR ACCESSORIES & PARTS","PROJECTOR_OPTICAL_BLOCKS","2","1015","0","0,001","0,001","0,003"
"HOME ELECTRONICS","HOUSEHOLD APPLIANCES PARTS","LAUNDRY PARTS","WASHING & DRYER MACHINE PARTS","WASHING_MACHINE_CLEANERS","2","24","0","0,002","0","0"
"TECHNOLOGY","IT PERIPHERALS, PARTS & ACCESSORIES","PERIPHERALS ACCESSORIES","PDA ACCESSORIES","PDA_BATTERIES","2","43","0","0,001","0","0"
"CONSTRUCTION & INDUSTRY","INDUSTRY","COMMERCE EQUIPMENT","COMMERCE EQUIPMENT","MAGNETIC_CARD_READERS","2","1352","0","0,001","0,001","0,007"
"CONSTRUCTION & INDUSTRY","TOOLS","MANUAL TOOLS","BRICKWORK","CONSTRUCTION_MIXING_TUBS","2","42","0","0,001","0","0"
"VEHICLE PARTS & ACCESSORIES","ACC CARS & VANS","CARS & VANS REPLACEMENT PARTS","CARS & VANS OTHERS","VEHICLE_TRANS_CLUTCH_SHAFTS","2","42","0","0,002","0","0,001"
"VEHICLE PARTS & ACCESSORIES","ACC CARS & VANS","CARS & VANS REPLACEMENT PARTS","CARS & VANS STEERING & SUSPENSION","VEHICLE_EMBLEMS_AND_ORNAMENTS","2","42","0","0,002","0","0,001"
"VEHICLE PARTS & ACCESSORIES","ACC CARS & VANS","CARS & VANS REPLACEMENT PARTS","CARS & VANS STEERING & SUSPENSION","VEHICLE_STARTER_MOTOR_BRUSHES","2","44","0","0,002","0","0,001"
"VEHICLE PARTS & ACCESSORIES","ACC CARS & VANS","CARS & VANS REPLACEMENT PARTS","CARS & VANS OTHERS","VEHICLE_FUEL_DELIVERY_FUEL_LINES","2","49","0","0,002","0","0,001"
"VEHICLE PARTS & ACCESSORIES","ACC NAUTICAL VEHICLES","NAUTICAL EQUIPMENT","NAUTICAL EQUIPMENT ELECTRONICS","NAUTICAL_RADIOS","2","1209","0","0,002","0,001","0,014"
"ENTERTAINMENT","BOOKS AND OTHERS","BOOKS","BOOKS","FULL_LEARNING_COURSES","2","50","0","0,006","0","0,002"
"CONSTRUCTION & INDUSTRY","TOOLS","MEASURING TOOLS","AMBIENT","ANALOG_RAIN_GAUGES","2","23","0","0,001","0","0"
"VEHICLE PARTS & ACCESSORIES","ACC COMMERCIAL VEHICLES","COMMERCIAL VEHICLES REPLACEMENT PARTS","COMMERCIAL VEHICLES STEERING & SUSPENSION","VEHICLE_STRUT_ROD_BUSHINGS","2","49","0","0,002","0","0,001"
"HEALTH","HEALTH GOODS","EROTIC","BDSM PRODUCTS","BDSM_MASKS","2","49","0","0,002","0","0,001"
"VEHICLE PARTS & ACCESSORIES","ACC CARS & VANS","CARS & VANS REPLACEMENT PARTS","CARS & VANS OTHERS","VEHICLE_DIFFERENTIAL_GASKETS","2","41","0","0,002","0","0"
"HEALTH","HEALTH GOODS","EROTIC","SEX TOYS","SEX_BOARD_GAMES","2","34","0","0,002","0","0"
"VEHICLE PARTS & ACCESSORIES","ACC CARS & VANS","CARS & VANS REPLACEMENT PARTS","CARS & VANS OTHERS","OTHER_VEHICLE_TURN_SIGNAL_LIGHT_LENSES","2","35","0","0,002","0","0"
"SPORTS","CYCLING AND OTHERS","BICYCLES ACCESORIES AND SPARE PARTS","BICYCLES ACCESORIES AND SPARE PARTS","BICYCLE_CABLES_END_CAPS","2","36","0","0,004","0","0,001"
"VEHICLE PARTS & ACCESSORIES","ACC CARS & VANS","CARS & VANS REPLACEMENT PARTS","CARS & VANS STEERING & SUSPENSION","VEHICLE_ELECTRICAL_ALTERNATOR_BRUSHES","2","28","0","0,002","0","0"
"VEHICLE PARTS & ACCESSORIES","ACC CARS & VANS","CARS & VANS REPLACEMENT PARTS","CARS & VANS OTHERS","VEHICLE_CARBURETOR_SCREW_PLUGS","2","32","0","0,002","0","0"
"HEALTH","HEALTH GOODS","HEALTH PROFESSIONAL","MEDICAL SPECIALIZED EQUIPMENT","MEDICAL_EXAM_TABLES","2","27","0","0,002","0","0"
"HEALTH","HEALTH GOODS","EROTIC","EROTIC CLOTHING & COSTUMES","EROTIC_CLOTHING","2","27","0","0,002","0","0"
"VEHICLE PARTS & ACCESSORIES","ACC CARS & VANS","CARS & VANS REPLACEMENT PARTS","CARS & VANS ENGINE","VEHICLE_HEAD_GASKETS","2","39","0","0,002","0","0"
"ENTERTAINMENT","MUSICAL INSTRUMENTS","STRING INSTRUMENTS","GUITARS & ACCESSORIES","ELECTRIC_GUITARS","2","1455","0","0,006","0,001","0,059"
"VEHICLE PARTS & ACCESSORIES","ACC CARS & VANS","CARS & VANS REPLACEMENT PARTS","CARS & VANS OTHERS","VEHICLE_TRANSMISSION_CASE_VENTS","2","41","0","0,002","0","0"
"VEHICLE PARTS & ACCESSORIES","ACC AGRO VEHICLES & EQUIPMENT","AGRO EQUIPMENT","BEEKEEPING","BEEKEEPING_HIVE_ENTRANCES","2","25","0","0,002","0","0"
"VEHICLE PARTS & ACCESSORIES","ACC CARS & VANS","CARS & VANS ACCESSORIES","CARS & VANS ACCESSORIES EXTERIOR","VEHICLE_INTERIOR_CIGARETTE_LIGHTER_SOCKETS","2","38","0","0,002","0","0"
"VEHICLE PARTS & ACCESSORIES","ACC CARS & VANS","CARS & VANS REPLACEMENT PARTS","CARS & VANS STEERING & SUSPENSION","VEHICLE_INTERIOR_DASHBOARD_TRIM_PIECES","2","24","0","0,002","0","0"
"OTHERS","ANTIQUES & HOBBIES","COLLECTIBLES","COLLECTIBLES","COLLECTIBLE_POSTAL_ENVELOPES","2","50","0","0,021","0","0,009"
"HOME ELECTRONICS","HEATING, COOLING & AIR QUALITY","AIR QUALITY","AIR QUALITY","AIR_CURTAINS","2","1547","0","0,002","0,001","0,023"
"VEHICLE PARTS & ACCESSORIES","ACC CARS & VANS","CARS & VANS REPLACEMENT PARTS","CARS & VANS OTHERS","OTHER_VEHICLE_BRAKE_KITS","2","0","0","0,002","0","0"
"VEHICLE PARTS & ACCESSORIES","ACC CARS & VANS","CARS & VANS REPLACEMENT PARTS","CARS & VANS OTHERS","VEHICLE_MIRROR_BASES","2","0","0","0,002","0","0"
"FURNISHING & HOUSEWARE","FURNITURE","STORAGE FURNITURE","SIDEBOARD & DRAWERS","WARDROBES_AND_UPPER_STORAGES","2","749","0","0,001","0,001","0,007"
"VEHICLE PARTS & ACCESSORIES","ACC CARS & VANS","CARS & VANS REPLACEMENT PARTS","CARS & VANS OTHERS","VEHICLE_AXLE_NUTS","2","66","0","0,002","0","0,001"
"VEHICLE PARTS & ACCESSORIES","ACC CARS & VANS","CARS & VANS REPLACEMENT PARTS","CARS & VANS OTHERS","VEHICLE_TRANSMISSION_CLUTCH_FLYWHEEL_HOUSINGS","2","1140","0","0,002","0,001","0,014"
"ENTERTAINMENT","MUSICAL INSTRUMENTS","STRING INSTRUMENTS","VIOLIN & VIOLAS","VIOLIN_AND_VIOLA_CHINRESTS","2","66","0","0,006","0","0,003"
"CONSTRUCTION & INDUSTRY","HOME OUTDOORS","POOL, HOT TUBES & SAUNA","POOL INFRASTRUCTURE","POOL_PUMP_AND_FILTER_KITS","2","69","0","0,001","0","0"
"T & B","PARTY","PARTY EQUIPMENT","PARTY EQUIPMENT","FX_MAKEUP_KITS","2","70","0","0,003","0","0,002"
"VEHICLE PARTS & ACCESSORIES","ACC CARS & VANS","CARS & VANS REPLACEMENT PARTS","CARS & VANS OTHERS","VEHICLE_TIRE_SNOW_STUDS","2","70","0","0,002","0","0,001"
"TECHNOLOGY","IT APPLIANCES","PROJECTOR ACCESSORIES & PARTS","PROJECTOR ACCESSORIES & PARTS","PROJECTOR_POWER_SUPPLIES","2","67","0","0,001","0","0"
"T & B","TOYS AND GAMES","OUTDOOR TOYS","PLAYGROUND TOYS","KIDS_PLAYGROUNDS","2","929","0","0,003","0,001","0,025"
"CONSTRUCTION & INDUSTRY","INDUSTRY","PACKAGING","PACKAGING","INDUCTION_CAP_SEALERS","2","746","0","0,001","0,001","0,004"
"SPORTS","SPORTS ACCESSORIES","SPORTS ACCESSORIES","SPORTS ACCESSORIES","SPORT_WEIGHTED_VESTS","2","64","0","0,004","0","0,002"
"CONSTRUCTION & INDUSTRY","TOOLS","MEASURING TOOLS","OTHER MEASURING TOOLS","DUROMETERS","2","1201","0","0,001","0,001","0,006"
"VEHICLE PARTS & ACCESSORIES","ACC CARS & VANS","CARS & VANS REPLACEMENT PARTS","CARS & VANS STEERING & SUSPENSION","VEHICLE_SUPERCHARGER_COUPLINGS","2","55","0","0,002","0","0,001"
"VEHICLE PARTS & ACCESSORIES","ACC CARS & VANS","CARS & VANS REPLACEMENT PARTS","CARS & VANS STEERING & SUSPENSION","VEHICLE_SUSPENSION_CONTROL_ARM_BUSHING_KITS","2","767","0","0,002","0,001","0,009"
"VEHICLE PARTS & ACCESSORIES","ACC CARS & VANS","CARS & VANS REPLACEMENT PARTS","CARS & VANS OTHERS","VEHICLE_ENGINE_TIMING_COVER_SEALS","2","50","0","0,002","0","0,001"
"HEALTH","MEDICINES","PRESCRIPTION MEDICINES","PRESCRIPTION MEDICINES","RX_IMMUNOLOGIC_MEDICINES","2","51","0","0,002","0","0,001"
"HOME ELECTRONICS","AUDIO & GENERAL ELECTRONICS","ELECTRONIC, TOOLS & COMPONENTS","ELECTRONIC COMPONENTS","FLYBACK_TRANSFORMERS","2","52","0","0,002","0","0,001"
"VEHICLE PARTS & ACCESSORIES","ACC CARS & VANS","CARS & VANS REPLACEMENT PARTS","CARS & VANS STEERING & SUSPENSION","VEHICLE_BRAKE_STOP_LIGHT_SWITCHES","2","19","0","0,002","0","0"
"VEHICLE PARTS & ACCESSORIES","ACC CARS & VANS","CARS & VANS REPLACEMENT PARTS","CARS & VANS STEERING & SUSPENSION","VEHICLE_INTERIOR_GLOVE_BOX_LATCHES","2","16","0","0,002","0","0"
"OTHERS","OTHER","OTHER","OTHER","CATUABAS","2","64","0","0,021","0","0,011"
"CONSTRUCTION & INDUSTRY","TOOLS","INDUSTRY TOOLS","INDUSTRY TOOLS","HYDRAULIC_PRESSES","2","0","0","0,001","0","0"
"VEHICLE PARTS & ACCESSORIES","ACC CARS & VANS","CARS & VANS REPLACEMENT PARTS","CARS & VANS STEERING & SUSPENSION","VEHICLE_TRAILER_HITCH_ADAPTERS","2","759","0","0,002","0,001","0,009"
"HEALTH","HEALTH GOODS","EROTIC","EROTIC COSMESTIC & PERSONAL CARE","EROTIC_CREAMS","2","62","0","0,002","0","0,001"
"CONSTRUCTION & INDUSTRY","HOME OUTDOORS","POOL, HOT TUBES & SAUNA","POOL MAINTENANCE","POOL_SKIMMERS","2","62","0","0,001","0","0"
"CONSTRUCTION & INDUSTRY","CONSTRUCTION","CONSTRUCTION MACHINERY & ACC","CONCRET, PLASTER & BLOCK MACHINERY","PLASTERING_MACHINES","2","488","0","0,001","0","0,002"
"OTHERS","OTHER","OTHER","OTHER","BERRANTES","2","213","0","0,021","0","0,038"
"CONSTRUCTION & INDUSTRY","TOOLS","POWER TOOLS","OTHER POWER TOOLS","REBAR_TIERS","2","12051","0","0,001","0,009","0,06"
"VEHICLE PARTS & ACCESSORIES","ACC CARS & VANS","CARS & VANS REPLACEMENT PARTS","CARS & VANS STEERING & SUSPENSION","VEHICLE_STARTER_SOLENOIDS","2","240","0","0,002","0","0,003"
"VEHICLE PARTS & ACCESSORIES","ACC CARS & VANS","CARS & VANS ACCESSORIES","CARS & VANS ACCESSORIES EXTERIOR","OTHER_VEHICLE_ENGINE_MOUNTS","2","214","0","0,002","0","0,003"
"HOME ELECTRONICS","SMALL APPLIANCES","KITCHEN","ELECTRIC KITCHEN TOOLS","ELECTRIC_CAN_OPENERS","2","161","0","0,002","0","0,002"
"VEHICLE PARTS & ACCESSORIES","ACC CARS & VANS","CARS & VANS ACCESSORIES","CARS & VANS ACCESSORIES EXTERIOR","VEHICLE_INTERIOR_MOUNTING_GRAB_HANDLES","2","351","0","0,002","0","0,004"
"VEHICLE PARTS & ACCESSORIES","ACC CARS & VANS","CARS & VANS REPLACEMENT PARTS","CARS & VANS STEERING & SUSPENSION","VEHICLE_WIPER_MOTOR_COVERS","2","169","0","0,002","0","0,002"
"HOME ELECTRONICS","HEATING, COOLING & AIR QUALITY","HEATING","HEATERS","FIREWOOD_HEATERS","2","351","0","0,002","0","0,005"
"VEHICLE PARTS & ACCESSORIES","ACC CARS & VANS","CARS & VANS REPLACEMENT PARTS","CARS & VANS STEERING & SUSPENSION","VEHICLE_WARNING_LIGHTS","2","213","0","0,002","0","0,003"
"VEHICLE PARTS & ACCESSORIES","ACC CARS & VANS","CARS & VANS REPLACEMENT PARTS","CARS & VANS OTHERS","OTHER_VEHICLE_HEADLIGHT_SUPPORT_BRACKETS","2","244","0","0,002","0","0,003"
"TECHNOLOGY","IT APPLIANCES","PRINTERS PARTS & ACCESSORIES","PRINTERS SUPPLIES","LASER_PRINTER_DRUM_BLADES","2","161","0","0,001","0","0,001"
"T & B","TOYS AND GAMES","OUTDOOR TOYS","PLAYGROUND TOYS","SEESAWS","2","413","0","0,003","0","0,011"
"TECHNOLOGY","GAMES, DIGITAL GOODS & SOFTWARE","SOFTWARE & UTILITIES","SOFTWARE & UTILITIES","COMPUTER_DIAGNOSTIC_CARDS","2","152","0","0,001","0","0,001"
"VEHICLE PARTS & ACCESSORIES","ACC CARS & VANS","CARS & VANS REPLACEMENT PARTS","CARS & VANS STEERING & SUSPENSION","VEHICLE_ENGINE_PISTON_SETS","2","418","0","0,002","0","0,005"
"SPORTS","OTHER MAINSTREAM SPORTS","GOLF","GOLF","GOLF_BAGS","2","236","0","0,004","0","0,007"
"TECHNOLOGY","GAMES, DIGITAL GOODS & SOFTWARE","SOFTWARE & UTILITIES","SOFTWARE & UTILITIES","COMMERCIAL_SOFTWARES","2","428","0","0,001","0","0,001"
"VEHICLE PARTS & ACCESSORIES","ACC CARS & VANS","CARS & VANS REPLACEMENT PARTS","CARS & VANS STEERING & SUSPENSION","VEHICLE_IGNITION_SYSTEM_SWITCHES","2","239","0","0,002","0","0,003"
"VEHICLE PARTS & ACCESSORIES","ACC CARS & VANS","CARS & VANS REPLACEMENT PARTS","CARS & VANS OTHERS","VEHICLE_BUMPER_INSERTS","2","159","0","0,002","0","0,002"
"T & B","TOYS AND GAMES","SUMMER TOYS & POOLS","BEACH TOYS","WATER_SPRINKLER_PADS","2","158","0","0,003","0","0,004"
"OTHERS","ANTIQUES & HOBBIES","ANTIQUES & HOBBIES","ANTIQUES & HOBBIES","ANTIQUE_TAPE_RECORDERS","2","395","0","0,021","0","0,071"
"VEHICLE PARTS & ACCESSORIES","ACC CARS & VANS","CARS & VANS REPLACEMENT PARTS","CARS & VANS STEERING & SUSPENSION","VEHICLE_STEERING_GEAR_RECIRCULATING_BALL","2","219","0","0,002","0","0,003"
"VEHICLE PARTS & ACCESSORIES","ACC CARS & VANS","CARS & VANS REPLACEMENT PARTS","CARS & VANS STEERING & SUSPENSION","VEHICLE_ENGINE_CAMSHAFT_BEARINGS","2","200","0","0,002","0","0,002"
"T & B","PARTY","PARTY COSTUMES & ACCESSORIES","COSTUMES ACESSORIES","PARTY_FAVOR_RINGS","2","298","0","0,003","0","0,008"
"VEHICLE PARTS & ACCESSORIES","ACC TOOLS","LIFTING EQUIPMENT","VEHICLE LIFTS","MANUAL_LIFT_TABLES","2","306","0","0,002","0","0,004"
"SPORTS","WATER SPORTS","DIVING","DIVING","BUOYANCY_COMPENSATORS","2","204","0","0,004","0","0,006"
"VEHICLE PARTS & ACCESSORIES","ACC CARS & VANS","CARS & VANS REPLACEMENT PARTS","CARS & VANS STEERING & SUSPENSION","VEHICLE_FOG_LIGHTS","2","308","0","0,002","0","0,004"
"TECHNOLOGY","WEARABLES","SMARTWATCHES","SMARTWATCHES","SMARTWATCH_BATTERIES","2","190","0","0,001","0","0,001"
"TECHNOLOGY","CAMERAS & DRONES","LENSES, PARTS & OTHERS","LENSES ACCESSORIES","LENS_EXTENSION_TUBES","2","288","0","0,001","0","0,001"
"VEHICLE PARTS & ACCESSORIES","ACC CARS & VANS","CARS & VANS REPLACEMENT PARTS","CARS & VANS STEERING & SUSPENSION","VEHICLE_BUMPER_COVERS","2","192","0","0,002","0","0,002"
"CONSTRUCTION & INDUSTRY","INDUSTRY","COMMERCE EQUIPMENT","COMMERCE EQUIPMENT","SLATWALL_PANELS","2","199","0","0,001","0","0,001"
"VEHICLE PARTS & ACCESSORIES","ACC MOTORCYCLES","MOTORCYCLE REPLACEMENT PARTS","MOTORCYCLE OTHERS","VEHICLE_ELECTRICAL_BMS","2","185","0","0,002","0","0,002"
"VEHICLE PARTS & ACCESSORIES","ACC CARS & VANS","CARS & VANS REPLACEMENT PARTS","CARS & VANS STEERING & SUSPENSION","VEHICLE_PARKING_ASSIST_CAMERAS","2","270","0","0,002","0","0,003"
"SPORTS","MOUNTAIN & OUTDOORS","CLIMBING","CLIMBING","CLIMBING_DESCENDERS","2","262","0","0,004","0","0,007"
"SPORTS","OTHER MAINSTREAM SPORTS","RUGBY","RUGBY","RUGBY_HELMETS","2","175","0","0,004","0","0,005"
"OTHERS","ANTIQUES & HOBBIES","COLLECTIBLES","COLLECTIBLES","COLLECTIBLE_MILITARY_HELMETS","2","339","0","0,021","0","0,061"
"VEHICLE PARTS & ACCESSORIES","ACC CARS & VANS","CARS & VANS REPLACEMENT PARTS","CARS & VANS STEERING & SUSPENSION","VEHICLE_TRANSMISSION_MANUAL_THRUST_WASHERS","2","170","0","0,002","0","0,002"
"VEHICLE PARTS & ACCESSORIES","ACC CARS & VANS","CARS & VANS REPLACEMENT PARTS","CARS & VANS OTHERS","VEHICLE_FUEL_TUBES","2","171","0","0,002","0","0,002"
"HEALTH","HEALTH GOODS","HEALTH PROFESSIONAL","MEDICAL SPECIALIZED EQUIPMENT","SANITIZING_GUNS","2","179","0","0,002","0","0,002"
"T & B","TOYS AND GAMES","MODELISM","MODELISM","MODEL_RAILROADING_TRACKS","2","179","0","0,003","0","0,005"
"VEHICLE PARTS & ACCESSORIES","OILS & FILTERS","OILS","CARS & VANS OILS","VEHICLE_ENGINE_OIL_PRESSURE_SWITCHES","2","328","0","0,002","0","0,004"
"VEHICLE PARTS & ACCESSORIES","ACC CARS & VANS","CARS & VANS REPLACEMENT PARTS","CARS & VANS STEERING & SUSPENSION","VEHICLE_HVAC_BLOWER_MOTOR_RESISTORS","2","264","0","0,002","0","0,003"
"VEHICLE PARTS & ACCESSORIES","ACC CARS & VANS","CARS & VANS REPLACEMENT PARTS","CARS & VANS STEERING & SUSPENSION","VEHICLE_CLUTCH_PEDAL_SWITCHES","2","330","0","0,002","0","0,004"
"CONSTRUCTION & INDUSTRY","INDUSTRY","INDUSTRY GENERAL EQUIPMENT","INDUSTRY GENERAL EQUIPMENT","POWDER_COATING_OVENS","2","472","0","0,001","0","0,002"
"VEHICLE PARTS & ACCESSORIES","ACC CARS & VANS","CARS & VANS REPLACEMENT PARTS","CARS & VANS STEERING & SUSPENSION","VEHICLE_DIFFERENTIAL_YOKE_STRAPS","2","449","0","0,002","0","0,005"
"VEHICLE PARTS & ACCESSORIES","ACC CARS & VANS","CARS & VANS REPLACEMENT PARTS","CARS & VANS OTHERS","VEHICLE_INTERIOR_VACUUM_GAUGES","2","142","0","0,002","0","0,002"
"VEHICLE PARTS & ACCESSORIES","ACC CARS & VANS","CARS & VANS REPLACEMENT PARTS","CARS & VANS OTHERS","VEHICLE_ELECTRICAL_TCM_MODULES","2","140","0","0,002","0","0,002"
"CPG","FOODS","BREAKFAST & CEREALS","COFFEE","READY_TO_DRINK_COFFEE_AND_TEA","2","126","0","0,001","0","0,001"
"SPORTS","INDOOR SPORTS","GYM","GYM MACHINES","ELLIPTICALS","2","231","0","0,004","0","0,006"
"VEHICLE PARTS & ACCESSORIES","ACC CARS & VANS","CARS & VANS REPLACEMENT PARTS","CARS & VANS ELECTRONICS","VEHICLE_ELECTRICAL_HYBRID_VOLTAGE_CONVERTERS","2","129","0","0,002","0","0,002"
"VEHICLE PARTS & ACCESSORIES","OILS & FILTERS","OILS","CARS & VANS OILS","VEHICLE_DIFFERENTIAL_OIL_COOLERS","2","460","0","0,002","0","0,005"
"VEHICLE PARTS & ACCESSORIES","ACC CARS & VANS","CARS & VANS REPLACEMENT PARTS","CARS & VANS EXHAUST","VEHICLE_EXHAUST_PIPE_INSTALLATION_KITS","2","235","0","0,002","0","0,003"
"VEHICLE PARTS & ACCESSORIES","ACC CARS & VANS","CARS & VANS REPLACEMENT PARTS","CARS & VANS OTHERS","VEHICLE_ELEC_POS_BATTERY_CABLES","2","138","0","0,002","0","0,002"
"VEHICLE PARTS & ACCESSORIES","ACC CARS & VANS","CARS & VANS REPLACEMENT PARTS","CARS & VANS OTHERS","VEHICLE_HVAC_SYSTEM_CONTROL_MODULES","2","458","0","0,002","0","0,005"
"CONSTRUCTION & INDUSTRY","INDUSTRY","OFFICE EQUIPMENT","OFFICE EQUIPMENT","TANDEM_CHAIRS","2","452","0","0,001","0","0,002"
"VEHICLE PARTS & ACCESSORIES","ACC CARS & VANS","CARS & VANS REPLACEMENT PARTS","CARS & VANS STEERING & SUSPENSION","VEHICLE_TURBOCHARGER_UP_PIPES","2","468","0","0,002","0","0,006"
"FURNISHING & HOUSEWARE","HOUSEHOLD ITEMS","KITCHEN HOME","PREP, GADGETS AND ACC","FOOD_CARVING_TOOLS","2","122","0","0,001","0","0,001"
"SPORTS","MOUNTAIN & OUTDOORS","CLIMBING","CLIMBING","CLIMBING_ASCENDERS","2","486","0","0,004","0","0,014"
"ENTERTAINMENT","MUSICAL INSTRUMENTS","MUSICAL KEYBOARDS","MUSICAL KEYBOARDS & ACC","KEYBOARD_AND_PIANO_BENCHES","2","456","0","0,006","0","0,019"
"VEHICLE PARTS & ACCESSORIES","ACC CARS & VANS","CARS & VANS REPLACEMENT PARTS","CARS & VANS OTHERS","VEHICLE_ENGINE_OIL_COOLER_KITS","2","464","0","0,002","0","0,006"
"T & B","PARTY","PARTY SUPPLY","PARTY EFFECTS","HELIUM_TANKS","2","464","0","0,003","0","0,012"
"TECHNOLOGY","CAMERAS & DRONES","CAMERA ACCESSORIES","OTHER CAMERA ACCESSORIES","CAMERA_REPLACEMENT_DISPLAYS","1","0","0","0,001","0","0"
"CPG","FOODS","FRESH FOOD","READY-TO-EAT FOOD","ACAI_BOWLS","1","0","0","0","0","0"
"CPG","PET","PET BEAUTY & HYGIENE","SHAMPOO & CONDITIONER","RODENT_SHAMPOOS","1","19","0","0","0","0"
"VEHICLE PARTS & ACCESSORIES","ACC CARS & VANS","CARS & VANS REPLACEMENT PARTS","CARS & VANS STEERING & SUSPENSION","VEHICLE_WIRING_PIGTAILS","1","19","0","0,001","0","0"
"TECHNOLOGY","CAMERAS & DRONES","CAMERAS & VIDEO CAMERAS","CAMERAS & VIDEO CAMERAS","CAMERA_PHOTOMETERS","1","0","0","0,001","0","0"
"VEHICLE PARTS & ACCESSORIES","ACC CARS & VANS","CARS & VANS REPLACEMENT PARTS","CARS & VANS STEERING & SUSPENSION","VEHICLE_ENGINE_HARDWARE_CLAMPS","1","19","0","0,001","0","0"
"OTHERS","ANTIQUES & HOBBIES","ANTIQUES & HOBBIES","ANTIQUES & HOBBIES","TABERNACLES","1","14","0","0,01","0","0,002"
"T & B","PARTY","PARTY EQUIPMENT","PARTY MACHINES","AUDIORHYTHMIC_BALLS","1","266","0","0,002","0","0,007"
"VEHICLE PARTS & ACCESSORIES","ACC CARS & VANS","CARS & VANS REPLACEMENT PARTS","CARS & VANS OTHERS","VEHICLE_IGNITION_ROTORS","1","18","0","0,001","0","0"
"CONSTRUCTION & INDUSTRY","INDUSTRY","INDUSTRY GENERAL EQUIPMENT","INDUSTRY GENERAL EQUIPMENT","KEY_DUPLICATING_MACHINES","1","0","0","0","0","0"
"VEHICLE PARTS & ACCESSORIES","ACC CARS & VANS","CARS & VANS REPLACEMENT PARTS","CARS & VANS STEERING & SUSPENSION","VEHICLE_ENGINE_TIMING_SPROCKETS","1","0","0","0,001","0","0"
"VEHICLE PARTS & ACCESSORIES","ACC CARS & VANS","CARS & VANS REPLACEMENT PARTS","CARS & VANS TRANSMISSION","VEHICLE_TRANSFER_CASES","1","207","0","0,001","0","0,002"
"VEHICLE PARTS & ACCESSORIES","ACC CARS & VANS","CARS & VANS REPLACEMENT PARTS","CARS & VANS OTHERS","VEHICLE_ELECTRICAL_CENTRAL_TIMING_MODULES","1","208","0","0,001","0","0,002"
"TECHNOLOGY","GAMES, DIGITAL GOODS & SOFTWARE","PREPAID CARDS","PREPAID CARDS","GIFT_CARDS","1","0","0","0,001","0","0"
"VEHICLE PARTS & ACCESSORIES","ACC CARS & VANS","CARS & VANS REPLACEMENT PARTS","CARS & VANS STEERING & SUSPENSION","VEHICLE_LEAF_SPRING_BUSHINGS","1","0","0","0,001","0","0"
"VEHICLE PARTS & ACCESSORIES","ACC CARS & VANS","CARS & VANS REPLACEMENT PARTS","CARS & VANS STEERING & SUSPENSION","VEHICLE_ELECTRICAL_PCM_UNITS","1","0","0","0,001","0","0"
"VEHICLE PARTS & ACCESSORIES","ACC CARS & VANS","CARS & VANS REPLACEMENT PARTS","CARS & VANS OTHERS","VEHICLE_ROCKER_GUARDS","1","1122","0","0,001","0,001","0,013"
"TECHNOLOGY","IT APPLIANCES","PROJECTOR ACCESSORIES & PARTS","PROJECTOR ACCESSORIES & PARTS","PROJECTOR_CHIPS","1","0","0","0,001","0","0"
"VEHICLE PARTS & ACCESSORIES","ACC CARS & VANS","CARS & VANS REPLACEMENT PARTS","CARS & VANS STEERING & SUSPENSION","VEHICLE_BRAKE_AIR_RESERVOIRS","1","207","0","0,001","0","0,002"
"VEHICLE PARTS & ACCESSORIES","ACC CARS & VANS","CARS & VANS REPLACEMENT PARTS","CARS & VANS OTHERS","VEHICLE_BRAKE_CONTROL_RELAYS","1","0","0","0,001","0","0"
"VEHICLE PARTS & ACCESSORIES","ACC CARS & VANS","CARS & VANS REPLACEMENT PARTS","CARS & VANS STEERING & SUSPENSION","VEHICLE_SPLASH_GUARDS","1","0","0","0,001","0","0"
"VEHICLE PARTS & ACCESSORIES","ACC NAUTICAL VEHICLES","NAUTICAL EQUIPMENT","NAUTICAL EQUIPMENT EXTERIOR","NAUTICAL_LOCKS","1","0","0","0,001","0","0"
"CONSTRUCTION & INDUSTRY","INDUSTRY","INDUSTRY GENERAL EQUIPMENT","INDUSTRY GENERAL EQUIPMENT","CLASSROOM_DESKS","1","0","0","0","0","0"
"TECHNOLOGY","IT APPLIANCES","PRINTERS PARTS & ACCESSORIES","PRINTERS ACCESSORIES","PRINTER_SOFTWARES","1","233","0","0,001","0","0,001"
"CONSTRUCTION & INDUSTRY","TOOLS","GARDEN TOOLS","LAWN MOWERS","ELECTRIC_LAWN_MOWERS","1","0","0","0","0","0"
"CONSTRUCTION & INDUSTRY","HOME OUTDOORS","POOL, HOT TUBES & SAUNA","FRAME POOLS","FRAME_POOLS","1","0","0","0","0","0"
"VEHICLE PARTS & ACCESSORIES","ACC CARS & VANS","CARS & VANS REPLACEMENT PARTS","CARS & VANS OTHERS","VEHICLE_ELECTRICAL_WIRING_HARNESSES","1","28","0","0,001","0","0"
"VEHICLE PARTS & ACCESSORIES","ACC CARS & VANS","CARS & VANS REPLACEMENT PARTS","CARS & VANS OTHERS","VEHICLE_ENGINE_VALVE_SPRING_SETS","1","196","0","0,001","0","0,002"
"T & B","BABY","BABY TOYS & ACTIVITY CENTERS","ACTIVITY CENTERS","KIDS_LEARNING_TOWERS","1","30","0","0,002","0","0,001"
"VEHICLE PARTS & ACCESSORIES","ACC CARS & VANS","CARS & VANS REPLACEMENT PARTS","CARS & VANS OTHERS","VEHICLE_MOUNTING_BRACKET_LIGHTS","1","193","0","0,001","0","0,002"
"VEHICLE PARTS & ACCESSORIES","ACC COMMERCIAL VEHICLES","COMMERCIAL VEHICLES REPLACEMENT PARTS","COMMERCIAL VEHICLES INTERIOR","VEHICLE_WINDOW_LOCK_HANDLES","1","27","0","0,001","0","0"
"VEHICLE PARTS & ACCESSORIES","ACC AGRO VEHICLES & EQUIPMENT","AGRO EQUIPMENT","MACHINERY","AGRICULTURAL_AERATORS","1","27","0","0,001","0","0"
"OTHERS","ANTIQUES & HOBBIES","ANTIQUES & HOBBIES","ANTIQUES & HOBBIES","ANTIQUE_CASH_REGISTERS","1","282","0","0,01","0","0,05"
"HOME ELECTRONICS","AUDIO & GENERAL ELECTRONICS","ELECTRONIC, TOOLS & COMPONENTS","ELECTRONIC TOOLS","ELECTRONIC_FREEZE_SPRAYS","1","27","0","0,001","0","0"
"CONSTRUCTION & INDUSTRY","INDUSTRY","COMMERCE EQUIPMENT","COMMERCE EQUIPMENT","SHOPPING_CARTS","1","0","0","0","0","0"
"VEHICLE PARTS & ACCESSORIES","ACC CARS & VANS","CARS & VANS ACCESSORIES","CARS & VANS ACCESSORIES EXTERIOR","VEHICLE_ENGINE_CRANKSHAFT_MOUNTING_BOLTS","1","31","0","0,001","0","0"
"SPORTS","WATER SPORTS","OTHER WATER SPORTS","OTHER WATER SPORTS","SUP_BOARDS","1","31","0","0,002","0","0,001"
"SPORTS","CYCLING AND OTHERS","BICYCLES ACCESORIES AND SPARE PARTS","BICYCLES ACCESORIES AND SPARE PARTS","BICYCLE_SPRING_SUSPENSIONS","1","32","0","0,002","0","0,001"
"VEHICLE PARTS & ACCESSORIES","ACC CARS & VANS","CARS & VANS REPLACEMENT PARTS","CARS & VANS OTHERS","VEHICLE_ENGINE_INTAKE_SEALS","1","31","0","0,001","0","0"
"CONSTRUCTION & INDUSTRY","TOOLS","MEASURING TOOLS","AMBIENT","DIGITAL_RAIN_GAUGES","1","808","0","0","0,001","0,004"
"VEHICLE PARTS & ACCESSORIES","ACC MOTORCYCLES","MOTORCYCLE REPLACEMENT PARTS","MOTORCYCLE OTHERS","VEHICLE_TRANSMISSION_SHIFT_BEZELS","1","30","0","0,001","0","0"
"VEHICLE PARTS & ACCESSORIES","ACC CARS & VANS","CARS & VANS REPLACEMENT PARTS","CARS & VANS OTHERS","VEHICLE_ELEC_WIRING_PIGTAILS","1","30","0","0,001","0","0"
"VEHICLE PARTS & ACCESSORIES","ACC CARS & VANS","CARS & VANS REPLACEMENT PARTS","CARS & VANS STEERING & SUSPENSION","VEHICLE_POWER_BRAKE_BOOSTERS","1","30","0","0,001","0","0"
"OTHERS","OTHER","OTHER","OTHER","KINDERGARTEN_KITS","1","22","0","0,01","0","0,004"
"HOME ELECTRONICS","SMALL APPLIANCES","KITCHEN","MEAL & DRINK MAKERS","MANUAL_DONUT_MAKERS","1","20","0","0,001","0","0"
"VEHICLE PARTS & ACCESSORIES","ACC CARS & VANS","CARS & VANS REPLACEMENT PARTS","CARS & VANS STEERING & SUSPENSION","VEHICLE_DIFFERENTIAL_COOLER_HOSES","1","279","0","0,001","0","0,003"
"VEHICLE PARTS & ACCESSORIES","ACC CARS & VANS","CARS & VANS REPLACEMENT PARTS","CARS & VANS ENGINE","CARBURETOR_GASKET_SETS","1","22","0","0,001","0","0"
"ENTERTAINMENT","MUSICAL INSTRUMENTS","MUSICAL KEYBOARDS","PIANOS & ORGANS","PIANO_TUNING_TOOLS","1","20","0","0,003","0","0,001"
"T & B","TOYS AND GAMES","LIFELIKE TOYS","LIFELIKE TOYS","GEL_BLASTER_AMMUNITIONS","1","20","0","0,002","0","0,001"
"OTHERS","OTHER","TATOOS","TATOOS","TATTOO_ARMRESTS","1","202","0","0,01","0","0,036"
"VEHICLE PARTS & ACCESSORIES","ACC CARS & VANS","CARS & VANS REPLACEMENT PARTS","CARS & VANS OTHERS","VEHICLE_REAR_QUARTER_WINDOW_GLASSES","1","0","0","0,001","0","0"
"T & B","TOYS AND GAMES","TOY VEHICLES","NON REMOTE CONTROL VEHICLES","MODEL_HELMETS","1","0","0","0,002","0","0"
"VEHICLE PARTS & ACCESSORIES","ACC CARS & VANS","CARS & VANS REPLACEMENT PARTS","CARS & VANS STEERING & SUSPENSION","OTHER_VEHICLE_SHOCK_ABSORBER_KITS","1","198","0","0,001","0","0,002"
"VEHICLE PARTS & ACCESSORIES","ACC CARS & VANS","CARS & VANS REPLACEMENT PARTS","CARS & VANS OTHERS","VEHICLE_CRUISE_CONTROL_UNITS","1","840","0","0,001","0,001","0,01"
"ENTERTAINMENT","MUSICAL INSTRUMENTS","WIND INSTRUMENTS","TRUMPETS, TROMBONES & SIMILARS","TROMBONES","1","26","0","0,003","0","0,001"
"SPORTS","WATER SPORTS","OTHER WATER SPORTS","OTHER WATER SPORTS","KAYAK_SEATS","1","26","0","0,002","0","0,001"
"CONSTRUCTION & INDUSTRY","INDUSTRY","ADVERTISEMENT & GRAPHIC DESIGN","ADVERTISEMENT & GRAPHIC DESIGN","ADVERTISING_INFLATABLES","1","0","0","0","0","0"
"VEHICLE PARTS & ACCESSORIES","ACC MOTORCYCLES","MOTORCYCLE REPLACEMENT PARTS","MOTORCYCLE ENGINE","MOTORCYCLE_RADIATOR_FANS","1","200","0","0,001","0","0,002"
"VEHICLE PARTS & ACCESSORIES","ACC CARS & VANS","CARS & VANS REPLACEMENT PARTS","CARS & VANS TRANSMISSION","VEHICLE_TRANSMISSION_REVERSE_SHIFT_FORKS","1","25","0","0,001","0","0"
"VEHICLE PARTS & ACCESSORIES","ACC CARS & VANS","CARS & VANS REPLACEMENT PARTS","CARS & VANS OTHERS","VEHICLE_INTERIOR_CONSOLE_TRIM_PANELS","1","0","0","0,001","0","0"
"VEHICLE PARTS & ACCESSORIES","ACC CARS & VANS","CARS & VANS REPLACEMENT PARTS","CARS & VANS OTHERS","VEHICLE_BRAKE_DECELERATION_SENSORS","1","0","0","0,001","0","0"
"CONSTRUCTION & INDUSTRY","CONSTRUCTION","CONSTRUCTION MACHINERY & ACC","OTHER MACHINERY","TAMPING_RAMMERS","1","0","0","0","0","0"
"VEHICLE PARTS & ACCESSORIES","ACC NAUTICAL VEHICLES","NAUTICAL OUTBOARD MOTORS","NAUTICAL OUTBOARD MOTORS","OUTBOARD_MOTOR_GEARS","1","0","0","0,001","0","0"
"VEHICLE PARTS & ACCESSORIES","ACC CARS & VANS","CARS & VANS REPLACEMENT PARTS","CARS & VANS OTHERS","VEHICLE_ELECTRICAL_GENERATORS","1","0","0","0,001","0","0"
"VEHICLE PARTS & ACCESSORIES","ACC COMMERCIAL VEHICLES","COMMERCIAL VEHICLES REPLACEMENT PARTS","COMMERCIAL VEHICLES STEERING & SUSPENSION","OTHER_VEHICLE_SWAY_BAR_LINKS","1","0","0","0,001","0","0"
"FURNISHING & HOUSEWARE","FURNITURE","LIVING & DININGROOM FURNITURE","LIVINGROOM SETS","LIVING_ROOM_KITS","1","0","0","0","0","0"
"VEHICLE PARTS & ACCESSORIES","ACC CARS & VANS","CARS & VANS ACCESSORIES","CARS & VANS ACCESSORIES EXTERIOR","VEHICLE_TRIM_STRIPS","1","0","0","0,001","0","0"
"HOME ELECTRONICS","SMALL APPLIANCES","HOUSING & CLEANING","SEWING MACHINE","EMBROIDERY_MACHINES","1","0","0","0,001","0","0"
"T & B","TOYS AND GAMES","MOUNTABLE TOY VEHICLES","POWERED RIDE ON VEHICULES","POWERED_RIDE_ON_TOYS","1","0","0","0,002","0","0"
"TECHNOLOGY","IT PERIPHERALS, PARTS & ACCESSORIES","STORAGE","FLOPPY DISKS","FLOPPY_DRIVE_EMULATORS","1","1060","0","0,001","0,001","0,004"
"CONSTRUCTION & INDUSTRY","INDUSTRY","INDUSTRY GENERAL EQUIPMENT","INDUSTRY GENERAL EQUIPMENT","FLOOR_CRANES","1","0","0","0","0","0"
"CONSTRUCTION & INDUSTRY","INDUSTRY","GASTRONOMY & HOSPITALITY","GASTRONOMY & HOSPITALITY","ELECTRIC_DOUGH_SHEETERS","1","0","0","0","0","0"
"VEHICLE PARTS & ACCESSORIES","ACC CARS & VANS","CARS & VANS REPLACEMENT PARTS","CARS & VANS OTHERS","VEHICLE_SUSPENSION_COMPRESSORS","1","0","0","0,001","0","0"
"VEHICLE PARTS & ACCESSORIES","ACC CARS & VANS","CARS & VANS REPLACEMENT PARTS","CARS & VANS OTHERS","VEHICLE_DIFFUSERS","1","0","0","0,001","0","0"
"CPG","FOODS","BREAKFAST & CEREALS","COFFEE","SMOOTHIES","1","215","0","0","0","0,002"
"VEHICLE PARTS & ACCESSORIES","ACC CARS & VANS","CARS & VANS REPLACEMENT PARTS","CARS & VANS OTHERS","VEHICLE_TRANS_VALVE_BODY_GASKETS","1","216","0","0,001","0","0,003"
"CONSTRUCTION & INDUSTRY","INDUSTRY","INDUSTRY GENERAL EQUIPMENT","INDUSTRY GENERAL EQUIPMENT","MANUAL_TROLLEYS","1","240","0","0","0","0,001"
"VEHICLE PARTS & ACCESSORIES","ACC CARS & VANS","CARS & VANS REPLACEMENT PARTS","CARS & VANS OTHERS","VEHICLE_DRIVESHAFT_FLEX_JOINTS","1","0","0","0,001","0","0"
"VEHICLE PARTS & ACCESSORIES","OILS & FILTERS","OILS & FILTERS KITS","AGRO FILTER KITS","VEHICLE_TRANSMISSION_FILTERS","1","0","0","0,001","0","0"
"VEHICLE PARTS & ACCESSORIES","ACC CARS & VANS","CARS & VANS REPLACEMENT PARTS","CARS & VANS ENGINE","VEHICLE_ENGINE_GEARS","1","0","0","0,001","0","0"
"HEALTH","HEALTH GOODS","EROTIC","EROTIC CLOTHING & COSTUMES","EROTIC_EDIBLE_LINGERIE_SETS","1","0","0","0,001","0","0"
"CONSTRUCTION & INDUSTRY","HOME OUTDOORS","SUN & RAIN COVERS","AWNINGS, EAVES & OUTDOOR BLINDS","OUTDOOR_BLINDS_AND_CURTAINS","1","0","0","0","0","0"
"CONSTRUCTION & INDUSTRY","TOOLS","GARDEN TOOLS","GARDEN SAWS","ELECTRIC_POLE_SAWS","1","0","0","0","0","0"
"VEHICLE PARTS & ACCESSORIES","ACC CARS & VANS","CARS & VANS REPLACEMENT PARTS","CARS & VANS EXHAUST","VEHICLE_EXHAUST_PIPE_SPOUTS","1","0","0","0,001","0","0"
"HEALTH","HEALTH GOODS","HEALTH PROFESSIONAL","MEDICAL SPECIALIZED EQUIPMENT","OPHTHALMOSCOPES","1","222","0","0,001","0","0,003"
"VEHICLE PARTS & ACCESSORIES","ACC CARS & VANS","CARS & VANS REPLACEMENT PARTS","CARS & VANS ENGINE","VEHICLE_VOLTAGE_CONVERTERS","1","0","0","0,001","0","0"
"CONSTRUCTION & INDUSTRY","CONSTRUCTION","DOOR, WINDOW & FENCES","WINDOWS & SKYLIGHTS","SKYLIGHTS","1","0","0","0","0","0"
"TECHNOLOGY","SMARTPHONES & TABLETS","ACCESSORIES & PARTS FOR COMMUNICATION","TELEPHONES ACCESSORIES","CALL_BLOCKERS","1","0","0","0,001","0","0"
"ENTERTAINMENT","MUSICAL INSTRUMENTS","MUSICAL AUDIO","TURNTABLE","CONTROL_VINYLS","1","0","0","0,003","0","0"
"VEHICLE PARTS & ACCESSORIES","ACC CARS & VANS","CARS & VANS REPLACEMENT PARTS","CARS & VANS OTHERS","VEHICLE_ENGINE_CONNECTING_ROD_BOLTS","1","239","0","0,001","0","0,003"
"VEHICLE PARTS & ACCESSORIES","ACC CARS & VANS","CARS & VANS REPLACEMENT PARTS","CARS & VANS STEERING & SUSPENSION","VEHICLE_FUEL_INJECTOR_MODULES","1","0","0","0,001","0","0"
"VEHICLE PARTS & ACCESSORIES","ACC CARS & VANS","CARS & VANS REPLACEMENT PARTS","CARS & VANS STEERING & SUSPENSION","VEHICLE_TRANSMISSION_INPUT_SHAFTS","1","0","0","0,001","0","0"
"VEHICLE PARTS & ACCESSORIES","ACC CARS & VANS","CARS & VANS REPLACEMENT PARTS","CARS & VANS STEERING & SUSPENSION","VEHICLE_DOOR_SHELLS","1","0","0","0,001","0","0"
"SPORTS","OTHER SPORTS","AMERICAN FOOTBALL","AMERICAN FOOTBALL","AMERICAN_FOOTBALL_GLOVES","1","0","0","0,002","0","0"
"ENTERTAINMENT","MUSICAL INSTRUMENTS","PERCUSION INSTRUMENTS","DRUMS & ACCESSORIES","PERCUSSION_TOMS","1","0","0","0,003","0","0"
"VEHICLE PARTS & ACCESSORIES","ACC CARS & VANS","CARS & VANS ACCESSORIES","CARS & VANS ACCESSORIES EXTERIOR","VEHICLE_ROOF_CONSOLES","1","950","0","0,001","0,001","0,011"
"ENTERTAINMENT","MUSICAL INSTRUMENTS","STRING INSTRUMENTS","GUITARS & ACCESSORIES","BASS_GUITARS","1","0","0","0,003","0","0"
"VEHICLE PARTS & ACCESSORIES","ACC CARS & VANS","CARS & VANS REPLACEMENT PARTS","CARS & VANS STEERING & SUSPENSION","VEHICLE_BRAKE_BOOSTER_INLET_PIPES","1","210","0","0,001","0","0,003"
"HEALTH","HEALTH GOODS","HEALTH PROFESSIONAL","MEDICAL SPECIALIZED EQUIPMENT","DIGITAL_SPIROMETERS","1","0","0","0,001","0","0"
"VEHICLE PARTS & ACCESSORIES","ACC MOTORCYCLES","MOTORCYCLE REPLACEMENT PARTS","MOTORCYCLE OTHERS","VEHICLE_AC_WIDE_THROTTLE_CUTOFF_SWITCHES","1","0","0","0,001","0","0"
"CONSTRUCTION & INDUSTRY","INDUSTRY","INDUSTRY GENERAL EQUIPMENT","INDUSTRY GENERAL EQUIPMENT","PDA","1","0","0","0","0","0"
"CONSTRUCTION & INDUSTRY","TOOLS","POWER TOOLS","OTHER POWER TOOLS","ELECTRIC_RIVET_GUNS","1","0","0","0","0","0"
"VEHICLE PARTS & ACCESSORIES","ACC NAUTICAL VEHICLES","NAUTICAL REPLACEMENT PARTS","NAUTICAL CLIMATIZATION","NAUTICAL_AIR_BLOWERS","1","0","0","0,001","0","0"
"VEHICLE PARTS & ACCESSORIES","ACC CARS & VANS","CARS & VANS REPLACEMENT PARTS","CARS & VANS OTHERS","VEHICLE_TRANSMISSION_MANUAL_REBUILD_KITS","1","0","0","0,001","0","0"
"CONSTRUCTION & INDUSTRY","INDUSTRY","ADVERTISEMENT & GRAPHIC DESIGN","ADVERTISEMENT & GRAPHIC DESIGN","MANUAL_CREASERS","1","255","0","0","0","0,001"
"ENTERTAINMENT","MUSICAL INSTRUMENTS","PERCUSION INSTRUMENTS","LITTLE PERCUSSION INSTRUMENTS","BERIMBAUS","1","0","0","0,003","0","0"
"VEHICLE PARTS & ACCESSORIES","ACC CARS & VANS","CARS & VANS REPLACEMENT PARTS","CARS & VANS OTHERS","VEHICLE_ENGINE_COOLING_FAN_BLADES","1","0","0","0,001","0","0"
"VEHICLE PARTS & ACCESSORIES","ACC CARS & VANS","CARS & VANS REPLACEMENT PARTS","CARS & VANS OTHERS","VEHICLE_DRIVELINE_CENTER_SUPPORT_BEARINGS","1","0","0","0,001","0","0"
"T & B","TOYS AND GAMES","MODELISM","MODELISM","MODEL_AIRCRAFT_COMBUSTION_MOTORS","1","0","0","0,002","0","0"
"VEHICLE PARTS & ACCESSORIES","ACC CARS & VANS","CARS & VANS REPLACEMENT PARTS","CARS & VANS OTHERS","VEHICLE_AXLE_CLAMPS","1","0","0","0,001","0","0"
"HEALTH","HEALTH GOODS","EROTIC","EROTIC COSMESTIC & PERSONAL CARE","EROTIC_PERFUMES","1","1092","0","0,001","0,001","0,013"
"VEHICLE PARTS & ACCESSORIES","OILS & FILTERS","OILS","COMMERCIAL VEHICLES OILS","VEHICLE_ENGINE_OIL_COOLER_LINES","1","0","0","0,001","0","0"
"FURNISHING & HOUSEWARE","DECOR","ORNAMENTS","ORNAMENTS","DECORATIVE_CAGES","1","0","0","0","0","0"
"HOME ELECTRONICS","TELEVISIONS & STREAMING DEVICES","TELEVISIONS ACCESSORIES","TELEVISIONS ACCESSORIES","TV_TUNERS","1","0","0","0,001","0","0"
"VEHICLE PARTS & ACCESSORIES","ACC CARS & VANS","CARS & VANS REPLACEMENT PARTS","CARS & VANS OTHERS","VEHICLE_RUNNING_BOARDS","1","0","0","0,001","0","0"
"VEHICLE PARTS & ACCESSORIES","ACC CARS & VANS","CARS & VANS REPLACEMENT PARTS","CARS & VANS OTHERS","VEHICLE_INTERCOOLERS","1","0","0","0,001","0","0"
"VEHICLE PARTS & ACCESSORIES","ACC CARS & VANS","CARS & VANS ACCESSORIES","CARS & VANS ACCESSORIES INTERIOR","VEHICLE_INTERIOR_DASHBOARD_PROTECTIVE_COVERS","1","0","0","0,001","0","0"
"HOME ELECTRONICS","HEATING, COOLING & AIR QUALITY","COOLING","AIR CONDITIONERS","AIR_CONDITIONERS","1","0","0","0,001","0","0"
"HOME ELECTRONICS","HEATING, COOLING & AIR QUALITY","HEATING, COOLING & AIR QUALITY","HEATING","KEROSENE_HEATERS","1","214","0","0,001","0","0,003"
"CONSTRUCTION & INDUSTRY","TOOLS","GARDEN TOOLS","OTHER GARDEN TOOLS","GARDEN_COMBUSTION_AUGERS","1","0","0","0","0","0"
"VEHICLE PARTS & ACCESSORIES","ACC CARS & VANS","CARS & VANS REPLACEMENT PARTS","CARS & VANS OTHERS","VEHICLE_EMISSION_CO2_PUSH_SWITCHES","1","949","0","0,001","0,001","0,011"
"VEHICLE PARTS & ACCESSORIES","ACC NAUTICAL VEHICLES","NAUTICAL EQUIPMENT","NAUTICAL EQUIPMENT EXTERIOR","NAUTICAL_ANODES","1","0","0","0,001","0","0"
"VEHICLE PARTS & ACCESSORIES","ACC CARS & VANS","CARS & VANS REPLACEMENT PARTS","CARS & VANS ENGINE","VEHICLE_ENGINE_OIL_PRESSURE_GAUGES","1","247","0","0,001","0","0,003"
"CONSTRUCTION & INDUSTRY","TOOLS","BOXES AND ORGANIZERS","CARTS","TOOL_CARTS","1","0","0","0","0","0"
"TECHNOLOGY","CAMERAS & DRONES","CAMERA ACCESSORIES","OTHER CAMERA ACCESSORIES","PHOTOCOPIER_DEVELOPERS","1","251","0","0,001","0","0,001"
"VEHICLE PARTS & ACCESSORIES","ACC CARS & VANS","CARS & VANS REPLACEMENT PARTS","CARS & VANS STEERING & SUSPENSION","VEHICLE_STEERING_GEAR_BEARINGS","1","0","0","0,001","0","0"
"CPG","PET","PET FOOD & TREATS","OTHER PET FOOD & TREATS","ANIMAL_PASTURE_BALES","1","0","0","0","0","0"
"VEHICLE PARTS & ACCESSORIES","ACC CARS & VANS","CARS & VANS REPLACEMENT PARTS","CARS & VANS EXHAUST","VEHICLE_EXHAUST_Y_PIPES","1","0","0","0,001","0","0"
"VEHICLE PARTS & ACCESSORIES","ACC CARS & VANS","CARS & VANS REPLACEMENT PARTS","CARS & VANS STEERING & SUSPENSION","VEHICLE_POWER_STEERING_PUMP_BRACKETS","1","0","0","0,001","0","0"
"VEHICLE PARTS & ACCESSORIES","ACC CARS & VANS","CARS & VANS ACCESSORIES","CARS & VANS ACCESSORIES EXTERIOR","TIRE_SNOW_CHAINS","1","0","0","0,001","0","0"
"CONSTRUCTION & INDUSTRY","INDUSTRY","INDUSTRY GENERAL EQUIPMENT","INDUSTRY GENERAL EQUIPMENT","METAL_FOUNDRY_FURNACES","1","79","0","0","0","0"
"CONSTRUCTION & INDUSTRY","TOOLS","GARDEN TOOLS","ACCESSORIES AND SPARE PARTS","LAWN_MOWER_HOUSINGS","1","79","0","0","0","0"
"TECHNOLOGY","IT PERIPHERALS, PARTS & ACCESSORIES","PERIPHERALS ACCESSORIES","NOTEBOOK ACCESSORIES","TRACKPOINT_CAPS","1","80","0","0,001","0","0"
"VEHICLE PARTS & ACCESSORIES","ACC CARS & VANS","CARS & VANS REPLACEMENT PARTS","CARS & VANS OTHERS","VEHICLE_DOOR_LOCKS","1","79","0","0,001","0","0,001"
"VEHICLE PARTS & ACCESSORIES","ACC CARS & VANS","CARS & VANS REPLACEMENT PARTS","CARS & VANS OTHERS","OTHER_VEHICLE_MOLDINGS","1","79","0","0,001","0","0,001"
"SPORTS","MOUNTAIN & OUTDOORS","CAMPING","GEAR & EQUIPMENT","GAS_LANTERNS","1","78","0","0,002","0","0,002"
"SPORTS","WATER SPORTS","SWIMMING","SWIMMING","FLOATING_BELTS","1","77","0","0,002","0","0,002"
"SPORTS","SPORTS ACCESSORIES","SPORTS ACCESSORIES","SPORTS ACCESSORIES","PEDOMETERS","1","78","0","0,002","0","0,002"
"VEHICLE PARTS & ACCESSORIES","OILS & FILTERS","OILS","MOTORCYCLE OILS","VEHICLE_ENGINE_OIL_PAN_GASKETS","1","78","0","0,001","0","0,001"
"SPORTS","WATER SPORTS","SURF","SURF","NEOPRENE_HOODS","1","154","0","0,002","0","0,004"
"VEHICLE PARTS & ACCESSORIES","ACC CARS & VANS","CARS & VANS REPLACEMENT PARTS","CARS & VANS OTHERS","VEHICLE_ELECTRICAL_DOOR_CONTROL_UNITS","1","90","0","0,001","0","0,001"
"CONSTRUCTION & INDUSTRY","TOOLS","INDUSTRY TOOLS","INDUSTRY TOOLS","TILLERS","1","700","0","0","0,001","0,003"
"SPORTS","WATER SPORTS","DIVING","DIVING","DIVING_COMPUTERS","1","154","0","0,002","0","0,004"
"VEHICLE PARTS & ACCESSORIES","ACC CARS & VANS","CARS & VANS REPLACEMENT PARTS","CARS & VANS OTHERS","VEHICLE_DOOR_LIFT_SUPPORTS","1","89","0","0,001","0","0,001"
"VEHICLE PARTS & ACCESSORIES","ACC CARS & VANS","CARS & VANS REPLACEMENT PARTS","CARS & VANS OTHERS","VEHICLE_ELECTRICAL_BATTERY_INSULATORS","1","85","0","0,001","0","0,001"
"TECHNOLOGY","IT PERIPHERALS, PARTS & ACCESSORIES","PERIPHERALS ACCESSORIES","CABLES & ACCESSORIES","HDMI_SYNC_BOXES","1","1622","0","0,001","0,001","0,006"
"VEHICLE PARTS & ACCESSORIES","ACC CARS & VANS","CARS & VANS REPLACEMENT PARTS","CARS & VANS ENGINE","VEHICLE_COOLING_SYSTEM_CHECK_VALVES","1","395","0","0,001","0","0,005"
"CONSTRUCTION & INDUSTRY","TOOLS","GARDEN TOOLS","ACCESSORIES AND SPARE PARTS","GRASS_CATCHER_BAGS_AND_BASKETS","1","86","0","0","0","0"
"TECHNOLOGY","IT PERIPHERALS, PARTS & ACCESSORIES","PERIPHERALS ACCESSORIES","PC ACCESSORIES","DESKTOP_COMPUTER_COVER_KITS","1","76","0","0,001","0","0"
"VEHICLE PARTS & ACCESSORIES","ACC CARS & VANS","CARS & VANS REPLACEMENT PARTS","CARS & VANS STEERING & SUSPENSION","VEHICLE_TRAILER_RECEIVER_HITCHES","1","365","0","0,001","0","0,004"
"VEHICLE PARTS & ACCESSORIES","ACC MOTORCYCLES","MOTORCYCLE REPLACEMENT PARTS","MOTORCYCLE OTHERS","VEHICLE_VAPOR_CANISTER_PURGE_VALVES","1","359","0","0,001","0","0,004"
"VEHICLE PARTS & ACCESSORIES","ACC CARS & VANS","CARS & VANS REPLACEMENT PARTS","CARS & VANS OTHERS","VEHICLE_LIGHT_GUARDS","1","70","0","0,001","0","0,001"
"CONSTRUCTION & INDUSTRY","INDUSTRY","GASTRONOMY & HOSPITALITY","GASTRONOMY & HOSPITALITY","HOT_FOOD_DISPLAY_CASES","1","368","0","0","0","0,002"
"HEALTH","HEALTH GOODS","HEALTH PROFESSIONAL","MEDICAL SPECIALIZED EQUIPMENT","NEGATOSCOPES","1","68","0","0,001","0","0,001"
"SPORTS","OTHER SPORTS","OTHER SPORTS","OTHER SPORTS","EQUESTRIAN_SPORT_HELMETS","1","350","0","0,002","0","0,01"
"HEALTH","HEALTH GOODS","HEALTH PROFESSIONAL","MEDICAL SPECIALIZED EQUIPMENT","WHEELCHAIR_ARMRESTS","1","66","0","0,001","0","0,001"
"TECHNOLOGY","IT PERIPHERALS, PARTS & ACCESSORIES","PERIPHERALS ACCESSORIES","PC ACCESSORIES","COMPUTER_MOTION_CONTROLLERS","1","66","0","0,001","0","0"
"TECHNOLOGY","IT APPLIANCES","PROJECTOR ACCESSORIES & PARTS","PROJECTOR ACCESSORIES & PARTS","PROJECTOR_MOTHERBOARDS","1","350","0","0,001","0","0,001"
"VEHICLE PARTS & ACCESSORIES","ACC CARS & VANS","CARS & VANS REPLACEMENT PARTS","CARS & VANS STEERING & SUSPENSION","VEHICLE_ENGINE_SKID_PLATES","1","74","0","0,001","0","0,001"
"ENTERTAINMENT","MUSICAL INSTRUMENTS","PERCUSION INSTRUMENTS","DRUMS & ACCESSORIES","BOMBOS","1","389","0","0,003","0","0,016"
"T & B","BABY","BABY BEDROOM","CRIBS, BASSINETS & MOSES","BABY_CRIBS_AND_BASSINETS","1","76","0","0,002","0","0,002"
"SPORTS","OTHER MAINSTREAM SPORTS","GOLF","GOLF","GOLF_TEES","1","74","0","0,002","0","0,002"
"VEHICLE PARTS & ACCESSORIES","ACC CARS & VANS","CARS & VANS REPLACEMENT PARTS","CARS & VANS OTHERS","VEHICLE_INTERIOR_SEAT_ARMRESTS","1","73","0","0,001","0","0,001"
"VEHICLE PARTS & ACCESSORIES","ACC CARS & VANS","CARS & VANS REPLACEMENT PARTS","CARS & VANS STEERING & SUSPENSION","VEHICLE_DRIVETRAIN_CV_JOINT_REPAIR_KITS","1","70","0","0,001","0","0,001"
"CONSTRUCTION & INDUSTRY","TOOLS","GARDEN TOOLS","ACCESSORIES AND SPARE PARTS","SOIL_THERMOMETERS","1","70","0","0","0","0"
"VEHICLE PARTS & ACCESSORIES","ACC CARS & VANS","CARS & VANS REPLACEMENT PARTS","CARS & VANS STEERING & SUSPENSION","VEHICLE_WHEEL_ARCH_MOLDINGS","1","383","0","0,001","0","0,005"
"VEHICLE PARTS & ACCESSORIES","ACC CARS & VANS","CARS & VANS REPLACEMENT PARTS","CARS & VANS OTHERS","VEHICLE_LIFTGATE_LOCKS","1","71","0","0,001","0","0,001"
"VEHICLE PARTS & ACCESSORIES","ACC CARS & VANS","CARS & VANS REPLACEMENT PARTS","CARS & VANS OTHERS","VEHICLE_EMISSION_EGR_VALVE_GASKETS","1","114","0","0,001","0","0,001"
"VEHICLE PARTS & ACCESSORIES","ACC CARS & VANS","CARS & VANS REPLACEMENT PARTS","CARS & VANS OTHERS","VEHICLE_POWER_STEERING_PUMP_PULLEYS","1","526","0","0,001","0","0,006"
"HOME ELECTRONICS","SMALL APPLIANCES","KITCHEN","ELECTRIC KITCHEN TOOLS","GAS_BOILERS","1","520","0","0,001","0","0,008"
"SPORTS","OTHER SPORTS","SPORTS SHOOTING AND ARCHERY","ARCHERY","BLOWGUNS","1","133","0","0,002","0","0,004"
"CONSTRUCTION & INDUSTRY","INDUSTRY","ADVERTISEMENT & GRAPHIC DESIGN","ADVERTISEMENT & GRAPHIC DESIGN","SCREEN_PRINTING_MACHINES","1","113","0","0","0","0,001"
"CPG","PET","PET HOUSES, TOYS & FASHION","PET HOUSE EQUIPMENT","AQUARIUM_BASES","1","110","0","0","0","0,001"
"FURNISHING & HOUSEWARE","FURNITURE","BEDROOM FURNITURE","BEDS, HEADBOARDS & NIGHT STANDS","BEDROOM_KITS","1","110","0","0","0","0,001"
"CONSTRUCTION & INDUSTRY","INDUSTRY","INDUSTRY GENERAL EQUIPMENT","INDUSTRY GENERAL EQUIPMENT","EDM_MACHINES","1","540","0","0","0","0,003"
"CONSTRUCTION & INDUSTRY","CONSTRUCTION","CONSTRUCTION MACHINERY & ACC","CONCRET, PLASTER & BLOCK MACHINERY","BLOCK_MAKING_MACHINES","1","140","0","0","0","0,001"
"VEHICLE PARTS & ACCESSORIES","ACC NAUTICAL VEHICLES","NAUTICAL OUTBOARD MOTORS","NAUTICAL OUTBOARD MOTORS","ELECTRIC_OUTBOARD_MOTORS","1","121","0","0,001","0","0,001"
"VEHICLE PARTS & ACCESSORIES","ACC CARS & VANS","CARS & VANS ACCESSORIES","CARS & VANS ACCESSORIES INTERIOR","VEHICLE_CAPS","1","126","0","0,001","0","0,002"
"FURNISHING & HOUSEWARE","HOUSEHOLD ITEMS","BAR, WINE & ACC","BAR SETS & ACC","ELECTRIC_BEER_DISPENSERS","1","121","0","0","0","0,001"
"VEHICLE PARTS & ACCESSORIES","ACC CARS & VANS","CARS & VANS REPLACEMENT PARTS","CARS & VANS OTHERS","OTHER_VEHICLE_SWAY_BARS","1","124","0","0,001","0","0,001"
"ENTERTAINMENT","MUSICAL INSTRUMENTS","PERCUSION INSTRUMENTS","LITTLE PERCUSSION INSTRUMENTS","MUSICAL_COWBELLS","1","120","0","0,003","0","0,005"
"VEHICLE PARTS & ACCESSORIES","ACC NAUTICAL VEHICLES","NAUTICAL REPLACEMENT PARTS","NAUTICAL PUMPS","MACERATOR_PUMPS","1","117","0","0,001","0","0,001"
"VEHICLE PARTS & ACCESSORIES","ACC CARS & VANS","CARS & VANS REPLACEMENT PARTS","CARS & VANS STEERING & SUSPENSION","VEHICLE_FENDER_BRACKETS","1","117","0","0,001","0","0,001"
"ENTERTAINMENT","MUSICAL INSTRUMENTS","WIND INSTRUMENTS","SAXOPHONES","SAXOPHONES","1","119","0","0,003","0","0,005"
"VEHICLE PARTS & ACCESSORIES","ACC CARS & VANS","CARS & VANS REPLACEMENT PARTS","CARS & VANS OTHERS","OTHER_VEHICLE_DIFFERENTIALS","1","3249","0","0,001","0,003","0,039"
"CONSTRUCTION & INDUSTRY","INDUSTRY","INDUSTRY GENERAL EQUIPMENT","INDUSTRY GENERAL EQUIPMENT","INDUSTRIAL_LIQUID_CHILLERS","1","110","0","0","0","0,001"
"VEHICLE PARTS & ACCESSORIES","ACC AGRO VEHICLES & EQUIPMENT","AGRO REPLACEMENT PARTS","AGRO ELECTRONICS","VEHICLE_DISTRIBUTOR_PICKUP_COILS","1","150","0","0,001","0","0,002"
"VEHICLE PARTS & ACCESSORIES","ACC AGRO VEHICLES & EQUIPMENT","AGRO EQUIPMENT","BEEKEEPING","BEEKEEPING_SMOKERS","1","427","0","0,001","0","0,005"
"VEHICLE PARTS & ACCESSORIES","ACC CARS & VANS","CARS & VANS REPLACEMENT PARTS","CARS & VANS ENGINE","VEHICLE_ENGINE_BLOCKS","1","599","0","0,001","0","0,007"
"VEHICLE PARTS & ACCESSORIES","ACC AGRO VEHICLES & EQUIPMENT","AGRO EQUIPMENT","BEEKEEPING","BEEKEEPING_FRAME_HANDLING_LEVERS","1","646","0","0,001","0,001","0,008"
"VEHICLE PARTS & ACCESSORIES","ACC MOTORCYCLES","MOTORCYCLE ACCESSORIES","MOTORCYCLE ACCESSORIES EXTERIOR","ALL_TERRAIN_VEHICLE_FOOT_PEGS_AND_NERF_BARS","1","97","0","0,001","0","0,001"
"FURNISHING & HOUSEWARE","DECOR","ORNAMENTS","ORNAMENTS","FIREPLACE_SCREENS","1","396","0","0","0","0,004"
"FURNISHING & HOUSEWARE","FURNITURE","FURNITURE SPARE PARTS & ACC","FURNITURE SPARE PARTS & ACC","TABLE_BASES","1","92","0","0","0","0,001"
"FASHION","APPAREL","CLOTHING","COAT AND JACKET","SKI_AND_SNOWBOARD_JACKETS","1","400","0","0","0","0,003"
"TECHNOLOGY","CONSOLE GAMING HARDWARE","GAMES ACCESSORIES","GAME PARTS","GAME_CONSOLE_ACCESSORIES_KITS","1","95","0","0,001","0","0"
"T & B","PARTY","PARTY EQUIPMENT","PARTY MACHINES","CO2_EFFECTS_MACHINES","1","452","0","0,002","0","0,012"
"ENTERTAINMENT","MUSICAL INSTRUMENTS","PERCUSION INSTRUMENTS","DRUMS & ACCESSORIES","DRUMS","1","3816","0","0,003","0,003","0,156"
"VEHICLE PARTS & ACCESSORIES","ACC CARS & VANS","CARS & VANS REPLACEMENT PARTS","CARS & VANS STEERING & SUSPENSION","VEHICLE_MIRROR_GLASSES","1","108","0","0,001","0","0,001"
"ENTERTAINMENT","MUSICAL INSTRUMENTS","PERCUSION INSTRUMENTS","DRUMS & ACCESSORIES","DJEMBES","1","140","0","0,003","0","0,006"
"VEHICLE PARTS & ACCESSORIES","ACC CARS & VANS","CARS & VANS REPLACEMENT PARTS","CARS & VANS STEERING & SUSPENSION","VEHICLE_HVAC_CONTROL_UNITS","1","585","0","0,001","0","0,007"
"VEHICLE PARTS & ACCESSORIES","ACC CARS & VANS","CARS & VANS REPLACEMENT PARTS","CARS & VANS OTHERS","VEHICLE_TRAILER_HITCH_TOW_HOOKS","1","99","0","0,001","0","0,001"
"CONSTRUCTION & INDUSTRY","CONSTRUCTION","DOOR, WINDOW & FENCES","DOORS & GARAGE DOORS","DOORS","1","99","0","0","0","0"
"CPG","PET","PET PROFESSIONAL","PET PROFESSIONAL","FALCONRY_GLOVES","1","100","0","0","0","0,001"
"T & B","TOYS AND GAMES","MODELISM","MODELISM","MODEL_NAVAL_SUBMARINES","1","150","0","0,002","0","0,004"
"VEHICLE PARTS & ACCESSORIES","ACC CARS & VANS","CARS & VANS REPLACEMENT PARTS","CARS & VANS STEERING & SUSPENSION","VEHICLE_SUSPENSION_WIRING_HARNESS","1","300","0","0,001","0","0,004"
"SPORTS","INDOOR SPORTS","GYM","GYM MACHINES","ROWING_MACHINES","1","42","0","0,002","0","0,001"
"CPG","CPG HOME CARE","CLEANING PRODUCTS & SUPPLIES","HOUSE CLEANING PRODUCTS","COMPUTER_ANTI_STATIC_FOAMING_CLEANERS","1","44","0","0","0","0"
"T & B","PARTY","PARTY EQUIPMENT","PARTY EQUIPMENT","BALLOON_WEIGHTS","1","181","0","0,002","0","0,005"
"T & B","TOYS AND GAMES","MODELISM","MODELISM","MODEL_NAVAL_BOATS","1","185","0","0,002","0","0,005"
"VEHICLE PARTS & ACCESSORIES","ACC MOTORCYCLES","MOTORCYCLE ACCESSORIES","MOTORCYCLE ACCESSORIES BAGGAGE","MOTORCYCLE_GOGGLE_TEAR_OFFS","1","40","0","0,001","0","0"
"VEHICLE PARTS & ACCESSORIES","ACC CARS & VANS","CARS & VANS REPLACEMENT PARTS","CARS & VANS STEERING & SUSPENSION","VEHICLE_IGNITION_SYSTEM_KITS","1","40","0","0,001","0","0"
"VEHICLE PARTS & ACCESSORIES","ACC CARS & VANS","CARS & VANS REPLACEMENT PARTS","CARS & VANS OTHERS","VEHICLE_FUEL_INJECTOR_O_RINGS","1","41","0","0,001","0","0"
"SPORTS","CYCLING AND OTHERS","BICYCLES ACCESORIES AND SPARE PARTS","BICYCLES ACCESORIES AND SPARE PARTS","BICYCLE_TRAILERS","1","40","0","0,002","0","0,001"
"VEHICLE PARTS & ACCESSORIES","ACC CARS & VANS","CARS & VANS REPLACEMENT PARTS","CARS & VANS STEERING & SUSPENSION","VEHICLE_CLUTCH_CABLE_KITS","1","45","0","0,001","0","0,001"
"VEHICLE PARTS & ACCESSORIES","ACC CARS & VANS","CARS & VANS REPLACEMENT PARTS","CARS & VANS STEERING & SUSPENSION","VEHICLE_TRANSFER_CASE_SEALS","1","780","0","0,001","0,001","0,009"
"HOME ELECTRONICS","AUDIO & GENERAL ELECTRONICS","AUDIO","AMPLIFIERS & RECEIVERS","RADIOFREQUENCY_AMPLIFIERS_AND_TRANSMITTERS","1","45","0","0,001","0","0,001"
"VEHICLE PARTS & ACCESSORIES","ACC NAUTICAL VEHICLES","NAUTICAL REPLACEMENT PARTS","NAUTICAL LIGHTING","NAUTICAL_BOW_LIGHTS","1","770","0","0,001","0,001","0,009"
"VEHICLE PARTS & ACCESSORIES","ACC CARS & VANS","CARS & VANS REPLACEMENT PARTS","CARS & VANS STEERING & SUSPENSION","VEHICLE_WHEEL_CENTER_CAPS","1","45","0","0,001","0","0,001"
"CPG","FOODS","BREAKFAST & CEREALS","SWEET","CUPCAKES","1","44","0","0","0","0"
"VEHICLE PARTS & ACCESSORIES","ACC CARS & VANS","CARS & VANS REPLACEMENT PARTS","CARS & VANS OTHERS","VEHICLE_ENGINE_AUX_SHAFT_BEARING_SETS","1","181","0","0,001","0","0,002"
"VEHICLE PARTS & ACCESSORIES","ACC CARS & VANS","CARS & VANS REPLACEMENT PARTS","CARS & VANS OTHERS","VEHICLE_FUEL_INJECTOR_NOZZLES","1","45","0","0,001","0","0,001"
"BEAUTY","BEAUTY PROFESSIONAL","BEAUTY SALOON","FURNITURE","BACKWASH_UNITS","1","45","0","0,001","0","0"
"VEHICLE PARTS & ACCESSORIES","ACC CARS & VANS","CARS & VANS REPLACEMENT PARTS","CARS & VANS OTHERS","VEHICLE_INTERIOR_DOG_GUARDS","1","40","0","0,001","0","0"
"ENTERTAINMENT","MUSICAL INSTRUMENTS","STRING INSTRUMENTS","GUITARS & ACCESSORIES","ACOUSTIC_GUITARS","1","35","0","0,003","0","0,001"
"VEHICLE PARTS & ACCESSORIES","ACC CARS & VANS","CARS & VANS REPLACEMENT PARTS","CARS & VANS STEERING & SUSPENSION","VEHICLE_CRUISE_CONTROL_ACTUATOR_BRACKETS","1","35","0","0,001","0","0"
"TECHNOLOGY","CAMERAS & DRONES","CAMERA ACCESSORIES","OTHER CAMERA ACCESSORIES","CAMERA_SLIDERS","1","290","0","0,001","0","0,001"
"HEALTH","HEALTH GOODS","EROTIC","EROTIC COSMESTIC & PERSONAL CARE","EROTIC_CANDLES","1","36","0","0,001","0","0"
"CONSTRUCTION & INDUSTRY","CONSTRUCTION","BATHROOM & KITCHEN CONSTRUCTION","SANITARY WARE","SANITARY_WARE_KITS","1","35","0","0","0","0"
"VEHICLE PARTS & ACCESSORIES","ACC CARS & VANS","CARS & VANS BATTERIES","CARS & VANS BATTERIES","VEHICLE_ELECTRICAL_BATTERY_TRAYS","1","33","0","0,001","0","0"
"VEHICLE PARTS & ACCESSORIES","ACC MOTORCYCLES","MOTORCYCLE REPLACEMENT PARTS","MOTORCYCLE OTHERS","VEHICLE_EXHAUST_SYSTEM_HANGERS","1","33","0","0,001","0","0"
"VEHICLE PARTS & ACCESSORIES","ACC CARS & VANS","CARS & VANS REPLACEMENT PARTS","CARS & VANS OTHERS","VEHICLE_BAR_LIGHTS","1","290","0","0,001","0","0,003"
"VEHICLE PARTS & ACCESSORIES","OILS & FILTERS","OILS","COMMERCIAL VEHICLES OILS","VEHICLE_ENGINE_OIL_COOLER_DRAIN_PLUG_GASKETS","1","34","0","0,001","0","0"
"VEHICLE PARTS & ACCESSORIES","ACC CARS & VANS","CARS & VANS REPLACEMENT PARTS","CARS & VANS OTHERS","VEHICLE_ELECTRICAL_BATTERY_VALVE_CAPS","1","185","0","0,001","0","0,002"
"VEHICLE PARTS & ACCESSORIES","ACC CARS & VANS","CARS & VANS ACCESSORIES","CARS & VANS ACCESSORIES EXTERIOR","VEHICLE_STEERING_WHEEL_CONTROL_BUTTONS","1","39","0","0,001","0","0"
"VEHICLE PARTS & ACCESSORIES","ACC TIRES","AUTOMOTIVE TIRES","AUTOMOTIVE TIRES","VEHICLE_SPARE_TIRE_HARD_COVERS","1","40","0","0,001","0","0"
"VEHICLE PARTS & ACCESSORIES","ACC CARS & VANS","CARS & VANS REPLACEMENT PARTS","CARS & VANS STEERING & SUSPENSION","VEHICLE_HANDBRAKE_CABLES","1","298","0","0,001","0","0,004"
"VEHICLE PARTS & ACCESSORIES","ACC CARS & VANS","CARS & VANS REPLACEMENT PARTS","CARS & VANS OTHERS","VEHICLE_STARTER_REPAIR_KITS","1","39","0","0,001","0","0"
"ENTERTAINMENT","MUSICAL INSTRUMENTS","WIND INSTRUMENTS","TRUMPETS, TROMBONES & SIMILARS","TUBAS","1","292","0","0,003","0","0,012"
"TECHNOLOGY","GAMES, DIGITAL GOODS & SOFTWARE","SOFTWARE & UTILITIES","SOFTWARE & UTILITIES","DESIGN_AND_MULTIMEDIA_SOFTWARES","1","1397","0","0,001","0,001","0,005"
"HEALTH","HEALTH GOODS","EROTIC","EROTIC CLOTHING & COSTUMES","EROTIC_SOCKS_AND_PANTYHOSES","1","39","0","0,001","0","0"
"VEHICLE PARTS & ACCESSORIES","ACC NAUTICAL VEHICLES","NAUTICAL REPLACEMENT PARTS","NAUTICAL ENGINE","NAUTICAL_THROTTLE_LEVERS","1","294","0","0,001","0","0,004"
"T & B","TOYS AND GAMES","LIFELIKE TOYS","LIFELIKE TOYS","TOY_WORKBENCHES","1","60","0","0,002","0","0,002"
"VEHICLE PARTS & ACCESSORIES","ACC CARS & VANS","CARS & VANS REPLACEMENT PARTS","CARS & VANS STEERING & SUSPENSION","VEHICLE_TRANSMISSION_CASE_GASKETS","1","60","0","0,001","0","0,001"
"CONSTRUCTION & INDUSTRY","INDUSTRY","ADVERTISEMENT & GRAPHIC DESIGN","ADVERTISEMENT & GRAPHIC DESIGN","ELECTRIC_PAPER_CREASERS","1","61","0","0","0","0"
"CONSTRUCTION & INDUSTRY","INDUSTRY","INDUSTRY GENERAL EQUIPMENT","INDUSTRY GENERAL EQUIPMENT","EXTRUSION_MACHINES","1","341","0","0","0","0,002"
"VEHICLE PARTS & ACCESSORIES","ACC CARS & VANS","CARS & VANS REPLACEMENT PARTS","CARS & VANS OTHERS","VEHICLE_AXLE_4WD_ACTUATOR_KITS","1","340","0","0,001","0","0,004"
"T & B","TOYS AND GAMES","LIFELIKE TOYS","KITCHEN TOYS","TOY_PRETEND_PLAY_BLENDERS","1","57","0","0,002","0","0,002"
"VEHICLE PARTS & ACCESSORIES","ACC CARS & VANS","CARS & VANS REPLACEMENT PARTS","CARS & VANS STEERING & SUSPENSION","VEHICLE_DISC_BRAKE_PAD_HARDWARE_KITS","1","56","0","0,001","0","0,001"
"VEHICLE PARTS & ACCESSORIES","ACC CARS & VANS","CARS & VANS REPLACEMENT PARTS","CARS & VANS OTHERS","OTHER_VEHICLE_POWER_WINDOW_REGULATORS","1","58","0","0,001","0","0,001"
"VEHICLE PARTS & ACCESSORIES","ACC CARS & VANS","CARS & VANS REPLACEMENT PARTS","CARS & VANS OTHERS","VEHICLE_BRAKE_LIGHT_ASSEMBLIES","1","58","0","0,001","0","0,001"
"VEHICLE PARTS & ACCESSORIES","ACC CARS & VANS","CARS & VANS REPLACEMENT PARTS","CARS & VANS STEERING & SUSPENSION","VEHICLE_ELEC_CIRCUIT_BREAKERS","1","64","0","0,001","0","0,001"
"VEHICLE PARTS & ACCESSORIES","ACC CARS & VANS","CARS & VANS REPLACEMENT PARTS","CARS & VANS OTHERS","VEHICLE_DOOR_SKINS","1","169","0","0,001","0","0,002"
"VEHICLE PARTS & ACCESSORIES","ACC CARS & VANS","CARS & VANS REPLACEMENT PARTS","CARS & VANS STEERING & SUSPENSION","VEHICLE_CARBURETOR_METERING_JETS","1","66","0","0,001","0","0,001"
"VEHICLE PARTS & ACCESSORIES","ACC CARS & VANS","CARS & VANS REPLACEMENT PARTS","CARS & VANS STEERING & SUSPENSION","VEHICLE_STARTER_DRIVE_GEARS","1","65","0","0,001","0","0,001"
"CONSTRUCTION & INDUSTRY","INDUSTRY","INDUSTRY GENERAL EQUIPMENT","INDUSTRY GENERAL EQUIPMENT","INDUSTRIAL_POWDER_AND_LIQUID_MIXER_MACHINES","1","172","0","0","0","0,001"
"CONSTRUCTION & INDUSTRY","CONSTRUCTION","CONSTRUCTION MACHINERY & ACC","CONCRET, PLASTER & BLOCK MACHINERY","POWER_TROWELS","1","173","0","0","0","0,001"
"HEALTH","HEALTH GOODS","EROTIC","EROTIC CLOTHING & COSTUMES","EROTIC_DRESSES","1","62","0","0,001","0","0,001"
"SPORTS","INDOOR SPORTS","GYM","GYM ACCESORIES","TRAINING_MASKS","1","63","0","0,002","0","0,002"
"CONSTRUCTION & INDUSTRY","INDUSTRY","GASTRONOMY & HOSPITALITY","GASTRONOMY & HOSPITALITY","MANUAL_DOUGH_DIVIDERS","1","173","0","0","0","0,001"
"T & B","TOYS AND GAMES","MODELISM","MODELISM","MODEL_NAVAL_ACCESSORIES","1","55","0","0,002","0","0,001"
"VEHICLE PARTS & ACCESSORIES","OILS & FILTERS","OILS","COMMERCIAL VEHICLES OILS","VEHICLE_TRANSMISSION_OIL_PANS","1","180","0","0,001","0","0,002"
"VEHICLE PARTS & ACCESSORIES","ACC CARS & VANS","CARS & VANS REPLACEMENT PARTS","CARS & VANS STEERING & SUSPENSION","VEHICLE_WHEEL_TRIM_RINGS","1","313","0","0,001","0","0,004"
"VEHICLE PARTS & ACCESSORIES","ACC CARS & VANS","CARS & VANS REPLACEMENT PARTS","CARS & VANS OTHERS","VEHICLE_DRIVELINE_HARDWARE_BOLTS","1","180","0","0,001","0","0,002"
"VEHICLE PARTS & ACCESSORIES","ACC CARS & VANS","CARS & VANS REPLACEMENT PARTS","CARS & VANS TRANSMISSION","VEHICLE_THERMAL_ADHESIVE_TAPES_KITS","1","49","0","0,001","0","0,001"
"CONSTRUCTION & INDUSTRY","CONSTRUCTION","FAUCETS","SHOWER HEADS","SHOWER_PANELS","1","47","0","0","0","0"
"VEHICLE PARTS & ACCESSORIES","ACC CARS & VANS","CARS & VANS ACCESSORIES","CARS & VANS ACCESSORIES EXTERIOR","VEHICLE_TRUNK_COMPARTMENT_CARGO_TRAYS","1","46","0","0,001","0","0,001"
"CONSTRUCTION & INDUSTRY","CONSTRUCTION","CONSTRUCTION MATERIALS","HEAVY WORK","BRICKS","1","46","0","0","0","0"
"HOME ELECTRONICS","AUDIO & GENERAL ELECTRONICS","MULTIMEDIA","PARTY EFFECTS MACHINES","CONFETTI_MACHINES","1","769","0","0,001","0,001","0,012"
"SPORTS","OTHER SPORTS","SKATEBOARDS","SKATEBOARDS","ROLLER_SKATE_STOPPERS","1","46","0","0,002","0","0,001"
"CPG","FOODS","FRESH FOOD","OTHER FRESH FOOD","SAVORY_PIES","1","53","0","0","0","0"
"VEHICLE PARTS & ACCESSORIES","ACC CARS & VANS","CARS & VANS REPLACEMENT PARTS","CARS & VANS STEERING & SUSPENSION","VEHICLE_TOOLBOX_LOCKS","1","53","0","0,001","0","0,001"
"VEHICLE PARTS & ACCESSORIES","ACC CARS & VANS","CARS & VANS REPLACEMENT PARTS","CARS & VANS STEERING & SUSPENSION","VEHICLE_MOUNT_BRACKETS","1","55","0","0,001","0","0,001"
"VEHICLE PARTS & ACCESSORIES","ACC CARS & VANS","CARS & VANS REPLACEMENT PARTS","CARS & VANS OTHERS","VEHICLE_AC_REFRIGERANT_PIPES","1","54","0","0,001","0","0,001"
"VEHICLE PARTS & ACCESSORIES","ACC CARS & VANS","CARS & VANS REPLACEMENT PARTS","CARS & VANS EXHAUST","VEHICLE_EXHAUST_INTERMEDIATE_PIPES","1","53","0","0,001","0","0,001"
"HEALTH","HEALTH GOODS","HEALTH PROFESSIONAL","ORTHOPEDIC SPECIALIZED EQUIPMENT","ALTERNATIVE_THERAPY_EQUIPMENT","1","49","0","0,001","0","0,001"
"SPORTS","OTHER SPORTS","SKATEBOARDS","SKATEBOARDS","LONGBOARDS","1","49","0","0,002","0","0,001"
"T & B","TOYS AND GAMES","LIFELIKE TOYS","KITCHEN TOYS","TOY_MIXERS","1","52","0","0,002","0","0,001"
"VEHICLE PARTS & ACCESSORIES","ACC CARS & VANS","CARS & VANS REPLACEMENT PARTS","CARS & VANS OTHERS","VEHICLE_SUSPENSION_SENSORS","1","332","0","0,001","0","0,004"
