"category_id","agg1","agg2"
"123106","Esportes e Fitness","Monitores Esportivos"
"439277","Indústria e Comércio","Uniformes e Roupa de Trabalho"
"270340","Indústria e Comércio","Segurança Laboral"
"420335","Bebês","Andadores e Mini Veículos"
"456822","Agro","Armezenamento"
"438985","Casa, Móveis e Decoração","Têxteis de Casa e Decoração"
"1649","Informática","PC de Mesa"
"270199","Mais Categorias","Equipamento para Tatuagens"
"271740","Eletrônicos, Áudio e Vídeo","Drones e Acessórios"
"270339","Esportes e Fitness","Rugby"
"269942","Ferramentas","Ferramentas para Jardim"
"70452","Celulares e Telefones","Rádio Comunicadores"
"439355","Eletrodomésticos","Cuidado Pessoal"
"193922","Casa, Móveis e Decoração","Têxteis de Casa e Decoração"
"271571","Construção","Mobiliário para Banheiros"
"123977","Esportes e Fitness","Parapente"
"277477","Mais Categorias","Equipamento para Tatuagens"
"433439","Instrumentos Musicais","Instrumentos de Corda"
"269342","Bebês","Alimentos para Bebês"
"67851","Esportes e Fitness","Artes Marciais e Boxe"
"123935","Esportes e Fitness","Kitesurf"
"270504","Informática","Estabilizadores e No Breaks"
"186807","Casa, Móveis e Decoração","Têxteis de Casa e Decoração"
"432018","Celulares e Telefones","Acessórios para Celulares"
"186462","Casa, Móveis e Decoração","Têxteis de Casa e Decoração"
"223538","Esportes e Fitness","Equitação"
"432822","Indústria e Comércio","Equipamento para Escritórios"
"425076","Brinquedos e Hobbies","Mini Veículos e Bicicletas"
"3752","Instrumentos Musicais","Instrumentos de Corda"
"455093","Eletrodomésticos","Lavadores"
"270947","Beleza e Cuidado Pessoal","Maquiagem"
"455762","Arte, Papelaria e Armarinho","Arte e Trabalhos Manuais"
"440298","Acessórios para Veículos","Segurança Veicular"
"433290","Brinquedos e Hobbies","Brinquedos para Bebês"
"218842","Indústria e Comércio","Têxtil e Calçado"
"270918","Esportes e Fitness","Equitação"
"271211","Mais Categorias","Artigos para Fumadores"
"271398","Eletrodomésticos","Lavadores"
"4976","Informática","Componentes para PC"
"455742","Eletrodomésticos","Fornos e Fogões"
"277972","Beleza e Cuidado Pessoal","Cuidados com a Pele"
"270404","Alimentos e Bebidas","Bebidas"
"456133","Acessórios para Veículos","Lubrificantes e Fluidos"
"458069","Indústria e Comércio","Embalagem e Logística"
"260685","Ferramentas","Acessórios para Ferramentas"
"39121","Celulares e Telefones","Rádio Comunicadores"
"1674","Informática","Armazenamento"
"442406","Agro","Insumos Agrícolas"
"194799","Alimentos e Bebidas","Bebidas"
"456134","Acessórios para Veículos","Lubrificantes e Fluidos"
"255031","Brinquedos e Hobbies","Brinquedos para Bebês"
"455298","Eletrodomésticos","Lavadores"
"5080","Celulares e Telefones","Acessórios para Celulares"
"438439","Acessórios para Veículos","Tuning"
"46236","Festas e Lembrancinhas","Artigos para Festas"
"416217","Construção","Mobiliário para Banheiros"
"271874","Calçados, Roupas e Bolsas","Indumentária Laboral e Escolar"
"85889","Pet Shop","Roedores"
"432563","Eletrodomésticos","Lavadores"
"449879","Agro","Animais"
"435180","Instrumentos Musicais","Equipamento para DJs"
"270329","Alimentos e Bebidas","Bebidas"
"12183","Brinquedos e Hobbies","Hobbies"
"457534","Brinquedos e Hobbies","Hobbies"
"202372","Instrumentos Musicais","Instrumentos de Corda"
"445794","Beleza e Cuidado Pessoal","Farmácia"
"439327","Indústria e Comércio","Publicidade e Promoção"
"123918","Esportes e Fitness","Suplementos e Shakers"
"438890","Instrumentos Musicais","Instrumentos de Corda"
"431651","Beleza e Cuidado Pessoal","Farmácia"
"276631","Indústria e Comércio","Equipamento para Escritórios"
"455756","Arte, Papelaria e Armarinho","Arte e Trabalhos Manuais"
"435499","Construção","Encanamento"
"455916","Bebês","Maternidade"
"456935","Beleza e Cuidado Pessoal","Maquiagem"
"432437","Celulares e Telefones","Acessórios para Celulares"
"1393","Bebês","Brinquedos para Bebês"
"261134","Bebês","Saúde do Bebê"
"269347","Bebês","Maternidade"
"273472","Eletrônicos, Áudio e Vídeo","Projetores e Telas"
"429537","Beleza e Cuidado Pessoal","Maquiagem"
"433030","Instrumentos Musicais","Equipamento para DJs"
"446807","Agro","Infra-estrutura Rural"
"5906","Informática","Leitores e Scanners"
"456082","Alimentos e Bebidas","Comida Preparada"
"430219","Eletrodomésticos","Lavadores"
"455738","Eletrodomésticos","Fornos e Fogões"
"430232","Esportes e Fitness","Futebol Americano"
"269341","Bebês","Alimentos para Bebês"
"457061","Agro","Produçao Animal"
"457459","Bebês","Passeio do Bebê"
"123962","Esportes e Fitness","Paintball"
"67841","Esportes e Fitness","Paintball"
"433658","Calçados, Roupas e Bolsas","Moda Íntima e Lingerie"
"429358","Esportes e Fitness","Tênis, Paddle e Squash"
"432764","Construção","Loja das Tintas"
"457860","Brinquedos e Hobbies","Jogos de Tabuleiro e Cartas"
"277410","Indústria e Comércio","Segurança Laboral"
"425079","Saúde","Massagem"
"457083","Agro","Energia Renovável"
"456136","Acessórios para Veículos","Lubrificantes e Fluidos"
"443823","Construção","Mobiliário para Banheiros"
"11522","Casa, Móveis e Decoração","Segurança para Casa"
"5867","Informática","Conectividade e Redes"
"455078","Eletrodomésticos","Fornos e Fogões"
"270238","Casa, Móveis e Decoração","Segurança para Casa"
"73364","Informática","Periféricos para PC"
"130007","Informática","Periféricos para PC"
"455581","Alimentos e Bebidas","Congelados"
"432935","Instrumentos Musicais","Pedais e Acessórios"
"1417","Alimentos e Bebidas","Outros"
"455871","Eletrodomésticos","Cuidado Pessoal"
"271226","Instrumentos Musicais","Instrumentos de Corda"
"409151","Saúde","Terapias Alternativas"
"431657","Beleza e Cuidado Pessoal","Farmácia"
"439322","Indústria e Comércio","Publicidade e Promoção"
"455610","Ferramentas","Ferramentas para Jardim"
"87349","Games","Peças para Consoles"
"270138","Saúde","Ortopedia"
"432481","Agro","Armezenamento"
"398699","Eletrodomésticos","Cuidado Pessoal"
"270586","Indústria e Comércio","Embalagem e Logística"
"97774","Informática","Componentes para PC"
"271668","Casa, Móveis e Decoração","Organização para Casa"
"269770","Alimentos e Bebidas","Comida Preparada"
"431098","Ingressos","Exposições"
"11207","Games","Outros"
"271631","Eletrodomésticos","Lavadores"
"457267","Agro","Irrigação"
"436426","Casa, Móveis e Decoração","Organização para Casa"
"270488","Informática","Limpeza de PCs"
"457060","Agro","Produçao Animal"
"269957","Ferramentas","Ferramentas para Jardim"
"430909","Esportes e Fitness","Canoas, Caiaques e Infláveis"
"263729","Ferramentas","Acessórios para Ferramentas"
"457565","Pet Shop","Gatos"
"67836","Esportes e Fitness","Wakeboard e Esquí Acuático"
"429046","Acessórios para Veículos","Segurança Veicular"
"431253","Alimentos e Bebidas","Comida Preparada"
"8061","Instrumentos Musicais","Pianos e Teclados"
"439293","Esportes e Fitness","Futebol"
"1903","Mais Categorias","Esoterismo e Ocultismo"
"431251","Alimentos e Bebidas","Comida Preparada"
"278217","Pet Shop","Peixes"
"418276","Joias e Relógios","Porta Joias"
"276632","Agro","Maquinaria Agrícola"
"434854","Pet Shop","Anfíbios e Répteis"
"439261","Acessórios para Veículos","Performance"
"278248","Pet Shop","Anfíbios e Répteis"
"7218","Brinquedos e Hobbies","Hobbies"
"278114","Calçados, Roupas e Bolsas","Moda Íntima e Lingerie"
"439118","Indústria e Comércio","Equipamento para Escritórios"
"454716","Agro","Maquinaria Agrícola"
"455893","Calçados, Roupas e Bolsas","Calçados"
"271568","Ferramentas","Acessórios para Ferramentas"
"430502","Agro","Maquinaria Agrícola"
"211115","Esportes e Fitness","Paintball"
"271746","Esportes e Fitness","Beisebol e Softbol"
"431852","Esportes e Fitness","Esqui e Snowboard"
"454733","Brinquedos e Hobbies","Jogos de Tabuleiro e Cartas"
"439271","Indústria e Comércio","Têxtil e Calçado"
"437647","Brinquedos e Hobbies","Jogos de Tabuleiro e Cartas"
"416712","Acessórios para Veículos","Ferramentas para Veículos"
"29883","Beleza e Cuidado Pessoal","Maquiagem"
"454725","Esportes e Fitness","Surf e Bodyboard"
"457791","Festas e Lembrancinhas","Equipamento para Festas"
"457382","Calçados, Roupas e Bolsas","Acessórios de Moda"
"457546","Pet Shop","Gatos"
"457250","Agro","Maquinaria Agrícola"
"270341","Esportes e Fitness","Rugby"
"9586","Informática","Projetores e Telas"
"278061","Instrumentos Musicais","Instrumentos de Corda"
"40563","Bebês","Cercadinho"
"272121","Beleza e Cuidado Pessoal","Cuidados com a Pele"
"380658","Eletrônicos, Áudio e Vídeo","Componentes Eletrônicos"
"269656","Bebês","Alimentação e Amamentação"
"430417","Câmeras e Acessórios","Drones e Acessórios"
"438441","Acessórios para Veículos","Tuning"
"457883","Brinquedos e Hobbies","Jogos de Tabuleiro e Cartas"
"11898","Informática","Palms e Handhelds"
"425047","Beleza e Cuidado Pessoal","Tratamentos de Beleza"
"2968","Brinquedos e Hobbies","Bonecos e Bonecas"
"457913","Acessórios para Veículos","Lubrificantes e Fluidos"
"271444","Esportes e Fitness","Artes Marciais e Boxe"
"455356","Agro","Energia Renovável"
"458903","Pet Shop","Gatos"
"190440","Calçados, Roupas e Bolsas","Acessórios de Moda"
"270193","Mais Categorias","Equipamento para Tatuagens"
"431728","Joias e Relógios","Artigos de Joalharia"
"6899","Brinquedos e Hobbies","Jogos de Tabuleiro e Cartas"
"418668","Brinquedos e Hobbies","Artes e Atividades"
"421370","Esportes e Fitness","Esqui e Snowboard"
"277513","Informática","Conectividade e Redes"
"457415","Festas e Lembrancinhas","Fantasias e Cosplay"
"455256","Construção","Acessórios de Construção"
"455444","Construção","Acessórios de Construção"
"123946","Esportes e Fitness","Surf e Bodyboard"
"46526","Acessórios para Veículos","Tuning"
"271114","Indústria e Comércio","Embalagem e Logística"
"1004","Eletrônicos, Áudio e Vídeo","Aparelhos DVD e Bluray"
"268430","Esportes e Fitness","Futebol Americano"
"425078","Beleza e Cuidado Pessoal","Maquiagem"
"434730","Brinquedos e Hobbies","Hobbies"
"446798","Agro","Agricultura de Precisão"
"434378","Esportes e Fitness","Canoas, Caiaques e Infláveis"
"433661","Esportes e Fitness","Patinetes e Scooters"
"439110","Indústria e Comércio","Equipamento para Escritórios"
"438405","Acessórios para Veículos","Tuning"
"457174","Agro","Produçao Animal"
"85865","Pet Shop","Roedores"
"48160","Esportes e Fitness","Rapel, Montanhismo e Escalada"
"270899","Pet Shop","Anfíbios e Répteis"
"271160","Instrumentos Musicais","Instrumentos de Corda"
"430552","Acessórios para Veículos","Limpeza Automotiva"
"440307","Acessórios para Veículos","Segurança Veicular"
"264309","Saúde","Ortopedia"
"255030","Bebês","Brinquedos para Bebês"
"32301","Pet Shop","Peixes"
"455481","Indústria e Comércio","Segurança Laboral"
"193964","Indústria e Comércio","Equipamento para Escritórios"
"271310","Bebês","Passeio do Bebê"
"431589","Beleza e Cuidado Pessoal","Maquiagem"
"218915","Construção","Loja das Tintas"
"455438","Acessórios para Veículos","Som Automotivo"
"85855","Pet Shop","Guias para Animais"
"419817","Eletrônicos, Áudio e Vídeo","Bolsas e Estojos"
"58500","Celulares e Telefones","Acessórios para Celulares"
"424838","Esportes e Fitness","Hóquei"
"436263","Casa, Móveis e Decoração","Camas, Colchões e Acessórios"
"432908","Esportes e Fitness","Hóquei"
"269719","Informática","Tablets e Acessórios"
"457520","Festas e Lembrancinhas","Equipamento para Festas"
"38270","Câmeras e Acessórios","Lentes e Filtros"
"12542","Esportes e Fitness","Futebol"
"436442","Casa, Móveis e Decoração","Organização para Casa"
"431928","Mais Categorias","Equipamento para Tatuagens"
"123928","Esportes e Fitness","Mergulho"
"10299","Informática","Leitores e Scanners"
"456369","Brinquedos e Hobbies","Álbuns e Figurinhas"
"455661","Eletrodomésticos","Fornos e Fogões"
"436262","Casa, Móveis e Decoração","Camas, Colchões e Acessórios"
"422156","Bebês","Alimentos para Bebês"
"189213","Ferramentas","Caixas e Organizadores"
"272186","Indústria e Comércio","Publicidade e Promoção"
"28130","Bebês","Roupas de Bebê"
"433560","Ferramentas","Ferramentas para Jardim"
"129667","Informática","Tablets e Acessórios"
"263799","Construção","Encanamento"
"271064","Celulares e Telefones","Acessórios para Celulares"
"420411","Eletrônicos, Áudio e Vídeo","Componentes Eletrônicos"
"454689","Casa, Móveis e Decoração","Camas, Colchões e Acessórios"
"278187","Brinquedos e Hobbies","Brinquedos de Faz de Conta"
"190437","Calçados, Roupas e Bolsas","Acessórios de Moda"
"457507","Brinquedos e Hobbies","Bonecos e Bonecas"
"118003","Esportes e Fitness","Patín e Skateboard"
"448314","Mais Categorias","Esoterismo e Ocultismo"
"430508","Saúde","Mobilidade"
"437497","Beleza e Cuidado Pessoal","Maquiagem"
"257273","Acessórios para Veículos","Tuning"
"438844","Construção","Mobiliário para Banheiros"
"277395","Eletrônicos, Áudio e Vídeo","Componentes Eletrônicos"
"393903","Indústria e Comércio","Publicidade e Promoção"
"417898","Bebês","Quarto do Bebê"
"419977","Beleza e Cuidado Pessoal","Tratamentos de Beleza"
"420272","Indústria e Comércio","Segurança Laboral"
"438539","Festas e Lembrancinhas","Decoração de Festa"
"431132","Acessórios para Veículos","Ferramentas para Veículos"
"417336","Mais Categorias","Equipamento para Tatuagens"
"270295","Acessórios para Veículos","Segurança Veicular"
"270486","Ferramentas","Acessórios para Ferramentas"
"437678","Calçados, Roupas e Bolsas","Acessórios de Moda"
"223535","Esportes e Fitness","Equitação"
"455760","Calçados, Roupas e Bolsas","Malas e Bolsas"
"439436","Acessórios para Veículos","Performance"
"420362","Bebês","Quarto do Bebê"
"277636","Alimentos e Bebidas","Frescos"
"438283","Eletrodomésticos","Lavadores"
"270113","Esportes e Fitness","Artes Marciais e Boxe"
"411819","Casa, Móveis e Decoração","Segurança para Casa"
"258452","Construção","Aberturas"
"24764","Bebês","Roupas de Bebê"
"420317","Bebês","Maternidade"
"199649","Beleza e Cuidado Pessoal","Cuidados com a Pele"
"32299","Pet Shop","Peixes"
"6711","Informática","Periféricos para PC"
"435209","Instrumentos Musicais","Equipamento para DJs"
"439287","Esportes e Fitness","Futebol"
"11400","Celulares e Telefones","VoIP"
"1839","Brinquedos e Hobbies","Bonecos e Bonecas"
"244740","Brinquedos e Hobbies","Jogos de Tabuleiro e Cartas"
"271538","Celulares e Telefones","Rádio Comunicadores"
"252547","Indústria e Comércio","Têxtil e Calçado"
"271826","Agro","Produçao Animal"
"40402","Bebês","Passeio do Bebê"
"439276","Indústria e Comércio","Uniformes e Roupa de Trabalho"
"271615","Eletrodomésticos","Lavadores"
"277693","Alimentos e Bebidas","Frescos"
"431681","Joias e Relógios","Acessórios Para Relógios"
"261054","Acessórios para Veículos","Performance"
"433619","Indústria e Comércio","Equipamento para Escritórios"
"263726","Acessórios para Veículos","Limpeza Automotiva"
"99946","Informática","Limpeza de PCs"
"433707","Calçados, Roupas e Bolsas","Indumentária Laboral e Escolar"
"85884","Pet Shop","Peixes"
"12240","Esportes e Fitness","Basquete"
"439283","Esportes e Fitness","Windsurfe"
"5106","Celulares e Telefones","Acessórios para Celulares"
"418056","Esportes e Fitness","Equitação"
"271546","Mais Categorias","Esoterismo e Ocultismo"
"431658","Beleza e Cuidado Pessoal","Farmácia"
"270362","Indústria e Comércio","Segurança Laboral"
"271284","Construção","Loja das Tintas"
"2233","Acessórios para Veículos","Pneus e Acessórios"
"277409","Informática","Conectividade e Redes"
"73869","Games","Peças para Consoles"
"277430","Games","Peças para Consoles"
"3007","Instrumentos Musicais","Pedais e Acessórios"
"418694","Pet Shop","Anfíbios e Répteis"
"271386","Esportes e Fitness","Artes Marciais e Boxe"
"457542","Pet Shop","Gatos"
"29341","Instrumentos Musicais","Instrumentos de Sopro"
"417607","Beleza e Cuidado Pessoal","Barbearia"
"417105","Beleza e Cuidado Pessoal","Artigos para Cabeleireiros"
"455090","Eletrodomésticos","Lavadores"
"2846","Eletrônicos, Áudio e Vídeo","Acessórios para Áudio e Vídeo"
"47765","Esportes e Fitness","Artes Marciais e Boxe"
"448172","Games","Acessórios para PC Gaming"
"186058","Casa, Móveis e Decoração","Têxteis de Casa e Decoração"
"118028","Joias e Relógios","Relógios"
"457116","Agro","Produçao Animal"
"457069","Agro","Animais"
"434803","Instrumentos Musicais","Instrumentos de Sopro"
"28144","Calçados, Roupas e Bolsas","Malas e Bolsas"
"457081","Agro","Energia Renovável"
"455815","Informática","Componentes para PC"
"434770","Eletrônicos, Áudio e Vídeo","Projetores e Telas"
"61928","Esportes e Fitness","Futebol"
"270495","Pet Shop","Aves e Acessórios"
"1397","Bebês","Roupas de Bebê"
"270524","Construção","Mobiliário para Cozinhas"
"76475","Eletrodomésticos","Refrigeração"
"72817","Instrumentos Musicais","Pianos e Teclados"
"435318","Construção","Encanamento"
"433422","Beleza e Cuidado Pessoal","Barbearia"
"278108","Calçados, Roupas e Bolsas","Moda Íntima e Lingerie"
"186334","Casa, Móveis e Decoração","Têxteis de Casa e Decoração"
"260318","Festas e Lembrancinhas","Decoração de Festa"
"277954","Brinquedos e Hobbies","Piscinas de Bolas e Infláveis"
"438454","Informática","Acessórios para PC Gaming"
"433027","Acessórios para Veículos","Pneus e Acessórios"
"278216","Pet Shop","Peixes"
"40577","Calçados, Roupas e Bolsas","Roupas para Bebês"
"455294","Alimentos e Bebidas","Congelados"
"1304","Esportes e Fitness","Futebol Americano"
"440306","Acessórios para Veículos","Segurança Veicular"
"432654","Esportes e Fitness","Canoas, Caiaques e Infláveis"
"48157","Esportes e Fitness","Surf e Bodyboard"
"271369","Eletrônicos, Áudio e Vídeo","Drones e Acessórios"
"437252","Acessórios para Veículos","Segurança Veicular"
"12554","Calçados, Roupas e Bolsas","Indumentária Laboral e Escolar"
"457915","Acessórios para Veículos","Lubrificantes e Fluidos"
"46225","Brinquedos e Hobbies","Hobbies"
"433714","Beleza e Cuidado Pessoal","Cuidados com a Pele"
"439599","Games","Acessórios para PC Gaming"
"455047","Mais Categorias","Artigos para Fumadores"
"264711","Ferramentas","Caixas e Organizadores"
"50657","Festas e Lembrancinhas","Fantasias e Cosplay"
"8534","Acessórios para Veículos","Navegadores GPS para Vehículos"
"271202","Mais Categorias","Artigos para Fumadores"
"446228","Beleza e Cuidado Pessoal","Artefatos para Cabelo"
"434391","Bebês","Quarto do Bebê"
"416841","Esportes e Fitness","Badminton"
"29901","Beleza e Cuidado Pessoal","Maquiagem"
"278257","Esportes e Fitness","Pilates e Yoga"
"420394","Calçados, Roupas e Bolsas","Roupas para Bebês"
"185489","Calçados, Roupas e Bolsas","Saias"
"33430","Casa, Móveis e Decoração","Segurança para Casa"
"212932","Ferramentas","Acessórios para Ferramentas"
"276630","Indústria e Comércio","Equipamento para Escritórios"
"459597","Esportes e Fitness","Tênis, Paddle e Squash"
"431637","Beleza e Cuidado Pessoal","Tratamentos de Beleza"
"270498","Eletrodomésticos","Refrigeração"
"407820","Agro","Infra-estrutura Rural"
"432438","Celulares e Telefones","Acessórios para Celulares"
"269941","Ferramentas","Ferramentas para Jardim"
"46219","Festas e Lembrancinhas","Artigos para Festas"
"455084","Eletrodomésticos","Fornos e Fogões"
"116336","Acessórios para Veículos","Ferramentas para Veículos"
"457135","Beleza e Cuidado Pessoal","Cuidados com a Pele"
"271299","Eletrônicos, Áudio e Vídeo","Drones e Acessórios"
"271710","Informática","Cabos e Hubs USB"
"435219","Instrumentos Musicais","Equipamento para DJs"
"434753","Eletrodomésticos","Lavadores"
"432583","Esportes e Fitness","Rugby"
"179803","Construção","Pisos e Rejuntes"
"392346","Acessórios para Veículos","Limpeza Automotiva"
"202309","Esportes e Fitness","Natação"
"417359","Indústria e Comércio","Uniformes e Roupa de Trabalho"
"269896","Construção","Mobiliário para Banheiros"
"277363","Bebês","Alimentação e Amamentação"
"395949","Eletrônicos, Áudio e Vídeo","Projetores e Telas"
"45578","Instrumentos Musicais","Pianos e Teclados"
"271794","Bebês","Quarto do Bebê"
"123549","Esportes e Fitness","Futebol"
"457158","Agro","Infra-estrutura Rural"
"456196","Instrumentos Musicais","Pedais e Acessórios"
"180315","Esportes e Fitness","Futebol"
"454566","Agro","Infra-estrutura Rural"
"123920","Esportes e Fitness","Mergulho"
"455667","Construção","Mobiliário para Cozinhas"
"67904","Esportes e Fitness","Futebol"
"455107","Eletrodomésticos","Lavadores"
"118027","Joias e Relógios","Acessórios Para Relógios"
"7062","Eletrônicos, Áudio e Vídeo","Pilhas e Carregadores"
"457265","Agro","Irrigação"
"439305","Esportes e Fitness","Rapel, Montanhismo e Escalada"
"73046","Eletrodomésticos","Lavadores"
"1708","Informática","Conectividade e Redes"
"455622","Ferramentas","Acessórios para Ferramentas"
"431648","Beleza e Cuidado Pessoal","Farmácia"
"271563","Eletrodomésticos","Lavadores"
"455653","Eletrodomésticos","Lavadores"
"457418","Festas e Lembrancinhas","Equipamento para Festas"
"405149","Indústria e Comércio","Embalagem e Logística"
"277910","Indústria e Comércio","Embalagem e Logística"
"437544","Bebês","Brinquedos para Bebês"
"186056","Casa, Móveis e Decoração","Têxteis de Casa e Decoração"
"271643","Agro","Infra-estrutura Rural"
"432674","Eletrodomésticos","Lavadores"
"9190","Brinquedos e Hobbies","Hobbies"
"456853","Agro","Apicultura"
"434845","Pet Shop","Aves e Acessórios"
"199559","Esportes e Fitness","Paintball"
"264313","Saúde","Ortopedia"
"264791","Beleza e Cuidado Pessoal","Barbearia"
"457846","Brinquedos e Hobbies","Jogos de Tabuleiro e Cartas"
"28155","Calçados, Roupas e Bolsas","Malas e Bolsas"
"417580","Beleza e Cuidado Pessoal","Barbearia"
"434825","Instrumentos Musicais","Instrumentos de Corda"
"457173","Agro","Produçao Animal"
"40629","Bebês","Higiene e Cuidados com o Bebê"
"278195","Beleza e Cuidado Pessoal","Tratamentos de Beleza"
"100698","Informática","Conectividade e Redes"
"457239","Agro","Produçao Animal"
"432900","Informática","Conectividade e Redes"
"271298","Eletrônicos, Áudio e Vídeo","Drones e Acessórios"
"1985","Câmeras e Acessórios","Câmeras"
"418049","Instrumentos Musicais","Pedais e Acessórios"
"271391","Indústria e Comércio","Uniformes e Roupa de Trabalho"
"425073","Indústria e Comércio","Têxtil e Calçado"
"437978","Bebês","Quarto do Bebê"
"272167","Ferramentas","Acessórios para Ferramentas"
"264037","Bebês","Chupetas e Mordedores"
"9566","Informática","Componentes para PC"
"169505","Beleza e Cuidado Pessoal","Artigos para Cabeleireiros"
"456123","Acessórios para Veículos","Lubrificantes e Fluidos"
"457206","Agro","Infra-estrutura Rural"
"413406","Esportes e Fitness","Patín e Skateboard"
"433458","Brinquedos e Hobbies","Veículos de Brinquedo"
"277350","Beleza e Cuidado Pessoal","Barbearia"
"277750","Bebês","Higiene e Cuidados com o Bebê"
"457786","Calçados, Roupas e Bolsas","Acessórios de Moda"
"270200","Mais Categorias","Equipamento para Tatuagens"
"433051","Brinquedos e Hobbies","Lançadores de Brinquedo"
"271366","Eletrônicos, Áudio e Vídeo","Drones e Acessórios"
"455197","Beleza e Cuidado Pessoal","Artefatos para Cabelo"
"455936","Beleza e Cuidado Pessoal","Artigos para Cabeleireiros"
"455493","Eletrônicos, Áudio e Vídeo","Componentes Eletrônicos"
"432829","Brinquedos e Hobbies","Brinquedos de Faz de Conta"
"412619","Esportes e Fitness","Hóquei"
"436435","Casa, Móveis e Decoração","Organização para Casa"
"115699","Acessórios para Veículos","Segurança Veicular"
"417117","Acessórios para Veículos","Ferramentas para Veículos"
"115944","Acessórios para Veículos","Ferramentas para Veículos"
"418071","Eletrônicos, Áudio e Vídeo","Componentes Eletrônicos"
"420331","Bebês","Maternidade"
"270887","Instrumentos Musicais","Equipamento para DJs"
"455782","Eletrodomésticos","Refrigeração"
"458047","Pet Shop","Gatos"
"433272","Calçados, Roupas e Bolsas","Acessórios de Moda"
"51160","Brinquedos e Hobbies","Hobbies"
"40569","Bebês","Maternidade"
"256843","Festas e Lembrancinhas","Descartáveis para Festa"
"433007","Calçados, Roupas e Bolsas","Indumentária Laboral e Escolar"
"439294","Esportes e Fitness","Futebol Americano"
"11620","Eletrônicos, Áudio e Vídeo","Componentes Eletrônicos"
"270531","Casa, Móveis e Decoração","Iluminação Residencial"
"277646","Agro","Apicultura"
"458041","Pet Shop","Capas de chuva"
"439320","Indústria e Comércio","Publicidade e Promoção"
"455741","Agro","Agricultura de Precisão"
"118037","Joias e Relógios","Artigos de Joalharia"
"392348","Acessórios para Veículos","Limpeza Automotiva"
"271166","Celulares e Telefones","VoIP"
"186365","Casa, Móveis e Decoração","Organização para Casa"
"432129","Arte, Papelaria e Armarinho","Arte e Trabalhos Manuais"
"277839","Games","Fliperamas e Arcade"
"271606","Acessórios para Veículos","Pneus e Acessórios"
"278228","Brinquedos e Hobbies","Patins e Skates"
"457862","Brinquedos e Hobbies","Jogos de Tabuleiro e Cartas"
"12953","Celulares e Telefones","Acessórios para Celulares"
"438244","Esportes e Fitness","Natação"
"272149","Informática","Conectividade e Redes"
"271863","Calçados, Roupas e Bolsas","Indumentária Laboral e Escolar"
"271706","Esportes e Fitness","Futebol"
"186425","Mais Categorias","Esoterismo e Ocultismo"
"271721","Ferramentas","Acessórios para Ferramentas"
"80232","Câmeras e Acessórios","Instrumentos Ópticos "
"432704","Construção","Aberturas"
"67522","Esportes e Fitness","Artes Marciais e Boxe"
"438438","Informática","PC de Mesa"
"49112","Indústria e Comércio","Gráfica e Impressão"
"270695","Construção","Máquinas para Construção"
"455450","Casa, Móveis e Decoração","Iluminação Residencial"
"433603","Calçados, Roupas e Bolsas","Indumentária Laboral e Escolar"
"271148","Ferramentas","Ferramentas para Jardim"
"438506","Festas e Lembrancinhas","Decoração de Festa"
"445795","Música, Filmes e Seriados","Cursos Completos"
"448306","Brinquedos e Hobbies","Brinquedos de Praia e Piscina"
"30091","Casa, Móveis e Decoração","Têxteis de Casa e Decoração"
"432486","Informática","Componentes para PC"
"260614","Acessórios para Veículos","Tuning"
"1003","Eletrônicos, Áudio e Vídeo","Aparelhos DVD e Bluray"
"455812","Saúde","Mobilidade"
"278066","Bebês","Roupas de Bebê"
"445781","Acessórios para Veículos","Serviços Programados"
"270366","Informática","Tablets e Acessórios"
"30165","Casa, Móveis e Decoração","Segurança para Casa"
"269948","Ferramentas","Ferramentas para Jardim"
"278218","Pet Shop","Peixes"
"457113","Agro","Produçao Animal"
"50891","Brinquedos e Hobbies","Brinquedos Eletrônicos"
"48236","Esportes e Fitness","Mergulho"
"439105","Indústria e Comércio","Equipamento para Escritórios"
"454774","Indústria e Comércio","Segurança Laboral"
"457918","Agro","Infra-estrutura Rural"
"270302","Brinquedos e Hobbies","Brinquedos de Faz de Conta"
"433050","Brinquedos e Hobbies","Lançadores de Brinquedo"
"442400","Agro","Infra-estrutura Rural"
"455069","Eletrodomésticos","Fornos e Fogões"
"186057","Casa, Móveis e Decoração","Têxteis de Casa e Decoração"
"271142","Bebês","Brinquedos para Bebês"
"1659","Informática","Componentes para PC"
"45977","Brinquedos e Hobbies","Brinquedos para Bebês"
"401103","Esportes e Fitness","Equitação"
"129666","Informática","Tablets e Acessórios"
"67838","Esportes e Fitness","Wakeboard e Esquí Acuático"
"278209","Esportes e Fitness","Artes Marciais e Boxe"
"440490","Acessórios para Veículos","Segurança Veicular"
"278137","Bebês","Roupas de Bebê"
"269668","Beleza e Cuidado Pessoal","Artigos para Cabeleireiros"
"457932","Esportes e Fitness","Tiro Esportivo"
"272165","Mais Categorias","Artigos para Fumadores"
"455426","Brinquedos e Hobbies","Brinquedos de Montar"
"270508","Indústria e Comércio","Equipamento para Escritórios"
"433537","Mais Categorias","Kits de Criminalística"
"276969","Indústria e Comércio","Segurança Laboral"
"432271","Brinquedos e Hobbies","Brinquedos de Praia e Piscina"
"260541","Bebês","Banho do Bebê"
"436434","Casa, Móveis e Decoração","Organização para Casa"
"433127","Esportes e Fitness","Patinetes e Scooters"
"188914","Eletrodomésticos","Bebedouros e Purificadores"
"2097","Brinquedos e Hobbies","Veículos de Brinquedo"
"456651","Brinquedos e Hobbies","Mini Veículos e Bicicletas"
"268503","Saúde","Terapias Alternativas"
"433286","Brinquedos e Hobbies","Brinquedos para Bebês"
"393561","Beleza e Cuidado Pessoal","Tratamentos de Beleza"
"454796","Indústria e Comércio","Embalagem e Logística"
"456923","Agro","Apicultura"
"431656","Beleza e Cuidado Pessoal","Farmácia"
"31212","Antiguidades e Coleções","Militaria e Afins"
"457493","Festas e Lembrancinhas","Equipamento para Festas"
"270023","Construção","Mobiliário para Cozinhas"
"85872","Pet Shop","Peixes"
"436417","Casa, Móveis e Decoração","Organização para Casa"
"123984","Esportes e Fitness","Rapel, Montanhismo e Escalada"
"277613","Alimentos e Bebidas","Frescos"
"7868","Acessórios para Veículos","Segurança Veicular"
"46268","Brinquedos e Hobbies","Hobbies"
"268453","Esportes e Fitness","Paintball"
"432823","Indústria e Comércio","Equipamento para Escritórios"
"432258","Brinquedos e Hobbies","Brinquedos de Praia e Piscina"
"437340","Acessórios para Veículos","Segurança Veicular"
"256076","Eletrônicos, Áudio e Vídeo","Acessórios para TV"
"439260","Acessórios para Veículos","Performance"
"85879","Pet Shop","Roedores"
"455416","Brinquedos e Hobbies","Mini Veículos e Bicicletas"
"278294","Esportes e Fitness","Rapel, Montanhismo e Escalada"
"272435","Eletrônicos, Áudio e Vídeo","Projetores e Telas"
"457190","Agro","Maquinaria Agrícola"
"271777","Beleza e Cuidado Pessoal","Artigos para Cabeleireiros"
"39589","Esportes e Fitness","Patín e Skateboard"
"30059","Casa, Móveis e Decoração","Têxteis de Casa e Decoração"
"11187","Informática","Cabos e Hubs USB"
"435293","Construção","Pisos e Rejuntes"
"1336","Esportes e Fitness","Vôlei"
"11466","Livros, Revistas e Comics","Catálogos"
"1586","Casa, Móveis e Decoração","Iluminação Residencial"
"85862","Pet Shop","Peixes"
"270529","Pet Shop","Gatos"
"3016","Instrumentos Musicais","Instrumentos de Corda"
"388193","Saúde","Ortopedia"
"256817","Festas e Lembrancinhas","Decoração de Festa"
"264880","Beleza e Cuidado Pessoal","Cuidados com a Pele"
"437797","Acessórios para Veículos","Ferramentas para Veículos"
"433037","Brinquedos e Hobbies","Anti-stress e Engenho"
"271541","Mais Categorias","Esoterismo e Ocultismo"
"435576","Informática","Projetores e Telas"
"252335","Beleza e Cuidado Pessoal","Artigos para Cabeleireiros"
"73867","Games","Peças para Consoles"
"438120","Brinquedos e Hobbies","Hobbies"
"60658","Acessórios para Veículos","Ferramentas para Veículos"
"199175","Beleza e Cuidado Pessoal","Barbearia"
"67837","Esportes e Fitness","Wakeboard e Esquí Acuático"
"456579","Mais Categorias","Garex"
"271419","Ferramentas","Ferramentas para Jardim"
"435257","Saúde","Ortopedia"
"413317","Construção","Loja das Tintas"
"414235","Calçados, Roupas e Bolsas","Indumentária Laboral e Escolar"
"270867","Indústria e Comércio","Embalagem e Logística"
"420089","Acessórios para Veículos","Segurança Veicular"
"123937","Esportes e Fitness","Kitesurf"
"6156","Bebês","Outros"
"411909","Ferramentas","Ferramentas para Jardim"
"370798","Acessórios para Veículos","Ferramentas para Veículos"
"438524","Festas e Lembrancinhas","Decoração de Festa"
"85860","Pet Shop","Gatos"
"455788","Beleza e Cuidado Pessoal","Tratamentos de Beleza"
"180137","Eletrônicos, Áudio e Vídeo","Drones e Acessórios"
"28140","Calçados, Roupas e Bolsas","Roupas para Bebês"
"271843","Eletrodomésticos","Refrigeração"
"271557","Acessórios para Veículos","Navegadores GPS para Vehículos"
"189884","Casa, Móveis e Decoração","Iluminação Residencial"
"454740","Brinquedos e Hobbies","Ar Livre e Playground"
"454380","Informática","Periféricos para PC"
"457315","Pet Shop","Coelhos"
"270916","Esportes e Fitness","Equitação"
"271669","Bebês","Segurança para Bebê"
"270883","Bebês","Passeio do Bebê"
"120316","Eletrodomésticos","Fornos e Fogões"
"261070","Bebês","Chupetas e Mordedores"
"255789","Acessórios para Veículos","Rodas"
"436797","Arte, Papelaria e Armarinho","Arte e Trabalhos Manuais"
"99914","Informática","Leitores e Scanners"
"85890","Pet Shop","Roedores"
"432466","Casa, Móveis e Decoração","Segurança para Casa"
"269584","Alimentos e Bebidas","Bebidas"
"269775","Construção","Mobiliário para Banheiros"
"271553","Agro","Maquinaria Agrícola"
"430917","Informática","Componentes para PC"
"10320","Informática","Armazenamento"
"439075","Eletrônicos, Áudio e Vídeo","Bolsas e Estojos"
"44415","Informática","Monitores e Acessórios"
"456847","Agro","Lubrificantes e Fluidos"
"51146","Brinquedos e Hobbies","Hobbies"
"438460","Informática","Periféricos para PC"
"271154","Calçados, Roupas e Bolsas","Malas e Bolsas"
"1818","Brinquedos e Hobbies","Bonecos e Bonecas"
"12180","Brinquedos e Hobbies","Hobbies"
"438774","Informática","Armazenamento"
"433234","Instrumentos Musicais","Equipamento para DJs"
"85850","Pet Shop","Aves e Acessórios"
"1280","Esportes e Fitness","Canoas, Caiaques e Infláveis"
"456137","Acessórios para Veículos","Lubrificantes e Fluidos"
"455776","Acessórios para Veículos","Limpeza Automotiva"
"271676","Eletrodomésticos","Lavadores"
"271121","Esportes e Fitness","Futebol"
"257366","Festas e Lembrancinhas","Decoração de Festa"
"432407","Calçados, Roupas e Bolsas","Malas e Bolsas"
"1663","Informática","Componentes para PC"
"252391","Indústria e Comércio","Embalagem e Logística"
"277470","Informática","Criptomoedas"
"73871","Games","Peças para Consoles"
"449878","Agro","Animais"
"458008","Esportes e Fitness","Tênis, Paddle e Squash"
"270293","Brinquedos e Hobbies","Brinquedos de Faz de Conta"
"437794","Ferramentas","Ferramentas Pneumáticas"
"429409","Acessórios para Veículos","Limpeza Automotiva"
"5780","Acessórios para Veículos","Tuning"
"113662","Calçados, Roupas e Bolsas","Roupas para Bebês"
"440949","Ferramentas","Ferramentas para Jardim"
"40594","Bebês","Quarto do Bebê"
"11615","Eletrônicos, Áudio e Vídeo","Componentes Eletrônicos"
"271566","Brinquedos e Hobbies","Brinquedos de Praia e Piscina"
"457079","Agro","Energia Renovável"
"264874","Beleza e Cuidado Pessoal","Cuidados com a Pele"
"432251","Casa, Móveis e Decoração","Segurança para Casa"
"180316","Esportes e Fitness","Futebol"
"269768","Eletrodomésticos","Fornos e Fogões"
"99901","Eletrônicos, Áudio e Vídeo","Projetores e Telas"
"438951","Esportes e Fitness","Golfe"
"278060","Instrumentos Musicais","Instrumentos de Corda"
"270687","Pet Shop","Roedores"
"456075","Ferramentas","Acessórios para Ferramentas"
"1648","Informática","Informática"
"442432","Agro","Animais"
"6819","Celulares e Telefones","Acessórios para Celulares"
"442402","Agro","Infra-estrutura Rural"
"456129","Acessórios para Veículos","Lubrificantes e Fluidos"
"67485","Brinquedos e Hobbies","Ar Livre e Playground"
"277531","Bebês","Banho do Bebê"
"180337","Esportes e Fitness","Slackline"
"271599","Agro","Agro"
"456150","Beleza e Cuidado Pessoal","Tratamentos de Beleza"
"261055","Acessórios para Veículos","Performance"
"456538","Construção","Mobiliário para Banheiros"
"46235","Festas e Lembrancinhas","Artigos para Festas"
"87327","Games","Peças para Consoles"
"432918","Informática","Conectividade e Redes"
"432696","Esportes e Fitness","Rugby"
"455296","Alimentos e Bebidas","Congelados"
"50874","Brinquedos e Hobbies","Fantoches e Marionetas"
"454776","Indústria e Comércio","Equipamento para Escritórios"
"277563","Casa, Móveis e Decoração","Organização para Casa"
"70298","Câmeras e Acessórios","Instrumentos Ópticos "
"439077","Eletrônicos, Áudio e Vídeo","Bolsas e Estojos"
"435187","Instrumentos Musicais","Equipamento para DJs"
"420003","Pet Shop","Peixes"
"277367","Beleza e Cuidado Pessoal","Depilação"
"85885","Pet Shop","Peixes"
"271922","Eletrodomésticos","Refrigeração"
"432602","Esportes e Fitness","Surf e Bodyboard"
"277532","Bebês","Banho do Bebê"
"412060","Calçados, Roupas e Bolsas","Acessórios de Moda"
"418301","Celulares e Telefones","Rádio Comunicadores"
"430900","Beleza e Cuidado Pessoal","Artigos para Cabeleireiros"
"457518","Festas e Lembrancinhas","Equipamento para Festas"
"186296","Casa, Móveis e Decoração","Organização para Casa"
"5359","Bebês","Segurança para Bebê"
"269569","Saúde","Massagem"
"46595","Acessórios para Veículos","Tuning"
"211786","Construção","Acessórios de Construção"
"60182","Acessórios para Veículos","Som Automotivo"
"244746","Brinquedos e Hobbies","Jogos de Tabuleiro e Cartas"
"57843","Informática","Estabilizadores e No Breaks"
"270205","Pet Shop","Coelhos"
"38186","Câmeras e Acessórios","Cabos"
"135937","Instrumentos Musicais","Equipamento para DJs"
"270518","Pet Shop","Roedores"
"67843","Esportes e Fitness","Paintball"
"422145","Saúde","Ortopedia"
"10858","Informática","Acessórios para PC Gaming"
"9575","Informática","Armazenamento"
"268323","Bebês","Segurança para Bebê"
"182050","Beleza e Cuidado Pessoal","Maquiagem"
"424842","Esportes e Fitness","Hóquei"
"271060","Esportes e Fitness","Tiro Esportivo"
"199408","Beleza e Cuidado Pessoal","Cuidados com a Pele"
"69669","Esportes e Fitness","Rapel, Montanhismo e Escalada"
"87333","Games","Peças para Consoles"
"278268","Beleza e Cuidado Pessoal","Maquiagem"
"421363","Esportes e Fitness","Rapel, Montanhismo e Escalada"
"456578","Mais Categorias","Roda"
"454744","Saúde","Terapias Alternativas"
"257274","Festas e Lembrancinhas","Decoração de Festa"
"440498","Indústria e Comércio","Uniformes e Roupa de Trabalho"
"432188","Construção","Encanamento"
"431813","Eletrônicos, Áudio e Vídeo","Cabos"
"189194","Casa, Móveis e Decoração","Iluminação Residencial"
"264339","Brinquedos e Hobbies","Bonecos e Bonecas"
"438996","Esportes e Fitness","Esqui e Snowboard"
"435572","Informática","Projetores e Telas"
"1665","Informática","Leitores e Scanners"
"432909","Acessórios para Veículos","Ferramentas para Veículos"
"457405","Festas e Lembrancinhas","Fantasias e Cosplay"
"439752","Antiguidades e Coleções","Colecionáveis de Esportes"
"409094","Casa, Móveis e Decoração","Iluminação Residencial"
"439120","Indústria e Comércio","Equipamento para Escritórios"
"18367","Esportes e Fitness","Natação"
"99245","Informática","Monitores e Acessórios"
"5457","Antiguidades e Coleções","Outras Antiguidades"
"11114","Informática","Conectividade e Redes"
"457109","Agro","Máquinas Forrageiras"
"277912","Beleza e Cuidado Pessoal","Tratamentos de Beleza"
"456633","Brinquedos e Hobbies","Mini Veículos e Bicicletas"
"198900","Beleza e Cuidado Pessoal","Depilação"
"455045","Mais Categorias","Artigos para Fumadores"
"431659","Beleza e Cuidado Pessoal","Farmácia"
"271214","Brinquedos e Hobbies","Bonecos e Bonecas"
"277474","Beleza e Cuidado Pessoal","Depilação"
"1399","Bebês","Roupas de Bebê"
"48241","Esportes e Fitness","Futebol"
"80355","Esportes e Fitness","Tênis, Paddle e Squash"
"235632","Indústria e Comércio","Embalagem e Logística"
"457314","Pet Shop","Roedores"
"420321","Bebês","Maternidade"
"420410","Bebês","Passeio do Bebê"
"455515","Brinquedos e Hobbies","Artes e Atividades"
"455810","Saúde","Mobilidade"
"432821","Indústria e Comércio","Equipamento para Escritórios"
"434783","Pet Shop","Gatos"
"430753","Beleza e Cuidado Pessoal","Tratamentos de Beleza"
"412740","Indústria e Comércio","Publicidade e Promoção"
"11366","Celulares e Telefones","VoIP"
"442404","Agro","Infra-estrutura Rural"
"420315","Bebês","Maternidade"
"439595","Games","Acessórios para PC Gaming"
"432444","Celulares e Telefones","Acessórios para Celulares"
"439216","Celulares e Telefones","Telefonia Fixa e Sem Fio"
"458040","Pet Shop","Fraldas"
"33390","Casa, Móveis e Decoração","Camas, Colchões e Acessórios"
"271412","Indústria e Comércio","Segurança Laboral"
"117639","Acessórios para Veículos","Performance"
"1094","Pet Shop","Peixes"
"455573","Ferramentas","Acessórios para Ferramentas"
"455805","Beleza e Cuidado Pessoal","Tratamentos de Beleza"
"118039","Joias e Relógios","Porta Joias"
"271395","Eletrodomésticos","Lavadores"
"264330","Brinquedos e Hobbies","Anti-stress e Engenho"
"457504","Festas e Lembrancinhas","Lembrancinhas para Fiestas"
"455856","Brinquedos e Hobbies","Brinquedos Eletrônicos"
"457494","Festas e Lembrancinhas","Lembrancinhas para Fiestas"
"432698","Esportes e Fitness","Hóquei"
"433668","Beleza e Cuidado Pessoal","Tratamentos de Beleza"
"439229","Celulares e Telefones","Peças para Celular"
"73052","Eletrodomésticos","Bebedouros e Purificadores"
"414244","Calçados, Roupas e Bolsas","Indumentária Laboral e Escolar"
"420320","Bebês","Maternidade"
"123965","Esportes e Fitness","Paintball"
"455075","Eletrodomésticos","Fornos e Fogões"
"11347","Celulares e Telefones","VoIP"
"406028","Mais Categorias","Coberturas Estendidas"
"456093","Alimentos e Bebidas","Comida Preparada"
"399139","Casa, Móveis e Decoração","Iluminação Residencial"
"429270","Informática","Limpeza de PCs"
"39567","Brinquedos e Hobbies","Mini Veículos e Bicicletas"
"67898","Esportes e Fitness","Mergulho"
"439069","Construção","Mobiliário para Banheiros"
"387586","Mais Categorias","Esoterismo e Ocultismo"
"277366","Indústria e Comércio","Segurança Laboral"
"455712","Agro","Maquinaria Agrícola"
"456827","Agro","Apicultura"
"1126","Pet Shop","Outros"
"424929","Esportes e Fitness","Rugby"
"455081","Eletrodomésticos","Fornos e Fogões"
"275575","Calçados, Roupas e Bolsas","Calçados"
"1911","Calçados, Roupas e Bolsas","Outros"
"455516","Brinquedos e Hobbies","Artes e Atividades"
"223534","Esportes e Fitness","Equitação"
"123945","Esportes e Fitness","Surf e Bodyboard"
"455290","Ferramentas","Ferramentas Pneumáticas"
"1720","Informática","Estabilizadores e No Breaks"
"456032","Mais Categorias","Esoterismo e Ocultismo"
"438559","Acessórios para Veículos","Som Automotivo"
"68307","Esportes e Fitness","Futebol"
"459661","Alimentos e Bebidas","Bebidas"
"271675","Casa, Móveis e Decoração","Organização para Casa"
"271774","Ferramentas","Acessórios para Ferramentas"
"438562","Instrumentos Musicais","Estúdio de Gravação"
"439665","Antiguidades e Coleções","Militaria e Afins"
"457120","Agro","Máquinas Forrageiras"
"417990","Instrumentos Musicais","Instrumentos de Corda"
"3904","Acessórios para Veículos","Som Automotivo"
"271558","Acessórios para Veículos","Navegadores GPS para Vehículos"
"1398","Bebês","Roupas de Bebê"
"194744","Instrumentos Musicais","Pianos e Teclados"
"431660","Beleza e Cuidado Pessoal","Farmácia"
"46527","Acessórios para Veículos","Tuning"
"1265","Beleza e Cuidado Pessoal","Cuidados com o Cabelo"
"430540","Bebês","Alimentação e Amamentação"
"7072","Eletrodomésticos","Refrigeração"
"10727","Acessórios para Veículos","Navegadores GPS para Vehículos"
"4954","Calçados, Roupas e Bolsas","Moda Íntima e Lingerie"
"458038","Pet Shop","Petiscos para Animais"
"434832","Pet Shop","Peixes"
"278116","Calçados, Roupas e Bolsas","Moda Íntima e Lingerie"
"1313","Esportes e Fitness","Basquete"
"437765","Brinquedos e Hobbies","Brinquedos para Bebês"
"417964","Indústria e Comércio","Uniformes e Roupa de Trabalho"
"455809","Beleza e Cuidado Pessoal","Tratamentos de Beleza"
"435325","Construção","Encanamento"
"255053","Indústria e Comércio","Têxtil e Calçado"
"63455","Acessórios para Veículos","Ferramentas para Veículos"
"46559","Acessórios para Veículos","Som Automotivo"
"264793","Beleza e Cuidado Pessoal","Barbearia"
"277628","Indústria e Comércio","Publicidade e Promoção"
"424961","Brinquedos e Hobbies","Hobbies"
"30180","Indústria e Comércio","Embalagem e Logística"
"457543","Pet Shop","Gatos"
"225897","Ingressos","Ingressos de Coleção"
"456763","Ferramentas","Ferramentas para Jardim"
"421373","Esportes e Fitness","Esqui e Snowboard"
"439076","Eletrônicos, Áudio e Vídeo","Bolsas e Estojos"
"260364","Festas e Lembrancinhas","Plaquinhas para Festas"
"212926","Eletrônicos, Áudio e Vídeo","Componentes Eletrônicos"
"46275","Brinquedos e Hobbies","Hobbies"
"271067","Construção","Encanamento"
"432411","Instrumentos Musicais","Pedais e Acessórios"
"54168","Informática","Cabos e Hubs USB"
"437760","Brinquedos e Hobbies","Brinquedos para Bebês"
"260629","Acessórios para Veículos","Tuning"
"438194","Acessórios para Veículos","Pneus e Acessórios"
"264685","Brinquedos e Hobbies","Ar Livre e Playground"
"225927","Beleza e Cuidado Pessoal","Maquiagem"
"44572","Eletrônicos, Áudio e Vídeo","Acessórios para TV"
"404088","Agro","Infra-estrutura Rural"
"256809","Festas e Lembrancinhas","Convites"
"72749","Instrumentos Musicais","Instrumentos de Sopro"
"186367","Casa, Móveis e Decoração","Organização para Casa"
"438981","Casa, Móveis e Decoração","Têxteis de Casa e Decoração"
"432171","Arte, Papelaria e Armarinho","Arte e Trabalhos Manuais"
"455929","Alimentos e Bebidas","Comida Preparada"
"407357","Esportes e Fitness","Natação"
"458272","Eletrodomésticos","Lavadores"
"429306","Eletrodomésticos","Bebedouros e Purificadores"
"432626","Mais Categorias","Artigos para Fumadores"
"195961","Eletrônicos, Áudio e Vídeo","Acessórios para Áudio e Vídeo"
"11172","Games","Consoles"
"46267","Brinquedos e Hobbies","Hobbies"
"431538","Calçados, Roupas e Bolsas","Malas e Bolsas"
"1334","Esportes e Fitness","Vôlei"
"436432","Casa, Móveis e Decoração","Organização para Casa"
"438997","Esportes e Fitness","Esqui e Snowboard"
"74351","Bebês","Quarto do Bebê"
"190970","Joias e Relógios","Joias e Bijuterias"
"438707","Festas e Lembrancinhas","Espuma, Serpentinas e Confete"
"271907","Eletrodomésticos","Refrigeração"
"264689","Eletrônicos, Áudio e Vídeo","Peças para TV"
"186456","Games","Video Games"
"180387","Eletrodomésticos","Bebedouros e Purificadores"
"271734","Mais Categorias","Esoterismo e Ocultismo"
"455836","Brinquedos e Hobbies","Anti-stress e Engenho"
"271326","Esportes e Fitness","Artes Marciais e Boxe"
"448692","Esportes e Fitness","Vôlei"
"277469","Informática","Criptomoedas"
"439237","Acessórios para Veículos","Performance"
"417500","Informática","Conectividade e Redes"
"200348","Esportes e Fitness","Rapel, Montanhismo e Escalada"
"264321","Saúde","Ortopedia"
"37160","Informática","Conectividade e Redes"
"85881","Pet Shop","Gatos"
"432881","Brinquedos e Hobbies","Hobbies"
"48605","Celulares e Telefones","Telefonia Fixa e Sem Fio"
"456936","Beleza e Cuidado Pessoal","Maquiagem"
"454709","Construção","Mobiliário para Banheiros"
"429179","Esportes e Fitness","Esqui e Snowboard"
"28164","Calçados, Roupas e Bolsas","Roupas para Bebês"
"48583","Celulares e Telefones","Telefonia Fixa e Sem Fio"
"439597","Games","Acessórios para PC Gaming"
"417959","Calçados, Roupas e Bolsas","Indumentária Laboral e Escolar"
"80367","Esportes e Fitness","Tênis, Paddle e Squash"
"454917","Indústria e Comércio","Publicidade e Promoção"
"433061","Brinquedos e Hobbies","Casinhas e Barracas"
"456095","Alimentos e Bebidas","Comida Preparada"
"1400","Bebês","Roupas de Bebê"
"456356","Beleza e Cuidado Pessoal","Artefatos para Cabelo"
"429063","Indústria e Comércio","Segurança Laboral"
"429711","Indústria e Comércio","Publicidade e Promoção"
"429056","Esportes e Fitness","Paintball"
"30063","Casa, Móveis e Decoração","Têxteis de Casa e Decoração"
"3378","Informática","Periféricos para PC"
"72812","Instrumentos Musicais","Pianos e Teclados"
"439742","Alimentos e Bebidas","Bebidas"
"270297","Brinquedos e Hobbies","Brinquedos de Faz de Conta"
"438995","Esportes e Fitness","Esqui e Snowboard"
"22723","Acessórios para Veículos","Limpeza Automotiva"
"270276","Casa, Móveis e Decoração","Têxteis de Casa e Decoração"
"455934","Beleza e Cuidado Pessoal","Artigos para Cabeleireiros"
"270287","Brinquedos e Hobbies","Brinquedos de Faz de Conta"
"421329","Informática","Armazenamento"
"418414","Pet Shop","Roedores"
"270112","Brinquedos e Hobbies","Instrumentos Musicais"
"1739","Informática","Softwares"
"438957","Esportes e Fitness","Pilates e Yoga"
"430929","Indústria e Comércio","Equipamento para Escritórios"
"269606","Informática","PC de Mesa"
"457175","Agro","Produçao Animal"
"123924","Esportes e Fitness","Mergulho"
"257409","Brinquedos e Hobbies","Ar Livre e Playground"
"455793","Beleza e Cuidado Pessoal","Tratamentos de Beleza"
"40585","Bebês","Higiene e Cuidados com o Bebê"
"420390","Brinquedos e Hobbies","Brinquedos para Bebês"
"458270","Mais Categorias","Health"
"438504","Festas e Lembrancinhas","Decoração de Festa"
"455455","Calçados, Roupas e Bolsas","Malas e Bolsas"
"38207","Eletrônicos, Áudio e Vídeo","Controles Remotos"
"447991","Brinquedos e Hobbies","Veículos de Brinquedo"
"277387","Beleza e Cuidado Pessoal","Barbearia"
"39540","Esportes e Fitness","Patín e Skateboard"
"440711","Alimentos e Bebidas","Frescos"
"446792","Agro","Agricultura de Precisão"
"48563","Celulares e Telefones","Telefonia Fixa e Sem Fio"
"1692","Informática","Componentes para PC"
"430421","Câmeras e Acessórios","Drones e Acessórios"
"455596","Ferramentas","Ferramentas para Jardim"
"8378","Calçados, Roupas e Bolsas","Acessórios de Moda"
"169604","Saúde","Massagem"
"115947","Acessórios para Veículos","Ferramentas para Veículos"
"270197","Mais Categorias","Equipamento para Tatuagens"
"67504","Esportes e Fitness","Artes Marciais e Boxe"
"123942","Esportes e Fitness","Surf e Bodyboard"
"438904","Calçados, Roupas e Bolsas","Agasalhos"
"269728","Mais Categorias","Artigos para Fumadores"
"455289","Eletrodomésticos","Fornos e Fogões"
"5092","Celulares e Telefones","Acessórios para Celulares"
"438443","Acessórios para Veículos","Tuning"
"11941","Acessórios para Veículos","Som Automotivo"
"2294","Antiguidades e Coleções","Militaria e Afins"
"432564","Eletrônicos, Áudio e Vídeo","Acessórios para Áudio e Vídeo"
"189189","Casa, Móveis e Decoração","Iluminação Residencial"
"420000","Eletrônicos, Áudio e Vídeo","Peças para TV"
"271174","Acessórios para Veículos","Limpeza Automotiva"
"457942","Bebês","Quarto do Bebê"
"271304","Construção","Loja das Tintas"
"457794","Festas e Lembrancinhas","Fantasias e Cosplay"
"432785","Esportes e Fitness","Beisebol e Softbol"
"431944","Agro","Produçao Animal"
"455570","Esportes e Fitness","Tênis, Paddle e Squash"
"116343","Acessórios para Veículos","Ferramentas para Veículos"
"270301","Indústria e Comércio","Têxtil e Calçado"
"434812","Instrumentos Musicais","Instrumentos de Sopro"
"271575","Mais Categorias","Esoterismo e Ocultismo"
"429017","Ferramentas","Caixas e Organizadores"
"457056","Agro","Produçao Animal"
"456343","Indústria e Comércio","Gráfica e Impressão"
"271647","Agro","Insumos Gadeiros"
"439351","Eletrodomésticos","Cuidado Pessoal"
"277905","Indústria e Comércio","Têxtil e Calçado"
"420007","Esportes e Fitness","Canoas, Caiaques e Infláveis"
"455858","Festas e Lembrancinhas","Fantasias e Cosplay"
"194027","Acessórios para Veículos","Lubrificantes e Fluidos"
"434735","Antiguidades e Coleções","Militaria e Afins"
"432838","Brinquedos e Hobbies","Brinquedos de Faz de Conta"
"455491","Eletrônicos, Áudio e Vídeo","Componentes Eletrônicos"
"413606","Ferramentas","Ferramentas para Jardim"
"456823","Agro","Armezenamento"
"435340","Construção","Loja das Tintas"
"429043","Acessórios para Veículos","Pneus e Acessórios"
"455641","Instrumentos Musicais","Pedais e Acessórios"
"271531","Mais Categorias","Equipamento para Tatuagens"
"455783","Eletrodomésticos","Fornos e Fogões"
"377692","Saúde","Massagem"
"271307","Bebês","Passeio do Bebê"
"457067","Agro","Animais"
"4745","Esportes e Fitness","Tênis, Paddle e Squash"
"457848","Brinquedos e Hobbies","Jogos de Tabuleiro e Cartas"
"455941","Construção","Mobiliário para Banheiros"
"456040","Construção","Mobiliário para Banheiros"
"74680","Festas e Lembrancinhas","Decoração de Festa"
"45639","Instrumentos Musicais","Instrumentos de Sopro"
"457463","Festas e Lembrancinhas","Fantasias e Cosplay"
"418683","Brinquedos e Hobbies","Artes e Atividades"
"73585","Informática","Componentes para PC"
"1441","Joias e Relógios","Pedra Preciosa e Semipreciosa"
"260632","Acessórios para Veículos","Tuning"
"437677","Calçados, Roupas e Bolsas","Acessórios de Moda"
"424941","Esportes e Fitness","Artes Marciais e Boxe"
"416843","Indústria e Comércio","Publicidade e Promoção"
"190971","Calçados, Roupas e Bolsas","Acessórios de Moda"
"437253","Acessórios para Veículos","Segurança Veicular"
"271107","Calçados, Roupas e Bolsas","Acessórios de Moda"
"49068","Ferramentas","Acessórios para Ferramentas"
"421384","Esportes e Fitness","Rapel, Montanhismo e Escalada"
"431756","Pet Shop","Peixes"
"189193","Casa, Móveis e Decoração","Iluminação Residencial"
"188916","Eletrodomésticos","Bebedouros e Purificadores"
"48603","Celulares e Telefones","Telefonia Fixa e Sem Fio"
"50661","Brinquedos e Hobbies","Bonecos e Bonecas"
"457029","Bebês","Alimentação e Amamentação"
"424857","Esportes e Fitness","Esqui e Snowboard"
"434395","Pet Shop","Cavalos"
"431649","Beleza e Cuidado Pessoal","Farmácia"
"459238","Mais Categorias","Defletores de Vento"
"456725","Esportes e Fitness","Patinetes e Scooters"
"433448","Acessórios para Veículos","Performance"
"264035","Bebês","Alimentação e Amamentação"
"8462","Casa, Móveis e Decoração","Iluminação Residencial"
"436264","Casa, Móveis e Decoração","Camas, Colchões e Acessórios"
"439460","Acessórios para Veículos","Performance"
"456770","Esportes e Fitness","Wakeboard e Esquí Acuático"
"1306","Esportes e Fitness","Futebol Americano"
"5759","Acessórios para Veículos","Tuning"
"439288","Esportes e Fitness","Futebol"
"271059","Beleza e Cuidado Pessoal","Artigos para Cabeleireiros"
"269511","Bebês","Maternidade"
"457414","Festas e Lembrancinhas","Fantasias e Cosplay"
"72819","Instrumentos Musicais","Pianos e Teclados"
"440492","Mais Categorias","Artigos para Fumadores"
"108805","Calçados, Roupas e Bolsas","Agasalhos"
"252334","Beleza e Cuidado Pessoal","Artigos para Cabeleireiros"
"438486","Acessórios para Veículos","Som Automotivo"
"439323","Indústria e Comércio","Publicidade e Promoção"
"456862","Agro","Apicultura"
"455811","Saúde","Mobilidade"
"455859","Festas e Lembrancinhas","Fantasias e Cosplay"
"32117","Beleza e Cuidado Pessoal","Depilação"
"44085","Beleza e Cuidado Pessoal","Artefatos para Cabelo"
"456855","Agro","Apicultura"
"277744","Acessórios para Veículos","Ferramentas para Veículos"
"199650","Beleza e Cuidado Pessoal","Cuidados com a Pele"
"9600","Informática","Cabos e Hubs USB"
"432864","Calçados, Roupas e Bolsas","Indumentária Laboral e Escolar"
"189217","Ferramentas","Caixas e Organizadores"
"85861","Pet Shop","Gatos"
"457875","Pet Shop","Gatos"
"433273","Acessórios para Veículos","Som Automotivo"
"46237","Festas e Lembrancinhas","Outros"
"438870","Acessórios para Veículos","Lubrificantes e Fluidos"
"123992","Esportes e Fitness","Patín e Skateboard"
"270129","Saúde","Mobilidade"
"432239","Arte, Papelaria e Armarinho","Arte e Trabalhos Manuais"
"278295","Esportes e Fitness","Wakeboard e Esquí Acuático"
"180320","Esportes e Fitness","Futebol"
"457948","Eletrônicos, Áudio e Vídeo","Projetores e Telas"
"180319","Esportes e Fitness","Futebol"
"257407","Brinquedos e Hobbies","Ar Livre e Playground"
"271530","Esportes e Fitness","Artes Marciais e Boxe"
"454909","Indústria e Comércio","Segurança Laboral"
"430975","Festas e Lembrancinhas","Espuma, Serpentinas e Confete"
"457429","Festas e Lembrancinhas","Equipamento para Festas"
"120315","Eletrodomésticos","Fornos e Fogões"
"372906","Casa, Móveis e Decoração","Segurança para Casa"
"442425","Agro","Energia Renovável"
"260672","Acessórios para Veículos","Performance"
"9557","Esportes e Fitness","Artes Marciais e Boxe"
"418070","Alimentos e Bebidas","Frescos"
"276629","Calçados, Roupas e Bolsas","Calçados"
"271283","Construção","Loja das Tintas"
"439290","Esportes e Fitness","Futebol"
"278222","Esportes e Fitness","Futebol"
"270348","Eletrônicos, Áudio e Vídeo","Componentes Eletrônicos"
"436265","Casa, Móveis e Decoração","Camas, Colchões e Acessórios"
"99961","Informática","Limpeza de PCs"
"419942","Acessórios para Veículos","GNV"
"458285","Casa, Móveis e Decoração","Iluminação Residencial"
"271708","Informática","Conectividade e Redes"
"457527","Festas e Lembrancinhas","Lembrancinhas para Fiestas"
"67517","Esportes e Fitness","Artes Marciais e Boxe"
"123968","Esportes e Fitness","Paintball"
"446027","Acessórios para Veículos","Serviços Programados"
"1009","Eletrônicos, Áudio e Vídeo","Aparelhos DVD e Bluray"
"271834","Ferramentas","Acessórios para Ferramentas"
"1830","Antiguidades e Coleções","Filatelia"
"433276","Brinquedos e Hobbies","Hobbies"
"263931","Esportes e Fitness","Tiro Esportivo"
"436430","Casa, Móveis e Decoração","Organização para Casa"
"439232","Acessórios para Veículos","Performance"
"439218","Celulares e Telefones","Telefonia Fixa e Sem Fio"
"438507","Instrumentos Musicais","Instrumentos de Corda"
"432281","Construção","Mobiliário para Banheiros"
"436249","Casa, Móveis e Decoração","Têxteis de Casa e Decoração"
"430132","Acessórios para Veículos","Som Automotivo"
"418523","Acessórios para Veículos","Ferramentas para Veículos"
"438425","Acessórios para Veículos","Tuning"
"457101","Agro","Máquinas Forrageiras"
"6551","Bebês","Roupas de Bebê"
"271371","Eletrônicos, Áudio e Vídeo","Drones e Acessórios"
"100074","Informática","Componentes para PC"
"419523","Indústria e Comércio","Gráfica e Impressão"
"39224","Celulares e Telefones","Rádio Comunicadores"
"108793","Calçados, Roupas e Bolsas","Moda Íntima e Lingerie"
"433561","Ferramentas","Ferramentas para Jardim"
"260630","Acessórios para Veículos","Tuning"
"1166","Brinquedos e Hobbies","Pelúcias"
"421290","Construção","Acessórios de Construção"
"271796","Games","Fliperamas e Arcade"
"200340","Beleza e Cuidado Pessoal","Cuidados com a Pele"
"437216","Calçados, Roupas e Bolsas","Acessórios de Moda"
"277838","Beleza e Cuidado Pessoal","Tratamentos de Beleza"
"455702","Mais Categorias","Esoterismo e Ocultismo"
"70092","Calçados, Roupas e Bolsas","Moda Íntima e Lingerie"
"457464","Festas e Lembrancinhas","Artigos para Festas"
"190433","Calçados, Roupas e Bolsas","Acessórios de Moda"
"456850","Agro","Apicultura"
"438273","Esportes e Fitness","Esgrima"
"438488","Acessórios para Veículos","Som Automotivo"
"53540","Brinquedos e Hobbies","Bonecos e Bonecas"
"431655","Beleza e Cuidado Pessoal","Artigos para Cabeleireiros"
"11901","Informática","Projetores e Telas"
"411753","Construção","Mobiliário para Banheiros"
"438817","Esportes e Fitness","Handebol"
"28210","Calçados, Roupas e Bolsas","Roupas para Bebês"
"3127","Calçados, Roupas e Bolsas","Malas e Bolsas"
"3128","Calçados, Roupas e Bolsas","Malas e Bolsas"
"456724","Brinquedos e Hobbies","Mini Veículos e Bicicletas"
"430412","Câmeras e Acessórios","Drones e Acessórios"
"2997","Instrumentos Musicais","Pianos e Teclados"
"264319","Bebês","Alimentação e Amamentação"
"260633","Acessórios para Veículos","Tuning"
"271266","Câmeras e Acessórios","Instrumentos Ópticos "
"1403","Alimentos e Bebidas","Alimentos e Bebidas"
"278199","Celulares e Telefones","Acessórios para Celulares"
"352343","Brinquedos e Hobbies","Artes e Atividades"
"9461","Eletrodomésticos","Refrigeração"
"439090","Games","Peças para Consoles"
"432489","Construção","Aberturas"
"5661","Acessórios para Veículos","Tuning"
"432320","Instrumentos Musicais","Instrumentos de Corda"
"74350","Bebês","Quarto do Bebê"
"123925","Esportes e Fitness","Mergulho"
"38171","Eletrônicos, Áudio e Vídeo","Componentes Eletrônicos"
"455917","Esportes e Fitness","Equitação"
"44076","Beleza e Cuidado Pessoal","Artefatos para Cabelo"
"1869","Antiguidades e Coleções","Filatelia"
"269348","Games","Acessórios para PC Gaming"
"455091","Eletrodomésticos","Lavadores"
"456845","Agro","Apicultura"
"269935","Ferramentas","Ferramentas para Jardim"
"256844","Festas e Lembrancinhas","Descartáveis para Festa"
"7075","Casa, Móveis e Decoração","Segurança para Casa"
"432247","Arte, Papelaria e Armarinho","Arte e Trabalhos Manuais"
"418327","Beleza e Cuidado Pessoal","Maquiagem"
"271125","Instrumentos Musicais","Instrumentos de Corda"
"432827","Brinquedos e Hobbies","Brinquedos de Faz de Conta"
"434742","Arte, Papelaria e Armarinho","Arte e Trabalhos Manuais"
"48250","Esportes e Fitness","Canoas, Caiaques e Infláveis"
"425048","Beleza e Cuidado Pessoal","Tratamentos de Beleza"
"277320","Indústria e Comércio","Equipamento para Escritórios"
"3307","Informática","Palms e Handhelds"
"264184","Saúde","Mobilidade"
"438525","Festas e Lembrancinhas","Decoração de Festa"
"1275","Beleza e Cuidado Pessoal","Outros"
"270517","Instrumentos Musicais","Pianos e Teclados"
"457110","Agro","Máquinas Forrageiras"
"434370","Celulares e Telefones","Smartwatches e Acessórios"
"1228","Música, Filmes e Seriados","Outros"
"5364","Bebês","Segurança para Bebê"
"436427","Casa, Móveis e Decoração","Organização para Casa"
"431891","Joias e Relógios","Canetas e Lapiseiras de Luxo"
"52986","Esportes e Fitness","Artes Marciais e Boxe"
"123938","Esportes e Fitness","Kitesurf"
"455505","Alimentos e Bebidas","Kefir"
"2909","Celulares e Telefones","Rádio Comunicadores"
"277611","Indústria e Comércio","Têxtil e Calçado"
"272179","Bebês","Quarto do Bebê"
"457149","Agro","Infra-estrutura Rural"
"50664","Brinquedos e Hobbies","Piscinas de Bolas e Infláveis"
"7596","Eletrônicos, Áudio e Vídeo","Projetores e Telas"
"11184","Informática","Projetores e Telas"
"277811","Esportes e Fitness","Equitação"
"179802","Construção","Pisos e Rejuntes"
"270513","Games","Fliperamas e Arcade"
"455331","Ferramentas","Ferramentas Pneumáticas"
"28129","Bebês","Roupas de Bebê"
"256812","Festas e Lembrancinhas","Artigos para Festas"
"437538","Brinquedos e Hobbies","Brinquedos para Bebês"
"457503","Festas e Lembrancinhas","Equipamento para Festas"
"251522","Informática","Tablets e Acessórios"
"212928","Eletrônicos, Áudio e Vídeo","Peças para TV"
"418074","Acessórios para Veículos","Tuning"
"269340","Bebês","Alimentos para Bebês"
"435292","Construção","Pisos e Rejuntes"
"445772","Acessórios para Veículos","Serviços Programados"
"180327","Saúde","Massagem"
"123919","Esportes e Fitness","Mergulho"
"278112","Calçados, Roupas e Bolsas","Moda Íntima e Lingerie"
"455067","Eletrodomésticos","Fornos e Fogões"
"169600","Acessórios para Veículos","Som Automotivo"
"424835","Esportes e Fitness","Hóquei"
"429406","Calçados, Roupas e Bolsas","Acessórios de Moda"
"433784","Acessórios para Veículos","Segurança Veicular"
"277473","Esportes e Fitness","Patín e Skateboard"
"432742","Festas e Lembrancinhas","Decoração de Festa"
"459330","Celulares e Telefones","Smartwatches e Acessórios"
"278244","Brinquedos e Hobbies","Brinquedos de Faz de Conta"
"39492","Brinquedos e Hobbies","Brinquedos de Pegadinhas"
"271273","Esportes e Fitness","Tiro Esportivo"
"129724","Games","Peças para Consoles"
"439368","Eletrônicos, Áudio e Vídeo","Aparelhos DVD e Bluray"
"10209","Bebês","Roupas de Bebê"
"57848","Eletrônicos, Áudio e Vídeo","Acessórios para Áudio e Vídeo"
"278098","Instrumentos Musicais","Instrumentos de Sopro"
"416882","Indústria e Comércio","Têxtil e Calçado"
"437975","Brinquedos e Hobbies","Hobbies"
"277841","Games","Fliperamas e Arcade"
"12394","Brinquedos e Hobbies","Mini Veículos e Bicicletas"
"264712","Construção","Encanamento"
"430316","Agro","Maquinaria Agrícola"
"442416","Agro","Insumos Agrícolas"
"4614","Instrumentos Musicais","Instrumentos de Sopro"
"446803","Agro","Infra-estrutura Rural"
"6854","Esportes e Fitness","Futebol"
"431097","Ingressos","Eventos Esportivos"
"45265","Eletrônicos, Áudio e Vídeo","Peças para TV"
"445778","Acessórios para Veículos","Serviços Programados"
"268556","Informática","Periféricos para PC"
"277418","Indústria e Comércio","Gráfica e Impressão"
"455309","Acessórios para Veículos","Rodas"
"271911","Informática","Acessórios de Antiestática"
"433589","Eletrodomésticos","Refrigeração"
"429196","Esportes e Fitness","Esqui e Snowboard"
"430118","Indústria e Comércio","Gráfica e Impressão"
"429215","Esportes e Fitness","Tênis, Paddle e Squash"
"431830","Informática","Cabos e Hubs USB"
"271713","Ferramentas","Caixas e Organizadores"
"12459","Brinquedos e Hobbies","Casinhas e Barracas"
"438619","Celulares e Telefones","Tarifadores e Cabines"
"439747","Alimentos e Bebidas","Bebidas"
"67809","Esportes e Fitness","Futebol"
"271292","Construção","Loja das Tintas"
"403701","Construção","Loja das Tintas"
"435081","Saúde","Massagem"
"433052","Brinquedos e Hobbies","Lançadores de Brinquedo"
"413800","Alimentos e Bebidas","Bebidas"
"457980","Acessórios para Veículos","Lubrificantes e Fluidos"
"438045","Acessórios para Veículos","Rodas"
"277429","Construção","Encanamento"
"430986","Câmeras e Acessórios","Peças para Câmeras"
"258475","Casa, Móveis e Decoração","Segurança para Casa"
"135679","Acessórios para Veículos","Som Automotivo"
"1976","Esportes e Fitness","Patín e Skateboard"
"271916","Informática","Acessórios de Antiestática"
"431654","Beleza e Cuidado Pessoal","Artigos para Cabeleireiros"
"457858","Brinquedos e Hobbies","Jogos de Tabuleiro e Cartas"
"272169","Esportes e Fitness","Futebol"
"194204","Casa, Móveis e Decoração","Segurança para Casa"
"435275","Construção","Encanamento"
"270195","Mais Categorias","Equipamento para Tatuagens"
"457515","Festas e Lembrancinhas","Lembrancinhas para Fiestas"
"278093","Instrumentos Musicais","Instrumentos de Sopro"
"431345","Calçados, Roupas e Bolsas","Acessórios de Moda"
"434345","Joias e Relógios","Artigos de Joalharia"
"457276","Pet Shop","Gatos"
"11950","Informática","Palms e Handhelds"
"9635","Informática","Conectividade e Redes"
"438495","Câmeras e Acessórios","Álbuns e Porta-retratos"
"189212","Ferramentas","Caixas e Organizadores"
"439109","Indústria e Comércio","Equipamento para Escritórios"
"420010","Indústria e Comércio","Segurança Laboral"
"271318","Esportes e Fitness","Tiro Esportivo"
"401898","Casa, Móveis e Decoração","Têxteis de Casa e Decoração"
"435322","Construção","Encanamento"
"457310","Pet Shop","Aves e Acessórios"
"73048","Eletrodomésticos","Bebedouros e Purificadores"
"456825","Agro","Lubrificantes e Fluidos"
"457309","Pet Shop","Coelhos"
"271285","Construção","Loja das Tintas"
"433070","Brinquedos e Hobbies","Brinquedos de Praia e Piscina"
"432580","Construção","Máquinas para Construção"
"455660","Eletrodomésticos","Fornos e Fogões"
"425077","Bebês","Andadores e Mini Veículos"
"457426","Festas e Lembrancinhas","Fantasias e Cosplay"
"456086","Alimentos e Bebidas","Comida Preparada"
"1664","Informática","Acessórios para PC Gaming"
"433662","Esportes e Fitness","Patinetes e Scooters"
"433008","Calçados, Roupas e Bolsas","Indumentária Laboral e Escolar"
"277391","Pet Shop","Peixes"
"39109","Celulares e Telefones","Acessórios para Celulares"
"270910","Esportes e Fitness","Artes Marciais e Boxe"
"278214","Pet Shop","Peixes"
"457505","Festas e Lembrancinhas","Descartáveis para Festa"
"457313","Pet Shop","Gatos"
"257279","Beleza e Cuidado Pessoal","Depilação"
"447783","Informática","Acessórios para PC Gaming"
"439444","Acessórios para Veículos","Performance"
"1693","Informática","Componentes para PC"
"263904","Bebês","Brinquedos para Bebês"
"457551","Informática","Periféricos para PC"
"432791","Indústria e Comércio","Equipamento para Escritórios"
"74380","Bebês","Segurança para Bebê"
"8194","Brinquedos e Hobbies","Hobbies"
"430416","Câmeras e Acessórios","Drones e Acessórios"
"123941","Esportes e Fitness","Kitesurf"
"270414","Alimentos e Bebidas","Bebidas"
"437758","Brinquedos e Hobbies","Brinquedos para Bebês"
"271458","Bebês","Banho do Bebê"
"270088","Informática","Conectividade e Redes"
"431487","Mais Categorias","Artigos para Fumadores"
"271688","Informática","Conectividade e Redes"
"455521","Brinquedos e Hobbies","Brinquedos Eletrônicos"
"271646","Agro","Produçao Animal"
"5122","Joias e Relógios","Piercings"
"435072","Saúde","Ortopedia"
"432701","Brinquedos e Hobbies","Hobbies"
"435327","Construção","Encanamento"
"8252","Beleza e Cuidado Pessoal","Cuidados com a Pele"
"278226","Informática","Criptomoedas"
"9910","Esportes e Fitness","Basquete"
"31114","Antiguidades e Coleções","Militaria e Afins"
"457807","Esportes e Fitness","Handebol"
"430414","Câmeras e Acessórios","Drones e Acessórios"
"271846","Calçados, Roupas e Bolsas","Acessórios de Moda"
"434858","Instrumentos Musicais","Pianos e Teclados"
"277471","Informática","Criptomoedas"
"430800","Informática","Componentes para PC"
"431831","Informática","Cabos e Hubs USB"
"458706","Brinquedos e Hobbies","Veículos de Brinquedo"
"277843","Games","Fliperamas e Arcade"
"38206","Eletrônicos, Áudio e Vídeo","Controles Remotos"
"428951","Saúde","Ortopedia"
"457074","Agro","Maquinaria Agrícola"
"271324","Esportes e Fitness","Tiro Esportivo"
"7073","Casa, Móveis e Decoração","Segurança para Casa"
"432582","Ferramentas","Caixas e Organizadores"
"433121","Indústria e Comércio","Gráfica e Impressão"
"49096","Indústria e Comércio","Equipamento para Escritórios"
"433352","Brinquedos e Hobbies","Ar Livre e Playground"
"271584","Bebês","Quarto do Bebê"
"456084","Música, Filmes e Seriados","Seriados Online"
"436896","Joias e Relógios","Artigos de Joalharia"
"278274","Acessórios para Veículos","Segurança Veicular"
"270262","Esportes e Fitness","Golfe"
"278224","Brinquedos e Hobbies","Casinhas e Barracas"
"278174","Celulares e Telefones","Smartwatches e Acessórios"
"435060","Beleza e Cuidado Pessoal","Farmácia"
"455509","Brinquedos e Hobbies","Mini Veículos e Bicicletas"
"233528","Câmeras e Acessórios","Lentes e Filtros"
"260668","Acessórios para Veículos","Performance"
"456994","Agro","Apicultura"
"123032","Esportes e Fitness","Suplementos e Shakers"
"189214","Ferramentas","Caixas e Organizadores"
"429508","Calçados, Roupas e Bolsas","Acessórios de Moda"
"434839","Pet Shop","Peixes"
"270194","Mais Categorias","Equipamento para Tatuagens"
"439094","Indústria e Comércio","Embalagem e Logística"
"455061","Eletrodomésticos","Fornos e Fogões"
"438818","Esportes e Fitness","Handebol"
"271810","Eletrodomésticos","Refrigeração"
"455925","Beleza e Cuidado Pessoal","Tratamentos de Beleza"
"223533","Esportes e Fitness","Equitação"
"455910","Construção","Aberturas"
"39587","Esportes e Fitness","Golfe"
"278068","Calçados, Roupas e Bolsas","Roupas para Bebês"
"44832","Antiguidades e Coleções","Cédulas e Moedas"
"432731","Esportes e Fitness","Patinetes e Scooters"
"271841","Câmeras e Acessórios","Equipamento de Revelação"
"457563","Festas e Lembrancinhas","Equipamento para Festas"
"73567","Câmeras e Acessórios","Álbuns e Porta-retratos"
"437785","Acessórios para Veículos","Ferramentas para Veículos"
"438993","Esportes e Fitness","Esqui e Snowboard"
"457545","Pet Shop","Gatos"
"434793","Pet Shop","Gatos"
"439286","Esportes e Fitness","Equitação"
"271602","Agro","Maquinaria Agrícola"
"278164","Brinquedos e Hobbies","Lançadores de Brinquedo"
"2848","Eletrônicos, Áudio e Vídeo","Acessórios para TV"
"455894","Bebês","Higiene e Cuidados com o Bebê"
"429352","Brinquedos e Hobbies","Hobbies"
"271690","Informática","Conectividade e Redes"
"196707","Joias e Relógios","Porta Joias"
"271188","Beleza e Cuidado Pessoal","Tratamentos de Beleza"
"456039","Construção","Pisos e Rejuntes"
"421371","Esportes e Fitness","Esqui e Snowboard"
"49126","Indústria e Comércio","Publicidade e Promoção"
"435212","Instrumentos Musicais","Equipamento para DJs"
"274752","Calçados, Roupas e Bolsas","Calçados"
"433096","Brinquedos e Hobbies","Brinquedos de Praia e Piscina"
"277606","Ferramentas","Acessórios para Ferramentas"
"270256","Brinquedos e Hobbies","Fantoches e Marionetas"
"270135","Informática","Acessórios para PC Gaming"
"199346","Esportes e Fitness","Patín e Skateboard"
"1965","Brinquedos e Hobbies","Álbuns e Figurinhas"
"269671","Bebês","Maternidade"
"48173","Esportes e Fitness","Rapel, Montanhismo e Escalada"
"455427","Brinquedos e Hobbies","Brinquedos de Montar"
"1432","Joias e Relógios","Joias e Bijuterias"
"270201","Mais Categorias","Equipamento para Tatuagens"
"401173","Saúde","Mobilidade"
"261133","Bebês","Chupetas e Mordedores"
"271459","Bebês","Alimentação e Amamentação"
"271199","Mais Categorias","Artigos para Fumadores"
"455232","Ferramentas","Acessórios para Ferramentas"
"116341","Acessórios para Veículos","Ferramentas para Veículos"
"431746","Joias e Relógios","Artigos de Joalharia"
"180313","Esportes e Fitness","Futebol"
"1296","Esportes e Fitness","Patín e Skateboard"
"439285","Esportes e Fitness","Equitação"
"260691","Acessórios para Veículos","Performance"
"272178","Beleza e Cuidado Pessoal","Tratamentos de Beleza"
"263856","Mais Categorias","Artigos para Fumadores"
"435328","Construção","Encanamento"
"260623","Acessórios para Veículos","Tuning"
"457076","Agro","Produçao Animal"
"223530","Esportes e Fitness","Equitação"
"438810","Esportes e Fitness","Canoas, Caiaques e Infláveis"
"455214","Casa, Móveis e Decoração","Camas, Colchões e Acessórios"
"271644","Agro","Infra-estrutura Rural"
"48177","Esportes e Fitness","Rapel, Montanhismo e Escalada"
"277791","Alimentos e Bebidas","Frescos"
"433449","Eletrônicos, Áudio e Vídeo","Componentes Eletrônicos"
"458037","Pet Shop","Escovas e Pentes"
"435578","Informática","Projetores e Telas"
"455863","Acessórios para Veículos","Motos"
"458210","Acessórios para Veículos","Motos"
"454901","Indústria e Comércio","Têxtil e Calçado"
"416788","Informática","Limpeza de PCs"
"6851","Esportes e Fitness","Futebol"
"410726","Esportes e Fitness","Patinetes e Scooters"
"4187","Celulares e Telefones","Acessórios para Celulares"
"447776","Indústria e Comércio","Embalagem e Logística"
"28141","Bebês","Roupas de Bebê"
"1847","Brinquedos e Hobbies","Hobbies"
"1843","Brinquedos e Hobbies","Hobbies"
"455621","Ferramentas","Acessórios para Ferramentas"
"457266","Agro","Irrigação"
"401897","Casa, Móveis e Decoração","Têxteis de Casa e Decoração"
"399208","Bebês","Higiene e Cuidados com o Bebê"
"120314","Eletrodomésticos","Fornos e Fogões"
"418346","Informática","Tablets e Acessórios"
"431888","Acessórios para Veículos","GNV"
"85875","Pet Shop","Peixes"
"435342","Construção","Loja das Tintas"
"120497","Acessórios para Veículos","Navegadores GPS para Vehículos"
"410887","Alimentos e Bebidas","Comida Preparada"
"420439","Bebês","Alimentação e Amamentação"
"169599","Saúde","Massagem"
"90455","Games","Peças para Consoles"
"456642","Esportes e Fitness","Patinetes e Scooters"
"49108","Indústria e Comércio","Equipamento para Escritórios"
"438785","Informática","Componentes para PC"
"273770","Calçados, Roupas e Bolsas","Calçados"
"271269","Construção","Aberturas"
"199395","Saúde","Massagem"
"49073","Indústria e Comércio","Embalagem e Logística"
"1948","Antiguidades e Coleções","Cédulas e Moedas"
"457502","Festas e Lembrancinhas","Equipamento para Festas"
"438994","Esportes e Fitness","Esqui e Snowboard"
"7457","Celulares e Telefones","Acessórios para Celulares"
"1703","Informática","Conectividade e Redes"
"456108","Casa, Móveis e Decoração","Têxteis de Casa e Decoração"
"263531","Ferramentas","Acessórios para Ferramentas"
"2662","Antiguidades e Coleções","Esculturas"
"454726","Esportes e Fitness","Surf e Bodyboard"
"457487","Festas e Lembrancinhas","Garrafas"
"430408","Câmeras e Acessórios","Drones e Acessórios"
"432021","Calçados, Roupas e Bolsas","Malas e Bolsas"
"437908","Bebês","Roupas de Bebê"
"448693","Esportes e Fitness","Vôlei"
"11099","Acessórios para Veículos","Segurança Veicular"
"438563","Instrumentos Musicais","Estúdio de Gravação"
"433368","Brinquedos e Hobbies","Bonecos e Bonecas"
"442403","Agro","Infra-estrutura Rural"
"418199","Calçados, Roupas e Bolsas","Indumentária Laboral e Escolar"
"271143","Brinquedos e Hobbies","Patins e Skates"
"439441","Acessórios para Veículos","Performance"
"428991","Alimentos e Bebidas","Frescos"
"417963","Indústria e Comércio","Uniformes e Roupa de Trabalho"
"123927","Esportes e Fitness","Mergulho"
"271389","Esportes e Fitness","Tiro Esportivo"
"439353","Eletrodomésticos","Cuidado Pessoal"
"432997","Celulares e Telefones","Acessórios para Celulares"
"437759","Bebês","Brinquedos para Bebês"
"271798","Festas e Lembrancinhas","Artigos para Festas"
"437973","Brinquedos e Hobbies","Hobbies"
"271306","Bebês","Passeio do Bebê"
"457803","Esportes e Fitness","Futebol Americano"
"435206","Instrumentos Musicais","Equipamento para DJs"
"74091","Games","Peças para Consoles"
"411913","Ferramentas","Ferramentas para Jardim"
"455866","Alimentos e Bebidas","Comida Preparada"
"270253","Indústria e Comércio","Segurança Laboral"
"401166","Construção","Mobiliário para Banheiros"
"387587","Mais Categorias","Esoterismo e Ocultismo"
"256845","Festas e Lembrancinhas","Descartáveis para Festa"
"3905","Acessórios para Veículos","Som Automotivo"
"18366","Esportes e Fitness","Natação"
"393898","Casa, Móveis e Decoração","Segurança para Casa"
"257275","Festas e Lembrancinhas","Decoração de Festa"
"29301","Instrumentos Musicais","Instrumentos de Sopro"
"277659","Informática","Limpeza de PCs"
"430695","Ferramentas","Acessórios para Ferramentas"
"455662","Eletrodomésticos","Fornos e Fogões"
"272203","Eletrônicos, Áudio e Vídeo","Projetores e Telas"
"439319","Indústria e Comércio","Publicidade e Promoção"
"123107","Esportes e Fitness","Monitores Esportivos"
"36496","Câmeras e Acessórios","Álbuns e Porta-retratos"
"429675","Saúde","Ortopedia"
"456840","Agro","Proteção de Culturas"
"421331","Informática","Limpeza de PCs"
"5529","Calçados, Roupas e Bolsas","Acessórios de Moda"
"272200","Eletrônicos, Áudio e Vídeo","Projetores e Telas"
"270333","Ferramentas","Acessórios para Ferramentas"
"33384","Casa, Móveis e Decoração","Iluminação Residencial"
"435321","Construção","Encanamento"
"4066","Câmeras e Acessórios","Instrumentos Ópticos "
"437469","Ferramentas","Ferramentas Pneumáticas"
"455730","Arte, Papelaria e Armarinho","Arte e Trabalhos Manuais"
"411975","Construção","Mobiliário para Cozinhas"
"179704","Construção","Aberturas"
"2297","Antiguidades e Coleções","Militaria e Afins"
"456146","Ferramentas","Ferramentas para Jardim"
"115943","Acessórios para Veículos","Ferramentas para Veículos"
"277937","Agro","Maquinaria Agrícola"
"435339","Construção","Loja das Tintas"
"435352","Festas e Lembrancinhas","Equipamento para Festas"
"448171","Games","Acessórios para PC Gaming"
"438502","Acessórios para Veículos","Tuning"
"455060","Eletrodomésticos","Fornos e Fogões"
"430675","Acessórios para Veículos","Lubrificantes e Fluidos"
"432026","Calçados, Roupas e Bolsas","Malas e Bolsas"
"256814","Festas e Lembrancinhas","Decoração de Festa"
"270110","Brinquedos e Hobbies","Instrumentos Musicais"
"438976","Indústria e Comércio","Arquitetura e Desenho"
"455313","Acessórios para Veículos","Ferramentas para Veículos"
"455124","Esportes e Fitness","Tênis, Paddle e Squash"
"256846","Festas e Lembrancinhas","Descartáveis para Festa"
"269666","Beleza e Cuidado Pessoal","Artigos para Cabeleireiros"
"439598","Games","Acessórios para PC Gaming"
"277380","Beleza e Cuidado Pessoal","Depilação"
"260617","Acessórios para Veículos","Tuning"
"6893","Brinquedos e Hobbies","Hobbies"
"434794","Pet Shop","Gatos"
"118038","Joias e Relógios","Artigos de Joalharia"
"455591","Ferramentas","Ferramentas para Jardim"
"457485","Festas e Lembrancinhas","Equipamento para Festas"
"456641","Esportes e Fitness","Patinetes e Scooters"
"456139","Acessórios para Veículos","Lubrificantes e Fluidos"
"1864","Antiguidades e Coleções","Filatelia"
"278281","Bebês","Banho do Bebê"
"202298","Esportes e Fitness","Mergulho"
"12443","Brinquedos e Hobbies","Brinquedos de Montar"
"434797","Instrumentos Musicais","Partituras e Letras"
"271851","Eletrodomésticos","Refrigeração"
"429180","Esportes e Fitness","Esqui e Snowboard"
"457078","Agro","Maquinaria Agrícola"
"244743","Brinquedos e Hobbies","Jogos de Tabuleiro e Cartas"
"269586","Bebês","Brinquedos para Bebês"
"438561","Instrumentos Musicais","Estúdio de Gravação"
"438564","Instrumentos Musicais","Estúdio de Gravação"
"436428","Casa, Móveis e Decoração","Organização para Casa"
"11602","Eletrônicos, Áudio e Vídeo","Projetores e Telas"
"457513","Eletrônicos, Áudio e Vídeo","Acessórios para TV"
"11937","Câmeras e Acessórios","Lentes e Filtros"
"435528","Construção","Máquinas para Construção"
"457547","Pet Shop","Gatos"
"121405","Informática","PC de Mesa"
"443814","Acessórios para Veículos","Som Automotivo"
"433239","Indústria e Comércio","Equipamento para Escritórios"
"277934","Saúde","Ortopedia"
"12447","Ferramentas","Ferramentas Pneumáticas"
"437974","Brinquedos e Hobbies","Hobbies"
"435344","Construção","Loja das Tintas"
"439315","Instrumentos Musicais","Microfones e Amplificadores"
"238586","Casa, Móveis e Decoração","Segurança para Casa"
"278147","Celulares e Telefones","Smartwatches e Acessórios"
"270122","Brinquedos e Hobbies","Instrumentos Musicais"
"271359","Construção","Loja das Tintas"
"439354","Eletrodomésticos","Cuidado Pessoal"
"439326","Indústria e Comércio","Publicidade e Promoção"
"1728","Informática","Softwares"
"456924","Agro","Apicultura"
"456727","Esportes e Fitness","Patinetes e Scooters"
"439274","Indústria e Comércio","Uniformes e Roupa de Trabalho"
"433349","Brinquedos e Hobbies","Ar Livre e Playground"
"129661","Informática","Tablets e Acessórios"
"457845","Brinquedos e Hobbies","Jogos de Tabuleiro e Cartas"
"455877","Alimentos e Bebidas","Comida Preparada"
"28211","Bebês","Roupas de Bebê"
"431815","Eletrônicos, Áudio e Vídeo","Cabos"
"278157","Bebês","Roupas de Bebê"
"437909","Calçados, Roupas e Bolsas","Roupas para Bebês"
"457442","Festas e Lembrancinhas","Fantasias e Cosplay"
"433284","Eletrônicos, Áudio e Vídeo","Controles Remotos"
"455822","Informática","Tablets e Acessórios"
"251640","Acessórios para Veículos","Segurança Veicular"
"278154","Beleza e Cuidado Pessoal","Tratamentos de Beleza"
"72751","Instrumentos Musicais","Instrumentos de Corda"
"264310","Saúde","Ortopedia"
"1937","Alimentos e Bebidas","Bebidas"
"411923","Construção","Mobiliário para Banheiros"
"430757","Construção","Máquinas para Construção"
"1967","Brinquedos e Hobbies","Álbuns e Figurinhas"
"61635","Acessórios para Veículos","Som Automotivo"
"46251","Brinquedos e Hobbies","Hobbies"
"363814","Acessórios para Veículos","Limpeza Automotiva"
"1611","Casa, Móveis e Decoração","Camas, Colchões e Acessórios"
"270257","Eletrônicos, Áudio e Vídeo","Componentes Eletrônicos"
"271228","Informática","Armazenamento"
"5361","Bebês","Alimentação e Amamentação"
"277404","Indústria e Comércio","Embalagem e Logística"
"7127","Arte, Papelaria e Armarinho","Arte e Trabalhos Manuais"
"29902","Beleza e Cuidado Pessoal","Maquiagem"
"278020","Alimentos e Bebidas","Bebidas"
"458048","Pet Shop","Roupas de Inverno"
"455648","Eletrodomésticos","Lavadores"
"3530","Mais Categorias","Outros"
"45215","Esportes e Fitness","Natação"
"455876","Bebês","Higiene e Cuidados com o Bebê"
"437686","Brinquedos e Hobbies","Anti-stress e Engenho"
"100075","Informática","Componentes para PC"
"442428","Agro","Produçao Animal"
"270885","Bebês","Segurança para Bebê"
"271737","Games","Fliperamas e Arcade"
"277478","Esportes e Fitness","Paintball"
"435205","Instrumentos Musicais","Equipamento para DJs"
"455517","Brinquedos e Hobbies","Artes e Atividades"
"455401","Eletrodomésticos","Lavadores"
"31447","Calçados, Roupas e Bolsas","Camisetas e Regatas"
"70632","Beleza e Cuidado Pessoal","Maquiagem"
"429087","Ferramentas","Ferramentas para Jardim"
"436431","Casa, Móveis e Decoração","Organização para Casa"
"455658","Eletrodomésticos","Lavadores"
"277731","Pet Shop","Gatos"
"430940","Instrumentos Musicais","Instrumentos de Sopro"
"268499","Indústria e Comércio","Segurança Laboral"
"455935","Beleza e Cuidado Pessoal","Artigos para Cabeleireiros"
"439357","Eletrodomésticos","Fornos e Fogões"
"456922","Agro","Apicultura"
"439067","Construção","Mobiliário para Banheiros"
"434799","Agro","Maquinaria Agrícola"
"271277","Esportes e Fitness","Tiro Esportivo"
"439596","Games","Acessórios para PC Gaming"
"3656","Brinquedos e Hobbies","Brinquedos para Bebês"
"264794","Beleza e Cuidado Pessoal","Barbearia"
"433351","Brinquedos e Hobbies","Ar Livre e Playground"
"271659","Eletrodomésticos","Lavadores"
"31140","Antiguidades e Coleções","Militaria e Afins"
"431550","Calçados, Roupas e Bolsas","Malas e Bolsas"
"440303","Acessórios para Veículos","Segurança Veicular"
"457501","Festas e Lembrancinhas","Fantasias e Cosplay"
"429059","Joias e Relógios","Artigos de Joalharia"
"264687","Brinquedos e Hobbies","Ar Livre e Playground"
"118036","Joias e Relógios","Artigos de Joalharia"
"9734","Esportes e Fitness","Futebol"
"277428","Calçados, Roupas e Bolsas","Indumentária Laboral e Escolar"
"457376","Mais Categorias","Assinatura do MELI Plus"
"456932","Agro","Fertilizantes"
"271393","Beleza e Cuidado Pessoal","Artigos para Cabeleireiros"
"432839","Brinquedos e Hobbies","Brinquedos de Faz de Conta"
"435573","Informática","Projetores e Telas"
"439509","Eletrodomésticos","Cuidado Pessoal"
"33412","Casa, Móveis e Decoração","Segurança para Casa"
"456572","Games","Acessórios para PC Gaming"
"455835","Informática","Projetores e Telas"
"264314","Saúde","Ortopedia"
"44291","Esportes e Fitness","Basquete"
"432538","Acessórios para Veículos","Lubrificantes e Fluidos"
"438218","Esportes e Fitness","Patinetes e Scooters"
"412695","Indústria e Comércio","Gráfica e Impressão"
"67983","Esportes e Fitness","Tênis, Paddle e Squash"
"1438","Joias e Relógios","Joias e Bijuterias"
"1169","Música, Filmes e Seriados","Filmes Físicos"
"455833","Eletrônicos, Áudio e Vídeo","Projetores e Telas"
"264021","Bebês","Alimentação e Amamentação"
"459621","Música, Filmes e Seriados","Mercado Play Filmes"
"432685","Construção","Loja das Tintas"
"418380","Casa, Móveis e Decoração","Têxteis de Casa e Decoração"
"411157","Esportes e Fitness","Tiro Esportivo"
"431591","Beleza e Cuidado Pessoal","Maquiagem"
"428977","Esportes e Fitness","Artes Marciais e Boxe"
"1672","Informática","Armazenamento"
"270261","Esportes e Fitness","Golfe"
"429259","Pet Shop","Cavalos"
"431555","Calçados, Roupas e Bolsas","Indumentária Laboral e Escolar"
"456117","Acessórios para Veículos","Lubrificantes e Fluidos"
"263725","Acessórios para Veículos","Limpeza Automotiva"
"11113","Informática","Conectividade e Redes"
"457413","Festas e Lembrancinhas","Decoração de Festa"
"455766","Festas e Lembrancinhas","Artigos para Festas"
"424836","Esportes e Fitness","Hóquei"
"277729","Bebês","Higiene e Cuidados com o Bebê"
"271305","Bebês","Passeio do Bebê"
"278210","Beleza e Cuidado Pessoal","Barbearia"
"277393","Informática","Conectividade e Redes"
"1099","Pet Shop","Peixes"
"270536","Informática","Limpeza de PCs"
"455495","Eletrônicos, Áudio e Vídeo","Componentes Eletrônicos"
"419487","Esportes e Fitness","Patín e Skateboard"
"4519","Informática","Armazenamento"
"223378","Esportes e Fitness","Badminton"
"11883","Acessórios para Veículos","Som Automotivo"
"50665","Brinquedos e Hobbies","Piscinas de Bolas e Infláveis"
"270506","Construção","Aberturas"
"38188","Câmeras e Acessórios","Cabos"
"223839","Eletrodomésticos","Bebedouros e Purificadores"
"2906","Celulares e Telefones","Rádio Comunicadores"
"271311","Eletrônicos, Áudio e Vídeo","Drones e Acessórios"
"455305","Acessórios para Veículos","Ferramentas para Veículos"
"44081","Beleza e Cuidado Pessoal","Artigos para Cabeleireiros"
"439262","Acessórios para Veículos","Performance"
"49066","Indústria e Comércio","Equipamento para Escritórios"
"277355","Indústria e Comércio","Embalagem e Logística"
"435176","Instrumentos Musicais","Equipamento para DJs"
"49513","Acessórios para Veículos","Navegadores GPS para Vehículos"
"271349","Casa, Móveis e Decoração","Têxteis de Casa e Decoração"
"7937","Brinquedos e Hobbies","Hobbies"
"1912","Informática","Outros"
"39961","Bebês","Roupas de Bebê"
"271716","Informática","Conectividade e Redes"
"271271","Eletrônicos, Áudio e Vídeo","Peças para TV"
"214271","Esportes e Fitness","Vôlei"
"46568","Acessórios para Veículos","Tuning"
"135979","Instrumentos Musicais","Equipamento para DJs"
"454912","Indústria e Comércio","Segurança Laboral"
"439663","Antiguidades e Coleções","Militaria e Afins"
"418395","Ferramentas","Acessórios para Ferramentas"
"457013","Pet Shop","Peixes"
"433161","Antiguidades e Coleções","Militaria e Afins"
"271356","Construção","Encanamento"
"73842","Games","Peças para Consoles"
"9438","Informática","Palms e Handhelds"
"363815","Acessórios para Veículos","Serviços Programados"
"432064","Joias e Relógios","Acessórios Para Relógios"
"435787","Construção","Mobiliário para Banheiros"
"49580","Eletrônicos, Áudio e Vídeo","Acessórios para TV"
"457462","Festas e Lembrancinhas","Equipamento para Festas"
"417961","Calçados, Roupas e Bolsas","Indumentária Laboral e Escolar"
"11189","Informática","Conectividade e Redes"
"457879","Brinquedos e Hobbies","Jogos de Tabuleiro e Cartas"
"194851","Joias e Relógios","Joias e Bijuterias"
"7787","Beleza e Cuidado Pessoal","Artigos para Cabeleireiros"
"271368","Eletrônicos, Áudio e Vídeo","Drones e Acessórios"
"277671","Joias e Relógios","Acessórios Para Relógios"
"2434","Antiguidades e Coleções","Filatelia"
"431346","Indústria e Comércio","Equipamento para Escritórios"
"438494","Câmeras e Acessórios","Lentes e Filtros"
"456887","Agro","Apicultura"
"271739","Eletrônicos, Áudio e Vídeo","Drones e Acessórios"
"435189","Instrumentos Musicais","Equipamento para DJs"
"32137","Beleza e Cuidado Pessoal","Depilação"
"457424","Festas e Lembrancinhas","Equipamento para Festas"
"1710","Informática","Conectividade e Redes"
"455862","Festas e Lembrancinhas","Fantasias e Cosplay"
"456074","Construção","Aberturas"
"433285","Bebês","Brinquedos para Bebês"
"45320","Acessórios para Veículos","Som Automotivo"
"31112","Antiguidades e Coleções","Militaria e Afins"
"455056","Construção","Aberturas"
"270127","Construção","Máquinas para Construção"
"271732","Informática","Limpeza de PCs"
"271709","Esportes e Fitness","Natação"
"448170","Games","Acessórios para PC Gaming"
"414611","Calçados, Roupas e Bolsas","Indumentária Laboral e Escolar"
"67872","Esportes e Fitness","Tênis, Paddle e Squash"
"430419","Câmeras e Acessórios","Drones e Acessórios"
"455818","Alimentos e Bebidas","Bebidas"
"439097","Indústria e Comércio","Equipamento para Escritórios"
"180317","Esportes e Fitness","Futebol"
"3112","Calçados, Roupas e Bolsas","Blusas"
"455650","Eletrodomésticos","Lavadores"
"432788","Pet Shop","Peixes"
"123966","Esportes e Fitness","Paintball"
"5236","Ferramentas","Outros"
"31419","Bebês","Roupas de Bebê"
"33399","Ferramentas","Acessórios para Ferramentas"
"455608","Alimentos e Bebidas","Frescos"
"401287","Casa, Móveis e Decoração","Têxteis de Casa e Decoração"
"45712","Instrumentos Musicais","Instrumentos de Corda"
"430548","Bebês","Banho do Bebê"
"7463","Celulares e Telefones","Acessórios para Celulares"
"435220","Instrumentos Musicais","Equipamento para DJs"
"457399","Pet Shop","Gatos"
"74108","Games","Fliperamas e Arcade"
"271167","Informática","Conectividade e Redes"
"439399","Casa, Móveis e Decoração","Têxteis de Casa e Decoração"
"118034","Joias e Relógios","Joias e Bijuterias"
"1090","Pet Shop","Gatos"
"432884","Joias e Relógios","Acessórios Para Relógios"
"270303","Brinquedos e Hobbies","Brinquedos de Faz de Conta"
"455803","Beleza e Cuidado Pessoal","Tratamentos de Beleza"
"431609","Construção","Máquinas para Construção"
"272124","Calçados, Roupas e Bolsas","Acessórios de Moda"
"44256","Esportes e Fitness","Basquete"
"432136","Agro","Maquinaria Agrícola"
"278292","Beleza e Cuidado Pessoal","Maquiagem"
"14560","Construção","Pisos e Rejuntes"
"454741","Brinquedos e Hobbies","Ar Livre e Playground"
"439289","Esportes e Fitness","Futebol"
"435326","Construção","Encanamento"
"260639","Celulares e Telefones","Óculos"
"74357","Bebês","Quarto do Bebê"
"30206","Indústria e Comércio","Têxtil e Calçado"
"108803","Calçados, Roupas e Bolsas","Agasalhos"
"45248","Instrumentos Musicais","Microfones e Amplificadores"
"116340","Acessórios para Veículos","Ferramentas para Veículos"
"455311","Acessórios para Veículos","Ferramentas para Veículos"
"417767","Beleza e Cuidado Pessoal","Artigos para Cabeleireiros"
"186304","Casa, Móveis e Decoração","Camas, Colchões e Acessórios"
"456110","Casa, Móveis e Decoração","Camas, Colchões e Acessórios"
"1694","Informática","Componentes para PC"
"438554","Informática","Tablets e Acessórios"
"40189","Festas e Lembrancinhas","Lembrancinhas"
"1671","Informática","Componentes para PC"
"38210","Eletrônicos, Áudio e Vídeo","Pilhas e Carregadores"
"271453","Eletrodomésticos","Lavadores"
"429034","Ferramentas","Acessórios para Ferramentas"
"458046","Pet Shop","Laços"
"45256","Acessórios para Veículos","Som Automotivo"
"1071","Pet Shop","Pet Shop"
"446804","Agro","Infra-estrutura Rural"
"123947","Esportes e Fitness","Surf e Bodyboard"
"455216","Acessórios para Veículos","Tags de Pagamento de Pedágio"
"1888","Bebês","Roupas de Bebê"
"454739","Brinquedos e Hobbies","Ar Livre e Playground"
"432833","Brinquedos e Hobbies","Brinquedos de Faz de Conta"
"67513","Esportes e Fitness","Hóquei"
"457451","Festas e Lembrancinhas","Fantasias e Cosplay"
"446795","Agro","Agricultura de Precisão"
"432675","Esportes e Fitness","Beisebol e Softbol"
"277938","Alimentos e Bebidas","Bebidas"
"1405","Alimentos e Bebidas","Bebidas"
"271917","Informática","Acessórios de Antiestática"
"422165","Esportes e Fitness","Handebol"
"457486","Festas e Lembrancinhas","Lembrancinhas para Fiestas"
"457112","Agro","Produçao Animal"
"264752","Beleza e Cuidado Pessoal","Artigos para Cabeleireiros"
"277665","Construção","Loja das Tintas"
"39600","Esportes e Fitness","Golfe"
"432929","Indústria e Comércio","Equipamento para Escritórios"
"455053","Casa, Móveis e Decoração","Segurança para Casa"
"458011","Esportes e Fitness","Cotoveleiras"
"456030","Beleza e Cuidado Pessoal","Cuidados com a Pele"
"270917","Esportes e Fitness","Equitação"
"49520","Calçados, Roupas e Bolsas","Roupas para Bebês"
"271877","Calçados, Roupas e Bolsas","Indumentária Laboral e Escolar"
"431571","Esportes e Fitness","Beisebol e Softbol"
"272117","Eletrodomésticos","Refrigeração"
"28108","Calçados, Roupas e Bolsas","Malas e Bolsas"
"271604","Agro","Produçao Animal"
"270203","Pet Shop","Coelhos"
"271753","Bebês","Segurança para Bebê"
"1503","Construção","Outros"
"454772","Indústria e Comércio","Equipamento para Escritórios"
"439300","Esportes e Fitness","Hóquei"
"1733","Informática","Softwares"
"276628","Calçados, Roupas e Bolsas","Calçados"
"439741","Alimentos e Bebidas","Bebidas"
"425070","Indústria e Comércio","Têxtil e Calçado"
"10589","Brinquedos e Hobbies","Jogos de Tabuleiro e Cartas"
"38167","Eletrônicos, Áudio e Vídeo","Componentes Eletrônicos"
"269708","Esportes e Fitness","Futebol"
"5347","Instrumentos Musicais","Instrumentos de Corda"
"277715","Celulares e Telefones","Acessórios para Celulares"
"277792","Informática","Acessórios de Antiestática"
"2907","Celulares e Telefones","Rádio Comunicadores"
"432020","Calçados, Roupas e Bolsas","Malas e Bolsas"
"439740","Alimentos e Bebidas","Bebidas"
"108789","Calçados, Roupas e Bolsas","Moda Íntima e Lingerie"
"440496","Calçados, Roupas e Bolsas","Indumentária Laboral e Escolar"
"431652","Beleza e Cuidado Pessoal","Farmácia"
"457908","Esportes e Fitness","Tiro Esportivo"
"455920","Alimentos e Bebidas","Frescos"
"45469","Acessórios para Veículos","GNV"
"456124","Acessórios para Veículos","Lubrificantes e Fluidos"
"30075","Casa, Móveis e Decoração","Têxteis de Casa e Decoração"
"414158","Ferramentas","Acessórios para Ferramentas"
"416719","Beleza e Cuidado Pessoal","Artigos para Cabeleireiros"
"278189","Celulares e Telefones","Smartwatches e Acessórios"
"455055","Casa, Móveis e Decoração","Segurança para Casa"
"269943","Ferramentas","Ferramentas para Jardim"
"439119","Indústria e Comércio","Equipamento para Escritórios"
"45081","Esportes e Fitness","Futebol Americano"
"4915","Eletrônicos, Áudio e Vídeo","Acessórios para Áudio e Vídeo"
"456660","Pet Shop","Gaiolas para Animais"
"456844","Agro","Apicultura"
"438492","Festas e Lembrancinhas","Artigos para Festas"
"277926","Indústria e Comércio","Têxtil e Calçado"
"458050","Pet Shop","Cortadores de Unhas"
"6989","Câmeras e Acessórios","Filmadoras"
"277915","Agro","Maquinaria Agrícola"
"458012","Construção","Acessórios de Construção"
"99962","Informática","Limpeza de PCs"
"269582","Calçados, Roupas e Bolsas","Malas e Bolsas"
"190393","Calçados, Roupas e Bolsas","Acessórios de Moda"
"38205","Eletrônicos, Áudio e Vídeo","Controles Remotos"
"457186","Agro","Infra-estrutura Rural"
"457449","Festas e Lembrancinhas","Fantasias e Cosplay"
"271728","Informática","Conectividade e Redes"
"5411","Beleza e Cuidado Pessoal","Artefatos para Cabelo"
"455092","Eletrodomésticos","Lavadores"
"278092","Instrumentos Musicais","Instrumentos de Sopro"
"420294","Bebês","Chupetas e Mordedores"
"2099","Mais Categorias","Artigos para Fumadores"
"456803","Agro","Proteção de Culturas"
"455716","Arte, Papelaria e Armarinho","Arte e Trabalhos Manuais"
"271297","Eletrônicos, Áudio e Vídeo","Drones e Acessórios"
"433354","Brinquedos e Hobbies","Ar Livre e Playground"
"432865","Calçados, Roupas e Bolsas","Indumentária Laboral e Escolar"
"277798","Indústria e Comércio","Equipamento para Escritórios"
"119992","Calçados, Roupas e Bolsas","Acessórios de Moda"
"410885","Alimentos e Bebidas","Comida Preparada"
"433165","Games","Fliperamas e Arcade"
"188065","Calçados, Roupas e Bolsas","Calças"
"434792","Pet Shop","Gatos"
"435319","Construção","Encanamento"
"429252","Construção","Encanamento"
"430391","Calçados, Roupas e Bolsas","Moda Praia"
"439738","Acessórios para Veículos","Pneus e Acessórios"
"439348","Eletrodomésticos","Cuidado Pessoal"
"430410","Câmeras e Acessórios","Drones e Acessórios"
"271881","Calçados, Roupas e Bolsas","Indumentária Laboral e Escolar"
"432134","Beleza e Cuidado Pessoal","Artigos para Cabeleireiros"
"260635","Acessórios para Veículos","Performance"
"270496","Informática","Tablets e Acessórios"
"439275","Indústria e Comércio","Uniformes e Roupa de Trabalho"
"424965","Eletrodomésticos","Bebedouros e Purificadores"
"454915","Indústria e Comércio","Publicidade e Promoção"
"439265","Calçados, Roupas e Bolsas","Indumentária Laboral e Escolar"
"118026","Joias e Relógios","Acessórios Para Relógios"
"271612","Beleza e Cuidado Pessoal","Tratamentos de Beleza"
"432160","Calçados, Roupas e Bolsas","Indumentária Laboral e Escolar"
"180244","Celulares e Telefones","Peças para Celular"
"457105","Agro","Máquinas Forrageiras"
"85867","Pet Shop","Cavalos"
"436420","Casa, Móveis e Decoração","Organização para Casa"
"439251","Acessórios para Veículos","Performance"
"278155","Mais Categorias","Artigos para Fumadores"
"270304","Brinquedos e Hobbies","Brinquedos de Faz de Conta"
"182081","Beleza e Cuidado Pessoal","Maquiagem"
"214859","Acessórios para Veículos","Performance"
"278129","Beleza e Cuidado Pessoal","Artigos para Cabeleireiros"
"435070","Saúde","Mobilidade"
"39539","Esportes e Fitness","Golfe"
"70616","Beleza e Cuidado Pessoal","Maquiagem"
"44388","Eletrônicos, Áudio e Vídeo","Aparelhos DVD e Bluray"
"4980","Informática","Armazenamento"
"432206","Esportes e Fitness","Golfe"
"9709","Instrumentos Musicais","Pianos e Teclados"
"457403","Festas e Lembrancinhas","Fantasias e Cosplay"
"454770","Indústria e Comércio","Equipamento para Escritórios"
"85870","Pet Shop","Gatos"
"278201","Esportes e Fitness","Pilates e Yoga"
"277903","Indústria e Comércio","Embalagem e Logística"
"271219","Calçados, Roupas e Bolsas","Kits de Conjuntos de Roupa"
"269934","Ferramentas","Ferramentas para Jardim"
"430539","Bebês","Alimentação e Amamentação"
"437910","Calçados, Roupas e Bolsas","Roupas para Bebês"
"271727","Games","Fliperamas e Arcade"
"271830","Construção","Pisos e Rejuntes"
"372909","Acessórios para Veículos","GNV"
"455757","Arte, Papelaria e Armarinho","Arte e Trabalhos Manuais"
"85847","Pet Shop","Aves e Acessórios"
"1660","Informática","Leitores e Scanners"
"75942","Celulares e Telefones","Peças para Celular"
"260631","Acessórios para Veículos","Tuning"
"199651","Beleza e Cuidado Pessoal","Cuidados com a Pele"
"70617","Beleza e Cuidado Pessoal","Maquiagem"
"455801","Brinquedos e Hobbies","Brinquedos Eletrônicos"
"456571","Informática","Acessórios para PC Gaming"
"455553","Esportes e Fitness","Golfe"
"435214","Instrumentos Musicais","Equipamento para DJs"
"429038","Brinquedos e Hobbies","Ar Livre e Playground"
"271198","Saúde","Ortopedia"
"9163","Casa, Móveis e Decoração","Têxteis de Casa e Decoração"
"457519","Festas e Lembrancinhas","Lembrancinhas para Fiestas"
"429335","Pet Shop","Gatos"
"1055","Celulares e Telefones","Celulares e Smartphones"
"5802","Acessórios para Veículos","Outros"
"270415","Indústria e Comércio","Embalagem e Logística"
"417672","Calçados, Roupas e Bolsas","Moda Íntima e Lingerie"
"270503","Indústria e Comércio","Segurança Laboral"
"9697","Instrumentos Musicais","Instrumentos de Corda"
"321149","Construção","Aberturas"
"271860","Games","Fliperamas e Arcade"
"277634","Alimentos e Bebidas","Bebidas"
"271827","Indústria e Comércio","Segurança Laboral"
"437225","Calçados, Roupas e Bolsas","Moda Íntima e Lingerie"
"277493","Indústria e Comércio","Embalagem e Logística"
"432826","Brinquedos e Hobbies","Brinquedos de Faz de Conta"
"270288","Brinquedos e Hobbies","Brinquedos de Faz de Conta"
"179711","Construção","Aberturas"
"437818","Câmeras e Acessórios","Equipamento de Revelação"
"418371","Construção","Encanamento"
"28209","Bebês","Roupas de Bebê"
"429413","Acessórios para Veículos","Ferramentas para Veículos"
"198899","Beleza e Cuidado Pessoal","Depilação"
"432638","Calçados, Roupas e Bolsas","Acessórios de Moda"
"7516","Celulares e Telefones","Telefonia Fixa e Sem Fio"
"72776","Instrumentos Musicais","Instrumentos de Corda"
"195030","Calçados, Roupas e Bolsas","Moda Íntima e Lingerie"
"264790","Beleza e Cuidado Pessoal","Barbearia"
"271287","Construção","Loja das Tintas"
"1949","Antiguidades e Coleções","Cédulas e Moedas"
"271712","Acessórios para Veículos","Ferramentas para Veículos"
"455563","Esportes e Fitness","Patín e Skateboard"
"432808","Brinquedos e Hobbies","Artes e Atividades"
"33436","Casa, Móveis e Decoração","Camas, Colchões e Acessórios"
"270692","Indústria e Comércio","Têxtil e Calçado"
"85874","Pet Shop","Peixes"
"277555","Casa, Móveis e Decoração","Segurança para Casa"
"194811","Alimentos e Bebidas","Bebidas"
"455720","Arte, Papelaria e Armarinho","Arte e Trabalhos Manuais"
"269774","Construção","Mobiliário para Banheiros"
"61283","Celulares e Telefones","Peças para Celular"
"437621","Brinquedos e Hobbies","Bonecos e Bonecas"
"377252","Pet Shop","Gatos"
"270375","Celulares e Telefones","Peças para Celular"
"270130","Brinquedos e Hobbies","Instrumentos Musicais"
"431870","Casa, Móveis e Decoração","Organização para Casa"
"420223","Acessórios para Veículos","Pneus e Acessórios"
"277917","Agro","Maquinaria Agrícola"
"455700","Mais Categorias","Esoterismo e Ocultismo"
"432836","Brinquedos e Hobbies","Brinquedos de Faz de Conta"
"455837","Informática","Limpeza de PCs"
"435178","Instrumentos Musicais","Equipamento para DJs"
"45236","Eletrônicos, Áudio e Vídeo","Componentes Eletrônicos"
"1358","Esportes e Fitness","Outros"
"277361","Bebês","Saúde do Bebê"
"39538","Esportes e Fitness","Golfe"
"420384","Brinquedos e Hobbies","Brinquedos para Bebês"
"278233","Construção","Loja das Tintas"
"388017","Beleza e Cuidado Pessoal","Cuidados com o Cabelo"
"457080","Agro","Energia Renovável"
"271645","Agro","Insumos Gadeiros"
"278159","Brinquedos e Hobbies","Lançadores de Brinquedo"
"7070","Casa, Móveis e Decoração","Segurança para Casa"
"431848","Alimentos e Bebidas","Comida Preparada"
"260619","Acessórios para Veículos","Tuning"
"277446","Indústria e Comércio","Equipamento para Escritórios"
"278200","Eletrônicos, Áudio e Vídeo","Componentes Eletrônicos"
"455076","Eletrodomésticos","Fornos e Fogões"
"278284","Mais Categorias","Artigos para Fumadores"
"4478","Instrumentos Musicais","Equipamento para DJs"
"432173","Festas e Lembrancinhas","Decoração de Festa"
"44366","Saúde","Terapias Alternativas"
"435788","Construção","Mobiliário para Banheiros"
"457102","Agro","Máquinas Forrageiras"
"186806","Casa, Móveis e Decoração","Têxteis de Casa e Decoração"
"410995","Esportes e Fitness","Rapel, Montanhismo e Escalada"
"270260","Eletrônicos, Áudio e Vídeo","Componentes Eletrônicos"
"454907","Indústria e Comércio","Segurança Laboral"
"270411","Alimentos e Bebidas","Bebidas"
"438914","Esportes e Fitness","Artes Marciais e Boxe"
"456272","Música, Filmes e Seriados","Vídeos de Receitas e DIY"
"243791","Acessórios para Veículos","Lubrificantes e Fluidos"
"432962","Calçados, Roupas e Bolsas","Indumentária Laboral e Escolar"
"436259","Casa, Móveis e Decoração","Camas, Colchões e Acessórios"
"455083","Eletrodomésticos","Fornos e Fogões"
"420379","Bebês","Banho do Bebê"
"455068","Eletrodomésticos","Fornos e Fogões"
"420155","Pet Shop","Peixes"
"433353","Brinquedos e Hobbies","Ar Livre e Playground"
"4520","Informática","Leitores e Scanners"
"4063","Câmeras e Acessórios","Instrumentos Ópticos "
"456128","Acessórios para Veículos","Lubrificantes e Fluidos"
"437494","Beleza e Cuidado Pessoal","Maquiagem"
"7503","Celulares e Telefones","Telefonia Fixa e Sem Fio"
"1696","Informática","Componentes para PC"
"431893","Acessórios para Veículos","GNV"
"278161","Brinquedos e Hobbies","Lançadores de Brinquedo"
"439257","Acessórios para Veículos","Performance"
"435329","Construção","Encanamento"
"251836","Pet Shop","Gatos"
"418069","Instrumentos Musicais","Pianos e Teclados"
"277663","Construção","Loja das Tintas"
"437689","Brinquedos e Hobbies","Brinquedos para Bebês"
"271377","Pet Shop","Cavalos"
"186423","Indústria e Comércio","Segurança Laboral"
"277803","Esportes e Fitness","Artes Marciais e Boxe"
"4554","Informática","Acessórios para PC Gaming"
"420298","Bebês","Maternidade"
"10518","Esportes e Fitness","Artes Marciais e Boxe"
"109197","Arte, Papelaria e Armarinho","Arte e Trabalhos Manuais"
"251838","Pet Shop","Gatos"
"456644","Esportes e Fitness","Patinetes e Scooters"
"30181","Indústria e Comércio","Têxtil e Calçado"
"421381","Esportes e Fitness","Esqui e Snowboard"
"270611","Indústria e Comércio","Gráfica e Impressão"
"434833","Pet Shop","Peixes"
"271066","Brinquedos e Hobbies","Brinquedos de Praia e Piscina"
"412681","Indústria e Comércio","Gráfica e Impressão"
"123957","Esportes e Fitness","Natação"
"429010","Joias e Relógios","Relógios"
"455186","Eletrodomésticos","Cuidado Pessoal"
"5124","Joias e Relógios","Relógios"
"251837","Pet Shop","Gatos"
"430418","Câmeras e Acessórios","Drones e Acessórios"
"269858","Construção","Mobiliário para Banheiros"
"180306","Esportes e Fitness","Futebol"
"437529","Mais Categorias","Esoterismo e Ocultismo"
"9631","Informática","Leitores e Scanners"
"430924","Ferramentas","Acessórios para Ferramentas"
"270696","Indústria e Comércio","Têxtil e Calçado"
"458006","Calçados, Roupas e Bolsas","Indumentária Laboral e Escolar"
"433438","Eletrodomésticos","Lavadores"
"434829","Pet Shop","Peixes"
"392534","Acessórios para Veículos","Ferramentas para Veículos"
"1914","Câmeras e Acessórios","Outros"
"49555","Acessórios para Veículos","Navegadores GPS para Vehículos"
"457037","Informática","Conectividade e Redes"
"179805","Construção","Pisos e Rejuntes"
"430962","Indústria e Comércio","Equipamento para Escritórios"
"45258","Acessórios para Veículos","Navegadores GPS para Vehículos"
"420392","Bebês","Roupas de Bebê"
"46243","Brinquedos e Hobbies","Anti-stress e Engenho"
"438276","Esportes e Fitness","Esgrima"
"439235","Acessórios para Veículos","Performance"
"437783","Acessórios para Veículos","Ferramentas para Veículos"
"4901","Eletrônicos, Áudio e Vídeo","Outros Eletrônicos"
"457495","Festas e Lembrancinhas","Lembrancinhas para Fiestas"
"432587","Esportes e Fitness","Rapel, Montanhismo e Escalada"
"30849","Eletrodomésticos","Fornos e Fogões"
"223379","Esportes e Fitness","Badminton"
"278166","Celulares e Telefones","Acessórios para Celulares"
"8197","Brinquedos e Hobbies","Mini Veículos e Bicicletas"
"256815","Festas e Lembrancinhas","Decoração de Festa"
"270921","Esportes e Fitness","Equitação"
"11609","Informática","Projetores e Telas"
"457440","Festas e Lembrancinhas","Fantasias e Cosplay"
"200336","Beleza e Cuidado Pessoal","Cuidados com a Pele"
"432851","Calçados, Roupas e Bolsas","Indumentária Laboral e Escolar"
"431864","Acessórios para Veículos","Limpeza Automotiva"
"442409","Agro","Insumos Agrícolas"
"270898","Pet Shop","Anfíbios e Répteis"
"107292","Calçados, Roupas e Bolsas","Camisas"
"430188","Celulares e Telefones","Rádio Comunicadores"
"190436","Calçados, Roupas e Bolsas","Acessórios de Moda"
"455410","Eletrodomésticos","Lavadores"
"272185","Indústria e Comércio","Embalagem e Logística"
"6284","Beleza e Cuidado Pessoal","Perfumes"
"271586","Construção","Encanamento"
"271361","Construção","Loja das Tintas"
"438796","Esportes e Fitness","Rugby"
"1658","Informática","Componentes para PC"
"277697","Agro","Armezenamento"
"458051","Pet Shop","Creme Dental"
"437620","Brinquedos e Hobbies","Bonecos e Bonecas"
"270133","Saúde","Ortopedia"
"74072","Games","Peças para Consoles"
"457436","Festas e Lembrancinhas","Fantasias e Cosplay"
"433699","Construção","Acessórios de Construção"
"61637","Acessórios para Veículos","Som Automotivo"
"456151","Beleza e Cuidado Pessoal","Tratamentos de Beleza"
"455310","Acessórios para Veículos","Ferramentas para Veículos"
"458020","Beleza e Cuidado Pessoal","Farmácia"
"10305","Informática","Palms e Handhelds"
"194028","Acessórios para Veículos","Lubrificantes e Fluidos"
"454913","Indústria e Comércio","Segurança Laboral"
"48544","Celulares e Telefones","Peças para Celular"
"431126","Brinquedos e Hobbies","Brinquedos de Faz de Conta"
"9160","Indústria e Comércio","Equipamento para Escritórios"
"277407","Indústria e Comércio","Segurança Laboral"
"189208","Ferramentas","Acessórios para Ferramentas"
"39509","Esportes e Fitness","Patín e Skateboard"
"432434","Construção","Encanamento"
"8279","Informática","Acessórios para PC Gaming"
"455931","Alimentos e Bebidas","Comida Preparada"
"454729","Esportes e Fitness","Surf e Bodyboard"
"438517","Instrumentos Musicais","Instrumentos de Corda"
"431639","Beleza e Cuidado Pessoal","Tratamentos de Beleza"
"38249","Eletrônicos, Áudio e Vídeo","Componentes Eletrônicos"
"169506","Beleza e Cuidado Pessoal","Artigos para Cabeleireiros"
"270501","Beleza e Cuidado Pessoal","Tratamentos de Beleza"
"5412","Beleza e Cuidado Pessoal","Artefatos para Cabelo"
"72746","Instrumentos Musicais","Instrumentos de Corda"
"439221","Celulares e Telefones","Rádio Comunicadores"
"456072","Beleza e Cuidado Pessoal","Maquiagem"
"457894","Brinquedos e Hobbies","Bonecos e Bonecas"
"439296","Esportes e Fitness","Futebol Americano"
"278121","Saúde","Mobilidade"
"434843","Pet Shop","Aves e Acessórios"
"255707","Ingressos","Shows"
"429116","Esportes e Fitness","Equitação"
"4219","Acessórios para Veículos","Tuning"
"277916","Indústria e Comércio","Têxtil e Calçado"
"67882","Esportes e Fitness","Mergulho"
"420430","Bebês","Passeio do Bebê"
"74349","Bebês","Quarto do Bebê"
"430527","Bebês","Saúde do Bebê"
"455743","Eletrodomésticos","Cuidado Pessoal"
"437501","Beleza e Cuidado Pessoal","Maquiagem"
"123975","Esportes e Fitness","Parapente"
"72745","Instrumentos Musicais","Instrumentos de Corda"
"434728","Bebês","Roupas de Bebê"
"455127","Esportes e Fitness","Tênis, Paddle e Squash"
"5932","Informática","Componentes para PC"
"457408","Festas e Lembrancinhas","Fantasias e Cosplay"
"457946","Bebês","Quarto do Bebê"
"439435","Acessórios para Veículos","Performance"
"268325","Bebês","Segurança para Bebê"
"437684","Brinquedos e Hobbies","Brinquedos Eletrônicos"
"454755","Calçados, Roupas e Bolsas","Acessórios de Moda"
"446806","Agro","Infra-estrutura Rural"
"456799","Agro","Proteção de Culturas"
"277654","Mais Categorias","Equipamento para Tatuagens"
"264181","Saúde","Mobilidade"
"432001","Calçados, Roupas e Bolsas","Malas e Bolsas"
"417765","Construção","Mobiliário para Banheiros"
"456079","Alimentos e Bebidas","Comida Preparada"
"277603","Informática","Leitores e Scanners"
"455775","Arte, Papelaria e Armarinho","Arte e Trabalhos Manuais"
"118042","Construção","Pisos e Rejuntes"
"73891","Brinquedos e Hobbies","Brinquedos Eletrônicos"
"9618","Eletrônicos, Áudio e Vídeo","Projetores e Telas"
"269718","Alimentos e Bebidas","Bebidas"
"434811","Instrumentos Musicais","Instrumentos de Sopro"
"1902","Casa, Móveis e Decoração","Outros"
"270539","Ferramentas","Caixas e Organizadores"
"418975","Eletrônicos, Áudio e Vídeo","Projetores e Telas"
"38166","Eletrônicos, Áudio e Vídeo","Componentes Eletrônicos"
"424962","Brinquedos e Hobbies","Hobbies"
"455251","Casa, Móveis e Decoração","Segurança para Casa"
"271707","Ferramentas","Acessórios para Ferramentas"
"264312","Saúde","Ortopedia"
"5365","Bebês","Andadores e Mini Veículos"
"33383","Ferramentas","Acessórios para Ferramentas"
"271842","Festas e Lembrancinhas","Decoração de Festa"
"432782","Esportes e Fitness","Tênis, Paddle e Squash"
"269772","Indústria e Comércio","Segurança Laboral"
"432611","Esportes e Fitness","Golfe"
"244742","Brinquedos e Hobbies","Jogos de Tabuleiro e Cartas"
"38250","Eletrônicos, Áudio e Vídeo","Componentes Eletrônicos"
"401167","Construção","Mobiliário para Banheiros"
"277515","Informática","Conectividade e Redes"
"3933","Acessórios para Veículos","Pneus e Acessórios"
"457253","Esportes e Fitness","Equitação"
"429246","Brinquedos e Hobbies","Brinquedos Eletrônicos"
"3387","Acessórios para Veículos","Som Automotivo"
"278007","Construção","Mobiliário para Cozinhas"
"29289","Instrumentos Musicais","Instrumentos de Corda"
"123979","Esportes e Fitness","Parapente"
"455655","Eletrodomésticos","Bebedouros e Purificadores"
"269512","Esportes e Fitness","Golfe"
"58727","Câmeras e Acessórios","Lentes e Filtros"
"457437","Festas e Lembrancinhas","Equipamento para Festas"
"1440","Joias e Relógios","Joias e Bijuterias"
"436415","Casa, Móveis e Decoração","Organização para Casa"
"439066","Instrumentos Musicais","Partituras e Letras"
"432863","Calçados, Roupas e Bolsas","Indumentária Laboral e Escolar"
"420389","Brinquedos e Hobbies","Brinquedos para Bebês"
"270865","Indústria e Comércio","Embalagem e Logística"
"417840","Esportes e Fitness","Patín e Skateboard"
"414385","Calçados, Roupas e Bolsas","Indumentária Laboral e Escolar"
"269709","Brinquedos e Hobbies","Brinquedos Eletrônicos"
"31439","Bebês","Roupas de Bebê"
"457916","Acessórios para Veículos","Lubrificantes e Fluidos"
"457548","Pet Shop","Gatos"
"431829","Eletrônicos, Áudio e Vídeo","Cabos"
"46209","Festas e Lembrancinhas","Artigos para Festas"
"11608","Eletrônicos, Áudio e Vídeo","Componentes Eletrônicos"
"439121","Indústria e Comércio","Equipamento para Escritórios"
"441114","Antiguidades e Coleções","Cédulas e Moedas"
"1887","Bebês","Brinquedos para Bebês"
"417912","Bebês","Higiene e Cuidados com o Bebê"
"277511","Esportes e Fitness","Tiro Esportivo"
"429346","Construção","Encanamento"
"438004","Casa, Móveis e Decoração","Têxteis de Casa e Decoração"
"455063","Eletrodomésticos","Fornos e Fogões"
"439280","Esportes e Fitness","Windsurfe"
"276330","Indústria e Comércio","Equipamento para Escritórios"
"1082","Pet Shop","Gatos"
"457202","Agro","Maquinaria Agrícola"
"439291","Esportes e Fitness","Futebol"
"458707","Esportes e Fitness","Parapente"
"430584","Acessórios para Veículos","Limpeza Automotiva"
"278058","Instrumentos Musicais","Instrumentos de Sopro"
"437679","Calçados, Roupas e Bolsas","Acessórios de Moda"
"277497","Saúde","Mobilidade"
"11141","Informática","Palms e Handhelds"
"445759","Acessórios para Veículos","Serviços Programados"
"73352","Informática","Componentes para PC"
"433255","Indústria e Comércio","Equipamento para Escritórios"
"456846","Agro","Lubrificantes e Fluidos"
"1673","Informática","Componentes para PC"
"455510","Brinquedos e Hobbies","Mini Veículos e Bicicletas"
"187055","Calçados, Roupas e Bolsas","Moda Íntima e Lingerie"
"1780","Acessórios para Veículos","Tuning"
"455588","Ferramentas","Ferramentas para Jardim"
"438982","Casa, Móveis e Decoração","Têxteis de Casa e Decoração"
"440299","Acessórios para Veículos","Segurança Veicular"
"278197","Beleza e Cuidado Pessoal","Barbearia"
"209017","Ferramentas","Ferramentas para Jardim"
"271689","Informática","Conectividade e Redes"
"277328","Informática","Armazenamento"
"194810","Alimentos e Bebidas","Bebidas"
"263728","Acessórios para Veículos","Limpeza Automotiva"
"1516","Agro","Outros"
"430193","Acessórios para Veículos","Som Automotivo"
"429175","Esportes e Fitness","Esqui e Snowboard"
"435056","Esportes e Fitness","Equitação"
"264183","Saúde","Mobilidade"
"90609","Games","Peças para Consoles"
"28138","Calçados, Roupas e Bolsas","Roupas para Bebês"
"435623","Construção","Loja das Tintas"
"435331","Construção","Encanamento"
"278238","Alimentos e Bebidas","Bebidas"
"454728","Esportes e Fitness","Surf e Bodyboard"
"456481","Música, Filmes e Seriados","Conteúdo Esportivo"
"277781","Festas e Lembrancinhas","Espuma, Serpentinas e Confete"
"420185","Indústria e Comércio","Têxtil e Calçado"
"455446","Construção","Encanamento"
"457536","Esportes e Fitness","Canoas, Caiaques e Infláveis"
"196932","Calçados, Roupas e Bolsas","Agasalhos"
"100717","Câmeras e Acessórios","Equipamento de Revelação"
"457170","Agro","Infra-estrutura Rural"
"429050","Esportes e Fitness","Futebol"
"430790","Informática","Conectividade e Redes"
"457884","Brinquedos e Hobbies","Jogos de Tabuleiro e Cartas"
"417356","Alimentos e Bebidas","Bebidas"
"271130","Indústria e Comércio","Embalagem e Logística"
"269731","Pet Shop","Aves e Acessórios"
"7933","Brinquedos e Hobbies","Hobbies"
"194211","Casa, Móveis e Decoração","Segurança para Casa"
"457465","Festas e Lembrancinhas","Equipamento para Festas"
"45713","Instrumentos Musicais","Instrumentos de Corda"
"457506","Festas e Lembrancinhas","Lembrancinhas para Fiestas"
"5914","Informática","Periféricos para PC"
"271745","Esportes e Fitness","Beisebol e Softbol"
"263854","Mais Categorias","Artigos para Fumadores"
"270296","Brinquedos e Hobbies","Brinquedos de Faz de Conta"
"456843","Agro","Apicultura"
"74116","Games","Fliperamas e Arcade"
"457457","Festas e Lembrancinhas","Fantasias e Cosplay"
"434342","Calçados, Roupas e Bolsas","Indumentária Laboral e Escolar"
"270305","Esportes e Fitness","Rapel, Montanhismo e Escalada"
"456726","Brinquedos e Hobbies","Mini Veículos e Bicicletas"
"6217","Música, Filmes e Seriados","Seriados"
"455420","Alimentos e Bebidas","Frescos"
"431732","Joias e Relógios","Artigos de Joalharia"
"457468","Festas e Lembrancinhas","Decoração de Festa"
"457383","Joias e Relógios","Joias e Bijuterias"
"437338","Acessórios para Veículos","Segurança Veicular"
"278267","Beleza e Cuidado Pessoal","Tratamentos de Beleza"
"278096","Instrumentos Musicais","Instrumentos de Sopro"
"433727","Celulares e Telefones","Acessórios para Celulares"
"434734","Instrumentos Musicais","Instrumentos de Sopro"
"264805","Beleza e Cuidado Pessoal","Barbearia"
"438913","Esportes e Fitness","Artes Marciais e Boxe"
"433046","Brinquedos e Hobbies","Lançadores de Brinquedo"
"67531","Esportes e Fitness","Artes Marciais e Boxe"
"429178","Esportes e Fitness","Esqui e Snowboard"
"2963","Brinquedos e Hobbies","Veículos de Brinquedo"
"439147","Construção","Mobiliário para Banheiros"
"270196","Mais Categorias","Equipamento para Tatuagens"
"438927","Casa, Móveis e Decoração","Segurança para Casa"
"277670","Construção","Pisos e Rejuntes"
"179804","Construção","Pisos e Rejuntes"
"437218","Calçados, Roupas e Bolsas","Acessórios de Moda"
"45969","Bebês","Brinquedos para Bebês"
"271463","Bebês","Alimentação e Amamentação"
"277440","Indústria e Comércio","Equipamento para Escritórios"
"435345","Construção","Loja das Tintas"
"63102","Informática","Limpeza de PCs"
"4136","Informática","Palms e Handhelds"
"421380","Ferramentas","Acessórios para Ferramentas"
"50495","Eletrodomésticos","Fornos e Fogões"
"418690","Brinquedos e Hobbies","Artes e Atividades"
"271845","Indústria e Comércio","Equipamento para Escritórios"
"458193","Indústria e Comércio","Segurança Laboral"
"431454","Eletrônicos, Áudio e Vídeo","Acessórios para TV"
"49557","Acessórios para Veículos","Navegadores GPS para Vehículos"
"49067","Indústria e Comércio","Equipamento para Escritórios"
"439234","Acessórios para Veículos","Performance"
"269733","Pet Shop","Aves e Acessórios"
"455073","Eletrodomésticos","Fornos e Fogões"
"439412","Casa, Móveis e Decoração","Segurança para Casa"
"420290","Construção","Encanamento"
"459333","Esportes e Fitness","Futebol"
"454748","Indústria e Comércio","Segurança Laboral"
"116342","Acessórios para Veículos","Ferramentas para Veículos"
"424888","Brinquedos e Hobbies","Hobbies"
"9898","Brinquedos e Hobbies","Ar Livre e Playground"
"189211","Ferramentas","Caixas e Organizadores"
"67811","Esportes e Fitness","Mergulho"
"264788","Beleza e Cuidado Pessoal","Barbearia"
"438952","Esportes e Fitness","Golfe"
"11373","Celulares e Telefones","Rádio Comunicadores"
"277617","Acessórios para Veículos","Ferramentas para Veículos"
"100716","Câmeras e Acessórios","Equipamento de Revelação"
"442417","Agro","Insumos Agrícolas"
"1227","Livros, Revistas e Comics","Outros"
"439233","Acessórios para Veículos","Performance"
"420333","Bebês","Andadores e Mini Veículos"
"1371","Arte, Papelaria e Armarinho","Outros"
"457979","Acessórios para Veículos","Lubrificantes e Fluidos"
"429601","Bebês","Passeio do Bebê"
"420661","Instrumentos Musicais","Pianos e Teclados"
"1430","Calçados, Roupas e Bolsas","Calçados, Roupas e Bolsas"
"271308","Bebês","Segurança para Bebê"
"455860","Festas e Lembrancinhas","Fantasias e Cosplay"
"87347","Games","Peças para Consoles"
"46560","Acessórios para Veículos","Som Automotivo"
"7475","Celulares e Telefones","Acessórios para Celulares"
"277561","Beleza e Cuidado Pessoal","Depilação"
"4479","Instrumentos Musicais","Metrônomos"
"433258","Acessórios para Veículos","Limpeza Automotiva"
"4472","Instrumentos Musicais","Caixas de Som"
"278067","Calçados, Roupas e Bolsas","Roupas para Bebês"
"271274","Esportes e Fitness","Paintball"
"440834","Bebês","Higiene e Cuidados com o Bebê"
"67863","Esportes e Fitness","Rapel, Montanhismo e Escalada"
"29907","Beleza e Cuidado Pessoal","Maquiagem"
"419526","Pet Shop","Anfíbios e Répteis"
"436421","Casa, Móveis e Decoração","Organização para Casa"
"38172","Eletrônicos, Áudio e Vídeo","Componentes Eletrônicos"
"11998","Brinquedos e Hobbies","Hobbies"
"278255","Esportes e Fitness","Pilates e Yoga"
"99970","Informática","Limpeza de PCs"
"277596","Celulares e Telefones","Rádio Comunicadores"
"190438","Calçados, Roupas e Bolsas","Acessórios de Moda"
"117962","Brinquedos e Hobbies","Piscinas de Bolas e Infláveis"
"271397","Ferramentas","Ferramentas para Jardim"
"277807","Indústria e Comércio","Têxtil e Calçado"
"270310","Indústria e Comércio","Publicidade e Promoção"
"28139","Calçados, Roupas e Bolsas","Roupas para Bebês"
"437226","Calçados, Roupas e Bolsas","Moda Íntima e Lingerie"
"9903","Esportes e Fitness","Surf e Bodyboard"
"260674","Acessórios para Veículos","Performance"
"1387","Bebês","Passeio do Bebê"
"45301","Instrumentos Musicais","Equipamento para DJs"
"457477","Festas e Lembrancinhas","Decoração de Festa"
"269510","Alimentos e Bebidas","Bebidas"
"417962","Calçados, Roupas e Bolsas","Indumentária Laboral e Escolar"
"271153","Construção","Loja das Tintas"
"12547","Esportes e Fitness","Mergulho"
"278101","Instrumentos Musicais","Instrumentos de Sopro"
"278100","Instrumentos Musicais","Instrumentos de Sopro"
"438975","Indústria e Comércio","Arquitetura e Desenho"
"270876","Pet Shop","Peixes"
"194732","Bebês","Segurança para Bebê"
"198290","Esportes e Fitness","Pilates e Yoga"
"277562","Ferramentas","Acessórios para Ferramentas"
"3619","Informática","Leitores e Scanners"
"457914","Construção","Encanamento"
"455574","Ferramentas","Acessórios para Ferramentas"
"431107","Ferramentas","Ferramentas para Jardim"
"439439","Acessórios para Veículos","Performance"
"435320","Construção","Encanamento"
"278073","Instrumentos Musicais","Instrumentos de Corda"
"169597","Saúde","Massagem"
"194809","Alimentos e Bebidas","Bebidas"
"439302","Esportes e Fitness","Rapel, Montanhismo e Escalada"
"455494","Eletrônicos, Áudio e Vídeo","Componentes Eletrônicos"
"3385","Acessórios para Veículos","Som Automotivo"
"438929","Casa, Móveis e Decoração","Camas, Colchões e Acessórios"
"270107","Pet Shop","Gatos"
"433048","Brinquedos e Hobbies","Fantoches e Marionetas"
"430763","Beleza e Cuidado Pessoal","Tratamentos de Beleza"
"432862","Calçados, Roupas e Bolsas","Indumentária Laboral e Escolar"
"31722","Antiguidades e Coleções","Filatelia"
"431348","Calçados, Roupas e Bolsas","Malas e Bolsas"
"432059","Esportes e Fitness","Paintball"
"439316","Indústria e Comércio","Publicidade e Promoção"
"438505","Festas e Lembrancinhas","Decoração de Festa"
"271217","Indústria e Comércio","Segurança Laboral"
"269952","Ferramentas","Ferramentas para Jardim"
"438153","Acessórios para Veículos","Ferramentas para Veículos"
"437802","Acessórios para Veículos","Ferramentas para Veículos"
"3771","Instrumentos Musicais","Instrumentos de Sopro"
"186805","Casa, Móveis e Decoração","Têxteis de Casa e Decoração"
"169605","Saúde","Massagem"
"439443","Acessórios para Veículos","Performance"
"458036","Pet Shop","Coleiras"
"179794","Acessórios para Veículos","Segurança Veicular"
"457058","Agro","Animais"
"181287","Eletrodomésticos","Refrigeração"
"278229","Construção","Pisos e Rejuntes"
"1893","Indústria e Comércio","Outros"
"133950","Eletrônicos, Áudio e Vídeo","Media Streaming"
"435323","Construção","Encanamento"
"437803","Acessórios para Veículos","Ferramentas para Veículos"
"271614","Acessórios para Veículos","Limpeza Automotiva"
"457509","Festas e Lembrancinhas","Descartáveis para Festa"
"420042","Mais Categorias","Artigos para Fumadores"
"454708","Construção","Mobiliário para Banheiros"
"435535","Esportes e Fitness","Equitação"
"10321","Informática","Palms e Handhelds"
"425069","Indústria e Comércio","Têxtil e Calçado"
"86698","Bebês","Maternidade"
"418473","Acessórios para Veículos","Ferramentas para Veículos"
"437640","Brinquedos e Hobbies","Hobbies"
"270402","Construção","Máquinas para Construção"
"7508","Celulares e Telefones","Acessórios para Celulares"
"455077","Eletrodomésticos","Fornos e Fogões"
"458043","Pet Shop","Repelentes Ultrassônicos"
"271736","Games","Fliperamas e Arcade"
"181294","Eletrodomésticos","Refrigeração"
"424940","Esportes e Fitness","Artes Marciais e Boxe"
"28174","Calçados, Roupas e Bolsas","Roupas para Bebês"
"430802","Informática","Componentes para PC"
"455587","Construção","Aberturas"
"270915","Esportes e Fitness","Equitação"
"430170","Acessórios para Veículos","Performance"
"431556","Calçados, Roupas e Bolsas","Indumentária Laboral e Escolar"
"418302","Celulares e Telefones","Rádio Comunicadores"
"417101","Construção","Loja das Tintas"
"269585","Alimentos e Bebidas","Bebidas"
"417916","Bebês","Roupas de Bebê"
"255098","Construção","Acessórios de Construção"
"455499","Eletrônicos, Áudio e Vídeo","Componentes Eletrônicos"
"11345","Celulares e Telefones","Peças para Celular"
"39491","Brinquedos e Hobbies","Brinquedos Eletrônicos"
"420374","Bebês","Quarto do Bebê"
"433685","Brinquedos e Hobbies","Veículos de Brinquedo"
"270284","Eletrônicos, Áudio e Vídeo","Componentes Eletrônicos"
"432439","Celulares e Telefones","Acessórios para Celulares"
"6812","Instrumentos Musicais","Instrumentos de Sopro"
"270035","Construção","Pisos e Rejuntes"
"67524","Esportes e Fitness","Beisebol e Softbol"
"418845","Pet Shop","Anfíbios e Répteis"
"456357","Eletrodomésticos","Cuidado Pessoal"
"272140","Indústria e Comércio","Segurança Laboral"
"399230","Joias e Relógios","Relógios"
"193963","Indústria e Comércio","Equipamento para Escritórios"
"100715","Câmeras e Acessórios","Equipamento de Revelação"
"456142","Acessórios para Veículos","Lubrificantes e Fluidos"
"420659","Pet Shop","Roedores"
"455496","Eletrônicos, Áudio e Vídeo","Componentes Eletrônicos"
"277608","Ferramentas","Acessórios para Ferramentas"
"455817","Saúde","Mobilidade"
"456836","Agro","Apicultura"
"432678","Ferramentas","Acessórios para Ferramentas"
"455869","Beleza e Cuidado Pessoal","Artefatos para Cabelo"
"9769","Esportes e Fitness","Futebol"
"457510","Festas e Lembrancinhas","Lembrancinhas para Fiestas"
"190430","Calçados, Roupas e Bolsas","Acessórios de Moda"
"429091","Ferramentas","Ferramentas para Jardim"
"270685","Indústria e Comércio","Segurança Laboral"
"437747","Brinquedos e Hobbies","Mini Veículos e Bicicletas"
"432992","Brinquedos e Hobbies","Anti-stress e Engenho"
"72514","Celulares e Telefones","Telefonia Fixa e Sem Fio"
"277810","Esportes e Fitness","Tênis, Paddle e Squash"
"418549","Construção","Aberturas"
"455431","Alimentos e Bebidas","Frescos"
"99779","Eletrônicos, Áudio e Vídeo","Componentes Eletrônicos"
"456861","Agro","Apicultura"
"269667","Beleza e Cuidado Pessoal","Artigos para Cabeleireiros"
"271667","Bebês","Quarto do Bebê"
"437432","Brinquedos e Hobbies","Hobbies"
"457132","Beleza e Cuidado Pessoal","Cuidados com a Pele"
"1246","Beleza e Cuidado Pessoal","Beleza e Cuidado Pessoal"
"269959","Construção","Mobiliário para Cozinhas"
"270204","Pet Shop","Coelhos"
"271325","Esportes e Fitness","Paintball"
"442399","Agro","Infra-estrutura Rural"
"455428","Alimentos e Bebidas","Congelados"
"4860","Acessórios para Veículos","Rodas"
"48512","Celulares e Telefones","Telefonia Fixa e Sem Fio"
"277544","Construção","Encanamento"
"439318","Indústria e Comércio","Publicidade e Promoção"
"277953","Mais Categorias","Artigos para Fumadores"
"272197","Calçados, Roupas e Bolsas","Malas e Bolsas"
"435215","Instrumentos Musicais","Equipamento para DJs"
"271479","Casa, Móveis e Decoração","Têxteis de Casa e Decoração"
"169596","Saúde","Massagem"
"455066","Eletrodomésticos","Fornos e Fogões"
"456885","Agro","Apicultura"
"278099","Instrumentos Musicais","Instrumentos de Sopro"
"459592","Celulares e Telefones","Óculos"
"429089","Ferramentas","Ferramentas para Jardim"
"1124","Pet Shop","Cavalos"
"186804","Casa, Móveis e Decoração","Têxteis de Casa e Decoração"
"1174","Música, Filmes e Seriados","Música"
"278076","Instrumentos Musicais","Instrumentos de Corda"
"22727","Acessórios para Veículos","Rodas"
"418876","Beleza e Cuidado Pessoal","Tratamentos de Beleza"
"455072","Eletrodomésticos","Fornos e Fogões"
"186461","Casa, Móveis e Decoração","Têxteis de Casa e Decoração"
"271535","Eletrodomésticos","Lavadores"
"432212","Casa, Móveis e Decoração","Segurança para Casa"
"455813","Beleza e Cuidado Pessoal","Tratamentos de Beleza"
"269735","Pet Shop","Aves e Acessórios"
"431735","Joias e Relógios","Artigos de Joalharia"
"458004","Bebês","Maternidade"
"455479","Brinquedos e Hobbies","Brinquedos de Praia e Piscina"
"445764","Acessórios para Veículos","Serviços Programados"
"439284","Esportes e Fitness","Equitação"
"456863","Agro","Apicultura"
"457191","Agro","Maquinaria Agrícola"
"271291","Construção","Loja das Tintas"
"11290","Eletrônicos, Áudio e Vídeo","Pilhas e Carregadores"
"3938","Joias e Relógios","Outros"
"277976","Casa, Móveis e Decoração","Segurança para Casa"
"4612","Instrumentos Musicais","Instrumentos de Sopro"
"135936","Instrumentos Musicais","Equipamento para DJs"
"50668","Brinquedos e Hobbies","Piscinas de Bolas e Infláveis"
"271912","Eletrodomésticos","Refrigeração"
"432109","Eletrodomésticos","Bebedouros e Purificadores"
"271630","Eletrodomésticos","Lavadores"
"270131","Brinquedos e Hobbies","Instrumentos Musicais"
"87344","Games","Peças para Consoles"
"257410","Brinquedos e Hobbies","Ar Livre e Playground"
"429033","Bebês","Passeio do Bebê"
"455914","Alimentos e Bebidas","Comida Preparada"
"5451","Indústria e Comércio","Gráfica e Impressão"
"457421","Festas e Lembrancinhas","Fantasias e Cosplay"
"429382","Beleza e Cuidado Pessoal","Maquiagem"
"458207","Mais Categorias","Bundle"
"457104","Agro","Máquinas Forrageiras"
"129662","Informática","Tablets e Acessórios"
"45715","Instrumentos Musicais","Instrumentos de Corda"
"457877","Brinquedos e Hobbies","Miniaturas"
"456972","Mais Categorias","Artigos para Fumadores"
"431023","Construção","Encanamento"
"457180","Agro","Produçao Animal"
"434809","Instrumentos Musicais","Instrumentos de Sopro"
"182030","Beleza e Cuidado Pessoal","Maquiagem"
"179703","Construção","Aberturas"
"440905","Esportes e Fitness","Tiro Esportivo"
"39046","Celulares e Telefones","Peças para Celular"
"431049","Bebês","Segurança para Bebê"
"278146","Celulares e Telefones","Smartwatches e Acessórios"
"430627","Informática","Monitores e Acessórios"
"457430","Festas e Lembrancinhas","Fantasias e Cosplay"
"438708","Construção","Mobiliário para Banheiros"
"430471","Esportes e Fitness","Mergulho"
"253383","Construção","Encanamento"
"438503","Acessórios para Veículos","Tuning"
"277963","Indústria e Comércio","Publicidade e Promoção"
"188064","Calçados, Roupas e Bolsas","Bermudas e Shorts"
"457917","Acessórios para Veículos","Lubrificantes e Fluidos"
"420316","Bebês","Maternidade"
"438617","Celulares e Telefones","Tarifadores e Cabines"
"456138","Acessórios para Veículos","Lubrificantes e Fluidos"
"457978","Acessórios para Veículos","Lubrificantes e Fluidos"
"457075","Agro","Maquinaria Agrícola"
"457434","Festas e Lembrancinhas","Equipamento para Festas"
"27533","Calçados, Roupas e Bolsas","Moda Íntima e Lingerie"
"372469","Acessórios para Veículos","GNV"
"456841","Agro","Proteção de Culturas"
"457406","Festas e Lembrancinhas","Fantasias e Cosplay"
"200339","Beleza e Cuidado Pessoal","Cuidados com a Pele"
"244976","Construção","Loja das Tintas"
"271296","Eletrônicos, Áudio e Vídeo","Drones e Acessórios"
"271104","Instrumentos Musicais","Instrumentos de Sopro"
"458049","Pet Shop","Botas"
"2457","Antiguidades e Coleções","Filatelia"
"454732","Brinquedos e Hobbies","Bonecos e Bonecas"
"275885","Indústria e Comércio","Equipamento para Escritórios"
"261069","Bebês","Chupetas e Mordedores"
"49488","Instrumentos Musicais","Microfones e Amplificadores"
"270866","Indústria e Comércio","Embalagem e Logística"
"454727","Esportes e Fitness","Surf e Bodyboard"
"1881","Beleza e Cuidado Pessoal","Maquiagem"
"270081","Informática","Conectividade e Redes"
"447813","Eletrônicos, Áudio e Vídeo","Acessórios para TV"
"432184","Arte, Papelaria e Armarinho","Arte e Trabalhos Manuais"
"1386","Bebês","Passeio do Bebê"
"1736","Informática","Softwares"
"439445","Acessórios para Veículos","Performance"
"272080","Eletrodomésticos","Refrigeração"
"277633","Saúde","Terapias Alternativas"
"3014","Instrumentos Musicais","Outros"
"438946","Joias e Relógios","Relógios"
"432399","Saúde","Ortopedia"
"430407","Câmeras e Acessórios","Drones e Acessórios"
"270352","Indústria e Comércio","Segurança Laboral"
"264715","Beleza e Cuidado Pessoal","Artefatos para Cabelo"
"435579","Informática","Projetores e Telas"
"455768","Arte, Papelaria e Armarinho","Arte e Trabalhos Manuais"
"127436","Acessórios para Veículos","Som Automotivo"
"260612","Acessórios para Veículos","Tuning"
"446796","Agro","Agricultura de Precisão"
"47731","Esportes e Fitness","Artes Marciais e Boxe"
"270342","Esportes e Fitness","Rugby"
"439089","Games","Peças para Consoles"
"455861","Festas e Lembrancinhas","Fantasias e Cosplay"
"455079","Eletrodomésticos","Fornos e Fogões"
"432085","Esportes e Fitness","Beisebol e Softbol"
"454715","Beleza e Cuidado Pessoal","Maquiagem"
"430789","Informática","Componentes para PC"
"455559","Esportes e Fitness","Patín e Skateboard"
"3772","Instrumentos Musicais","Instrumentos de Sopro"
"277612","Ferramentas","Acessórios para Ferramentas"
"270012","Construção","Mobiliário para Cozinhas"
"459591","Celulares e Telefones","Óculos"
"264684","Brinquedos e Hobbies","Ar Livre e Playground"
"431093","Esportes e Fitness","Basquete"
"40588","Bebês","Higiene e Cuidados com o Bebê"
"438977","Esportes e Fitness","Wakeboard e Esquí Acuático"
"9704","Instrumentos Musicais","Instrumentos de Sopro"
"6852","Esportes e Fitness","Futebol"
"455437","Esportes e Fitness","Patinetes e Scooters"
"457249","Pet Shop","Gatos"
"429424","Indústria e Comércio","Gráfica e Impressão"
"213890","Beleza e Cuidado Pessoal","Cuidados com a Pele"
"67873","Esportes e Fitness","Tênis, Paddle e Squash"
"455875","Bebês","Higiene e Cuidados com o Bebê"
"270208","Celulares e Telefones","Rádio Comunicadores"
"270877","Pet Shop","Insetos"
"32282","Pet Shop","Peixes"
"417738","Saúde","Terapias Alternativas"
"455302","Acessórios para Veículos","Ferramentas para Veículos"
"436433","Casa, Móveis e Decoração","Organização para Casa"
"434924","Instrumentos Musicais","Instrumentos de Sopro"
"189215","Ferramentas","Caixas e Organizadores"
"271476","Saúde","Terapias Alternativas"
"73351","Informática","Cabos e Hubs USB"
"182018","Beleza e Cuidado Pessoal","Maquiagem"
"72818","Instrumentos Musicais","Partituras e Letras"
"412348","Calçados, Roupas e Bolsas","Malas e Bolsas"
"433756","Alimentos e Bebidas","Comida Preparada"
"32300","Pet Shop","Peixes"
"432316","Casa, Móveis e Decoração","Segurança para Casa"
"429088","Ferramentas","Ferramentas para Jardim"
"457847","Brinquedos e Hobbies","Jogos de Tabuleiro e Cartas"
"440304","Acessórios para Veículos","Segurança Veicular"
"269841","Construção","Mobiliário para Banheiros"
"277649","Agro","Infra-estrutura Rural"
"277925","Indústria e Comércio","Têxtil e Calçado"
"264311","Saúde","Ortopedia"
"271793","Casa, Móveis e Decoração","Têxteis de Casa e Decoração"
"436261","Casa, Móveis e Decoração","Camas, Colchões e Acessórios"
"430896","Informática","Componentes para PC"
"457439","Festas e Lembrancinhas","Descartáveis para Festa"
"420314","Bebês","Maternidade"
"456652","Esportes e Fitness","Patinetes e Scooters"
"457431","Festas e Lembrancinhas","Descartáveis para Festa"
"455942","Saúde","Terapias Alternativas"
"198901","Beleza e Cuidado Pessoal","Depilação"
"455571","Ferramentas","Acessórios para Ferramentas"
"372113","Ferramentas","Caixas e Organizadores"
"418657","Brinquedos e Hobbies","Artes e Atividades"
"439304","Esportes e Fitness","Rapel, Montanhismo e Escalada"
"277552","Indústria e Comércio","Embalagem e Logística"
"7466","Celulares e Telefones","Acessórios para Celulares"
"270072","Brinquedos e Hobbies","Mesas e Cadeiras"
"420009","Pet Shop","Aves e Acessórios"
"420033","Pet Shop","Aves e Acessórios"
"80345","Esportes e Fitness","Golfe"
"268431","Informática","Tablets e Acessórios"
"458021","Beleza e Cuidado Pessoal","Farmácia"
"271812","Eletrodomésticos","Refrigeração"
"123922","Esportes e Fitness","Mergulho"
"18287","Esportes e Fitness","Patín e Skateboard"
"455430","Brinquedos e Hobbies","Bonecos e Bonecas"
"430121","Celulares e Telefones","Acessórios para Celulares"
"420363","Bebês","Quarto do Bebê"
"436796","Arte, Papelaria e Armarinho","Arte e Trabalhos Manuais"
"29871","Beleza e Cuidado Pessoal","Maquiagem"
"457540","Pet Shop","Gatos"
"116338","Acessórios para Veículos","Ferramentas para Veículos"
"272114","Informática","Periféricos para PC"
"1716","Informática","Periféricos para PC"
"190439","Calçados, Roupas e Bolsas","Acessórios de Moda"
"116339","Acessórios para Veículos","Ferramentas para Veículos"
"270364","Informática","Tablets e Acessórios"
"39992","Bebês","Alimentação e Amamentação"
"123944","Esportes e Fitness","Surf e Bodyboard"
"271410","Ferramentas","Ferramentas para Jardim"
"432819","Brinquedos e Hobbies","Brinquedos de Faz de Conta"
"420318","Bebês","Maternidade"
"10866","Informática","Acessórios para PC Gaming"
"264336","Bebês","Alimentação e Amamentação"
"430411","Câmeras e Acessórios","Drones e Acessórios"
"45372","Acessórios para Veículos","Som Automotivo"
"438179","Esportes e Fitness","Suplementos e Shakers"
"434831","Pet Shop","Peixes"
"421298","Eletrônicos, Áudio e Vídeo","Acessórios para Áudio e Vídeo"
"433530","Construção","Encanamento"
"270922","Esportes e Fitness","Equitação"
"457107","Agro","Máquinas Forrageiras"
"439227","Celulares e Telefones","Peças para Celular"
"446854","Calçados, Roupas e Bolsas","Acessórios de Moda"
"1042","Câmeras e Acessórios","Câmeras"
"22223","Acessórios para Veículos","Pneus e Acessórios"
"278094","Instrumentos Musicais","Instrumentos de Sopro"
"430413","Câmeras e Acessórios","Drones e Acessórios"
"431734","Joias e Relógios","Artigos de Joalharia"
"432078","Eletrodomésticos","Lavadores"
"272108","Eletrodomésticos","Refrigeração"
"115945","Acessórios para Veículos","Ferramentas para Veículos"
"277315","Informática","Acessórios de Antiestática"
"264329","Bebês","Alimentação e Amamentação"
"269895","Construção","Mobiliário para Banheiros"
"271738","Games","Fliperamas e Arcade"
"454703","Construção","Mobiliário para Cozinhas"
"457435","Festas e Lembrancinhas","Fantasias e Cosplay"
"455291","Ferramentas","Ferramentas Pneumáticas"
"74352","Bebês","Quarto do Bebê"
"169598","Saúde","Massagem"
"11610","Eletrônicos, Áudio e Vídeo","Componentes Eletrônicos"
"29307","Instrumentos Musicais","Instrumentos de Sopro"
"455418","Brinquedos e Hobbies","Mini Veículos e Bicicletas"
"3886","Esportes e Fitness","Monitores Esportivos"
"85871","Pet Shop","Peixes"
"108791","Calçados, Roupas e Bolsas","Moda Íntima e Lingerie"
"454905","Indústria e Comércio","Segurança Laboral"
"431022","Construção","Encanamento"
"431733","Joias e Relógios","Artigos de Joalharia"
"442429","Agro","Produçao Animal"
"169606","Saúde","Massagem"
"433350","Brinquedos e Hobbies","Ar Livre e Playground"
"269682","Construção","Máquinas para Construção"
"438980","Casa, Móveis e Decoração","Têxteis de Casa e Decoração"
"235597","Construção","Acessórios de Construção"
"194826","Alimentos e Bebidas","Bebidas"
"455706","Mais Categorias","Esoterismo e Ocultismo"
"457857","Brinquedos e Hobbies","Jogos de Tabuleiro e Cartas"
"1717","Informática","Componentes para PC"
"429110","Pet Shop","Gatos"
"438558","Acessórios para Veículos","Som Automotivo"
"420376","Bebês","Higiene e Cuidados com o Bebê"
"431549","Brinquedos e Hobbies","Brinquedos de Praia e Piscina"
"72752","Instrumentos Musicais","Instrumentos de Corda"
"455406","Eletrodomésticos","Lavadores"
"431946","Pet Shop","Roedores"
"440131","Acessórios para Veículos","Ferramentas para Veículos"
"442398","Agro","Infra-estrutura Rural"
"448173","Games","Acessórios para PC Gaming"
"456031","Construção","Mobiliário para Cozinhas"
"439352","Eletrodomésticos","Cuidado Pessoal"
"458045","Pet Shop","Recipiente para Ração"
"236752","Joias e Relógios","Acessórios Para Relógios"
"438794","Esportes e Fitness","Rugby"
"67859","Esportes e Fitness","Patín e Skateboard"
"430628","Informática","Monitores e Acessórios"
"456096","Alimentos e Bebidas","Comida Preparada"
"277516","Informática","Conectividade e Redes"
"433028","Acessórios para Veículos","Pneus e Acessórios"
"271596","Bebês","Banho do Bebê"
"270872","Acessórios para Veículos","Limpeza Automotiva"
"271403","Ferramentas","Ferramentas para Jardim"
"430801","Informática","Componentes para PC"
"123934","Esportes e Fitness","Canoas, Caiaques e Infláveis"
"183804","Esportes e Fitness","Futebol"
"418149","Celulares e Telefones","Acessórios para Celulares"
"278272","Alimentos e Bebidas","Bebidas"
"457404","Festas e Lembrancinhas","Fantasias e Cosplay"
"457042","Construção","Mobiliário para Banheiros"
"438815","Esportes e Fitness","Handebol"
"44831","Antiguidades e Coleções","Cédulas e Moedas"
"454717","Beleza e Cuidado Pessoal","Maquiagem"
"448174","Games","Acessórios para PC Gaming"
"3659","Brinquedos e Hobbies","Brinquedos para Bebês"
"31767","Arte, Papelaria e Armarinho","Arte e Trabalhos Manuais"
"435229","Instrumentos Musicais","Equipamento para DJs"
"189002","Eletrodomésticos","Bebedouros e Purificadores"
"5923","Informática","Cabos e Hubs USB"
"457411","Festas e Lembrancinhas","Fantasias e Cosplay"
"271470","Bebês","Alimentação e Amamentação"
"86696","Bebês","Banho do Bebê"
"278003","Alimentos e Bebidas","Frescos"
"457856","Brinquedos e Hobbies","Jogos de Tabuleiro e Cartas"
"434462","Brinquedos e Hobbies","Artes e Atividades"
"442408","Agro","Insumos Agrícolas"
"271854","Brinquedos e Hobbies","Artes e Atividades"
"457881","Brinquedos e Hobbies","Jogos de Tabuleiro e Cartas"
"442424","Agro","Infra-estrutura Rural"
"271210","Instrumentos Musicais","Pianos e Teclados"
"455740","Agro","Produçao Animal"
"434846","Pet Shop","Aves e Acessórios"
"203530","Construção","Pisos e Rejuntes"
"46296","Brinquedos e Hobbies","Hobbies"
"455614","Ferramentas","Ferramentas para Jardim"
"9873","Esportes e Fitness","Tênis, Paddle e Squash"
"457416","Festas e Lembrancinhas","Fantasias e Cosplay"
"271367","Eletrônicos, Áudio e Vídeo","Drones e Acessórios"
"264201","Saúde","Suplementos Alimentares"
"271829","Eletrodomésticos","Refrigeração"
"457432","Festas e Lembrancinhas","Equipamento para Festas"
"278107","Celulares e Telefones","Acessórios para Celulares"
"418046","Informática","Monitores e Acessórios"
"432450","Celulares e Telefones","Rádio Comunicadores"
"417740","Saúde","Terapias Alternativas"
"48216","Esportes e Fitness","Rapel, Montanhismo e Escalada"
"431895","Acessórios para Veículos","GNV"
"4475","Instrumentos Musicais","Equipamento para DJs"
"431814","Eletrônicos, Áudio e Vídeo","Cabos"
"189005","Eletrodomésticos","Bebedouros e Purificadores"
"436268","Casa, Móveis e Decoração","Camas, Colchões e Acessórios"
"202310","Esportes e Fitness","Natação"
"420271","Indústria e Comércio","Segurança Laboral"
"456537","Construção","Mobiliário para Banheiros"
"189908","Casa, Móveis e Decoração","Iluminação Residencial"
"439438","Acessórios para Veículos","Performance"
"433479","Indústria e Comércio","Gráfica e Impressão"
"430480","Bebês","Segurança para Bebê"
"458042","Pet Shop","Cintos de segurança"
"457488","Festas e Lembrancinhas","Convites"
"457878","Brinquedos e Hobbies","Jogos de Tabuleiro e Cartas"
"269955","Ferramentas","Ferramentas para Jardim"
"67515","Esportes e Fitness","Artes Marciais e Boxe"
"434752","Eletrodomésticos","Lavadores"
"439350","Eletrodomésticos","Cuidado Pessoal"
"439398","Construção","Loja das Tintas"
"271433","Indústria e Comércio","Equipamento para Escritórios"
"457880","Brinquedos e Hobbies","Jogos de Tabuleiro e Cartas"
"276634","Games","Fliperamas e Arcade"
"431075","Indústria e Comércio","Segurança Laboral"
"457402","Festas e Lembrancinhas","Fantasias e Cosplay"
"432172","Festas e Lembrancinhas","Decoração de Festa"
"436425","Casa, Móveis e Decoração","Organização para Casa"
"436423","Casa, Móveis e Decoração","Organização para Casa"
"272158","Casa, Móveis e Decoração","Segurança para Casa"
"455723","Eletrodomésticos","Fornos e Fogões"
"438440","Acessórios para Veículos","Tuning"
"271075","Instrumentos Musicais","Instrumentos de Sopro"
"194166","Indústria e Comércio","Equipamento para Escritórios"
"264036","Bebês","Alimentação e Amamentação"
"278087","Instrumentos Musicais","Instrumentos de Sopro"
"5095","Celulares e Telefones","Acessórios para Celulares"
"456145","Acessórios para Veículos","Lubrificantes e Fluidos"
"67526","Esportes e Fitness","Beisebol e Softbol"
"439224","Celulares e Telefones","Acessórios para Celulares"
"455554","Esportes e Fitness","Golfe"
"7022","Calçados, Roupas e Bolsas","Malas e Bolsas"
"439662","Antiguidades e Coleções","Militaria e Afins"
"1810","Mais Categorias","Artigos para Fumadores"
"38594","Informática","Armazenamento"
"420296","Bebês","Maternidade"
"123936","Esportes e Fitness","Kitesurf"
"271288","Construção","Loja das Tintas"
"457423","Festas e Lembrancinhas","Descartáveis para Festa"
"202371","Instrumentos Musicais","Instrumentos de Corda"
"447756","Alimentos e Bebidas","Frescos"
"455868","Livros, Revistas e Comics","Ebooks"
"270537","Brinquedos e Hobbies","Ar Livre e Playground"
"453792","Agro","Insumos Gadeiros"
"438516","Instrumentos Musicais","Instrumentos de Corda"
"260616","Acessórios para Veículos","Tuning"
"438484","Acessórios para Veículos","Som Automotivo"
"433709","Informática","Tablets e Acessórios"
"454750","Celulares e Telefones","Telefonia Fixa e Sem Fio"
"442397","Agro","Infra-estrutura Rural"
"432013","Calçados, Roupas e Bolsas","Malas e Bolsas"
"1964","Brinquedos e Hobbies","Álbuns e Figurinhas"
"439298","Esportes e Fitness","Hóquei"
"277584","Festas e Lembrancinhas","Decoração de Festa"
"456083","Música, Filmes e Seriados","Filmes Online"
"1590","Casa, Móveis e Decoração","Iluminação Residencial"
"454734","Esportes e Fitness","Basquete"
"9874","Esportes e Fitness","Tênis, Paddle e Squash"
"11421","Celulares e Telefones","Telefonia Fixa e Sem Fio"
"7060","Eletrônicos, Áudio e Vídeo","Pilhas e Carregadores"
"438974","Indústria e Comércio","Arquitetura e Desenho"
"271309","Bebês","Passeio do Bebê"
"270151","Indústria e Comércio","Segurança Laboral"
"269706","Indústria e Comércio","Segurança Laboral"
"457057","Agro","Animais"
"271372","Eletrônicos, Áudio e Vídeo","Drones e Acessórios"
"2061","Antiguidades e Coleções","Cédulas e Moedas"
"442427","Agro","Insumos Gadeiros"
"454745","Saúde","Terapias Alternativas"
"256811","Festas e Lembrancinhas","Artigos para Festas"
"277347","Games","Fliperamas e Arcade"
"438121","Brinquedos e Hobbies","Hobbies"
"260615","Acessórios para Veículos","Tuning"
"436150","Construção","Mobiliário para Banheiros"
"277405","Pet Shop","Peixes"
"1416","Alimentos e Bebidas","Bebidas"
"244744","Brinquedos e Hobbies","Jogos de Tabuleiro e Cartas"
"438991","Esportes e Fitness","Esqui e Snowboard"
"258446","Construção","Aberturas"
"135975","Instrumentos Musicais","Equipamento para DJs"
"455297","Alimentos e Bebidas","Congelados"
"72432","Celulares e Telefones","Acessórios para Celulares"
"455651","Brinquedos e Hobbies","Anti-stress e Engenho"
"457189","Agro","Maquinaria Agrícola"
"270924","Esportes e Fitness","Equitação"
"271744","Mais Categorias","Esoterismo e Ocultismo"
"264182","Saúde","Mobilidade"
"5665","Acessórios para Veículos","Tuning"
"455489","Eletrônicos, Áudio e Vídeo","Componentes Eletrônicos"
"457400","Acessórios para Veículos","Instalações de pneus"
"118030","Joias e Relógios","Relógios"
"432216","Celulares e Telefones","Acessórios para Celulares"
"455070","Eletrodomésticos","Fornos e Fogões"
"420116","Casa, Móveis e Decoração","Segurança para Casa"
"179799","Calçados, Roupas e Bolsas","Acessórios de Moda"
"277463","Calçados, Roupas e Bolsas","Acessórios de Moda"
"4128","Informática","Conectividade e Redes"
"409554","Beleza e Cuidado Pessoal","Maquiagem"
"430682","Esportes e Fitness","Artes Marciais e Boxe"
"264308","Saúde","Ortopedia"
"179800","Construção","Pisos e Rejuntes"
"434850","Pet Shop","Roedores"
"277583","Festas e Lembrancinhas","Espuma, Serpentinas e Confete"
"271146","Celulares e Telefones","Acessórios para Celulares"
"432004","Celulares e Telefones","Peças para Celular"
"3900","Esportes e Fitness","Tênis"
"271858","Esportes e Fitness","Monitores Esportivos"
"123926","Esportes e Fitness","Mergulho"
"278113","Calçados, Roupas e Bolsas","Moda Íntima e Lingerie"
"270870","Pet Shop","Insetos"
"256847","Festas e Lembrancinhas","Descartáveis para Festa"
"457323","Indústria e Comércio","Embalagem e Logística"
"421328","Informática","Gift Cards"
"418197","Celulares e Telefones","Acessórios para Celulares"
"457853","Bebês","Quarto do Bebê"
"455478","Indústria e Comércio","Segurança Laboral"
"28101","Calçados, Roupas e Bolsas","Roupas para Bebês"
"457401","Acessórios para Veículos","Pneus e Acessórios"
"108704","Calçados, Roupas e Bolsas","Vestidos"
"58441","Games","Peças para Consoles"
"270527","Brinquedos e Hobbies","Jogos de Tabuleiro e Cartas"
"271457","Acessórios para Veículos","Lubrificantes e Fluidos"
"18247","Esportes e Fitness","Golfe"
"271420","Instrumentos Musicais","Instrumentos de Sopro"
"455722","Arte, Papelaria e Armarinho","Arte e Trabalhos Manuais"
"278246","Alimentos e Bebidas","Bebidas"
"271711","Informática","Conectividade e Redes"
"255792","Brinquedos e Hobbies","Hobbies"
"5148","Joias e Relógios","Relógios"
"456818","Agro","Lubrificantes e Fluidos"
"273247","Eletrônicos, Áudio e Vídeo","Projetores e Telas"
"459572","Esportes e Fitness","Natação"
"261053","Acessórios para Veículos","Performance"
"63312","Informática","Conectividade e Redes"
"12397","Construção","Loja das Tintas"
"188915","Eletrodomésticos","Bebedouros e Purificadores"
"28158","Calçados, Roupas e Bolsas","Roupas para Bebês"
"455518","Brinquedos e Hobbies","Anti-stress e Engenho"
"437784","Acessórios para Veículos","Ferramentas para Veículos"
"432837","Brinquedos e Hobbies","Brinquedos de Faz de Conta"
"432700","Esportes e Fitness","Hóquei"
"456081","Alimentos e Bebidas","Comida Preparada"
"271920","Informática","Acessórios de Antiestática"
"1104","Pet Shop","Aves e Acessórios"
"29888","Beleza e Cuidado Pessoal","Maquiagem"
"6535","Acessórios para Veículos","Som Automotivo"
"455550","Calçados, Roupas e Bolsas","Kimonos"
"40602","Bebês","Banho do Bebê"
"278089","Instrumentos Musicais","Instrumentos de Sopro"
"454899","Indústria e Comércio","Embalagem e Logística"
"28135","Calçados, Roupas e Bolsas","Roupas para Bebês"
"433265","Esportes e Fitness","Esqui e Snowboard"
"421365","Esportes e Fitness","Beisebol e Softbol"
"189196","Casa, Móveis e Decoração","Iluminação Residencial"
"456076","Acessórios para Veículos","Pneus e Acessórios"
"270052","Celulares e Telefones","Acessórios para Celulares"
"33447","Casa, Móveis e Decoração","Segurança para Casa"
"270895","Ferramentas","Ferramentas para Jardim"
"435324","Construção","Encanamento"
"49519","Calçados, Roupas e Bolsas","Roupas para Bebês"
"29947","Beleza e Cuidado Pessoal","Artigos para Cabeleireiros"
"268502","Saúde","Terapias Alternativas"
"434926","Instrumentos Musicais","Instrumentos de Sopro"
"277906","Construção","Acessórios de Construção"
"261057","Acessórios para Veículos","Performance"
"45697","Instrumentos Musicais","Instrumentos de Corda"
"455657","Eletrodomésticos","Lavadores"
"193396","Acessórios para Veículos","Performance"
"74678","Festas e Lembrancinhas","Decoração de Festa"
"10958","Celulares e Telefones","Rádio Comunicadores"
"430604","Informática","Armazenamento"
"5662","Acessórios para Veículos","Tuning"
"442415","Agro","Insumos Agrícolas"
"455552","Esportes e Fitness","Rapel, Montanhismo e Escalada"
"457065","Agro","Animais"
"456964","Agro","Sementes Agrícolas"
"271603","Agro","Apicultura"
"8192","Brinquedos e Hobbies","Hobbies"
"455098","Eletrodomésticos","Lavadores"
"49093","Ferramentas","Acessórios para Ferramentas"
"457484","Festas e Lembrancinhas","Equipamento para Festas"
"1002","Eletrônicos, Áudio e Vídeo","Televisores"
"420050","Celulares e Telefones","Acessórios para Celulares"
"432899","Acessórios para Veículos","Tuning"
"456842","Agro","Proteção de Culturas"
"442421","Agro","Agricultura de Precisão"
"454449","Agro","Infra-estrutura Rural"
"199648","Beleza e Cuidado Pessoal","Cuidados com a Pele"
"1730","Informática","Softwares"
"270900","Pet Shop","Anfíbios e Répteis"
"424887","Brinquedos e Hobbies","Hobbies"
"277330","Informática","Conectividade e Redes"
"129664","Informática","Tablets e Acessórios"
"433442","Acessórios para Veículos","Ferramentas para Veículos"
"123989","Esportes e Fitness","Patín e Skateboard"
"7017","Joias e Relógios","Joias e Bijuterias"
"278138","Calçados, Roupas e Bolsas","Roupas para Bebês"
"432686","Mais Categorias","Esoterismo e Ocultismo"
"455922","Esportes e Fitness","Futebol"
"269587","Brinquedos e Hobbies","Brinquedos para Bebês"
"455064","Eletrodomésticos","Fornos e Fogões"
"99889","Informática","Tablets e Acessórios"
"277625","Beleza e Cuidado Pessoal","Cuidados com a Pele"
"422155","Bebês","Alimentos para Bebês"
"410863","Acessórios para Veículos","Segurança Veicular"
"278153","Beleza e Cuidado Pessoal","Tratamentos de Beleza"
"430985","Câmeras e Acessórios","Peças para Câmeras"
"458052","Calçados, Roupas e Bolsas","Roupas para Bebês"
"432936","Instrumentos Musicais","Pedais e Acessórios"
"224271","Bebês","Alimentação e Amamentação"
"439215","Celulares e Telefones","Telefonia Fixa e Sem Fio"
"28143","Calçados, Roupas e Bolsas","Malas e Bolsas"
"277466","Esportes e Fitness","Futebol"
"236753","Joias e Relógios","Acessórios Para Relógios"
"269655","Brinquedos e Hobbies","Brinquedos Eletrônicos"
"429318","Brinquedos e Hobbies","Mini Veículos e Bicicletas"
"271065","Alimentos e Bebidas","Frescos"
"439437","Acessórios para Veículos","Performance"
"30204","Indústria e Comércio","Publicidade e Promoção"
"271172","Brinquedos e Hobbies","Bonecos e Bonecas"
"429014","Instrumentos Musicais","Instrumentos de Corda"
"225837","Esportes e Fitness","Patinetes e Scooters"
"434789","Pet Shop","Gatos"
"420441","Bebês","Alimentação e Amamentação"
"439299","Esportes e Fitness","Hóquei"
"455529","Calçados, Roupas e Bolsas","Agasalhos"
"432236","Bebês","Passeio do Bebê"
"194301","Casa, Móveis e Decoração","Segurança para Casa"
"418326","Calçados, Roupas e Bolsas","Indumentária Laboral e Escolar"
"439664","Antiguidades e Coleções","Militaria e Afins"
"430405","Câmeras e Acessórios","Drones e Acessórios"
"442431","Agro","Insumos Gadeiros"
"431297","Bebês","Passeio do Bebê"
"430183","Informática","Armazenamento"
"6563","Bebês","Brinquedos para Bebês"
"269946","Ferramentas","Ferramentas para Jardim"
"277534","Construção","Máquinas para Construção"
"4469","Instrumentos Musicais","Microfones e Amplificadores"
"199712","Beleza e Cuidado Pessoal","Cuidados com a Pele"
"4221","Acessórios para Veículos","Performance"
"438521","Festas e Lembrancinhas","Decoração de Festa"
"48596","Celulares e Telefones","Peças para Celular"
"419998","Acessórios para Veículos","Segurança Veicular"
"455808","Saúde","Mobilidade"
"270363","Eletrônicos, Áudio e Vídeo","Componentes Eletrônicos"
"438923","Casa, Móveis e Decoração","Iluminação Residencial"
"430578","Acessórios para Veículos","Ferramentas para Veículos"
"439325","Indústria e Comércio","Publicidade e Promoção"
"277642","Agro","Infra-estrutura Rural"
"32135","Beleza e Cuidado Pessoal","Depilação"
"431731","Joias e Relógios","Artigos de Joalharia"
"264025","Esportes e Fitness","Tênis, Paddle e Squash"
"420387","Bebês","Brinquedos para Bebês"
"264325","Bebês","Alimentação e Amamentação"
"439154","Indústria e Comércio","Têxtil e Calçado"
"431315","Ferramentas","Acessórios para Ferramentas"
"76481","Eletrodomésticos","Refrigeração"
"271662","Eletrodomésticos","Lavadores"
"432801","Acessórios para Veículos","Performance"
"7026","Joias e Relógios","Joias e Bijuterias"
"457268","Agro","Irrigação"
"439223","Celulares e Telefones","Acessórios para Celulares"
"22369","Acessórios para Veículos","Segurança Veicular"
"277547","Bebês","Banho do Bebê"
"28163","Calçados, Roupas e Bolsas","Roupas para Bebês"
"129226","Acessórios para Veículos","Som Automotivo"
"6777","Informática","Componentes para PC"
"457720","Eletrônicos, Áudio e Vídeo","Acessórios para TV"
"12209","Esportes e Fitness","Tênis, Paddle e Squash"
"277482","Indústria e Comércio","Segurança Laboral"
"420704","Instrumentos Musicais","Instrumentos de Corda"
"264142","Celulares e Telefones","Acessórios para Celulares"
"255099","Construção","Acessórios de Construção"
"446800","Agro","Infra-estrutura Rural"
"435061","Beleza e Cuidado Pessoal","Farmácia"
"270254","Indústria e Comércio","Segurança Laboral"
"45425","Casa, Móveis e Decoração","Segurança para Casa"
"433600","Indústria e Comércio","Uniformes e Roupa de Trabalho"
"438572","Saúde","Terapias Alternativas"
"432712","Arte, Papelaria e Armarinho","Arte e Trabalhos Manuais"
"277794","Casa, Móveis e Decoração","Organização para Casa"
"50655","Brinquedos e Hobbies","Ar Livre e Playground"
"263765","Indústria e Comércio","Equipamento para Escritórios"
"269956","Ferramentas","Ferramentas para Jardim"
"429410","Acessórios para Veículos","Ferramentas para Veículos"
"446802","Agro","Infra-estrutura Rural"
"3379","Informática","Armazenamento"
"200345","Esportes e Fitness","Rapel, Montanhismo e Escalada"
"430275","Calçados, Roupas e Bolsas","Acessórios de Moda"
"251865","Pet Shop","Gatos"
"202311","Esportes e Fitness","Canoas, Caiaques e Infláveis"
"439115","Indústria e Comércio","Equipamento para Escritórios"
"271579","Brinquedos e Hobbies","Brinquedos de Praia e Piscina"
"1222","Livros, Revistas e Comics","Revistas"
"272202","Calçados, Roupas e Bolsas","Calçados"
"425072","Indústria e Comércio","Têxtil e Calçado"
"277333","Casa, Móveis e Decoração","Organização para Casa"
"44353","Beleza e Cuidado Pessoal","Artigos para Cabeleireiros"
"11612","Eletrônicos, Áudio e Vídeo","Aparelhos DVD e Bluray"
"434849","Pet Shop","Roedores"
"439102","Indústria e Comércio","Equipamento para Escritórios"
"455062","Eletrodomésticos","Fornos e Fogões"
"271223","Instrumentos Musicais","Instrumentos de Corda"
"1726","Informática","Softwares"
"432757","Construção","Acessórios de Construção"
"438843","Construção","Mobiliário para Banheiros"
"271286","Construção","Loja das Tintas"
"270242","Mais Categorias","Equipamento para Tatuagens"
"272183","Casa, Móveis e Decoração","Organização para Casa"
"271301","Eletrônicos, Áudio e Vídeo","Drones e Acessórios"
"202356","Esportes e Fitness","Canoas, Caiaques e Infláveis"
"257406","Brinquedos e Hobbies","Ar Livre e Playground"
"433588","Eletrodomésticos","Refrigeração"
"455816","Saúde","Mobilidade"
"457648","Festas e Lembrancinhas","Convites"
"67533","Esportes e Fitness","Artes Marciais e Boxe"
"271196","Casa, Móveis e Decoração","Têxteis de Casa e Decoração"
"437688","Bebês","Brinquedos para Bebês"
"270298","Brinquedos e Hobbies","Brinquedos de Faz de Conta"
"49518","Instrumentos Musicais","Microfones e Amplificadores"
"430606","Informática","Armazenamento"
"457928","Construção","Mobiliário para Banheiros"
"455724","Eletrodomésticos","Fornos e Fogões"
"1326","Esportes e Fitness","Tênis, Paddle e Squash"
"10177","Eletrônicos, Áudio e Vídeo","Aparelhos DVD e Bluray"
"278227","Informática","Criptomoedas"
"424858","Esportes e Fitness","Hóquei"
"4964","Calçados, Roupas e Bolsas","Moda Íntima e Lingerie"
"438792","Esportes e Fitness","Rugby"
"455082","Eletrodomésticos","Fornos e Fogões"
"431249","Alimentos e Bebidas","Comida Preparada"
"433419","Pet Shop","Peixes"
"456577","Games","Acessórios para PC Gaming"
"1092","Pet Shop","Peixes"
"432845","Esportes e Fitness","Basquete"
"439324","Indústria e Comércio","Publicidade e Promoção"
"261068","Bebês","Chupetas e Mordedores"
"420341","Bebês","Banho do Bebê"
"49514","Bebês","Quarto do Bebê"
"418817","Construção","Pisos e Rejuntes"
"3947","Joias e Relógios","Joias e Bijuterias"
"270874","Beleza e Cuidado Pessoal","Cuidados com a Pele"
"457533","Brinquedos e Hobbies","Hobbies"
"186059","Casa, Móveis e Decoração","Têxteis de Casa e Decoração"
"189195","Casa, Móveis e Decoração","Iluminação Residencial"
"270438","Alimentos e Bebidas","Bebidas"
"12949","Celulares e Telefones","Acessórios para Celulares"
"431644","Beleza e Cuidado Pessoal","Artigos para Cabeleireiros"
"270080","Celulares e Telefones","Acessórios para Celulares"
"418417","Beleza e Cuidado Pessoal","Tratamentos de Beleza"
"439084","Instrumentos Musicais","Instrumentos de Sopro"
"200349","Esportes e Fitness","Rapel, Montanhismo e Escalada"
"457460","Festas e Lembrancinhas","Equipamento para Festas"
"278193","Esportes e Fitness","Basquete"
"434844","Pet Shop","Aves e Acessórios"
"11351","Celulares e Telefones","Peças para Celular"
"456729","Agro","Apicultura"
"455308","Acessórios para Veículos","Ferramentas para Veículos"
"433289","Bebês","Brinquedos para Bebês"
"433020","Agro","Maquinaria Agrícola"
"135384","Celulares e Telefones","Smartwatches e Acessórios"
"277662","Beleza e Cuidado Pessoal","Tratamentos de Beleza"
"429090","Ferramentas","Ferramentas para Jardim"
"416867","Informática","Monitores e Acessórios"
"430941","Instrumentos Musicais","Instrumentos de Sopro"
"409814","Eletrônicos, Áudio e Vídeo","Acessórios para Áudio e Vídeo"
"432035","Casa, Móveis e Decoração","Segurança para Casa"
"414238","Calçados, Roupas e Bolsas","Indumentária Laboral e Escolar"
"432741","Celulares e Telefones","Acessórios para Celulares"
"225884","Ingressos","Outros Ingressos"
"421299","Eletrônicos, Áudio e Vídeo","Acessórios para TV"
"432663","Alimentos e Bebidas","Frescos"
"270367","Informática","Tablets e Acessórios"
"278088","Instrumentos Musicais","Instrumentos de Sopro"
"438565","Informática","Projetores e Telas"
"420385","Bebês","Higiene e Cuidados com o Bebê"
"1731","Informática","Softwares"
"272198","Calçados, Roupas e Bolsas","Indumentária Laboral e Escolar"
"202299","Esportes e Fitness","Natação"
"419752","Ferramentas","Ferramentas para Jardim"
"457122","Agro","Maquinaria Agrícola"
"2893","Câmeras e Acessórios","Lentes e Filtros"
"260317","Festas e Lembrancinhas","Decoração de Festa"
"263727","Acessórios para Veículos","Limpeza Automotiva"
"455774","Arte, Papelaria e Armarinho","Arte e Trabalhos Manuais"
"455718","Arte, Papelaria e Armarinho","Arte e Trabalhos Manuais"
"420039","Casa, Móveis e Decoração","Segurança para Casa"
"448691","Esportes e Fitness","Vôlei"
"277920","Agro","Maquinaria Agrícola"
"455790","Beleza e Cuidado Pessoal","Tratamentos de Beleza"
"1899","Eletrodomésticos","Outros"
"434808","Instrumentos Musicais","Instrumentos de Sopro"
"430752","Beleza e Cuidado Pessoal","Tratamentos de Beleza"
"455765","Arte, Papelaria e Armarinho","Arte e Trabalhos Manuais"
"277344","Acessórios para Veículos","Segurança Veicular"
"1697","Informática","Componentes para PC"
"46248","Brinquedos e Hobbies","Hobbies"
"11428","Calçados, Roupas e Bolsas","Roupas para Bebês"
"440951","Ferramentas","Ferramentas para Jardim"
"46303","Brinquedos e Hobbies","Hobbies"
"456834","Agro","Energia Renovável"
"278010","Calçados, Roupas e Bolsas","Agasalhos"
"438636","Games","Peças para Consoles"
"23332","Calçados, Roupas e Bolsas","Calçados"
"418047","Informática","Monitores e Acessórios"
"271102","Instrumentos Musicais","Instrumentos de Sopro"
"8379","Calçados, Roupas e Bolsas","Acessórios de Moda"
"271864","Calçados, Roupas e Bolsas","Indumentária Laboral e Escolar"
"48251","Esportes e Fitness","Canoas, Caiaques e Infláveis"
"418061","Acessórios para Veículos","Segurança Veicular"
"10532","Esportes e Fitness","Tênis, Paddle e Squash"
"242166","Construção","Pisos e Rejuntes"
"447782","Informática","Acessórios para PC Gaming"
"455215","Casa, Móveis e Decoração","Camas, Colchões e Acessórios"
"430930","Indústria e Comércio","Gráfica e Impressão"
"271848","Eletrodomésticos","Refrigeração"
"455731","Ferramentas","Acessórios para Ferramentas"
"440300","Acessórios para Veículos","Segurança Veicular"
"271117","Informática","Cabos e Hubs USB"
"438793","Esportes e Fitness","Rugby"
"393901","Antiguidades e Coleções","Bandeiras"
"1675","Informática","Armazenamento"
"457461","Festas e Lembrancinhas","Equipamento para Festas"
"457470","Festas e Lembrancinhas","Artigos para Festas"
"439725","Games","Peças para Consoles"
"431595","Bebês","Maternidade"
"123943","Esportes e Fitness","Surf e Bodyboard"
"445777","Acessórios para Veículos","Serviços Programados"
"455605","Alimentos e Bebidas","Frescos"
"455568","Agro","Infra-estrutura Rural"
"434851","Pet Shop","Roedores"
"455945","Saúde","Massagem"
"4957","Calçados, Roupas e Bolsas","Moda Íntima e Lingerie"
"11414","Celulares e Telefones","Peças para Celular"
"1045","Câmeras e Acessórios","Lentes e Filtros"
"271129","Esportes e Fitness","Canoas, Caiaques e Infláveis"
"9876","Esportes e Fitness","Tênis, Paddle e Squash"
"224270","Bebês","Alimentação e Amamentação"
"2483","Esportes e Fitness","Artes Marciais e Boxe"
"277580","Festas e Lembrancinhas","Kits Imprimíveis para Festas"
"458208","Acessórios para Veículos","Motos"
"129659","Informática","Tablets e Acessórios"
"38279","Eletrônicos, Áudio e Vídeo","Cabos"
"381266","Arte, Papelaria e Armarinho","Arte e Trabalhos Manuais"
"438924","Casa, Móveis e Decoração","Iluminação Residencial"
"263523","Beleza e Cuidado Pessoal","Cuidados com o Cabelo"
"252332","Beleza e Cuidado Pessoal","Artigos para Cabeleireiros"
"433478","Indústria e Comércio","Gráfica e Impressão"
"277674","Beleza e Cuidado Pessoal","Tratamentos de Beleza"
"429163","Instrumentos Musicais","Instrumentos de Corda"
"455583","Instrumentos Musicais","Instrumentos de Corda"
"435211","Instrumentos Musicais","Equipamento para DJs"
"275574","Calçados, Roupas e Bolsas","Calçados"
"29344","Instrumentos Musicais","Instrumentos de Corda"
"430520","Indústria e Comércio","Têxtil e Calçado"
"263525","Ferramentas","Ferramentas Pneumáticas"
"31121","Antiguidades e Coleções","Militaria e Afins"
"278260","Esportes e Fitness","Patín e Skateboard"
"439068","Construção","Mobiliário para Banheiros"
"456643","Esportes e Fitness","Patinetes e Scooters"
"430409","Câmeras e Acessórios","Drones e Acessórios"
"439395","Informática","Leitores e Scanners"
"457843","Brinquedos e Hobbies","Jogos de Tabuleiro e Cartas"
"67521","Esportes e Fitness","Artes Marciais e Boxe"
"277680","Indústria e Comércio","Embalagem e Logística"
"432872","Brinquedos e Hobbies","Veículos de Brinquedo"
"432887","Brinquedos e Hobbies","Veículos de Brinquedo"
"270128","Construção","Máquinas para Construção"
"271608","Eletrodomésticos","Lavadores"
"271805","Festas e Lembrancinhas","Descartáveis para Festa"
"27254","Calçados, Roupas e Bolsas","Moda Íntima e Lingerie"
"270451","Indústria e Comércio","Publicidade e Promoção"
"4468","Instrumentos Musicais","Estúdio de Gravação"
"1053","Celulares e Telefones","Telefonia Fixa e Sem Fio"
"212929","Eletrônicos, Áudio e Vídeo","Componentes Eletrônicos"
"277385","Informática","Conectividade e Redes"
"445787","Calçados, Roupas e Bolsas","Acessórios de Moda"
"277419","Alimentos e Bebidas","Bebidas"
"432875","Esportes e Fitness","Hóquei"
"431332","Informática","Monitores e Acessórios"
"455797","Beleza e Cuidado Pessoal","Farmácia"
"405117","Indústria e Comércio","Embalagem e Logística"
"269605","Beleza e Cuidado Pessoal","Depilação"
"45435","Acessórios para Veículos","GNV"
"275584","Calçados, Roupas e Bolsas","Calçados"
"271373","Eletrônicos, Áudio e Vídeo","Drones e Acessórios"
"438895","Arte, Papelaria e Armarinho","Arte e Trabalhos Manuais"
"439359","Instrumentos Musicais","Equipamento para DJs"
"1845","Brinquedos e Hobbies","Hobbies"
"419878","Informática","Conectividade e Redes"
"455184","Eletrodomésticos","Cuidado Pessoal"
"268501","Saúde","Terapias Alternativas"
"271392","Esportes e Fitness","Artes Marciais e Boxe"
"457489","Festas e Lembrancinhas","Lembrancinhas para Fiestas"
"438705","Festas e Lembrancinhas","Espuma, Serpentinas e Confete"
"272128","Informática","Limpeza de PCs"
"447784","Informática","Acessórios para PC Gaming"
"3828","Celulares e Telefones","Telefonia Fixa e Sem Fio"
"277641","Beleza e Cuidado Pessoal","Artigos para Cabeleireiros"
"433503","Esportes e Fitness","Golfe"
"10519","Esportes e Fitness","Artes Marciais e Boxe"
"271691","Casa, Móveis e Decoração","Têxteis de Casa e Decoração"
"46250","Brinquedos e Hobbies","Hobbies"
"22741","Acessórios para Veículos","Performance"
"447780","Informática","Acessórios para PC Gaming"
"2676","Informática","Componentes para PC"
"435356","Festas e Lembrancinhas","Decoração de Festa"
"429718","Construção","Loja das Tintas"
"457922","Construção","Mobiliário para Banheiros"
"48172","Esportes e Fitness","Surf e Bodyboard"
"3100","Esportes e Fitness","Surf e Bodyboard"
"457517","Festas e Lembrancinhas","Lembrancinhas para Fiestas"
"270507","Beleza e Cuidado Pessoal","Tratamentos de Beleza"
"455569","Agro","Infra-estrutura Rural"
"3562","Indústria e Comércio","Equipamento para Escritórios"
"129665","Informática","Tablets e Acessórios"
"264806","Beleza e Cuidado Pessoal","Barbearia"
"431526","Esportes e Fitness","Tênis, Paddle e Squash"
"457885","Brinquedos e Hobbies","Jogos de Tabuleiro e Cartas"
"270082","Indústria e Comércio","Publicidade e Promoção"
"421616","Instrumentos Musicais","Instrumentos de Corda"
"271870","Informática","Softwares"
"271178","Brinquedos e Hobbies","Veículos de Brinquedo"
"4476","Instrumentos Musicais","Equipamento para DJs"
"278179","Esportes e Fitness","Tiro Esportivo"
"435278","Construção","Encanamento"
"439281","Esportes e Fitness","Windsurfe"
"270349","Casa, Móveis e Decoração","Segurança para Casa"
"424841","Esportes e Fitness","Hóquei"
"100718","Câmeras e Acessórios","Equipamento de Revelação"
"438556","Informática","Tablets e Acessórios"
"429520","Construção","Encanamento"
"270198","Mais Categorias","Equipamento para Tatuagens"
"271303","Bebês","Higiene e Cuidados com o Bebê"
"1125","Pet Shop","Cavalos"
"122102","Esportes e Fitness","Suplementos e Shakers"
"271743","Informática","Conectividade e Redes"
"430919","Informática","Cabos e Hubs USB"
"455715","Arte, Papelaria e Armarinho","Arte e Trabalhos Manuais"
"271270","Casa, Móveis e Decoração","Têxteis de Casa e Decoração"
"431647","Beleza e Cuidado Pessoal","Farmácia"
"411826","Casa, Móveis e Decoração","Segurança para Casa"
"28208","Calçados, Roupas e Bolsas","Roupas para Bebês"
"1714","Informática","Periféricos para PC"
"269874","Construção","Mobiliário para Banheiros"
"429227","Acessórios para Veículos","Lubrificantes e Fluidos"
"1737","Informática","Softwares"
"85876","Pet Shop","Peixes"
"200953","Esportes e Fitness","Rapel, Montanhismo e Escalada"
"1262","Beleza e Cuidado Pessoal","Cuidados com a Pele"
"439228","Celulares e Telefones","Peças para Celular"
"457420","Festas e Lembrancinhas","Fantasias e Cosplay"
"439217","Celulares e Telefones","Telefonia Fixa e Sem Fio"
"135976","Instrumentos Musicais","Equipamento para DJs"
"436260","Casa, Móveis e Decoração","Camas, Colchões e Acessórios"
"455421","Alimentos e Bebidas","Frescos"
"270871","Pet Shop","Insetos"
"9701","Instrumentos Musicais","Pianos e Teclados"
"271113","Instrumentos Musicais","Instrumentos de Sopro"
"120498","Acessórios para Veículos","Navegadores GPS para Vehículos"
"430585","Bebês","Quarto do Bebê"
"38263","Câmeras e Acessórios","Cabos"
"432989","Brinquedos e Hobbies","Jogos de Tabuleiro e Cartas"
"419821","Instrumentos Musicais","Equipamento para DJs"
"439303","Esportes e Fitness","Rapel, Montanhismo e Escalada"
"429248","Pet Shop","Gatos"
"433049","Brinquedos e Hobbies","Jogos de Tabuleiro e Cartas"
"439321","Indústria e Comércio","Publicidade e Promoção"
"438811","Esportes e Fitness","Canoas, Caiaques e Infláveis"
"270013","Construção","Mobiliário para Cozinhas"
"277840","Indústria e Comércio","Segurança Laboral"
"433166","Beleza e Cuidado Pessoal","Artigos para Cabeleireiros"
"434369","Alimentos e Bebidas","Comida Preparada"
"182082","Beleza e Cuidado Pessoal","Maquiagem"
"458033","Pet Shop","Sabonete"
"439295","Esportes e Fitness","Futebol Americano"
"264789","Beleza e Cuidado Pessoal","Barbearia"
"270289","Brinquedos e Hobbies","Brinquedos de Faz de Conta"
"442433","Agro","Animais"
"277386","Beleza e Cuidado Pessoal","Tratamentos de Beleza"
"433413","Esportes e Fitness","Paintball"
"186463","Casa, Móveis e Decoração","Têxteis de Casa e Decoração"
"439440","Acessórios para Veículos","Performance"
"271915","Informática","Acessórios de Antiestática"
"11529","Eletrônicos, Áudio e Vídeo","Acessórios para TV"
"270180","Saúde","Ortopedia"
"429650","Construção","Pisos e Rejuntes"
"278162","Brinquedos e Hobbies","Lançadores de Brinquedo"
"430786","Informática","Conectividade e Redes"
"439301","Esportes e Fitness","Hóquei"
"269346","Construção","Encanamento"
"11603","Eletrônicos, Áudio e Vídeo","Componentes Eletrônicos"
"278253","Esportes e Fitness","Pilates e Yoga"
"26426","Joias e Relógios","Relógios"
"409591","Eletrônicos, Áudio e Vídeo","Peças para TV"
"9817","Informática","Leitores e Scanners"
"270258","Esportes e Fitness","Golfe"
"108807","Calçados, Roupas e Bolsas","Agasalhos"
"438984","Casa, Móveis e Decoração","Têxteis de Casa e Decoração"
"435069","Saúde","Mobilidade"
"431770","Acessórios para Veículos","Ferramentas para Veículos"
"271138","Construção","Máquinas para Construção"
"432168","Agro","Infra-estrutura Rural"
"7458","Eletrônicos, Áudio e Vídeo","Aparelhos DVD e Bluray"
"456851","Agro","Apicultura"
"420319","Bebês","Maternidade"
"269944","Ferramentas","Ferramentas para Jardim"
"405114","Indústria e Comércio","Embalagem e Logística"
"1098","Pet Shop","Peixes"
"429216","Esportes e Fitness","Tênis, Paddle e Squash"
"271773","Brinquedos e Hobbies","Jogos de Tabuleiro e Cartas"
"438485","Esportes e Fitness","Futebol Americano"
"82479","Eletrônicos, Áudio e Vídeo","Projetores e Telas"
"455640","Instrumentos Musicais","Pedais e Acessórios"
"433400","Indústria e Comércio","Segurança Laboral"
"417029","Informática","Leitores e Scanners"
"6883","Brinquedos e Hobbies","Jogos de Tabuleiro e Cartas"
"436419","Casa, Móveis e Decoração","Organização para Casa"
"271822","Games","Fliperamas e Arcade"
"278064","Instrumentos Musicais","Instrumentos de Corda"
"456224","Informática","Conectividade e Redes"
"435225","Instrumentos Musicais","Equipamento para DJs"
"194026","Acessórios para Veículos","Lubrificantes e Fluidos"
"256813","Festas e Lembrancinhas","Artigos para Festas"
"458269","Esportes e Fitness","Golfe"
"278065","Bebês","Roupas de Bebê"
"437632","Brinquedos e Hobbies","Brinquedos de Praia e Piscina"
"2971","Brinquedos e Hobbies","Bonecos e Bonecas"
"435338","Construção","Loja das Tintas"
"457322","Pet Shop","Gatos"
"271187","Brinquedos e Hobbies","Ar Livre e Playground"
"433426","Indústria e Comércio","Publicidade e Promoção"
"1681","Indústria e Comércio","Gráfica e Impressão"
"271626","Eletrodomésticos","Lavadores"
"1434","Joias e Relógios","Joias e Bijuterias"
"271923","Informática","Conectividade e Redes"
"85883","Pet Shop","Peixes"
"455565","Alimentos e Bebidas","Congelados"
"252341","Beleza e Cuidado Pessoal","Artigos para Cabeleireiros"
"270368","Informática","Tablets e Acessórios"
"5005","Informática","Palms e Handhelds"
"434780","Pet Shop","Gatos"
"30182","Indústria e Comércio","Têxtil e Calçado"
"31083","Antiguidades e Coleções","Militaria e Afins"
"440301","Acessórios para Veículos","Segurança Veicular"
"50642","Brinquedos e Hobbies","Brinquedos de Praia e Piscina"
"438894","Calçados, Roupas e Bolsas","Agasalhos"
"434344","Joias e Relógios","Artigos de Joalharia"
"457121","Agro","Máquinas Forrageiras"
"429728","Instrumentos Musicais","Instrumentos de Corda"
"431304","Beleza e Cuidado Pessoal","Tratamentos de Beleza"
"269947","Ferramentas","Ferramentas para Jardim"
"431365","Indústria e Comércio","Gráfica e Impressão"
"251835","Pet Shop","Gatos"
"457478","Festas e Lembrancinhas","Decoração de Festa"
"455786","Esportes e Fitness","Pilates e Yoga"
"434925","Instrumentos Musicais","Instrumentos de Sopro"
"436795","Arte, Papelaria e Armarinho","Arte e Trabalhos Manuais"
"256842","Festas e Lembrancinhas","Descartáveis para Festa"
"457467","Festas e Lembrancinhas","Decoração de Festa"
"434729","Calçados, Roupas e Bolsas","Roupas para Bebês"
"200346","Esportes e Fitness","Rapel, Montanhismo e Escalada"
"278018","Calçados, Roupas e Bolsas","Leggings"
"1118","Pet Shop","Cavalos"
"432898","Acessórios para Veículos","Tuning"
"457422","Festas e Lembrancinhas","Descartáveis para Festa"
"18274","Esportes e Fitness","Beisebol e Softbol"
"117958","Brinquedos e Hobbies","Ar Livre e Playground"
"253385","Construção","Encanamento"
"455436","Brinquedos e Hobbies","Mini Veículos e Bicicletas"
"457892","Beleza e Cuidado Pessoal","Farmácia"
"1915","Celulares e Telefones","Outros"
"457861","Brinquedos e Hobbies","Jogos de Tabuleiro e Cartas"
"455074","Eletrodomésticos","Fornos e Fogões"
"272129","Beleza e Cuidado Pessoal","Artigos para Cabeleireiros"
"271103","Pet Shop","Gatos"
"18362","Esportes e Fitness","Natação"
"418472","Informática","Periféricos para PC"
"432062","Casa, Móveis e Decoração","Segurança para Casa"
"423823","Celulares e Telefones","Peças para Celular"
"269736","Pet Shop","Peixes"
"277984","Beleza e Cuidado Pessoal","Tratamentos de Beleza"
"271225","Esportes e Fitness","Patín e Skateboard"
"1276","Esportes e Fitness","Esportes e Fitness"
"418731","Pet Shop","Anfíbios e Répteis"
"439465","Acessórios para Veículos","Lubrificantes e Fluidos"
"260543","Bebês","Saúde do Bebê"
"123976","Esportes e Fitness","Parapente"
"457427","Festas e Lembrancinhas","Fantasias e Cosplay"
"413190","Mais Categorias","Birutas de Vento"
"63533","Acessórios para Veículos","Ferramentas para Veículos"
"429486","Instrumentos Musicais","Instrumentos de Sopro"
"431007","Eletrodomésticos","Lavadores"
"436012","Celulares e Telefones","Acessórios para Celulares"
"271856","Ferramentas","Acessórios para Ferramentas"
"418878","Brinquedos e Hobbies","Jogos de Tabuleiro e Cartas"
"277717","Esportes e Fitness","Badminton"
"438487","Festas e Lembrancinhas","Descartáveis para Festa"
"433355","Brinquedos e Hobbies","Ar Livre e Playground"
"271379","Ferramentas","Acessórios para Ferramentas"
"271779","Ferramentas","Acessórios para Ferramentas"
"432019","Celulares e Telefones","Acessórios para Celulares"
"10349","Informática","Leitores e Scanners"
"270286","Eletrônicos, Áudio e Vídeo","Componentes Eletrônicos"
"11352","Celulares e Telefones","Peças para Celular"
"398621","Eletrodomésticos","Refrigeração"
"455926","Beleza e Cuidado Pessoal","Maquiagem"
"46290","Festas e Lembrancinhas","Artigos para Festas"
"253382","Construção","Encanamento"
"270202","Mais Categorias","Equipamento para Tatuagens"
"424930","Esportes e Fitness","Rugby"
"431266","Informática","Palms e Handhelds"
"438787","Construção","Aberturas"
"3475","Antiguidades e Coleções","Pôsteres"
"430798","Informática","Componentes para PC"
"199341","Saúde","Massagem"
"1088","Pet Shop","Gatos"
"40554","Bebês","Alimentação e Amamentação"
"67984","Esportes e Fitness","Tênis, Paddle e Squash"
"271355","Construção","Acessórios de Construção"
"457544","Pet Shop","Gatos"
"431359","Pet Shop","Gatos"
"277498","Bebês","Segurança para Bebê"
"123105","Esportes e Fitness","Monitores Esportivos"
"270862","Esportes e Fitness","Vôlei"
"85888","Pet Shop","Roedores"
"270416","Indústria e Comércio","Arquitetura e Desenho"
"456634","Brinquedos e Hobbies","Mini Veículos e Bicicletas"
"277971","Pet Shop","Aves e Acessórios"
"244741","Brinquedos e Hobbies","Jogos de Tabuleiro e Cartas"
"438219","Eletrodomésticos","Refrigeração"
"271548","Eletrodomésticos","Lavadores"
"22642","Acessórios para Veículos","Tuning"
"438035","Pet Shop","Peixes"
"430415","Câmeras e Acessórios","Drones e Acessórios"
"270237","Brinquedos e Hobbies","Brinquedos de Faz de Conta"
"271076","Celulares e Telefones","Peças para Celular"
"49496","Acessórios para Veículos","Navegadores GPS para Vehículos"
"458053","Bebês","Roupas de Bebê"
"264861","Beleza e Cuidado Pessoal","Cuidados com o Cabelo"
"251374","Indústria e Comércio","Equipamento para Escritórios"
"431541","Calçados, Roupas e Bolsas","Malas e Bolsas"
"32130","Beleza e Cuidado Pessoal","Cuidados com o Cabelo"
"5786","Acessórios para Veículos","Tuning"
"456925","Agro","Apicultura"
"418158","Alimentos e Bebidas","Frescos"
"63700","Acessórios para Veículos","Tuning"
"438274","Esportes e Fitness","Esgrima"
"456127","Acessórios para Veículos","Lubrificantes e Fluidos"
"33398","Ferramentas","Acessórios para Ferramentas"
"456854","Agro","Apicultura"
"7074","Casa, Móveis e Decoração","Segurança para Casa"
"270528","Brinquedos e Hobbies","Jogos de Tabuleiro e Cartas"
"430799","Informática","Componentes para PC"
"404089","Agro","Maquinaria Agrícola"
"437274","Acessórios para Veículos","Lubrificantes e Fluidos"
"260671","Acessórios para Veículos","Performance"
"434397","Pet Shop","Cavalos"
"457924","Casa, Móveis e Decoração","Iluminação Residencial"
"4064","Câmeras e Acessórios","Instrumentos Ópticos "
"430406","Câmeras e Acessórios","Drones e Acessórios"
"436149","Construção","Mobiliário para Banheiros"
"456852","Agro","Apicultura"
"457959","Calçados, Roupas e Bolsas","Indumentária Laboral e Escolar"
"434830","Pet Shop","Peixes"
"433528","Brinquedos e Hobbies","Anti-stress e Engenho"
"434396","Pet Shop","Cavalos"
"420369","Bebês","Quarto do Bebê"
"278125","Alimentos e Bebidas","Bebidas"
"272005","Eletrodomésticos","Refrigeração"
"432105","Construção","Aberturas"
"245398","Eletrônicos, Áudio e Vídeo","Acessórios para TV"
"277944","Construção","Máquinas para Construção"
"277594","Beleza e Cuidado Pessoal","Cuidados com a Pele"
"272126","Informática","Acessórios de Antiestática"
"432709","Esportes e Fitness","Rapel, Montanhismo e Escalada"
"270693","Indústria e Comércio","Têxtil e Calçado"
"432162","Eletrônicos, Áudio e Vídeo","Cabos"
"430236","Beleza e Cuidado Pessoal","Tratamentos de Beleza"
"270292","Brinquedos e Hobbies","Brinquedos de Faz de Conta"
"455094","Eletrodomésticos","Lavadores"
"432589","Beleza e Cuidado Pessoal","Artigos para Cabeleireiros"
"412738","Indústria e Comércio","Têxtil e Calçado"
"455306","Acessórios para Veículos","Ferramentas para Veículos"
"271265","Instrumentos Musicais","Pianos e Teclados"
"73057","Eletrodomésticos","Fornos e Fogões"
"431200","Eletrodomésticos","Lavadores"
"431771","Acessórios para Veículos","Ferramentas para Veículos"
"256818","Festas e Lembrancinhas","Decoração de Festa"
"32305","Pet Shop","Peixes"
"190307","Construção","Pisos e Rejuntes"
"436267","Casa, Móveis e Decoração","Camas, Colchões e Acessórios"
"99906","Informática","Projetores e Telas"
"433692","Construção","Encanamento"
"438560","Instrumentos Musicais","Estúdio de Gravação"
"194206","Casa, Móveis e Decoração","Segurança para Casa"
"438983","Casa, Móveis e Decoração","Têxteis de Casa e Decoração"
"6874","Brinquedos e Hobbies","Hobbies"
"420388","Bebês","Brinquedos para Bebês"
"432914","Acessórios para Veículos","Rodas"
"271792","Ferramentas","Acessórios para Ferramentas"
"411482","Construção","Loja das Tintas"
"278158","Calçados, Roupas e Bolsas","Roupas para Bebês"
"437761","Calçados, Roupas e Bolsas","Malas e Bolsas"
"437633","Brinquedos e Hobbies","Brinquedos de Praia e Piscina"
"270859","Ferramentas","Acessórios para Ferramentas"
"440835","Bebês","Higiene e Cuidados com o Bebê"
"261059","Bebês","Chupetas e Mordedores"
"270878","Pet Shop","Insetos"
"264678","Saúde","Outros"
"455355","Agro","Energia Renovável"
"269938","Ferramentas","Ferramentas para Jardim"
"448694","Esportes e Fitness","Vôlei"
"439101","Indústria e Comércio","Equipamento para Escritórios"
"269933","Ferramentas","Ferramentas para Jardim"
"456814","Agro","Agricultura de Precisão"
"264683","Eletrônicos, Áudio e Vídeo","Peças para TV"
"455567","Agro","Infra-estrutura Rural"
"1910","Brinquedos e Hobbies","Outros"
"272109","Mais Categorias","Artigos para Fumadores"
"420354","Bebês","Saúde do Bebê"
"270547","Calçados, Roupas e Bolsas","Acessórios de Moda"
"1722","Informática","Estabilizadores e No Breaks"
"455280","Construção","Aberturas"
"85848","Pet Shop","Aves e Acessórios"
"256822","Festas e Lembrancinhas","Decoração de Festa"
"418316","Acessórios para Veículos","Tuning"
"72816","Instrumentos Musicais","Pianos e Teclados"
"21168","Eletrodomésticos","Lavadores"
"420368","Bebês","Quarto do Bebê"
"10676","Celulares e Telefones","Telefonia Fixa e Sem Fio"
"431252","Alimentos e Bebidas","Frescos"
"278191","Esportes e Fitness","Natação"
"439065","Instrumentos Musicais","Partituras e Letras"
"260670","Acessórios para Veículos","Performance"
"270290","Brinquedos e Hobbies","Brinquedos de Faz de Conta"
"27250","Calçados, Roupas e Bolsas","Macacão"
"430987","Câmeras e Acessórios","Peças para Câmeras"
"99945","Informática","Limpeza de PCs"
"260545","Bebês","Alimentação e Amamentação"
"268504","Acessórios para Veículos","Tuning"
"421372","Esportes e Fitness","Esqui e Snowboard"
"430438","Bebês","Quarto do Bebê"
"457425","Festas e Lembrancinhas","Fantasias e Cosplay"
"277598","Mais Categorias","Equipamento para Tatuagens"
"437616","Livros, Revistas e Comics","Livros Físicos"
"439331","Indústria e Comércio","Segurança Laboral"
"129663","Informática","Tablets e Acessórios"
"456809","Brinquedos e Hobbies","Brinquedos de Faz de Conta"
"457951","Informática","Projetores e Telas"
"438795","Esportes e Fitness","Rugby"
"190972","Calçados, Roupas e Bolsas","Acessórios de Moda"
"431738","Joias e Relógios","Artigos de Joalharia"
"82482","Informática","Projetores e Telas"
"435228","Instrumentos Musicais","Equipamento para DJs"
"433022","Mais Categorias","Licenças para Taxis"
"118023","Eletrônicos, Áudio e Vídeo","Peças para TV"
"1267","Beleza e Cuidado Pessoal","Cuidados com o Cabelo"
"433283","Bebês","Quarto do Bebê"
"3812","Celulares e Telefones","Acessórios para Celulares"
"49413","Eletrônicos, Áudio e Vídeo","Projetores e Telas"
"270480","Informática","Limpeza de PCs"
"270522","Indústria e Comércio","Segurança Laboral"
"438816","Esportes e Fitness","Handebol"
"31792","Antiguidades e Coleções","Militaria e Afins"
"457550","Pet Shop","Gatos"
"456112","Acessórios para Veículos","Lubrificantes e Fluidos"
"108831","Calçados, Roupas e Bolsas","Ternos"
"182102","Acessórios para Veículos","Aces. de Carros e Caminhonetes"
"459204","Acessórios para Veículos","Aces. de Carros e Caminhonetes"
"459135","Acessórios para Veículos","Aces. de Carros e Caminhonetes"
"459162","Acessórios para Veículos","Aces. de Carros e Caminhonetes"
"459232","Acessórios para Veículos","Aces. de Carros e Caminhonetes"
"430564","Acessórios para Veículos","Aces. de Carros e Caminhonetes"
"459349","Acessórios para Veículos","Aces. de Carros e Caminhonetes"
"459461","Acessórios para Veículos","Aces. de Carros e Caminhonetes"
"459216","Acessórios para Veículos","Aces. de Carros e Caminhonetes"
"459226","Acessórios para Veículos","Aces. de Carros e Caminhonetes"
"459168","Acessórios para Veículos","Aces. de Carros e Caminhonetes"
"459325","Acessórios para Veículos","Aces. de Carros e Caminhonetes"
"457887","Acessórios para Veículos","Aces. de Carros e Caminhonetes"
"459249","Acessórios para Veículos","Aces. de Carros e Caminhonetes"
"459456","Acessórios para Veículos","Aces. de Carros e Caminhonetes"
"459201","Acessórios para Veículos","Aces. de Carros e Caminhonetes"
"459180","Acessórios para Veículos","Aces. de Carros e Caminhonetes"
"459348","Acessórios para Veículos","Aces. de Carros e Caminhonetes"
"430946","Acessórios para Veículos","Aces. de Carros e Caminhonetes"
"459146","Acessórios para Veículos","Aces. de Carros e Caminhonetes"
"459174","Acessórios para Veículos","Aces. de Carros e Caminhonetes"
"459219","Acessórios para Veículos","Aces. de Carros e Caminhonetes"
"459191","Acessórios para Veículos","Aces. de Carros e Caminhonetes"
"437668","Acessórios para Veículos","Aces. de Carros e Caminhonetes"
"459243","Acessórios para Veículos","Aces. de Carros e Caminhonetes"
"459145","Acessórios para Veículos","Aces. de Carros e Caminhonetes"
"278288","Acessórios para Veículos","Aces. de Carros e Caminhonetes"
"430565","Acessórios para Veículos","Aces. de Carros e Caminhonetes"
"429029","Acessórios para Veículos","Aces. de Carros e Caminhonetes"
"459217","Acessórios para Veículos","Aces. de Carros e Caminhonetes"
"459178","Acessórios para Veículos","Aces. de Carros e Caminhonetes"
"459466","Acessórios para Veículos","Aces. de Carros e Caminhonetes"
"459253","Acessórios para Veículos","Aces. de Carros e Caminhonetes"
"459468","Acessórios para Veículos","Aces. de Carros e Caminhonetes"
"459327","Acessórios para Veículos","Aces. de Carros e Caminhonetes"
"277952","Acessórios para Veículos","Aces. de Carros e Caminhonetes"
"459367","Acessórios para Veículos","Aces. de Carros e Caminhonetes"
"186150","Acessórios para Veículos","Aces. de Carros e Caminhonetes"
"459163","Acessórios para Veículos","Aces. de Carros e Caminhonetes"
"458434","Acessórios para Veículos","Aces. de Carros e Caminhonetes"
"459237","Acessórios para Veículos","Aces. de Carros e Caminhonetes"
"459214","Acessórios para Veículos","Aces. de Carros e Caminhonetes"
"459173","Acessórios para Veículos","Aces. de Carros e Caminhonetes"
"459209","Acessórios para Veículos","Aces. de Carros e Caminhonetes"
"459355","Acessórios para Veículos","Aces. de Carros e Caminhonetes"
"268514","Acessórios para Veículos","Aces. de Carros e Caminhonetes"
"459154","Acessórios para Veículos","Aces. de Carros e Caminhonetes"
"22664","Acessórios para Veículos","Aces. de Carros e Caminhonetes"
"459175","Acessórios para Veículos","Aces. de Carros e Caminhonetes"
"459139","Acessórios para Veículos","Aces. de Carros e Caminhonetes"
"459160","Acessórios para Veículos","Aces. de Carros e Caminhonetes"
"459206","Acessórios para Veículos","Aces. de Carros e Caminhonetes"
"459458","Acessórios para Veículos","Aces. de Carros e Caminhonetes"
"268515","Acessórios para Veículos","Aces. de Carros e Caminhonetes"
"46680","Acessórios para Veículos","Aces. de Carros e Caminhonetes"
"419761","Acessórios para Veículos","Aces. de Carros e Caminhonetes"
"63738","Acessórios para Veículos","Aces. de Carros e Caminhonetes"
"459149","Acessórios para Veículos","Aces. de Carros e Caminhonetes"
"459354","Acessórios para Veículos","Aces. de Carros e Caminhonetes"
"194780","Acessórios para Veículos","Aces. de Carros e Caminhonetes"
"459240","Acessórios para Veículos","Aces. de Carros e Caminhonetes"
"253178","Acessórios para Veículos","Aces. de Carros e Caminhonetes"
"459463","Acessórios para Veículos","Aces. de Carros e Caminhonetes"
"46707","Acessórios para Veículos","Aces. de Carros e Caminhonetes"
"459220","Acessórios para Veículos","Aces. de Carros e Caminhonetes"
"459156","Acessórios para Veículos","Aces. de Carros e Caminhonetes"
"430581","Acessórios para Veículos","Aces. de Carros e Caminhonetes"
"459211","Acessórios para Veículos","Aces. de Carros e Caminhonetes"
"271108","Acessórios para Veículos","Aces. de Carros e Caminhonetes"
"459323","Acessórios para Veículos","Aces. de Carros e Caminhonetes"
"459144","Acessórios para Veículos","Aces. de Carros e Caminhonetes"
"459361","Acessórios para Veículos","Aces. de Carros e Caminhonetes"
"459157","Acessórios para Veículos","Aces. de Carros e Caminhonetes"
"459221","Acessórios para Veículos","Aces. de Carros e Caminhonetes"
"459248","Acessórios para Veículos","Aces. de Carros e Caminhonetes"
"430950","Acessórios para Veículos","Aces. de Carros e Caminhonetes"
"459347","Acessórios para Veículos","Aces. de Carros e Caminhonetes"
"459190","Acessórios para Veículos","Aces. de Carros e Caminhonetes"
"255106","Acessórios para Veículos","Aces. de Carros e Caminhonetes"
"260618","Acessórios para Veículos","Aces. de Carros e Caminhonetes"
"278198","Acessórios para Veículos","Aces. de Carros e Caminhonetes"
"430566","Acessórios para Veículos","Aces. de Carros e Caminhonetes"
"459134","Acessórios para Veículos","Aces. de Carros e Caminhonetes"
"432998","Acessórios para Veículos","Aces. de Carros e Caminhonetes"
"459241","Acessórios para Veículos","Aces. de Carros e Caminhonetes"
"459356","Acessórios para Veículos","Aces. de Carros e Caminhonetes"
"458432","Acessórios para Veículos","Aces. de Carros e Caminhonetes"
"438074","Acessórios para Veículos","Aces. de Carros e Caminhonetes"
"458980","Acessórios para Veículos","Aces. de Carros e Caminhonetes"
"459242","Acessórios para Veículos","Aces. de Carros e Caminhonetes"
"459470","Acessórios para Veículos","Aces. de Carros e Caminhonetes"
"433203","Acessórios para Veículos","Aces. de Carros e Caminhonetes"
"459172","Acessórios para Veículos","Aces. de Carros e Caminhonetes"
"459187","Acessórios para Veículos","Aces. de Carros e Caminhonetes"
"458032","Acessórios para Veículos","Aces. de Carros e Caminhonetes"
"459365","Acessórios para Veículos","Aces. de Carros e Caminhonetes"
"271136","Acessórios para Veículos","Aces. de Carros e Caminhonetes"
"194741","Acessórios para Veículos","Aces. de Carros e Caminhonetes"
"116500","Acessórios para Veículos","Aces. de Carros e Caminhonetes"
"459358","Acessórios para Veículos","Aces. de Carros e Caminhonetes"
"114677","Acessórios para Veículos","Aces. de Carros e Caminhonetes"
"458433","Acessórios para Veículos","Aces. de Carros e Caminhonetes"
"459193","Acessórios para Veículos","Aces. de Carros e Caminhonetes"
"459457","Acessórios para Veículos","Aces. de Carros e Caminhonetes"
"63548","Acessórios para Veículos","Aces. de Carros e Caminhonetes"
"437421","Acessórios para Veículos","Aces. de Carros e Caminhonetes"
"439834","Acessórios para Veículos","Aces. de Carros e Caminhonetes"
"459207","Acessórios para Veículos","Aces. de Carros e Caminhonetes"
"271611","Acessórios para Veículos","Aces. de Carros e Caminhonetes"
"459197","Acessórios para Veículos","Aces. de Carros e Caminhonetes"
"459137","Acessórios para Veículos","Aces. de Carros e Caminhonetes"
"459326","Acessórios para Veículos","Aces. de Carros e Caminhonetes"
"418172","Acessórios para Veículos","Aces. de Carros e Caminhonetes"
"439835","Acessórios para Veículos","Aces. de Carros e Caminhonetes"
"419824","Acessórios para Veículos","Aces. de Carros e Caminhonetes"
"458431","Acessórios para Veículos","Aces. de Carros e Caminhonetes"
"459195","Acessórios para Veículos","Aces. de Carros e Caminhonetes"
"459140","Acessórios para Veículos","Aces. de Carros e Caminhonetes"
"459252","Acessórios para Veículos","Aces. de Carros e Caminhonetes"
"459324","Acessórios para Veículos","Aces. de Carros e Caminhonetes"
"459455","Acessórios para Veículos","Aces. de Carros e Caminhonetes"
"459203","Acessórios para Veículos","Aces. de Carros e Caminhonetes"
"459198","Acessórios para Veículos","Aces. de Carros e Caminhonetes"
"459561","Acessórios para Veículos","Aces. de Carros e Caminhonetes"
"459181","Acessórios para Veículos","Aces. de Carros e Caminhonetes"
"459247","Acessórios para Veículos","Aces. de Carros e Caminhonetes"
"459143","Acessórios para Veículos","Aces. de Carros e Caminhonetes"
"437424","Acessórios para Veículos","Aces. de Carros e Caminhonetes"
"255104","Acessórios para Veículos","Aces. de Carros e Caminhonetes"
"22295","Acessórios para Veículos","Aces. de Carros e Caminhonetes"
"459472","Acessórios para Veículos","Aces. de Carros e Caminhonetes"
"429491","Acessórios para Veículos","Aces. de Carros e Caminhonetes"
"420222","Acessórios para Veículos","Aces. de Carros e Caminhonetes"
"459184","Acessórios para Veículos","Aces. de Carros e Caminhonetes"
"459474","Acessórios para Veículos","Aces. de Carros e Caminhonetes"
"431858","Acessórios para Veículos","Aces. de Carros e Caminhonetes"
"459246","Acessórios para Veículos","Aces. de Carros e Caminhonetes"
"459328","Acessórios para Veículos","Aces. de Carros e Caminhonetes"
"459462","Acessórios para Veículos","Aces. de Carros e Caminhonetes"
"47125","Acessórios para Veículos","Aces. de Carros e Caminhonetes"
"2219","Acessórios para Veículos","Aces. de Carros e Caminhonetes"
"459210","Acessórios para Veículos","Aces. de Carros e Caminhonetes"
"459153","Acessórios para Veículos","Aces. de Carros e Caminhonetes"
"459194","Acessórios para Veículos","Aces. de Carros e Caminhonetes"
"459471","Acessórios para Veículos","Aces. de Carros e Caminhonetes"
"459150","Acessórios para Veículos","Aces. de Carros e Caminhonetes"
"430228","Acessórios para Veículos","Aces. de Carros e Caminhonetes"
"459215","Acessórios para Veículos","Aces. de Carros e Caminhonetes"
"459460","Acessórios para Veículos","Aces. de Carros e Caminhonetes"
"459159","Acessórios para Veículos","Aces. de Carros e Caminhonetes"
"459473","Acessórios para Veículos","Aces. de Carros e Caminhonetes"
"459362","Acessórios para Veículos","Aces. de Carros e Caminhonetes"
"459185","Acessórios para Veículos","Aces. de Carros e Caminhonetes"
"459351","Acessórios para Veículos","Aces. de Carros e Caminhonetes"
"46692","Acessórios para Veículos","Aces. de Carros e Caminhonetes"
"116501","Acessórios para Veículos","Aces. de Carros e Caminhonetes"
"459165","Acessórios para Veículos","Aces. de Carros e Caminhonetes"
"459233","Acessórios para Veículos","Aces. de Carros e Caminhonetes"
"459189","Acessórios para Veículos","Aces. de Carros e Caminhonetes"
"439543","Acessórios para Veículos","Aces. de Carros e Caminhonetes"
"116499","Acessórios para Veículos","Aces. de Carros e Caminhonetes"
"430923","Acessórios para Veículos","Aces. de Carros e Caminhonetes"
"459164","Acessórios para Veículos","Aces. de Carros e Caminhonetes"
"6170","Acessórios para Veículos","Aces. de Carros e Caminhonetes"
"459250","Acessórios para Veículos","Aces. de Carros e Caminhonetes"
"459235","Acessórios para Veículos","Aces. de Carros e Caminhonetes"
"459459","Acessórios para Veículos","Aces. de Carros e Caminhonetes"
"431760","Acessórios para Veículos","Aces. de Carros e Caminhonetes"
"430567","Acessórios para Veículos","Aces. de Carros e Caminhonetes"
"459212","Acessórios para Veículos","Aces. de Carros e Caminhonetes"
"444310","Acessórios para Veículos","Aces. de Carros e Caminhonetes"
"40411","Acessórios para Veículos","Aces. de Carros e Caminhonetes"
"429700","Acessórios para Veículos","Aces. de Carros e Caminhonetes"
"459350","Acessórios para Veículos","Aces. de Carros e Caminhonetes"
"459176","Acessórios para Veículos","Aces. de Carros e Caminhonetes"
"459239","Acessórios para Veículos","Aces. de Carros e Caminhonetes"
"459188","Acessórios para Veículos","Aces. de Carros e Caminhonetes"
"63687","Acessórios para Veículos","Aces. de Carros e Caminhonetes"
"459151","Acessórios para Veículos","Aces. de Carros e Caminhonetes"
"459152","Acessórios para Veículos","Aces. de Carros e Caminhonetes"
"459251","Acessórios para Veículos","Aces. de Carros e Caminhonetes"
"459202","Acessórios para Veículos","Aces. de Carros e Caminhonetes"
"459148","Acessórios para Veículos","Aces. de Carros e Caminhonetes"
"46649","Acessórios para Veículos","Aces. de Carros e Caminhonetes"
"116489","Acessórios para Veículos","Aces. de Carros e Caminhonetes"
"459169","Acessórios para Veículos","Aces. de Carros e Caminhonetes"
"459230","Acessórios para Veículos","Aces. de Carros e Caminhonetes"
"434356","Acessórios para Veículos","Aces. de Carros e Caminhonetes"
"459171","Acessórios para Veículos","Aces. de Carros e Caminhonetes"
"459218","Acessórios para Veículos","Aces. de Carros e Caminhonetes"
"45905","Acessórios para Veículos","Aces. de Carros e Caminhonetes"
"418751","Acessórios para Veículos","Aces. de Carros e Caminhonetes"
"459179","Acessórios para Veículos","Aces. de Carros e Caminhonetes"
"459141","Acessórios para Veículos","Aces. de Carros e Caminhonetes"
"458031","Acessórios para Veículos","Aces. de Carros e Caminhonetes"
"430913","Acessórios para Veículos","Aces. de Carros e Caminhonetes"
"459200","Acessórios para Veículos","Aces. de Carros e Caminhonetes"
"429571","Acessórios para Veículos","Aces. de Carros e Caminhonetes"
"459186","Acessórios para Veículos","Aces. de Carros e Caminhonetes"
"46672","Acessórios para Veículos","Aces. de Motos e Quadriciclos"
"203101","Acessórios para Veículos","Aces. de Motos e Quadriciclos"
"271252","Acessórios para Veículos","Aces. de Motos e Quadriciclos"
"438328","Acessórios para Veículos","Aces. de Motos e Quadriciclos"
"46616","Acessórios para Veículos","Aces. de Motos e Quadriciclos"
"3929","Acessórios para Veículos","Aces. de Motos e Quadriciclos"
"458059","Acessórios para Veículos","Aces. de Motos e Quadriciclos"
"429405","Acessórios para Veículos","Aces. de Motos e Quadriciclos"
"457975","Acessórios para Veículos","Aces. de Motos e Quadriciclos"
"263679","Acessórios para Veículos","Aces. de Motos e Quadriciclos"
"438145","Acessórios para Veículos","Aces. de Motos e Quadriciclos"
"46737","Acessórios para Veículos","Aces. de Motos e Quadriciclos"
"263566","Acessórios para Veículos","Aces. de Motos e Quadriciclos"
"438317","Acessórios para Veículos","Aces. de Motos e Quadriciclos"
"277592","Acessórios para Veículos","Aces. de Motos e Quadriciclos"
"3936","Acessórios para Veículos","Aces. de Motos e Quadriciclos"
"430631","Acessórios para Veículos","Aces. de Motos e Quadriciclos"
"269573","Acessórios para Veículos","Aces. de Motos e Quadriciclos"
"458058","Acessórios para Veículos","Aces. de Motos e Quadriciclos"
"438409","Acessórios para Veículos","Aces. de Motos e Quadriciclos"
"438313","Acessórios para Veículos","Aces. de Motos e Quadriciclos"
"438134","Acessórios para Veículos","Aces. de Motos e Quadriciclos"
"438319","Acessórios para Veículos","Aces. de Motos e Quadriciclos"
"431884","Acessórios para Veículos","Aces. de Motos e Quadriciclos"
"438070","Acessórios para Veículos","Aces. de Motos e Quadriciclos"
"431867","Acessórios para Veículos","Aces. de Motos e Quadriciclos"
"438408","Acessórios para Veículos","Aces. de Motos e Quadriciclos"
"438343","Acessórios para Veículos","Aces. de Motos e Quadriciclos"
"443874","Acessórios para Veículos","Aces. de Motos e Quadriciclos"
"431120","Acessórios para Veículos","Aces. de Motos e Quadriciclos"
"438324","Acessórios para Veículos","Aces. de Motos e Quadriciclos"
"277590","Acessórios para Veículos","Aces. de Motos e Quadriciclos"
"263677","Acessórios para Veículos","Aces. de Motos e Quadriciclos"
"277589","Acessórios para Veículos","Aces. de Motos e Quadriciclos"
"431124","Acessórios para Veículos","Aces. de Motos e Quadriciclos"
"46597","Acessórios para Veículos","Aces. de Motos e Quadriciclos"
"438314","Acessórios para Veículos","Aces. de Motos e Quadriciclos"
"431886","Acessórios para Veículos","Aces. de Motos e Quadriciclos"
"417272","Acessórios para Veículos","Aces. de Motos e Quadriciclos"
"445725","Acessórios para Veículos","Aces. de Motos e Quadriciclos"
"22204","Acessórios para Veículos","Aces. de Motos e Quadriciclos"
"438344","Acessórios para Veículos","Aces. de Motos e Quadriciclos"
"3930","Acessórios para Veículos","Aces. de Motos e Quadriciclos"
"22675","Acessórios para Veículos","Aces. de Motos e Quadriciclos"
"431122","Acessórios para Veículos","Aces. de Motos e Quadriciclos"
"263565","Acessórios para Veículos","Aces. de Motos e Quadriciclos"
"46670","Acessórios para Veículos","Aces. de Motos e Quadriciclos"
"430686","Acessórios para Veículos","Aces. de Motos e Quadriciclos"
"438315","Acessórios para Veículos","Aces. de Motos e Quadriciclos"
"455750","Acessórios para Veículos","Aces. de Motos e Quadriciclos"
"438071","Acessórios para Veículos","Aces. de Motos e Quadriciclos"
"3931","Acessórios para Veículos","Aces. de Motos e Quadriciclos"
"46618","Acessórios para Veículos","Aces. de Motos e Quadriciclos"
"271251","Acessórios para Veículos","Aces. de Motos e Quadriciclos"
"414018","Acessórios para Veículos","Aces. de Motos e Quadriciclos"
"11076","Acessórios para Veículos","Aces. de Motos e Quadriciclos"
"438407","Acessórios para Veículos","Aces. de Motos e Quadriciclos"
"438320","Acessórios para Veículos","Aces. de Motos e Quadriciclos"
"437267","Acessórios para Veículos","Aces. de Motos e Quadriciclos"
"438069","Acessórios para Veículos","Aces. de Motos e Quadriciclos"
"438318","Acessórios para Veículos","Aces. de Motos e Quadriciclos"
"271259","Acessórios para Veículos","Aces. de Motos e Quadriciclos"
"3932","Acessórios para Veículos","Aces. de Motos e Quadriciclos"
"22879","Acessórios para Veículos","Aces. de Motos e Quadriciclos"
"432920","Acessórios para Veículos","Aces. de Motos e Quadriciclos"
"46596","Acessórios para Veículos","Aces. de Motos e Quadriciclos"
"46678","Acessórios para Veículos","Aces. de Motos e Quadriciclos"
"438072","Acessórios para Veículos","Aces. de Motos e Quadriciclos"
"438146","Acessórios para Veículos","Aces. de Motos e Quadriciclos"
"271365","Acessórios para Veículos","Aces. de Motos e Quadriciclos"
"440308","Acessórios para Veículos","Aces. de Motos e Quadriciclos"
"277591","Acessórios para Veículos","Aces. de Motos e Quadriciclos"
"46615","Acessórios para Veículos","Aces. de Motos e Quadriciclos"
"455964","Acessórios para Veículos","Acessórios Náuticos"
"457889","Acessórios para Veículos","Acessórios Náuticos"
"271635","Acessórios para Veículos","Acessórios Náuticos"
"271430","Acessórios para Veículos","Acessórios Náuticos"
"456021","Acessórios para Veículos","Acessórios Náuticos"
"455963","Acessórios para Veículos","Acessórios Náuticos"
"456059","Acessórios para Veículos","Acessórios Náuticos"
"455971","Acessórios para Veículos","Acessórios Náuticos"
"455988","Acessórios para Veículos","Acessórios Náuticos"
"455954","Acessórios para Veículos","Acessórios Náuticos"
"455956","Acessórios para Veículos","Acessórios Náuticos"
"455952","Acessórios para Veículos","Acessórios Náuticos"
"271443","Acessórios para Veículos","Acessórios Náuticos"
"456014","Acessórios para Veículos","Acessórios Náuticos"
"271627","Acessórios para Veículos","Acessórios Náuticos"
"456060","Acessórios para Veículos","Acessórios Náuticos"
"271882","Acessórios para Veículos","Acessórios Náuticos"
"432080","Acessórios para Veículos","Acessórios Náuticos"
"456062","Acessórios para Veículos","Acessórios Náuticos"
"455957","Acessórios para Veículos","Acessórios Náuticos"
"455969","Acessórios para Veículos","Acessórios Náuticos"
"455972","Acessórios para Veículos","Acessórios Náuticos"
"440329","Acessórios para Veículos","Acessórios Náuticos"
"456017","Acessórios para Veículos","Acessórios Náuticos"
"455958","Acessórios para Veículos","Acessórios Náuticos"
"456020","Acessórios para Veículos","Acessórios Náuticos"
"456019","Acessórios para Veículos","Acessórios Náuticos"
"271685","Acessórios para Veículos","Acessórios Náuticos"
"455973","Acessórios para Veículos","Acessórios Náuticos"
"271686","Acessórios para Veículos","Acessórios Náuticos"
"458035","Acessórios para Veículos","Acessórios Náuticos"
"456061","Acessórios para Veículos","Acessórios Náuticos"
"271439","Acessórios para Veículos","Acessórios Náuticos"
"455947","Acessórios para Veículos","Acessórios Náuticos"
"456016","Acessórios para Veículos","Acessórios Náuticos"
"46512","Acessórios para Veículos","Acessórios Náuticos"
"455967","Acessórios para Veículos","Acessórios Náuticos"
"431675","Acessórios para Veículos","Acessórios Náuticos"
"456036","Acessórios para Veículos","Acessórios Náuticos"
"271431","Acessórios para Veículos","Acessórios Náuticos"
"429564","Acessórios para Veículos","Acessórios Náuticos"
"271661","Acessórios para Veículos","Acessórios Náuticos"
"456023","Acessórios para Veículos","Acessórios Náuticos"
"431673","Acessórios para Veículos","Acessórios Náuticos"
"456035","Acessórios para Veículos","Acessórios Náuticos"
"46513","Acessórios para Veículos","Acessórios Náuticos"
"456024","Acessórios para Veículos","Acessórios Náuticos"
"455968","Acessórios para Veículos","Acessórios Náuticos"
"455960","Acessórios para Veículos","Acessórios Náuticos"
"455951","Acessórios para Veículos","Acessórios Náuticos"
"73308","Acessórios para Veículos","Acessórios Náuticos"
"455948","Acessórios para Veículos","Acessórios Náuticos"
"271442","Acessórios para Veículos","Acessórios Náuticos"
"456034","Acessórios para Veículos","Acessórios Náuticos"
"456015","Acessórios para Veículos","Acessórios Náuticos"
"455950","Acessórios para Veículos","Acessórios Náuticos"
"455953","Acessórios para Veículos","Acessórios Náuticos"
"456022","Acessórios para Veículos","Acessórios Náuticos"
"455959","Acessórios para Veículos","Acessórios Náuticos"
"456025","Acessórios para Veículos","Acessórios Náuticos"
"277389","Acessórios para Veículos","Acessórios Náuticos"
"271684","Acessórios para Veículos","Acessórios Náuticos"
"456058","Acessórios para Veículos","Acessórios Náuticos"
"455970","Acessórios para Veículos","Acessórios Náuticos"
"455987","Acessórios para Veículos","Acessórios Náuticos"
"456089","Acessórios para Veículos","Acessórios Náuticos"
"456378","Acessórios para Veículos","Acessórios de Linha Pesada"
"456253","Acessórios para Veículos","Acessórios de Linha Pesada"
"456234","Acessórios para Veículos","Acessórios de Linha Pesada"
"456270","Acessórios para Veículos","Acessórios de Linha Pesada"
"456269","Acessórios para Veículos","Acessórios de Linha Pesada"
"456251","Acessórios para Veículos","Acessórios de Linha Pesada"
"456232","Acessórios para Veículos","Acessórios de Linha Pesada"
"457888","Acessórios para Veículos","Acessórios de Linha Pesada"
"412414","Acessórios para Veículos","Acessórios de Linha Pesada"
"437828","Acessórios para Veículos","Acessórios de Linha Pesada"
"456258","Acessórios para Veículos","Acessórios de Linha Pesada"
"437826","Acessórios para Veículos","Acessórios de Linha Pesada"
"456266","Acessórios para Veículos","Acessórios de Linha Pesada"
"456391","Acessórios para Veículos","Acessórios de Linha Pesada"
"456395","Acessórios para Veículos","Acessórios de Linha Pesada"
"456255","Acessórios para Veículos","Acessórios de Linha Pesada"
"412408","Acessórios para Veículos","Acessórios de Linha Pesada"
"456394","Acessórios para Veículos","Acessórios de Linha Pesada"
"437827","Acessórios para Veículos","Acessórios de Linha Pesada"
"412405","Acessórios para Veículos","Acessórios de Linha Pesada"
"456393","Acessórios para Veículos","Acessórios de Linha Pesada"
"437821","Acessórios para Veículos","Acessórios de Linha Pesada"
"456382","Acessórios para Veículos","Acessórios de Linha Pesada"
"456388","Acessórios para Veículos","Acessórios de Linha Pesada"
"456267","Acessórios para Veículos","Acessórios de Linha Pesada"
"456261","Acessórios para Veículos","Acessórios de Linha Pesada"
"437822","Acessórios para Veículos","Acessórios de Linha Pesada"
"457976","Acessórios para Veículos","Acessórios de Linha Pesada"
"447368","Acessórios para Veículos","Acessórios de Linha Pesada"
"456240","Acessórios para Veículos","Acessórios de Linha Pesada"
"412429","Acessórios para Veículos","Acessórios de Linha Pesada"
"412366","Acessórios para Veículos","Acessórios de Linha Pesada"
"255103","Acessórios para Veículos","Acessórios de Linha Pesada"
"458430","Acessórios para Veículos","Acessórios de Linha Pesada"
"456256","Acessórios para Veículos","Acessórios de Linha Pesada"
"437824","Acessórios para Veículos","Acessórios de Linha Pesada"
"456263","Acessórios para Veículos","Acessórios de Linha Pesada"
"456262","Acessórios para Veículos","Acessórios de Linha Pesada"
"456233","Acessórios para Veículos","Acessórios de Linha Pesada"
"437825","Acessórios para Veículos","Acessórios de Linha Pesada"
"456381","Acessórios para Veículos","Acessórios de Linha Pesada"
"458060","Acessórios para Veículos","Acessórios de Linha Pesada"
"456384","Acessórios para Veículos","Acessórios de Linha Pesada"
"456373","Acessórios para Veículos","Acessórios de Linha Pesada"
"456243","Acessórios para Veículos","Acessórios de Linha Pesada"
"456396","Acessórios para Veículos","Acessórios de Linha Pesada"
"456235","Acessórios para Veículos","Acessórios de Linha Pesada"
"412399","Acessórios para Veículos","Acessórios de Linha Pesada"
"456374","Acessórios para Veículos","Acessórios de Linha Pesada"
"456265","Acessórios para Veículos","Acessórios de Linha Pesada"
"456242","Acessórios para Veículos","Acessórios de Linha Pesada"
"458061","Acessórios para Veículos","Acessórios de Linha Pesada"
"456386","Acessórios para Veículos","Acessórios de Linha Pesada"
"412406","Acessórios para Veículos","Acessórios de Linha Pesada"
"412412","Acessórios para Veículos","Acessórios de Linha Pesada"
"412413","Acessórios para Veículos","Acessórios de Linha Pesada"
"456376","Acessórios para Veículos","Acessórios de Linha Pesada"
"456390","Acessórios para Veículos","Acessórios de Linha Pesada"
"412410","Acessórios para Veículos","Acessórios de Linha Pesada"
"456385","Acessórios para Veículos","Acessórios de Linha Pesada"
"456397","Acessórios para Veículos","Acessórios de Linha Pesada"
"412433","Acessórios para Veículos","Acessórios de Linha Pesada"
"456392","Acessórios para Veículos","Acessórios de Linha Pesada"
"456241","Acessórios para Veículos","Acessórios de Linha Pesada"
"456260","Acessórios para Veículos","Acessórios de Linha Pesada"
"456268","Acessórios para Veículos","Acessórios de Linha Pesada"
"456246","Acessórios para Veículos","Acessórios de Linha Pesada"
"412434","Acessórios para Veículos","Acessórios de Linha Pesada"
"455414","Games","Acessórios para Consoles"
"58421","Games","Acessórios para Consoles"
"268334","Games","Acessórios para Consoles"
"73894","Games","Acessórios para Consoles"
"73866","Games","Acessórios para Consoles"
"72898","Games","Acessórios para Consoles"
"277702","Games","Acessórios para Consoles"
"10132","Games","Acessórios para Consoles"
"11180","Games","Acessórios para Consoles"
"271189","Games","Acessórios para Consoles"
"272104","Games","Acessórios para Consoles"
"414214","Games","Acessórios para Consoles"
"271190","Games","Acessórios para Consoles"
"432326","Games","Acessórios para Consoles"
"11175","Games","Acessórios para Consoles"
"74095","Games","Acessórios para Consoles"
"74233","Games","Acessórios para Consoles"
"272093","Games","Acessórios para Consoles"
"43646","Games","Acessórios para Consoles"
"58405","Games","Acessórios para Consoles"
"58433","Games","Acessórios para Consoles"
"439552","Games","Acessórios para Consoles"
"271921","Games","Acessórios para Consoles"
"118901","Games","Acessórios para Consoles"
"271449","Games","Acessórios para Consoles"
"58440","Games","Acessórios para Consoles"
"43647","Games","Acessórios para Consoles"
"74096","Games","Acessórios para Consoles"
"439968","Games","Acessórios para Consoles"
"73850","Games","Acessórios para Consoles"
"86137","Games","Acessórios para Consoles"
"434382","Games","Acessórios para Consoles"
"58426","Games","Acessórios para Consoles"
"272102","Games","Acessórios para Consoles"
"58378","Games","Acessórios para Consoles"
"5187","Games","Acessórios para Consoles"
"455248","Games","Acessórios para Consoles"
"87310","Games","Acessórios para Consoles"
"439539","Games","Acessórios para Consoles"
"87323","Games","Acessórios para Consoles"
"438751","Games","Acessórios para Consoles"
"439730","Games","Acessórios para Consoles"
"277683","Games","Acessórios para Consoles"
"434363","Games","Acessórios para Consoles"
"90458","Games","Acessórios para Consoles"
"95227","Games","Acessórios para Consoles"
"43649","Games","Acessórios para Consoles"
"129766","Games","Acessórios para Consoles"
"439601","Games","Acessórios para Consoles"
"11196","Games","Acessórios para Consoles"
"87319","Games","Acessórios para Consoles"
"74078","Games","Acessórios para Consoles"
"129685","Games","Acessórios para Consoles"
"73841","Games","Acessórios para Consoles"
"439541","Games","Acessórios para Consoles"
"127876","Games","Acessórios para Consoles"
"43650","Games","Acessórios para Consoles"
"420728","Games","Acessórios para Consoles"
"272187","Games","Acessórios para Consoles"
"439731","Games","Acessórios para Consoles"
"439966","Games","Acessórios para Consoles"
"439751","Games","Acessórios para Consoles"
"74092","Games","Acessórios para Consoles"
"268332","Games","Acessórios para Consoles"
"58420","Games","Acessórios para Consoles"
"455269","Games","Acessórios para Consoles"
"74086","Games","Acessórios para Consoles"
"90446","Games","Acessórios para Consoles"
"58419","Games","Acessórios para Consoles"
"87318","Games","Acessórios para Consoles"
"43195","Games","Acessórios para Consoles"
"420729","Games","Acessórios para Consoles"
"272002","Games","Acessórios para Consoles"
"72904","Games","Acessórios para Consoles"
"58415","Games","Acessórios para Consoles"
"277378","Games","Acessórios para Consoles"
"439965","Games","Acessórios para Consoles"
"39342","Games","Acessórios para Consoles"
"10133","Games","Acessórios para Consoles"
"73847","Games","Acessórios para Consoles"
"58407","Games","Acessórios para Consoles"
"277785","Games","Acessórios para Consoles"
"39314","Games","Acessórios para Consoles"
"455264","Games","Acessórios para Consoles"
"439969","Games","Acessórios para Consoles"
"431479","Games","Acessórios para Consoles"
"455266","Games","Acessórios para Consoles"
"414210","Games","Acessórios para Consoles"
"129769","Games","Acessórios para Consoles"
"74097","Games","Acessórios para Consoles"
"439967","Games","Acessórios para Consoles"
"73852","Games","Acessórios para Consoles"
"421101","Games","Acessórios para Consoles"
"420915","Games","Acessórios para Consoles"
"129725","Games","Acessórios para Consoles"
"87314","Games","Acessórios para Consoles"
"73846","Games","Acessórios para Consoles"
"455247","Games","Acessórios para Consoles"
"455270","Games","Acessórios para Consoles"
"58422","Games","Acessórios para Consoles"
"414209","Games","Acessórios para Consoles"
"74089","Games","Acessórios para Consoles"
"429575","Games","Acessórios para Consoles"
"270487","Games","Acessórios para Consoles"
"58430","Games","Acessórios para Consoles"
"439676","Games","Acessórios para Consoles"
"439073","Games","Acessórios para Consoles"
"277685","Games","Acessórios para Consoles"
"272111","Games","Acessórios para Consoles"
"73872","Games","Acessórios para Consoles"
"439555","Games","Acessórios para Consoles"
"455267","Games","Acessórios para Consoles"
"73840","Games","Acessórios para Consoles"
"74080","Games","Acessórios para Consoles"
"118905","Games","Acessórios para Consoles"
"86745","Games","Acessórios para Consoles"
"74088","Games","Acessórios para Consoles"
"272113","Games","Acessórios para Consoles"
"455265","Games","Acessórios para Consoles"
"74081","Games","Acessórios para Consoles"
"271448","Games","Acessórios para Consoles"
"277786","Games","Acessórios para Consoles"
"434362","Games","Acessórios para Consoles"
"86734","Games","Acessórios para Consoles"
"272001","Games","Acessórios para Consoles"
"58425","Games","Acessórios para Consoles"
"10018","Games","Acessórios para Consoles"
"73853","Games","Acessórios para Consoles"
"268172","Games","Acessórios para Consoles"
"58437","Games","Acessórios para Consoles"
"72956","Games","Acessórios para Consoles"
"272112","Games","Acessórios para Consoles"
"39325","Games","Acessórios para Consoles"
"74066","Games","Acessórios para Consoles"
"129768","Games","Acessórios para Consoles"
"268173","Games","Acessórios para Consoles"
"87334","Games","Acessórios para Consoles"
"127875","Games","Acessórios para Consoles"
"421287","Games","Acessórios para Consoles"
"272106","Games","Acessórios para Consoles"
"73851","Games","Acessórios para Consoles"
"129726","Games","Acessórios para Consoles"
"87325","Games","Acessórios para Consoles"
"87328","Games","Acessórios para Consoles"
"417719","Games","Acessórios para Consoles"
"39309","Games","Acessórios para Consoles"
"86747","Games","Acessórios para Consoles"
"420721","Games","Acessórios para Consoles"
"58413","Games","Acessórios para Consoles"
"439554","Games","Acessórios para Consoles"
"87309","Games","Acessórios para Consoles"
"455268","Games","Acessórios para Consoles"
"233846","Games","Acessórios para Consoles"
"129761","Games","Acessórios para Consoles"
"434360","Games","Acessórios para Consoles"
"73893","Games","Acessórios para Consoles"
"5189","Games","Acessórios para Consoles"
"58408","Games","Acessórios para Consoles"
"118890","Games","Acessórios para Consoles"
"439059","Games","Acessórios para Consoles"
"58417","Games","Acessórios para Consoles"
"118902","Games","Acessórios para Consoles"
"58439","Games","Acessórios para Consoles"
"74074","Games","Acessórios para Consoles"
"272189","Games","Acessórios para Consoles"
"439970","Games","Acessórios para Consoles"
"10015","Games","Acessórios para Consoles"
"272091","Games","Acessórios para Consoles"
"73892","Games","Acessórios para Consoles"
"233845","Games","Acessórios para Consoles"
"268333","Games","Acessórios para Consoles"
"272103","Games","Acessórios para Consoles"
"272194","Games","Acessórios para Consoles"
"455273","Games","Acessórios para Consoles"
"455415","Games","Acessórios para Consoles"
"87313","Games","Acessórios para Consoles"
"439686","Games","Acessórios para Consoles"
"434365","Games","Acessórios para Consoles"
"74076","Games","Acessórios para Consoles"
"431322","Games","Acessórios para Consoles"
"127877","Games","Acessórios para Consoles"
"58404","Games","Acessórios para Consoles"
"58414","Games","Acessórios para Consoles"
"455413","Games","Acessórios para Consoles"
"58409","Games","Acessórios para Consoles"
"95233","Games","Acessórios para Consoles"
"236060","Games","Acessórios para Consoles"
"272003","Games","Acessórios para Consoles"
"58410","Games","Acessórios para Consoles"
"74079","Games","Acessórios para Consoles"
"418055","Games","Acessórios para Consoles"
"73848","Games","Acessórios para Consoles"
"58438","Games","Acessórios para Consoles"
"74090","Games","Acessórios para Consoles"
"431477","Games","Acessórios para Consoles"
"439071","Games","Acessórios para Consoles"
"87312","Games","Acessórios para Consoles"
"129684","Games","Acessórios para Consoles"
"420727","Games","Acessórios para Consoles"
"277383","Games","Acessórios para Consoles"
"272191","Games","Acessórios para Consoles"
"455274","Games","Acessórios para Consoles"
"58423","Games","Acessórios para Consoles"
"129770","Games","Acessórios para Consoles"
"439673","Games","Acessórios para Consoles"
"272110","Games","Acessórios para Consoles"
"87348","Games","Acessórios para Consoles"
"272188","Games","Acessórios para Consoles"
"87326","Games","Acessórios para Consoles"
"439685","Games","Acessórios para Consoles"
"439684","Games","Acessórios para Consoles"
"439538","Games","Acessórios para Consoles"
"272092","Games","Acessórios para Consoles"
"432409","Games","Acessórios para Consoles"
"43198","Games","Acessórios para Consoles"
"271447","Games","Acessórios para Consoles"
"439674","Games","Acessórios para Consoles"
"5188","Games","Acessórios para Consoles"
"268171","Games","Acessórios para Consoles"
"272192","Games","Acessórios para Consoles"
"439661","Games","Acessórios para Consoles"
"58412","Games","Acessórios para Consoles"
"455246","Games","Acessórios para Consoles"
"74094","Games","Acessórios para Consoles"
"431480","Games","Acessórios para Consoles"
"272004","Games","Acessórios para Consoles"
"58434","Games","Acessórios para Consoles"
"431478","Games","Acessórios para Consoles"
"129771","Games","Acessórios para Consoles"
"430787","Câmeras e Acessórios","Acessórios para Câmeras"
"271702","Câmeras e Acessórios","Acessórios para Câmeras"
"7046","Câmeras e Acessórios","Acessórios para Câmeras"
"270243","Câmeras e Acessórios","Acessórios para Câmeras"
"431309","Câmeras e Acessórios","Acessórios para Câmeras"
"420012","Câmeras e Acessórios","Acessórios para Câmeras"
"3357","Câmeras e Acessórios","Acessórios para Câmeras"
"271861","Câmeras e Acessórios","Acessórios para Câmeras"
"271194","Câmeras e Acessórios","Acessórios para Câmeras"
"278135","Câmeras e Acessórios","Acessórios para Câmeras"
"271110","Câmeras e Acessórios","Acessórios para Câmeras"
"271357","Câmeras e Acessórios","Acessórios para Câmeras"
"38267","Câmeras e Acessórios","Acessórios para Câmeras"
"103464","Câmeras e Acessórios","Acessórios para Câmeras"
"277398","Câmeras e Acessórios","Acessórios para Câmeras"
"252302","Câmeras e Acessórios","Acessórios para Câmeras"
"17697","Câmeras e Acessórios","Acessórios para Câmeras"
"430375","Câmeras e Acessórios","Acessórios para Câmeras"
"38193","Câmeras e Acessórios","Acessórios para Câmeras"
"7051","Câmeras e Acessórios","Acessórios para Câmeras"
"278140","Câmeras e Acessórios","Acessórios para Câmeras"
"430355","Câmeras e Acessórios","Acessórios para Câmeras"
"263458","Câmeras e Acessórios","Acessórios para Câmeras"
"271838","Câmeras e Acessórios","Acessórios para Câmeras"
"50100","Câmeras e Acessórios","Acessórios para Câmeras"
"38190","Câmeras e Acessórios","Acessórios para Câmeras"
"9522","Câmeras e Acessórios","Acessórios para Câmeras"
"277424","Câmeras e Acessórios","Acessórios para Câmeras"
"420019","Câmeras e Acessórios","Acessórios para Câmeras"
"438493","Câmeras e Acessórios","Acessórios para Câmeras"
"277790","Câmeras e Acessórios","Acessórios para Câmeras"
"430372","Câmeras e Acessórios","Acessórios para Câmeras"
"38264","Câmeras e Acessórios","Acessórios para Câmeras"
"432143","Câmeras e Acessórios","Acessórios para Câmeras"
"277335","Câmeras e Acessórios","Acessórios para Câmeras"
"234574","Câmeras e Acessórios","Acessórios para Câmeras"
"277403","Câmeras e Acessórios","Acessórios para Câmeras"
"431284","Câmeras e Acessórios","Acessórios para Câmeras"
"430378","Câmeras e Acessórios","Acessórios para Câmeras"
"277321","Câmeras e Acessórios","Acessórios para Câmeras"
"271543","Câmeras e Acessórios","Acessórios para Câmeras"
"271836","Câmeras e Acessórios","Acessórios para Câmeras"
"271918","Câmeras e Acessórios","Acessórios para Câmeras"
"103465","Câmeras e Acessórios","Acessórios para Câmeras"
"65235","Câmeras e Acessórios","Acessórios para Câmeras"
"269730","Câmeras e Acessórios","Acessórios para Câmeras"
"233527","Câmeras e Acessórios","Acessórios para Câmeras"
"430342","Câmeras e Acessórios","Acessórios para Câmeras"
"264134","Câmeras e Acessórios","Acessórios para Câmeras"
"38192","Câmeras e Acessórios","Acessórios para Câmeras"
"271852","Câmeras e Acessórios","Acessórios para Câmeras"
"454752","Câmeras e Acessórios","Acessórios para Câmeras"
"103461","Câmeras e Acessórios","Acessórios para Câmeras"
"5653","Câmeras e Acessórios","Acessórios para Câmeras"
"38191","Câmeras e Acessórios","Acessórios para Câmeras"
"271703","Câmeras e Acessórios","Acessórios para Câmeras"
"271872","Câmeras e Acessórios","Acessórios para Câmeras"
"233526","Câmeras e Acessórios","Acessórios para Câmeras"
"430469","Câmeras e Acessórios","Acessórios para Câmeras"
"430373","Câmeras e Acessórios","Acessórios para Câmeras"
"4893","Câmeras e Acessórios","Acessórios para Câmeras"
"271704","Câmeras e Acessórios","Acessórios para Câmeras"
"4892","Câmeras e Acessórios","Acessórios para Câmeras"
"430379","Câmeras e Acessórios","Acessórios para Câmeras"
"6925","Mais Categorias","Adultos"
"2796","Mais Categorias","Adultos"
"41924","Mais Categorias","Adultos"
"2784","Mais Categorias","Adultos"
"271597","Mais Categorias","Adultos"
"270248","Mais Categorias","Adultos"
"271569","Mais Categorias","Adultos"
"271752","Mais Categorias","Adultos"
"2785","Mais Categorias","Adultos"
"271849","Mais Categorias","Adultos"
"269771","Mais Categorias","Adultos"
"271191","Mais Categorias","Adultos"
"271203","Mais Categorias","Adultos"
"277439","Mais Categorias","Adultos"
"2799","Mais Categorias","Adultos"
"182101","Mais Categorias","Adultos"
"2793","Mais Categorias","Adultos"
"2752","Mais Categorias","Adultos"
"271750","Mais Categorias","Adultos"
"2817","Mais Categorias","Adultos"
"271625","Mais Categorias","Adultos"
"270337","Mais Categorias","Adultos"
"270060","Mais Categorias","Adultos"
"277722","Mais Categorias","Adultos"
"270255","Mais Categorias","Adultos"
"2770","Mais Categorias","Adultos"
"2797","Mais Categorias","Adultos"
"271536","Mais Categorias","Adultos"
"270247","Mais Categorias","Adultos"
"270931","Mais Categorias","Adultos"
"271634","Mais Categorias","Adultos"
"270259","Mais Categorias","Adultos"
"41923","Mais Categorias","Adultos"
"270535","Mais Categorias","Adultos"
"270343","Mais Categorias","Adultos"
"182099","Mais Categorias","Adultos"
"271629","Mais Categorias","Adultos"
"274906","Mais Categorias","Adultos"
"271605","Mais Categorias","Adultos"
"270246","Mais Categorias","Adultos"
"2781","Mais Categorias","Adultos"
"271748","Mais Categorias","Adultos"
"2789","Mais Categorias","Adultos"
"270334","Mais Categorias","Adultos"
"271714","Mais Categorias","Adultos"
"271787","Mais Categorias","Adultos"
"270282","Mais Categorias","Adultos"
"271609","Mais Categorias","Adultos"
"430724","Mais Categorias","Adultos"
"273470","Mais Categorias","Adultos"
"2788","Mais Categorias","Adultos"
"271731","Mais Categorias","Adultos"
"41910","Mais Categorias","Adultos"
"433524","Mais Categorias","Adultos"
"2795","Mais Categorias","Adultos"
"439767","Antiguidades e Coleções","Antiguidades"
"5476","Antiguidades e Coleções","Antiguidades"
"40289","Antiguidades e Coleções","Antiguidades"
"439757","Antiguidades e Coleções","Antiguidades"
"439462","Antiguidades e Coleções","Antiguidades"
"40199","Antiguidades e Coleções","Antiguidades"
"457247","Antiguidades e Coleções","Antiguidades"
"40204","Antiguidades e Coleções","Antiguidades"
"40206","Antiguidades e Coleções","Antiguidades"
"439763","Antiguidades e Coleções","Antiguidades"
"40208","Antiguidades e Coleções","Antiguidades"
"439764","Antiguidades e Coleções","Antiguidades"
"180312","Antiguidades e Coleções","Antiguidades"
"439433","Antiguidades e Coleções","Antiguidades"
"5477","Antiguidades e Coleções","Antiguidades"
"5463","Antiguidades e Coleções","Antiguidades"
"433776","Antiguidades e Coleções","Antiguidades"
"270516","Antiguidades e Coleções","Antiguidades"
"215037","Antiguidades e Coleções","Antiguidades"
"412655","Antiguidades e Coleções","Antiguidades"
"40337","Antiguidades e Coleções","Antiguidades"
"47581","Antiguidades e Coleções","Antiguidades"
"439765","Antiguidades e Coleções","Antiguidades"
"439756","Antiguidades e Coleções","Antiguidades"
"439774","Antiguidades e Coleções","Antiguidades"
"47606","Antiguidades e Coleções","Antiguidades"
"40287","Antiguidades e Coleções","Antiguidades"
"40286","Antiguidades e Coleções","Antiguidades"
"439758","Antiguidades e Coleções","Antiguidades"
"458010","Antiguidades e Coleções","Antiguidades"
"40205","Antiguidades e Coleções","Antiguidades"
"40171","Antiguidades e Coleções","Antiguidades"
"251478","Antiguidades e Coleções","Antiguidades"
"439753","Antiguidades e Coleções","Antiguidades"
"439771","Antiguidades e Coleções","Antiguidades"
"439770","Antiguidades e Coleções","Antiguidades"
"381963","Antiguidades e Coleções","Antiguidades"
"40288","Antiguidades e Coleções","Antiguidades"
"9164","Antiguidades e Coleções","Antiguidades"
"381966","Antiguidades e Coleções","Antiguidades"
"439755","Antiguidades e Coleções","Antiguidades"
"40238","Antiguidades e Coleções","Antiguidades"
"439769","Antiguidades e Coleções","Antiguidades"
"439461","Antiguidades e Coleções","Antiguidades"
"439768","Antiguidades e Coleções","Antiguidades"
"430717","Antiguidades e Coleções","Antiguidades"
"429166","Antiguidades e Coleções","Antiguidades"
"381964","Antiguidades e Coleções","Antiguidades"
"439773","Antiguidades e Coleções","Antiguidades"
"381960","Antiguidades e Coleções","Antiguidades"
"439766","Antiguidades e Coleções","Antiguidades"
"2317","Antiguidades e Coleções","Antiguidades"
"40272","Antiguidades e Coleções","Antiguidades"
"9179","Antiguidades e Coleções","Antiguidades"
"439760","Antiguidades e Coleções","Antiguidades"
"40330","Antiguidades e Coleções","Antiguidades"
"381961","Antiguidades e Coleções","Antiguidades"
"40336","Antiguidades e Coleções","Antiguidades"
"252552","Antiguidades e Coleções","Antiguidades"
"439759","Antiguidades e Coleções","Antiguidades"
"40226","Antiguidades e Coleções","Antiguidades"
"433123","Antiguidades e Coleções","Antiguidades"
"455095","Eletrodomésticos","Ar e Ventilação"
"455709","Eletrodomésticos","Ar e Ventilação"
"252361","Eletrodomésticos","Ar e Ventilação"
"455099","Eletrodomésticos","Ar e Ventilação"
"455096","Eletrodomésticos","Ar e Ventilação"
"456568","Eletrodomésticos","Ar e Ventilação"
"455725","Eletrodomésticos","Ar e Ventilação"
"438149","Eletrodomésticos","Ar e Ventilação"
"458508","Eletrodomésticos","Ar e Ventilação"
"432418","Eletrodomésticos","Ar e Ventilação"
"432955","Eletrodomésticos","Ar e Ventilação"
"33420","Eletrodomésticos","Ar e Ventilação"
"196072","Eletrodomésticos","Ar e Ventilação"
"455105","Eletrodomésticos","Ar e Ventilação"
"271435","Eletrodomésticos","Ar e Ventilação"
"433261","Eletrodomésticos","Ar e Ventilação"
"455087","Eletrodomésticos","Ar e Ventilação"
"392409","Eletrodomésticos","Ar e Ventilação"
"180081","Eletrodomésticos","Ar e Ventilação"
"429139","Eletrodomésticos","Ar e Ventilação"
"438147","Eletrodomésticos","Ar e Ventilação"
"271408","Eletrodomésticos","Ar e Ventilação"
"1647","Eletrodomésticos","Ar e Ventilação"
"439396","Eletrodomésticos","Ar e Ventilação"
"252383","Eletrodomésticos","Ar e Ventilação"
"252386","Eletrodomésticos","Ar e Ventilação"
"271956","Eletrodomésticos","Ar e Ventilação"
"456569","Eletrodomésticos","Ar e Ventilação"
"455551","Eletrodomésticos","Ar e Ventilação"
"181570","Eletrodomésticos","Ar e Ventilação"
"432421","Eletrodomésticos","Ar e Ventilação"
"72503","Eletrodomésticos","Ar e Ventilação"
"252385","Eletrodomésticos","Ar e Ventilação"
"277364","Eletrodomésticos","Ar e Ventilação"
"455089","Eletrodomésticos","Ar e Ventilação"
"271399","Eletrodomésticos","Ar e Ventilação"
"455088","Eletrodomésticos","Ar e Ventilação"
"455656","Eletrodomésticos","Ar e Ventilação"
"457530","Eletrodomésticos","Ar e Ventilação"
"455085","Eletrodomésticos","Ar e Ventilação"
"455097","Eletrodomésticos","Ar e Ventilação"
"455086","Eletrodomésticos","Ar e Ventilação"
"455707","Eletrodomésticos","Ar e Ventilação"
"271591","Eletrodomésticos","Ar e Ventilação"
"433669","Eletrodomésticos","Ar e Ventilação"
"271401","Eletrodomésticos","Ar e Ventilação"
"433347","Eletrodomésticos","Ar e Ventilação"
"392407","Eletrodomésticos","Ar e Ventilação"
"1646","Eletrodomésticos","Ar e Ventilação"
"429141","Eletrodomésticos","Ar e Ventilação"
"455457","Eletrodomésticos","Ar e Ventilação"
"1645","Eletrodomésticos","Ar e Ventilação"
"455101","Eletrodomésticos","Ar e Ventilação"
"455719","Eletrodomésticos","Ar e Ventilação"
"455685","Eletrodomésticos","Ar e Ventilação"
"455103","Eletrodomésticos","Ar e Ventilação"
"455710","Eletrodomésticos","Ar e Ventilação"
"438148","Eletrodomésticos","Ar e Ventilação"
"429142","Eletrodomésticos","Ar e Ventilação"
"271411","Eletrodomésticos","Ar e Ventilação"
"40190","Arte, Papelaria e Armarinho","Artigos de Armarinho"
"271784","Arte, Papelaria e Armarinho","Artigos de Armarinho"
"271701","Arte, Papelaria e Armarinho","Artigos de Armarinho"
"419782","Arte, Papelaria e Armarinho","Artigos de Armarinho"
"277600","Arte, Papelaria e Armarinho","Artigos de Armarinho"
"270268","Arte, Papelaria e Armarinho","Artigos de Armarinho"
"436819","Arte, Papelaria e Armarinho","Artigos de Armarinho"
"271749","Arte, Papelaria e Armarinho","Artigos de Armarinho"
"437080","Arte, Papelaria e Armarinho","Artigos de Armarinho"
"433011","Arte, Papelaria e Armarinho","Artigos de Armarinho"
"271735","Arte, Papelaria e Armarinho","Artigos de Armarinho"
"277368","Arte, Papelaria e Armarinho","Artigos de Armarinho"
"271471","Arte, Papelaria e Armarinho","Artigos de Armarinho"
"277319","Arte, Papelaria e Armarinho","Artigos de Armarinho"
"270300","Arte, Papelaria e Armarinho","Artigos de Armarinho"
"455695","Arte, Papelaria e Armarinho","Artigos de Armarinho"
"278085","Arte, Papelaria e Armarinho","Artigos de Armarinho"
"277626","Arte, Papelaria e Armarinho","Artigos de Armarinho"
"271733","Arte, Papelaria e Armarinho","Artigos de Armarinho"
"270265","Arte, Papelaria e Armarinho","Artigos de Armarinho"
"271741","Arte, Papelaria e Armarinho","Artigos de Armarinho"
"47592","Arte, Papelaria e Armarinho","Artigos de Armarinho"
"272170","Arte, Papelaria e Armarinho","Artigos de Armarinho"
"271742","Arte, Papelaria e Armarinho","Artigos de Armarinho"
"432150","Arte, Papelaria e Armarinho","Artigos de Armarinho"
"271477","Arte, Papelaria e Armarinho","Artigos de Armarinho"
"271378","Arte, Papelaria e Armarinho","Artigos de Armarinho"
"271601","Arte, Papelaria e Armarinho","Artigos de Armarinho"
"270269","Arte, Papelaria e Armarinho","Artigos de Armarinho"
"271227","Arte, Papelaria e Armarinho","Artigos de Armarinho"
"270270","Arte, Papelaria e Armarinho","Artigos de Armarinho"
"438381","Arte, Papelaria e Armarinho","Artigos de Armarinho"
"439096","Arte, Papelaria e Armarinho","Artigos de Armarinho"
"271729","Arte, Papelaria e Armarinho","Artigos de Armarinho"
"432232","Arte, Papelaria e Armarinho","Artigos de Armarinho"
"277601","Arte, Papelaria e Armarinho","Artigos de Armarinho"
"270271","Arte, Papelaria e Armarinho","Artigos de Armarinho"
"271539","Arte, Papelaria e Armarinho","Artigos de Armarinho"
"277624","Arte, Papelaria e Armarinho","Artigos de Armarinho"
"271302","Arte, Papelaria e Armarinho","Artigos de Armarinho"
"270273","Arte, Papelaria e Armarinho","Artigos de Armarinho"
"277318","Arte, Papelaria e Armarinho","Artigos de Armarinho"
"437081","Arte, Papelaria e Armarinho","Artigos de Armarinho"
"255054","Arte, Papelaria e Armarinho","Artigos de Armarinho"
"270264","Arte, Papelaria e Armarinho","Artigos de Armarinho"
"271300","Arte, Papelaria e Armarinho","Artigos de Armarinho"
"277455","Arte, Papelaria e Armarinho","Artigos de Armarinho"
"432728","Arte, Papelaria e Armarinho","Artigos de Armarinho"
"436813","Arte, Papelaria e Armarinho","Artigos de Armarinho"
"277599","Arte, Papelaria e Armarinho","Artigos de Armarinho"
"277688","Arte, Papelaria e Armarinho","Artigos de Armarinho"
"277701","Arte, Papelaria e Armarinho","Artigos de Armarinho"
"277581","Arte, Papelaria e Armarinho","Artigos de Armarinho"
"432231","Arte, Papelaria e Armarinho","Artigos de Armarinho"
"270272","Arte, Papelaria e Armarinho","Artigos de Armarinho"
"270267","Arte, Papelaria e Armarinho","Artigos de Armarinho"
"438709","Casa, Móveis e Decoração","Banheiros"
"186340","Casa, Móveis e Decoração","Banheiros"
"186372","Casa, Móveis e Decoração","Banheiros"
"278286","Casa, Móveis e Decoração","Banheiros"
"271683","Casa, Móveis e Decoração","Banheiros"
"270479","Casa, Móveis e Decoração","Banheiros"
"277464","Casa, Móveis e Decoração","Banheiros"
"269766","Casa, Móveis e Decoração","Banheiros"
"277458","Casa, Móveis e Decoração","Banheiros"
"186369","Casa, Móveis e Decoração","Banheiros"
"186146","Casa, Móveis e Decoração","Banheiros"
"186351","Casa, Móveis e Decoração","Banheiros"
"271163","Casa, Móveis e Decoração","Banheiros"
"277955","Casa, Móveis e Decoração","Banheiros"
"417766","Casa, Móveis e Decoração","Banheiros"
"270403","Casa, Móveis e Decoração","Banheiros"
"456308","Casa, Móveis e Decoração","Banheiros"
"436148","Casa, Móveis e Decoração","Banheiros"
"269767","Casa, Móveis e Decoração","Banheiros"
"180329","Casa, Móveis e Decoração","Banheiros"
"456491","Casa, Móveis e Decoração","Banheiros"
"269588","Casa, Móveis e Decoração","Banheiros"
"420143","Casa, Móveis e Decoração","Banheiros"
"269734","Casa, Móveis e Decoração","Banheiros"
"270351","Casa, Móveis e Decoração","Banheiros"
"457041","Casa, Móveis e Decoração","Banheiros"
"33422","Casa, Móveis e Decoração","Banheiros"
"186350","Casa, Móveis e Decoração","Banheiros"
"269765","Casa, Móveis e Decoração","Banheiros"
"443825","Casa, Móveis e Decoração","Banheiros"
"412831","Casa, Móveis e Decoração","Banheiros"
"186144","Casa, Móveis e Decoração","Banheiros"
"436147","Casa, Móveis e Decoração","Banheiros"
"186136","Casa, Móveis e Decoração","Banheiros"
"199170","Casa, Móveis e Decoração","Banheiros"
"186371","Casa, Móveis e Decoração","Banheiros"
"430388","Casa, Móveis e Decoração","Banheiros"
"249996","Casa, Móveis e Decoração","Banheiros"
"186148","Casa, Móveis e Decoração","Banheiros"
"420712","Casa, Móveis e Decoração","Banheiros"
"186267","Casa, Móveis e Decoração","Banheiros"
"186152","Casa, Móveis e Decoração","Banheiros"
"428957","Casa, Móveis e Decoração","Banheiros"
"186270","Casa, Móveis e Decoração","Banheiros"
"277353","Casa, Móveis e Decoração","Banheiros"
"186269","Casa, Móveis e Decoração","Banheiros"
"268429","Casa, Móveis e Decoração","Banheiros"
"186347","Casa, Móveis e Decoração","Banheiros"
"429501","Casa, Móveis e Decoração","Banheiros"
"277472","Casa, Móveis e Decoração","Banheiros"
"456309","Casa, Móveis e Decoração","Banheiros"
"264792","Casa, Móveis e Decoração","Banheiros"
"272132","Casa, Móveis e Decoração","Banheiros"
"457929","Casa, Móveis e Decoração","Banheiros"
"270482","Casa, Móveis e Decoração","Banheiros"
"412377","Casa, Móveis e Decoração","Banheiros"
"456042","Casa, Móveis e Decoração","Banheiros"
"186370","Casa, Móveis e Decoração","Banheiros"
"277607","Casa, Móveis e Decoração","Banheiros"
"277570","Casa, Móveis e Decoração","Banheiros"
"412378","Casa, Móveis e Decoração","Banheiros"
"269589","Casa, Móveis e Decoração","Banheiros"
"186368","Casa, Móveis e Decoração","Banheiros"
"412389","Casa, Móveis e Decoração","Banheiros"
"269769","Casa, Móveis e Decoração","Banheiros"
"271697","Casa, Móveis e Decoração","Banheiros"
"5344","Instrumentos Musicais","Baterias e Percussão"
"420710","Instrumentos Musicais","Baterias e Percussão"
"429158","Instrumentos Musicais","Baterias e Percussão"
"269678","Instrumentos Musicais","Baterias e Percussão"
"5354","Instrumentos Musicais","Baterias e Percussão"
"429156","Instrumentos Musicais","Baterias e Percussão"
"29276","Instrumentos Musicais","Baterias e Percussão"
"271133","Instrumentos Musicais","Baterias e Percussão"
"271157","Instrumentos Musicais","Baterias e Percussão"
"270077","Instrumentos Musicais","Baterias e Percussão"
"271221","Instrumentos Musicais","Baterias e Percussão"
"271072","Instrumentos Musicais","Baterias e Percussão"
"271200","Instrumentos Musicais","Baterias e Percussão"
"408036","Instrumentos Musicais","Baterias e Percussão"
"429603","Instrumentos Musicais","Baterias e Percussão"
"271127","Instrumentos Musicais","Baterias e Percussão"
"429157","Instrumentos Musicais","Baterias e Percussão"
"9678","Instrumentos Musicais","Baterias e Percussão"
"45629","Instrumentos Musicais","Baterias e Percussão"
"6813","Instrumentos Musicais","Baterias e Percussão"
"29325","Instrumentos Musicais","Baterias e Percussão"
"29319","Instrumentos Musicais","Baterias e Percussão"
"45628","Instrumentos Musicais","Baterias e Percussão"
"278278","Instrumentos Musicais","Baterias e Percussão"
"269729","Instrumentos Musicais","Baterias e Percussão"
"271116","Instrumentos Musicais","Baterias e Percussão"
"9695","Instrumentos Musicais","Baterias e Percussão"
"271170","Instrumentos Musicais","Baterias e Percussão"
"278258","Instrumentos Musicais","Baterias e Percussão"
"29333","Instrumentos Musicais","Baterias e Percussão"
"434820","Instrumentos Musicais","Baterias e Percussão"
"458206","Instrumentos Musicais","Baterias e Percussão"
"4454","Instrumentos Musicais","Baterias e Percussão"
"29291","Instrumentos Musicais","Baterias e Percussão"
"269677","Instrumentos Musicais","Baterias e Percussão"
"271056","Instrumentos Musicais","Baterias e Percussão"
"429187","Instrumentos Musicais","Baterias e Percussão"
"458022","Instrumentos Musicais","Baterias e Percussão"
"458009","Instrumentos Musicais","Baterias e Percussão"
"271137","Instrumentos Musicais","Baterias e Percussão"
"29322","Instrumentos Musicais","Baterias e Percussão"
"271118","Instrumentos Musicais","Baterias e Percussão"
"278106","Instrumentos Musicais","Baterias e Percussão"
"278250","Instrumentos Musicais","Baterias e Percussão"
"9699","Instrumentos Musicais","Baterias e Percussão"
"418062","Instrumentos Musicais","Baterias e Percussão"
"29321","Instrumentos Musicais","Baterias e Percussão"
"29320","Instrumentos Musicais","Baterias e Percussão"
"439314","Instrumentos Musicais","Baterias e Percussão"
"202159","Esportes e Fitness","Camping, Caça e Pesca"
"80327","Esportes e Fitness","Camping, Caça e Pesca"
"439181","Esportes e Fitness","Camping, Caça e Pesca"
"199169","Esportes e Fitness","Camping, Caça e Pesca"
"67511","Esportes e Fitness","Camping, Caça e Pesca"
"123901","Esportes e Fitness","Camping, Caça e Pesca"
"123524","Esportes e Fitness","Camping, Caça e Pesca"
"18272","Esportes e Fitness","Camping, Caça e Pesca"
"3897","Esportes e Fitness","Camping, Caça e Pesca"
"9904","Esportes e Fitness","Camping, Caça e Pesca"
"278273","Esportes e Fitness","Camping, Caça e Pesca"
"3738","Esportes e Fitness","Camping, Caça e Pesca"
"277965","Esportes e Fitness","Camping, Caça e Pesca"
"123522","Esportes e Fitness","Camping, Caça e Pesca"
"123903","Esportes e Fitness","Camping, Caça e Pesca"
"33388","Esportes e Fitness","Camping, Caça e Pesca"
"199550","Esportes e Fitness","Camping, Caça e Pesca"
"271581","Esportes e Fitness","Camping, Caça e Pesca"
"199188","Esportes e Fitness","Camping, Caça e Pesca"
"277645","Esportes e Fitness","Camping, Caça e Pesca"
"432994","Esportes e Fitness","Camping, Caça e Pesca"
"67888","Esportes e Fitness","Camping, Caça e Pesca"
"3894","Esportes e Fitness","Camping, Caça e Pesca"
"123923","Esportes e Fitness","Camping, Caça e Pesca"
"438206","Esportes e Fitness","Camping, Caça e Pesca"
"252553","Esportes e Fitness","Camping, Caça e Pesca"
"199558","Esportes e Fitness","Camping, Caça e Pesca"
"80316","Esportes e Fitness","Camping, Caça e Pesca"
"123899","Esportes e Fitness","Camping, Caça e Pesca"
"263764","Esportes e Fitness","Camping, Caça e Pesca"
"200342","Esportes e Fitness","Camping, Caça e Pesca"
"432098","Esportes e Fitness","Camping, Caça e Pesca"
"123531","Esportes e Fitness","Camping, Caça e Pesca"
"3895","Esportes e Fitness","Camping, Caça e Pesca"
"39133","Esportes e Fitness","Camping, Caça e Pesca"
"18372","Esportes e Fitness","Camping, Caça e Pesca"
"123895","Esportes e Fitness","Camping, Caça e Pesca"
"271757","Esportes e Fitness","Camping, Caça e Pesca"
"123890","Esportes e Fitness","Camping, Caça e Pesca"
"277964","Esportes e Fitness","Camping, Caça e Pesca"
"202171","Esportes e Fitness","Camping, Caça e Pesca"
"457377","Esportes e Fitness","Camping, Caça e Pesca"
"278168","Esportes e Fitness","Camping, Caça e Pesca"
"271385","Esportes e Fitness","Camping, Caça e Pesca"
"123893","Esportes e Fitness","Camping, Caça e Pesca"
"123904","Esportes e Fitness","Camping, Caça e Pesca"
"439183","Esportes e Fitness","Camping, Caça e Pesca"
"7323","Esportes e Fitness","Camping, Caça e Pesca"
"457030","Esportes e Fitness","Camping, Caça e Pesca"
"3898","Esportes e Fitness","Camping, Caça e Pesca"
"6040","Esportes e Fitness","Camping, Caça e Pesca"
"4216","Esportes e Fitness","Camping, Caça e Pesca"
"271135","Esportes e Fitness","Camping, Caça e Pesca"
"432739","Esportes e Fitness","Camping, Caça e Pesca"
"123898","Esportes e Fitness","Camping, Caça e Pesca"
"439180","Esportes e Fitness","Camping, Caça e Pesca"
"421300","Esportes e Fitness","Camping, Caça e Pesca"
"277644","Esportes e Fitness","Camping, Caça e Pesca"
"278237","Esportes e Fitness","Camping, Caça e Pesca"
"9881","Esportes e Fitness","Camping, Caça e Pesca"
"123891","Esportes e Fitness","Camping, Caça e Pesca"
"412088","Esportes e Fitness","Camping, Caça e Pesca"
"421301","Esportes e Fitness","Camping, Caça e Pesca"
"9877","Esportes e Fitness","Camping, Caça e Pesca"
"80339","Esportes e Fitness","Camping, Caça e Pesca"
"123894","Esportes e Fitness","Camping, Caça e Pesca"
"438204","Esportes e Fitness","Camping, Caça e Pesca"
"432983","Esportes e Fitness","Camping, Caça e Pesca"
"123900","Esportes e Fitness","Camping, Caça e Pesca"
"80338","Esportes e Fitness","Camping, Caça e Pesca"
"123892","Esportes e Fitness","Camping, Caça e Pesca"
"18277","Esportes e Fitness","Camping, Caça e Pesca"
"80319","Esportes e Fitness","Camping, Caça e Pesca"
"199551","Esportes e Fitness","Camping, Caça e Pesca"
"123848","Esportes e Fitness","Camping, Caça e Pesca"
"271717","Esportes e Fitness","Camping, Caça e Pesca"
"3896","Esportes e Fitness","Camping, Caça e Pesca"
"439182","Esportes e Fitness","Camping, Caça e Pesca"
"440499","Esportes e Fitness","Camping, Caça e Pesca"
"12549","Esportes e Fitness","Camping, Caça e Pesca"
"439179","Esportes e Fitness","Camping, Caça e Pesca"
"271422","Esportes e Fitness","Camping, Caça e Pesca"
"430264","Esportes e Fitness","Camping, Caça e Pesca"
"48183","Esportes e Fitness","Camping, Caça e Pesca"
"1884","Esportes e Fitness","Camping, Caça e Pesca"
"432053","Esportes e Fitness","Camping, Caça e Pesca"
"123525","Esportes e Fitness","Camping, Caça e Pesca"
"439184","Esportes e Fitness","Camping, Caça e Pesca"
"39510","Esportes e Fitness","Camping, Caça e Pesca"
"270935","Esportes e Fitness","Ciclismo"
"122138","Esportes e Fitness","Ciclismo"
"122141","Esportes e Fitness","Ciclismo"
"122156","Esportes e Fitness","Ciclismo"
"122177","Esportes e Fitness","Ciclismo"
"180269","Esportes e Fitness","Ciclismo"
"278241","Esportes e Fitness","Ciclismo"
"67966","Esportes e Fitness","Ciclismo"
"277787","Esportes e Fitness","Ciclismo"
"439159","Esportes e Fitness","Ciclismo"
"12361","Esportes e Fitness","Ciclismo"
"277339","Esportes e Fitness","Ciclismo"
"122150","Esportes e Fitness","Ciclismo"
"9906","Esportes e Fitness","Ciclismo"
"122154","Esportes e Fitness","Ciclismo"
"9766","Esportes e Fitness","Ciclismo"
"67814","Esportes e Fitness","Ciclismo"
"68509","Esportes e Fitness","Ciclismo"
"12375","Esportes e Fitness","Ciclismo"
"122132","Esportes e Fitness","Ciclismo"
"9905","Esportes e Fitness","Ciclismo"
"371422","Esportes e Fitness","Ciclismo"
"122160","Esportes e Fitness","Ciclismo"
"270908","Esportes e Fitness","Ciclismo"
"122855","Esportes e Fitness","Ciclismo"
"420432","Esportes e Fitness","Ciclismo"
"9891","Esportes e Fitness","Ciclismo"
"122133","Esportes e Fitness","Ciclismo"
"122166","Esportes e Fitness","Ciclismo"
"122137","Esportes e Fitness","Ciclismo"
"277703","Esportes e Fitness","Ciclismo"
"429723","Esportes e Fitness","Ciclismo"
"122136","Esportes e Fitness","Ciclismo"
"371408","Esportes e Fitness","Ciclismo"
"277317","Esportes e Fitness","Ciclismo"
"48170","Esportes e Fitness","Ciclismo"
"429490","Esportes e Fitness","Ciclismo"
"122158","Esportes e Fitness","Ciclismo"
"371421","Esportes e Fitness","Ciclismo"
"458283","Esportes e Fitness","Ciclismo"
"9887","Esportes e Fitness","Ciclismo"
"122182","Esportes e Fitness","Ciclismo"
"458282","Esportes e Fitness","Ciclismo"
"48191","Esportes e Fitness","Ciclismo"
"122191","Esportes e Fitness","Ciclismo"
"277327","Esportes e Fitness","Ciclismo"
"122148","Esportes e Fitness","Ciclismo"
"458165","Esportes e Fitness","Ciclismo"
"122190","Esportes e Fitness","Ciclismo"
"271074","Esportes e Fitness","Ciclismo"
"122194","Esportes e Fitness","Ciclismo"
"122186","Esportes e Fitness","Ciclismo"
"122170","Esportes e Fitness","Ciclismo"
"277708","Esportes e Fitness","Ciclismo"
"270905","Esportes e Fitness","Ciclismo"
"122188","Esportes e Fitness","Ciclismo"
"122184","Esportes e Fitness","Ciclismo"
"371947","Esportes e Fitness","Ciclismo"
"277789","Esportes e Fitness","Ciclismo"
"67800","Esportes e Fitness","Ciclismo"
"12380","Esportes e Fitness","Ciclismo"
"429721","Esportes e Fitness","Ciclismo"
"122134","Esportes e Fitness","Ciclismo"
"122187","Esportes e Fitness","Ciclismo"
"10522","Esportes e Fitness","Ciclismo"
"1936","Esportes e Fitness","Ciclismo"
"122185","Esportes e Fitness","Ciclismo"
"122149","Esportes e Fitness","Ciclismo"
"12526","Esportes e Fitness","Ciclismo"
"277465","Esportes e Fitness","Ciclismo"
"48171","Esportes e Fitness","Ciclismo"
"12536","Esportes e Fitness","Ciclismo"
"371935","Esportes e Fitness","Ciclismo"
"122147","Esportes e Fitness","Ciclismo"
"9908","Esportes e Fitness","Ciclismo"
"122153","Esportes e Fitness","Ciclismo"
"122175","Esportes e Fitness","Ciclismo"
"122183","Esportes e Fitness","Ciclismo"
"459680","Esportes e Fitness","Ciclismo"
"122151","Esportes e Fitness","Ciclismo"
"420386","Esportes e Fitness","Ciclismo"
"122146","Esportes e Fitness","Ciclismo"
"9907","Esportes e Fitness","Ciclismo"
"122180","Esportes e Fitness","Ciclismo"
"69695","Esportes e Fitness","Ciclismo"
"9823","Esportes e Fitness","Ciclismo"
"271370","Esportes e Fitness","Ciclismo"
"371945","Esportes e Fitness","Ciclismo"
"371432","Esportes e Fitness","Ciclismo"
"270901","Esportes e Fitness","Ciclismo"
"68292","Esportes e Fitness","Ciclismo"
"277720","Esportes e Fitness","Ciclismo"
"12354","Esportes e Fitness","Ciclismo"
"278054","Esportes e Fitness","Ciclismo"
"213861","Esportes e Fitness","Ciclismo"
"6143","Esportes e Fitness","Ciclismo"
"9882","Esportes e Fitness","Ciclismo"
"180243","Esportes e Fitness","Ciclismo"
"80309","Esportes e Fitness","Ciclismo"
"271058","Esportes e Fitness","Ciclismo"
"371426","Esportes e Fitness","Ciclismo"
"9820","Esportes e Fitness","Ciclismo"
"459353","Esportes e Fitness","Ciclismo"
"435533","Esportes e Fitness","Ciclismo"
"122167","Esportes e Fitness","Ciclismo"
"213860","Esportes e Fitness","Ciclismo"
"270933","Esportes e Fitness","Ciclismo"
"432087","Esportes e Fitness","Ciclismo"
"420395","Esportes e Fitness","Ciclismo"
"459678","Esportes e Fitness","Ciclismo"
"39508","Esportes e Fitness","Ciclismo"
"458166","Esportes e Fitness","Ciclismo"
"270907","Esportes e Fitness","Ciclismo"
"9203","Esportes e Fitness","Ciclismo"
"122173","Esportes e Fitness","Ciclismo"
"202368","Esportes e Fitness","Ciclismo"
"122196","Esportes e Fitness","Ciclismo"
"459613","Esportes e Fitness","Ciclismo"
"122179","Esportes e Fitness","Ciclismo"
"191838","Casa, Móveis e Decoração","Cozinha"
"193423","Casa, Móveis e Decoração","Cozinha"
"9187","Casa, Móveis e Decoração","Cozinha"
"107564","Casa, Móveis e Decoração","Cozinha"
"270079","Casa, Móveis e Decoração","Cozinha"
"455325","Casa, Móveis e Decoração","Cozinha"
"193621","Casa, Móveis e Decoração","Cozinha"
"193633","Casa, Móveis e Decoração","Cozinha"
"455320","Casa, Móveis e Decoração","Cozinha"
"277326","Casa, Móveis e Decoração","Cozinha"
"193813","Casa, Móveis e Decoração","Cozinha"
"456931","Casa, Móveis e Decoração","Cozinha"
"33424","Casa, Móveis e Decoração","Cozinha"
"436279","Casa, Móveis e Decoração","Cozinha"
"251196","Casa, Móveis e Decoração","Cozinha"
"436324","Casa, Móveis e Decoração","Cozinha"
"277331","Casa, Móveis e Decoração","Cozinha"
"271804","Casa, Móveis e Decoração","Cozinha"
"436281","Casa, Móveis e Decoração","Cozinha"
"271451","Casa, Móveis e Decoração","Cozinha"
"271567","Casa, Móveis e Decoração","Cozinha"
"436317","Casa, Móveis e Decoração","Cozinha"
"430485","Casa, Móveis e Decoração","Cozinha"
"429375","Casa, Móveis e Decoração","Cozinha"
"431129","Casa, Móveis e Decoração","Cozinha"
"193528","Casa, Móveis e Decoração","Cozinha"
"277453","Casa, Móveis e Decoração","Cozinha"
"271754","Casa, Móveis e Decoração","Cozinha"
"439164","Casa, Móveis e Decoração","Cozinha"
"107482","Casa, Móveis e Decoração","Cozinha"
"277669","Casa, Móveis e Decoração","Cozinha"
"432257","Casa, Móveis e Decoração","Cozinha"
"193988","Casa, Móveis e Decoração","Cozinha"
"435472","Casa, Móveis e Decoração","Cozinha"
"268437","Casa, Móveis e Decoração","Cozinha"
"277349","Casa, Móveis e Decoração","Cozinha"
"436299","Casa, Móveis e Decoração","Cozinha"
"455606","Casa, Móveis e Decoração","Cozinha"
"277490","Casa, Móveis e Decoração","Cozinha"
"191837","Casa, Móveis e Decoração","Cozinha"
"277678","Casa, Móveis e Decoração","Cozinha"
"436288","Casa, Móveis e Decoração","Cozinha"
"270053","Casa, Móveis e Decoração","Cozinha"
"277908","Casa, Móveis e Decoração","Cozinha"
"271155","Casa, Móveis e Decoração","Cozinha"
"193634","Casa, Móveis e Decoração","Cozinha"
"277356","Casa, Móveis e Decoração","Cozinha"
"194030","Casa, Móveis e Decoração","Cozinha"
"455329","Casa, Móveis e Decoração","Cozinha"
"271800","Casa, Móveis e Decoração","Cozinha"
"277557","Casa, Móveis e Decoração","Cozinha"
"272168","Casa, Móveis e Decoração","Cozinha"
"270190","Casa, Móveis e Decoração","Cozinha"
"270150","Casa, Móveis e Decoração","Cozinha"
"277376","Casa, Móveis e Decoração","Cozinha"
"277448","Casa, Móveis e Decoração","Cozinha"
"107501","Casa, Móveis e Decoração","Cozinha"
"277706","Casa, Móveis e Decoração","Cozinha"
"455538","Casa, Móveis e Decoração","Cozinha"
"270307","Casa, Móveis e Decoração","Cozinha"
"392278","Casa, Móveis e Decoração","Cozinha"
"277675","Casa, Móveis e Decoração","Cozinha"
"193529","Casa, Móveis e Decoração","Cozinha"
"272118","Casa, Móveis e Decoração","Cozinha"
"271427","Casa, Móveis e Decoração","Cozinha"
"455555","Casa, Móveis e Decoração","Cozinha"
"193619","Casa, Móveis e Decoração","Cozinha"
"194033","Casa, Móveis e Decoração","Cozinha"
"271772","Casa, Móveis e Decoração","Cozinha"
"252344","Casa, Móveis e Decoração","Cozinha"
"436311","Casa, Móveis e Decoração","Cozinha"
"271797","Casa, Móveis e Decoração","Cozinha"
"193679","Casa, Móveis e Decoração","Cozinha"
"271587","Casa, Móveis e Decoração","Cozinha"
"455601","Casa, Móveis e Decoração","Cozinha"
"272163","Casa, Móveis e Decoração","Cozinha"
"251508","Casa, Móveis e Decoração","Cozinha"
"193626","Casa, Móveis e Decoração","Cozinha"
"436271","Casa, Móveis e Decoração","Cozinha"
"277324","Casa, Móveis e Decoração","Cozinha"
"271816","Casa, Móveis e Decoração","Cozinha"
"436316","Casa, Móveis e Decoração","Cozinha"
"244658","Casa, Móveis e Decoração","Cozinha"
"430486","Casa, Móveis e Decoração","Cozinha"
"193680","Casa, Móveis e Decoração","Cozinha"
"193518","Casa, Móveis e Decoração","Cozinha"
"193618","Casa, Móveis e Decoração","Cozinha"
"271651","Casa, Móveis e Decoração","Cozinha"
"271600","Casa, Móveis e Decoração","Cozinha"
"277728","Casa, Móveis e Decoração","Cozinha"
"193631","Casa, Móveis e Decoração","Cozinha"
"268472","Casa, Móveis e Decoração","Cozinha"
"436319","Casa, Móveis e Decoração","Cozinha"
"278053","Casa, Móveis e Decoração","Cozinha"
"277436","Casa, Móveis e Decoração","Cozinha"
"418005","Casa, Móveis e Decoração","Cozinha"
"431430","Casa, Móveis e Decoração","Cozinha"
"192762","Casa, Móveis e Decoração","Cozinha"
"433464","Casa, Móveis e Decoração","Cozinha"
"193425","Casa, Móveis e Decoração","Cozinha"
"271159","Casa, Móveis e Decoração","Cozinha"
"417136","Casa, Móveis e Decoração","Cozinha"
"271184","Casa, Móveis e Decoração","Cozinha"
"193681","Casa, Móveis e Decoração","Cozinha"
"272105","Casa, Móveis e Decoração","Cozinha"
"270245","Casa, Móveis e Decoração","Cozinha"
"432057","Casa, Móveis e Decoração","Cozinha"
"457876","Casa, Móveis e Decoração","Cozinha"
"455557","Casa, Móveis e Decoração","Cozinha"
"436325","Casa, Móveis e Decoração","Cozinha"
"457338","Casa, Móveis e Decoração","Cozinha"
"251435","Casa, Móveis e Decoração","Cozinha"
"277336","Casa, Móveis e Decoração","Cozinha"
"1620","Casa, Móveis e Decoração","Cozinha"
"193627","Casa, Móveis e Decoração","Cozinha"
"193616","Casa, Móveis e Decoração","Cozinha"
"455560","Casa, Móveis e Decoração","Cozinha"
"270505","Casa, Móveis e Decoração","Cozinha"
"271786","Casa, Móveis e Decoração","Cozinha"
"244659","Casa, Móveis e Decoração","Cozinha"
"436321","Casa, Móveis e Decoração","Cozinha"
"33423","Casa, Móveis e Decoração","Cozinha"
"271559","Casa, Móveis e Decoração","Cozinha"
"271775","Casa, Móveis e Decoração","Cozinha"
"271782","Casa, Móveis e Decoração","Cozinha"
"194032","Casa, Móveis e Decoração","Cozinha"
"194034","Casa, Móveis e Decoração","Cozinha"
"277449","Casa, Móveis e Decoração","Cozinha"
"277666","Casa, Móveis e Decoração","Cozinha"
"271663","Casa, Móveis e Decoração","Cozinha"
"194031","Casa, Móveis e Decoração","Cozinha"
"193807","Casa, Móveis e Decoração","Cozinha"
"272119","Casa, Móveis e Decoração","Cozinha"
"277420","Casa, Móveis e Decoração","Cozinha"
"251373","Casa, Móveis e Decoração","Cozinha"
"430496","Casa, Móveis e Decoração","Cozinha"
"416648","Casa, Móveis e Decoração","Cozinha"
"455562","Casa, Móveis e Decoração","Cozinha"
"271780","Casa, Móveis e Decoração","Cozinha"
"436307","Casa, Móveis e Decoração","Cozinha"
"277460","Casa, Móveis e Decoração","Cozinha"
"218804","Casa, Móveis e Decoração","Cozinha"
"193526","Casa, Móveis e Decoração","Cozinha"
"455318","Casa, Móveis e Decoração","Cozinha"
"430484","Casa, Móveis e Decoração","Cozinha"
"271801","Casa, Móveis e Decoração","Cozinha"
"277958","Casa, Móveis e Decoração","Cozinha"
"193632","Casa, Móveis e Decoração","Cozinha"
"194029","Casa, Móveis e Decoração","Cozinha"
"271700","Casa, Móveis e Decoração","Cozinha"
"193615","Casa, Móveis e Decoração","Cozinha"
"277576","Casa, Móveis e Decoração","Cozinha"
"455327","Casa, Móveis e Decoração","Cozinha"
"436304","Casa, Móveis e Decoração","Cozinha"
"252393","Casa, Móveis e Decoração","Cozinha"
"33408","Casa, Móveis e Decoração","Cozinha"
"270605","Casa, Móveis e Decoração","Cozinha"
"277517","Casa, Móveis e Decoração","Cozinha"
"277987","Casa, Móveis e Decoração","Cozinha"
"271678","Casa, Móveis e Decoração","Cozinha"
"455316","Casa, Móveis e Decoração","Cozinha"
"270148","Casa, Móveis e Decoração","Cozinha"
"277582","Casa, Móveis e Decoração","Cozinha"
"107479","Casa, Móveis e Decoração","Cozinha"
"451784","Casa, Móveis e Decoração","Cozinha"
"436308","Casa, Móveis e Decoração","Cozinha"
"272136","Casa, Móveis e Decoração","Cozinha"
"436322","Casa, Móveis e Decoração","Cozinha"
"271795","Casa, Móveis e Decoração","Cozinha"
"436297","Casa, Móveis e Decoração","Cozinha"
"439404","Casa, Móveis e Decoração","Cozinha"
"455619","Casa, Móveis e Decoração","Cozinha"
"456760","Casa, Móveis e Decoração","Cozinha"
"271799","Casa, Móveis e Decoração","Cozinha"
"270350","Casa, Móveis e Decoração","Cozinha"
"277340","Casa, Móveis e Decoração","Cozinha"
"271789","Casa, Móveis e Decoração","Cozinha"
"271673","Casa, Móveis e Decoração","Cozinha"
"271607","Casa, Móveis e Decoração","Cozinha"
"107478","Casa, Móveis e Decoração","Cozinha"
"271756","Casa, Móveis e Decoração","Cozinha"
"436326","Casa, Móveis e Decoração","Cozinha"
"277690","Casa, Móveis e Decoração","Cozinha"
"433781","Casa, Móveis e Decoração","Cozinha"
"405225","Casa, Móveis e Decoração","Cozinha"
"272115","Casa, Móveis e Decoração","Cozinha"
"192763","Casa, Móveis e Decoração","Cozinha"
"193525","Casa, Móveis e Decoração","Cozinha"
"193620","Casa, Móveis e Decoração","Cozinha"
"271593","Casa, Móveis e Decoração","Cozinha"
"277357","Casa, Móveis e Decoração","Cozinha"
"270139","Casa, Móveis e Decoração","Cozinha"
"277719","Casa, Móveis e Decoração","Cozinha"
"277695","Casa, Móveis e Decoração","Cozinha"
"430938","Casa, Móveis e Decoração","Cozinha"
"30195","Casa, Móveis e Decoração","Cozinha"
"277961","Casa, Móveis e Decoração","Cozinha"
"18232","Casa, Móveis e Decoração","Cozinha"
"271791","Casa, Móveis e Decoração","Cozinha"
"439402","Casa, Móveis e Decoração","Cozinha"
"392281","Casa, Móveis e Decoração","Cozinha"
"193925","Casa, Móveis e Decoração","Cozinha"
"271592","Casa, Móveis e Decoração","Cozinha"
"271164","Casa, Móveis e Decoração","Cozinha"
"271582","Casa, Móveis e Decoração","Cozinha"
"455322","Casa, Móveis e Decoração","Cozinha"
"455057","Casa, Móveis e Decoração","Cozinha"
"436292","Casa, Móveis e Decoração","Cozinha"
"429385","Casa, Móveis e Decoração","Cozinha"
"271394","Casa, Móveis e Decoração","Cozinha"
"193527","Casa, Móveis e Decoração","Cozinha"
"268438","Casa, Móveis e Decoração","Cozinha"
"436303","Casa, Móveis e Decoração","Cozinha"
"436272","Casa, Móveis e Decoração","Cozinha"
"436320","Casa, Móveis e Decoração","Cozinha"
"193990","Casa, Móveis e Decoração","Cozinha"
"271400","Casa, Móveis e Decoração","Cozinha"
"193523","Casa, Móveis e Decoração","Cozinha"
"418659","Casa, Móveis e Decoração","Cozinha"
"277322","Casa, Móveis e Decoração","Cozinha"
"270610","Casa, Móveis e Decoração","Cozinha"
"9206","Casa, Móveis e Decoração","Cozinha"
"436315","Casa, Móveis e Decoração","Cozinha"
"455586","Casa, Móveis e Decoração","Cozinha"
"455600","Casa, Móveis e Decoração","Cozinha"
"436309","Casa, Móveis e Decoração","Cozinha"
"192369","Casa, Móveis e Decoração","Cozinha"
"436314","Casa, Móveis e Decoração","Cozinha"
"212692","Casa, Móveis e Decoração","Cozinha"
"439403","Casa, Móveis e Decoração","Cozinha"
"33375","Casa, Móveis e Decoração","Cozinha"
"432600","Casa, Móveis e Decoração","Cozinha"
"455556","Casa, Móveis e Decoração","Cozinha"
"107481","Casa, Móveis e Decoração","Cozinha"
"436278","Casa, Móveis e Decoração","Cozinha"
"268551","Casa, Móveis e Decoração","Cozinha"
"271776","Casa, Móveis e Decoração","Cozinha"
"436294","Casa, Móveis e Decoração","Cozinha"
"191458","Casa, Móveis e Decoração","Cuidado da Casa e Lavanderia"
"272180","Casa, Móveis e Decoração","Cuidado da Casa e Lavanderia"
"264052","Casa, Móveis e Decoração","Cuidado da Casa e Lavanderia"
"278183","Casa, Móveis e Decoração","Cuidado da Casa e Lavanderia"
"271919","Casa, Móveis e Decoração","Cuidado da Casa e Lavanderia"
"439139","Casa, Móveis e Decoração","Cuidado da Casa e Lavanderia"
"436113","Casa, Móveis e Decoração","Cuidado da Casa e Lavanderia"
"271452","Casa, Móveis e Decoração","Cuidado da Casa e Lavanderia"
"270046","Casa, Móveis e Decoração","Cuidado da Casa e Lavanderia"
"186659","Casa, Móveis e Decoração","Cuidado da Casa e Lavanderia"
"264061","Casa, Móveis e Decoração","Cuidado da Casa e Lavanderia"
"436139","Casa, Móveis e Decoração","Cuidado da Casa e Lavanderia"
"73072","Casa, Móveis e Decoração","Cuidado da Casa e Lavanderia"
"191461","Casa, Móveis e Decoração","Cuidado da Casa e Lavanderia"
"186658","Casa, Móveis e Decoração","Cuidado da Casa e Lavanderia"
"439122","Casa, Móveis e Decoração","Cuidado da Casa e Lavanderia"
"264060","Casa, Móveis e Decoração","Cuidado da Casa e Lavanderia"
"277432","Casa, Móveis e Decoração","Cuidado da Casa e Lavanderia"
"277483","Casa, Móveis e Decoração","Cuidado da Casa e Lavanderia"
"432229","Casa, Móveis e Decoração","Cuidado da Casa e Lavanderia"
"439142","Casa, Móveis e Decoração","Cuidado da Casa e Lavanderia"
"264064","Casa, Móveis e Decoração","Cuidado da Casa e Lavanderia"
"277487","Casa, Móveis e Decoração","Cuidado da Casa e Lavanderia"
"269686","Casa, Móveis e Decoração","Cuidado da Casa e Lavanderia"
"277526","Casa, Móveis e Decoração","Cuidado da Casa e Lavanderia"
"191464","Casa, Móveis e Decoração","Cuidado da Casa e Lavanderia"
"455400","Casa, Móveis e Decoração","Cuidado da Casa e Lavanderia"
"186656","Casa, Móveis e Decoração","Cuidado da Casa e Lavanderia"
"269513","Casa, Móveis e Decoração","Cuidado da Casa e Lavanderia"
"186657","Casa, Móveis e Decoração","Cuidado da Casa e Lavanderia"
"191463","Casa, Móveis e Decoração","Cuidado da Casa e Lavanderia"
"277422","Casa, Móveis e Decoração","Cuidado da Casa e Lavanderia"
"436132","Casa, Móveis e Decoração","Cuidado da Casa e Lavanderia"
"439134","Casa, Móveis e Decoração","Cuidado da Casa e Lavanderia"
"436105","Casa, Móveis e Decoração","Cuidado da Casa e Lavanderia"
"186660","Casa, Móveis e Decoração","Cuidado da Casa e Lavanderia"
"271057","Casa, Móveis e Decoração","Cuidado da Casa e Lavanderia"
"439146","Casa, Móveis e Decoração","Cuidado da Casa e Lavanderia"
"271388","Casa, Móveis e Decoração","Cuidado da Casa e Lavanderia"
"277565","Casa, Móveis e Decoração","Cuidado da Casa e Lavanderia"
"436101","Casa, Móveis e Decoração","Cuidado da Casa e Lavanderia"
"272145","Casa, Móveis e Decoração","Cuidado da Casa e Lavanderia"
"186661","Casa, Móveis e Decoração","Cuidado da Casa e Lavanderia"
"191462","Casa, Móveis e Decoração","Cuidado da Casa e Lavanderia"
"270906","Casa, Móveis e Decoração","Cuidado da Casa e Lavanderia"
"457614","Casa, Móveis e Decoração","Cuidado da Casa e Lavanderia"
"271687","Casa, Móveis e Decoração","Cuidado da Casa e Lavanderia"
"252555","Casa, Móveis e Decoração","Cuidado da Casa e Lavanderia"
"439144","Casa, Móveis e Decoração","Cuidado da Casa e Lavanderia"
"271161","Casa, Móveis e Decoração","Cuidado da Casa e Lavanderia"
"455561","Casa, Móveis e Decoração","Cuidado da Casa e Lavanderia"
"277691","Casa, Móveis e Decoração","Cuidado da Casa e Lavanderia"
"269712","Casa, Móveis e Decoração","Cuidado da Casa e Lavanderia"
"439143","Casa, Móveis e Decoração","Cuidado da Casa e Lavanderia"
"277923","Casa, Móveis e Decoração","Cuidado da Casa e Lavanderia"
"417852","Casa, Móveis e Decoração","Cuidado da Casa e Lavanderia"
"432230","Casa, Móveis e Decoração","Cuidado da Casa e Lavanderia"
"271224","Casa, Móveis e Decoração","Cuidado da Casa e Lavanderia"
"439133","Casa, Móveis e Decoração","Cuidado da Casa e Lavanderia"
"271639","Casa, Móveis e Decoração","Cuidado da Casa e Lavanderia"
"191465","Casa, Móveis e Decoração","Cuidado da Casa e Lavanderia"
"439131","Casa, Móveis e Decoração","Cuidado da Casa e Lavanderia"
"186655","Casa, Móveis e Decoração","Cuidado da Casa e Lavanderia"
"439138","Casa, Móveis e Decoração","Cuidado da Casa e Lavanderia"
"439141","Casa, Móveis e Decoração","Cuidado da Casa e Lavanderia"
"434460","Casa, Móveis e Decoração","Cuidado da Casa e Lavanderia"
"436131","Casa, Móveis e Decoração","Cuidado da Casa e Lavanderia"
"439145","Casa, Móveis e Decoração","Cuidado da Casa e Lavanderia"
"277358","Casa, Móveis e Decoração","Cuidado da Casa e Lavanderia"
"264062","Casa, Móveis e Decoração","Cuidado da Casa e Lavanderia"
"457998","Casa, Móveis e Decoração","Cuidado da Casa e Lavanderia"
"271576","Casa, Móveis e Decoração","Cuidado da Casa e Lavanderia"
"439132","Casa, Móveis e Decoração","Cuidado da Casa e Lavanderia"
"191460","Casa, Móveis e Decoração","Cuidado da Casa e Lavanderia"
"277989","Casa, Móveis e Decoração","Cuidado da Casa e Lavanderia"
"268446","Casa, Móveis e Decoração","Cuidado da Casa e Lavanderia"
"439137","Casa, Móveis e Decoração","Cuidado da Casa e Lavanderia"
"277485","Casa, Móveis e Decoração","Cuidado da Casa e Lavanderia"
"277652","Casa, Móveis e Decoração","Cuidado da Casa e Lavanderia"
"263865","Casa, Móveis e Decoração","Cuidado da Casa e Lavanderia"
"194058","Casa, Móveis e Decoração","Cuidado da Casa e Lavanderia"
"436138","Casa, Móveis e Decoração","Cuidado da Casa e Lavanderia"
"277837","Casa, Móveis e Decoração","Cuidado da Casa e Lavanderia"
"439135","Casa, Móveis e Decoração","Cuidado da Casa e Lavanderia"
"456984","Saúde","Cuidado da Saúde"
"455042","Saúde","Cuidado da Saúde"
"455442","Saúde","Cuidado da Saúde"
"269516","Saúde","Cuidado da Saúde"
"457893","Saúde","Cuidado da Saúde"
"269515","Saúde","Cuidado da Saúde"
"457821","Saúde","Cuidado da Saúde"
"445788","Saúde","Cuidado da Saúde"
"432657","Saúde","Cuidado da Saúde"
"435543","Saúde","Cuidado da Saúde"
"394064","Saúde","Cuidado da Saúde"
"443598","Saúde","Cuidado da Saúde"
"457891","Saúde","Cuidado da Saúde"
"445792","Saúde","Cuidado da Saúde"
"180293","Saúde","Cuidado da Saúde"
"277835","Saúde","Cuidado da Saúde"
"2792","Saúde","Cuidado da Saúde"
"420673","Saúde","Cuidado da Saúde"
"277673","Saúde","Cuidado da Saúde"
"457814","Saúde","Cuidado da Saúde"
"457813","Saúde","Cuidado da Saúde"
"434749","Saúde","Cuidado da Saúde"
"457816","Saúde","Cuidado da Saúde"
"432533","Saúde","Cuidado da Saúde"
"435256","Saúde","Cuidado da Saúde"
"458019","Saúde","Cuidado da Saúde"
"270671","Saúde","Cuidado da Saúde"
"264318","Saúde","Cuidado da Saúde"
"429549","Saúde","Cuidado da Saúde"
"458774","Saúde","Cuidado da Saúde"
"257281","Saúde","Cuidado da Saúde"
"457812","Saúde","Cuidado da Saúde"
"270275","Saúde","Cuidado da Saúde"
"420671","Saúde","Cuidado da Saúde"
"458509","Saúde","Cuidado da Saúde"
"457818","Saúde","Cuidado da Saúde"
"455048","Saúde","Cuidado da Saúde"
"271063","Saúde","Cuidado da Saúde"
"270873","Saúde","Cuidado da Saúde"
"457822","Saúde","Cuidado da Saúde"
"11617","Saúde","Cuidado da Saúde"
"432534","Saúde","Cuidado da Saúde"
"457817","Saúde","Cuidado da Saúde"
"264199","Saúde","Cuidado da Saúde"
"264193","Saúde","Cuidado da Saúde"
"278173","Saúde","Cuidado da Saúde"
"455821","Saúde","Cuidado da Saúde"
"269517","Saúde","Cuidado da Saúde"
"455795","Saúde","Cuidado da Saúde"
"264004","Saúde","Cuidado da Saúde"
"457819","Saúde","Cuidado da Saúde"
"455050","Saúde","Cuidado da Saúde"
"429064","Saúde","Cuidado da Saúde"
"270181","Saúde","Cuidado da Saúde"
"270521","Saúde","Cuidado da Saúde"
"432658","Saúde","Cuidado da Saúde"
"270938","Saúde","Cuidado da Saúde"
"435255","Saúde","Cuidado da Saúde"
"435065","Saúde","Cuidado da Saúde"
"120425","Saúde","Cuidado da Saúde"
"264194","Saúde","Cuidado da Saúde"
"271620","Saúde","Cuidado da Saúde"
"457824","Saúde","Cuidado da Saúde"
"418193","Saúde","Cuidado da Saúde"
"264197","Saúde","Cuidado da Saúde"
"458018","Saúde","Cuidado da Saúde"
"271578","Saúde","Cuidado da Saúde"
"457931","Saúde","Cuidado da Saúde"
"435057","Saúde","Cuidado da Saúde"
"432660","Saúde","Cuidado da Saúde"
"454768","Saúde","Cuidado da Saúde"
"434750","Saúde","Cuidado da Saúde"
"454754","Saúde","Cuidado da Saúde"
"418278","Saúde","Cuidado da Saúde"
"434748","Saúde","Cuidado da Saúde"
"431598","Saúde","Cuidado da Saúde"
"432586","Saúde","Cuidado da Saúde"
"457820","Saúde","Cuidado da Saúde"
"270913","Saúde","Cuidado da Saúde"
"434747","Saúde","Cuidado da Saúde"
"431939","Pet Shop","Cães"
"178935","Pet Shop","Cães"
"1073","Pet Shop","Cães"
"270111","Pet Shop","Cães"
"271073","Pet Shop","Cães"
"32310","Pet Shop","Cães"
"270533","Pet Shop","Cães"
"417323","Pet Shop","Cães"
"178932","Pet Shop","Cães"
"429334","Pet Shop","Cães"
"178920","Pet Shop","Cães"
"178933","Pet Shop","Cães"
"418051","Pet Shop","Cães"
"370519","Pet Shop","Cães"
"277507","Pet Shop","Cães"
"1077","Pet Shop","Cães"
"178938","Pet Shop","Cães"
"277370","Pet Shop","Cães"
"270134","Pet Shop","Cães"
"85857","Pet Shop","Cães"
"270512","Pet Shop","Cães"
"178925","Pet Shop","Cães"
"431932","Pet Shop","Cães"
"418052","Pet Shop","Cães"
"370607","Pet Shop","Cães"
"458902","Pet Shop","Cães"
"85852","Pet Shop","Cães"
"178936","Pet Shop","Cães"
"270114","Pet Shop","Cães"
"434769","Pet Shop","Cães"
"434768","Pet Shop","Cães"
"418060","Pet Shop","Cães"
"178928","Pet Shop","Cães"
"85849","Pet Shop","Cães"
"277559","Pet Shop","Cães"
"278239","Pet Shop","Cães"
"223363","Pet Shop","Cães"
"270089","Pet Shop","Cães"
"431934","Pet Shop","Cães"
"434761","Pet Shop","Cães"
"178937","Pet Shop","Cães"
"438034","Pet Shop","Cães"
"434778","Pet Shop","Cães"
"277780","Pet Shop","Cães"
"429247","Pet Shop","Cães"
"270115","Pet Shop","Cães"
"178927","Pet Shop","Cães"
"178930","Pet Shop","Cães"
"457152","Pet Shop","Cães"
"277779","Pet Shop","Cães"
"278132","Pet Shop","Cães"
"178931","Pet Shop","Cães"
"32292","Pet Shop","Cães"
"434777","Pet Shop","Cães"
"429136","Pet Shop","Cães"
"85856","Pet Shop","Cães"
"277689","Pet Shop","Cães"
"418325","Pet Shop","Cães"
"270514","Pet Shop","Cães"
"432243","Pet Shop","Cães"
"178929","Pet Shop","Cães"
"32279","Pet Shop","Cães"
"270086","Pet Shop","Cães"
"270085","Pet Shop","Cães"
"178923","Pet Shop","Cães"
"270861","Pet Shop","Cães"
"434765","Pet Shop","Cães"
"418624","Pet Shop","Cães"
"456824","Pet Shop","Cães"
"178926","Pet Shop","Cães"
"278130","Pet Shop","Cães"
"270109","Pet Shop","Cães"
"277595","Pet Shop","Cães"
"178924","Pet Shop","Cães"
"32293","Pet Shop","Cães"
"178921","Pet Shop","Cães"
"269722","Pet Shop","Cães"
"271197","Pet Shop","Cães"
"178919","Pet Shop","Cães"
"270091","Pet Shop","Cães"
"432242","Pet Shop","Cães"
"435477","Construção","Energia"
"49107","Construção","Energia"
"435485","Construção","Energia"
"270071","Construção","Energia"
"371066","Construção","Energia"
"271193","Construção","Energia"
"30208","Construção","Energia"
"455357","Construção","Energia"
"417161","Construção","Energia"
"270558","Construção","Energia"
"63114","Construção","Energia"
"264707","Construção","Energia"
"419004","Construção","Energia"
"30173","Construção","Energia"
"436890","Construção","Energia"
"30197","Construção","Energia"
"30187","Construção","Energia"
"435480","Construção","Energia"
"252525","Construção","Energia"
"269929","Construção","Energia"
"269930","Construção","Energia"
"269931","Construção","Energia"
"236053","Construção","Energia"
"435615","Construção","Energia"
"413560","Construção","Energia"
"435489","Construção","Energia"
"434733","Construção","Energia"
"455739","Construção","Energia"
"455358","Construção","Energia"
"411424","Construção","Energia"
"30171","Construção","Energia"
"435492","Construção","Energia"
"270084","Construção","Energia"
"269928","Construção","Energia"
"435488","Construção","Energia"
"435486","Construção","Energia"
"422401","Construção","Energia"
"435490","Construção","Energia"
"435616","Construção","Energia"
"435484","Construção","Energia"
"433702","Construção","Energia"
"11958","Construção","Energia"
"428997","Construção","Energia"
"420289","Construção","Energia"
"6952","Construção","Energia"
"435483","Construção","Energia"
"455454","Construção","Energia"
"255051","Construção","Energia"
"435479","Construção","Energia"
"435476","Construção","Energia"
"33410","Casa, Móveis e Decoração","Enfeites e Decoração da Casa"
"117804","Casa, Móveis e Decoração","Enfeites e Decoração da Casa"
"260314","Casa, Móveis e Decoração","Enfeites e Decoração da Casa"
"271542","Casa, Móveis e Decoração","Enfeites e Decoração da Casa"
"118033","Casa, Móveis e Decoração","Enfeites e Decoração da Casa"
"429563","Casa, Móveis e Decoração","Enfeites e Decoração da Casa"
"455179","Casa, Móveis e Decoração","Enfeites e Decoração da Casa"
"439452","Casa, Móveis e Decoração","Enfeites e Decoração da Casa"
"455176","Casa, Móveis e Decoração","Enfeites e Decoração da Casa"
"270294","Casa, Móveis e Decoração","Enfeites e Decoração da Casa"
"118031","Casa, Móveis e Decoração","Enfeites e Decoração da Casa"
"186814","Casa, Móveis e Decoração","Enfeites e Decoração da Casa"
"118041","Casa, Móveis e Decoração","Enfeites e Decoração da Casa"
"271414","Casa, Móveis e Decoração","Enfeites e Decoração da Casa"
"456756","Casa, Móveis e Decoração","Enfeites e Decoração da Casa"
"441113","Casa, Móveis e Decoração","Enfeites e Decoração da Casa"
"457302","Casa, Móveis e Decoração","Enfeites e Decoração da Casa"
"117803","Casa, Móveis e Decoração","Enfeites e Decoração da Casa"
"430327","Casa, Móveis e Decoração","Enfeites e Decoração da Casa"
"418306","Casa, Móveis e Decoração","Enfeites e Decoração da Casa"
"31547","Casa, Móveis e Decoração","Enfeites e Decoração da Casa"
"270405","Casa, Móveis e Decoração","Enfeites e Decoração da Casa"
"436141","Casa, Móveis e Decoração","Enfeites e Decoração da Casa"
"117805","Casa, Móveis e Decoração","Enfeites e Decoração da Casa"
"40280","Casa, Móveis e Decoração","Enfeites e Decoração da Casa"
"31548","Casa, Móveis e Decoração","Enfeites e Decoração da Casa"
"428947","Casa, Móveis e Decoração","Enfeites e Decoração da Casa"
"459566","Casa, Móveis e Decoração","Enfeites e Decoração da Casa"
"439453","Casa, Móveis e Decoração","Enfeites e Decoração da Casa"
"189949","Casa, Móveis e Decoração","Enfeites e Decoração da Casa"
"4771","Casa, Móveis e Decoração","Enfeites e Decoração da Casa"
"270249","Casa, Móveis e Decoração","Enfeites e Decoração da Casa"
"277362","Casa, Móveis e Decoração","Enfeites e Decoração da Casa"
"186947","Casa, Móveis e Decoração","Enfeites e Decoração da Casa"
"186938","Casa, Móveis e Decoração","Enfeites e Decoração da Casa"
"271144","Casa, Móveis e Decoração","Enfeites e Decoração da Casa"
"277616","Casa, Móveis e Decoração","Enfeites e Decoração da Casa"
"186809","Casa, Móveis e Decoração","Enfeites e Decoração da Casa"
"438960","Casa, Móveis e Decoração","Enfeites e Decoração da Casa"
"270591","Casa, Móveis e Decoração","Enfeites e Decoração da Casa"
"278192","Casa, Móveis e Decoração","Enfeites e Decoração da Casa"
"186975","Casa, Móveis e Decoração","Enfeites e Decoração da Casa"
"438961","Casa, Móveis e Decoração","Enfeites e Decoração da Casa"
"393370","Casa, Móveis e Decoração","Enfeites e Decoração da Casa"
"117801","Casa, Móveis e Decoração","Enfeites e Decoração da Casa"
"117799","Casa, Móveis e Decoração","Enfeites e Decoração da Casa"
"277548","Casa, Móveis e Decoração","Enfeites e Decoração da Casa"
"430609","Casa, Móveis e Decoração","Enfeites e Decoração da Casa"
"186419","Casa, Móveis e Decoração","Enfeites e Decoração da Casa"
"457907","Casa, Móveis e Decoração","Enfeites e Decoração da Casa"
"430241","Casa, Móveis e Decoração","Enfeites e Decoração da Casa"
"186811","Casa, Móveis e Decoração","Enfeites e Decoração da Casa"
"1634","Casa, Móveis e Decoração","Enfeites e Decoração da Casa"
"439454","Casa, Móveis e Decoração","Enfeites e Decoração da Casa"
"378164","Casa, Móveis e Decoração","Enfeites e Decoração da Casa"
"431220","Casa, Móveis e Decoração","Enfeites e Decoração da Casa"
"31349","Casa, Móveis e Decoração","Enfeites e Decoração da Casa"
"186813","Casa, Móveis e Decoração","Enfeites e Decoração da Casa"
"438959","Casa, Móveis e Decoração","Enfeites e Decoração da Casa"
"277814","Casa, Móveis e Decoração","Enfeites e Decoração da Casa"
"186667","Casa, Móveis e Decoração","Enfeites e Decoração da Casa"
"456755","Casa, Móveis e Decoração","Enfeites e Decoração da Casa"
"428939","Casa, Móveis e Decoração","Enfeites e Decoração da Casa"
"186808","Casa, Móveis e Decoração","Enfeites e Decoração da Casa"
"186421","Casa, Móveis e Decoração","Enfeites e Decoração da Casa"
"433254","Casa, Móveis e Decoração","Enfeites e Decoração da Casa"
"1641","Casa, Móveis e Decoração","Enfeites e Decoração da Casa"
"1637","Casa, Móveis e Decoração","Enfeites e Decoração da Casa"
"271456","Casa, Móveis e Decoração","Enfeites e Decoração da Casa"
"270635","Casa, Móveis e Decoração","Enfeites e Decoração da Casa"
"186408","Casa, Móveis e Decoração","Enfeites e Decoração da Casa"
"33373","Casa, Móveis e Decoração","Enfeites e Decoração da Casa"
"455181","Casa, Móveis e Decoração","Enfeites e Decoração da Casa"
"271280","Casa, Móveis e Decoração","Enfeites e Decoração da Casa"
"457167","Casa, Móveis e Decoração","Enfeites e Decoração da Casa"
"457301","Casa, Móveis e Decoração","Enfeites e Decoração da Casa"
"117806","Casa, Móveis e Decoração","Enfeites e Decoração da Casa"
"436373","Casa, Móveis e Decoração","Enfeites e Decoração da Casa"
"436441","Casa, Móveis e Decoração","Enfeites e Decoração da Casa"
"260313","Casa, Móveis e Decoração","Enfeites e Decoração da Casa"
"186818","Casa, Móveis e Decoração","Enfeites e Decoração da Casa"
"271565","Saúde","Equipamento Médico"
"454808","Indústria e Comércio","Equipamento Médico"
"432550","Saúde","Equipamento Médico"
"454878","Indústria e Comércio","Equipamento Médico"
"454825","Indústria e Comércio","Equipamento Médico"
"433402","Saúde","Equipamento Médico"
"454832","Indústria e Comércio","Equipamento Médico"
"454847","Indústria e Comércio","Equipamento Médico"
"432066","Saúde","Equipamento Médico"
"454887","Indústria e Comércio","Equipamento Médico"
"433622","Saúde","Equipamento Médico"
"431493","Saúde","Equipamento Médico"
"411088","Saúde","Equipamento Médico"
"454880","Indústria e Comércio","Equipamento Médico"
"454817","Indústria e Comércio","Equipamento Médico"
"454822","Indústria e Comércio","Equipamento Médico"
"432937","Saúde","Equipamento Médico"
"277970","Saúde","Equipamento Médico"
"457925","Saúde","Equipamento Médico"
"431114","Saúde","Equipamento Médico"
"457919","Saúde","Equipamento Médico"
"455908","Indústria e Comércio","Equipamento Médico"
"455903","Saúde","Equipamento Médico"
"277968","Saúde","Equipamento Médico"
"270250","Saúde","Equipamento Médico"
"271574","Saúde","Equipamento Médico"
"454836","Indústria e Comércio","Equipamento Médico"
"454821","Indústria e Comércio","Equipamento Médico"
"454814","Indústria e Comércio","Equipamento Médico"
"277746","Indústria e Comércio","Equipamento Médico"
"433026","Saúde","Equipamento Médico"
"70649","Saúde","Equipamento Médico"
"454835","Indústria e Comércio","Equipamento Médico"
"454820","Indústria e Comércio","Equipamento Médico"
"454861","Indústria e Comércio","Equipamento Médico"
"430550","Saúde","Equipamento Médico"
"440155","Saúde","Equipamento Médico"
"430509","Saúde","Equipamento Médico"
"270214","Saúde","Equipamento Médico"
"454893","Indústria e Comércio","Equipamento Médico"
"454818","Indústria e Comércio","Equipamento Médico"
"432628","Saúde","Equipamento Médico"
"270880","Saúde","Equipamento Médico"
"454826","Indústria e Comércio","Equipamento Médico"
"270884","Saúde","Equipamento Médico"
"456365","Indústria e Comércio","Equipamento Médico"
"454869","Indústria e Comércio","Equipamento Médico"
"454856","Indústria e Comércio","Equipamento Médico"
"454830","Indústria e Comércio","Equipamento Médico"
"454853","Indústria e Comércio","Equipamento Médico"
"454827","Indústria e Comércio","Equipamento Médico"
"264195","Saúde","Equipamento Médico"
"454813","Indústria e Comércio","Equipamento Médico"
"455905","Saúde","Equipamento Médico"
"271532","Saúde","Equipamento Médico"
"455897","Saúde","Equipamento Médico"
"457938","Indústria e Comércio","Equipamento Médico"
"273471","Saúde","Equipamento Médico"
"277431","Saúde","Equipamento Médico"
"454894","Saúde","Equipamento Médico"
"435258","Saúde","Equipamento Médico"
"454799","Indústria e Comércio","Equipamento Médico"
"271537","Saúde","Equipamento Médico"
"454831","Indústria e Comércio","Equipamento Médico"
"230597","Saúde","Equipamento Médico"
"264198","Saúde","Equipamento Médico"
"454892","Indústria e Comércio","Equipamento Médico"
"271550","Saúde","Equipamento Médico"
"454862","Indústria e Comércio","Equipamento Médico"
"433100","Saúde","Equipamento Médico"
"454840","Indústria e Comércio","Equipamento Médico"
"454812","Indústria e Comércio","Equipamento Médico"
"454857","Indústria e Comércio","Equipamento Médico"
"454851","Indústria e Comércio","Equipamento Médico"
"271564","Saúde","Equipamento Médico"
"434726","Saúde","Equipamento Médico"
"454807","Indústria e Comércio","Equipamento Médico"
"454834","Indústria e Comércio","Equipamento Médico"
"435077","Saúde","Equipamento Médico"
"454841","Indústria e Comércio","Equipamento Médico"
"454863","Indústria e Comércio","Equipamento Médico"
"278232","Saúde","Equipamento Médico"
"409138","Saúde","Equipamento Médico"
"413970","Saúde","Equipamento Médico"
"454833","Indústria e Comércio","Equipamento Médico"
"264196","Saúde","Equipamento Médico"
"454850","Indústria e Comércio","Equipamento Médico"
"429272","Saúde","Equipamento Médico"
"408127","Saúde","Equipamento Médico"
"277456","Saúde","Equipamento Médico"
"430270","Saúde","Equipamento Médico"
"454871","Indústria e Comércio","Equipamento Médico"
"432721","Saúde","Equipamento Médico"
"454870","Indústria e Comércio","Equipamento Médico"
"454859","Indústria e Comércio","Equipamento Médico"
"454823","Indústria e Comércio","Equipamento Médico"
"271547","Saúde","Equipamento Médico"
"270182","Saúde","Equipamento Médico"
"454803","Indústria e Comércio","Equipamento Médico"
"435384","Saúde","Equipamento Médico"
"433547","Saúde","Equipamento Médico"
"278001","Saúde","Equipamento Médico"
"454811","Indústria e Comércio","Equipamento Médico"
"454810","Indústria e Comércio","Equipamento Médico"
"456363","Saúde","Equipamento Médico"
"277445","Saúde","Equipamento Médico"
"454872","Indústria e Comércio","Equipamento Médico"
"271061","Saúde","Equipamento Médico"
"454884","Indústria e Comércio","Equipamento Médico"
"278165","Saúde","Equipamento Médico"
"440157","Saúde","Equipamento Médico"
"435262","Saúde","Equipamento Médico"
"277681","Saúde","Equipamento Médico"
"454890","Indústria e Comércio","Equipamento Médico"
"454844","Indústria e Comércio","Equipamento Médico"
"429047","Saúde","Equipamento Médico"
"454895","Saúde","Equipamento Médico"
"420200","Saúde","Equipamento Médico"
"432219","Saúde","Equipamento Médico"
"454882","Indústria e Comércio","Equipamento Médico"
"432722","Saúde","Equipamento Médico"
"454865","Indústria e Comércio","Equipamento Médico"
"277696","Saúde","Equipamento Médico"
"429021","Saúde","Equipamento Médico"
"433259","Saúde","Equipamento Médico"
"250291","Saúde","Equipamento Médico"
"204800","Saúde","Equipamento Médico"
"454867","Indústria e Comércio","Equipamento Médico"
"435075","Saúde","Equipamento Médico"
"454802","Indústria e Comércio","Equipamento Médico"
"457937","Saúde","Equipamento Médico"
"278119","Saúde","Equipamento Médico"
"454824","Indústria e Comércio","Equipamento Médico"
"435260","Saúde","Equipamento Médico"
"454888","Indústria e Comércio","Equipamento Médico"
"454866","Indústria e Comércio","Equipamento Médico"
"454846","Indústria e Comércio","Equipamento Médico"
"417994","Saúde","Equipamento Médico"
"454800","Indústria e Comércio","Equipamento Médico"
"123108","Saúde","Equipamento Médico"
"277676","Saúde","Equipamento Médico"
"454864","Indústria e Comércio","Equipamento Médico"
"454815","Indústria e Comércio","Equipamento Médico"
"454839","Indústria e Comércio","Equipamento Médico"
"454816","Indústria e Comércio","Equipamento Médico"
"432553","Saúde","Equipamento Médico"
"457926","Indústria e Comércio","Equipamento Médico"
"277425","Saúde","Equipamento Médico"
"454855","Indústria e Comércio","Equipamento Médico"
"268511","Saúde","Equipamento Médico"
"277442","Saúde","Equipamento Médico"
"454883","Indústria e Comércio","Equipamento Médico"
"435079","Saúde","Equipamento Médico"
"440158","Saúde","Equipamento Médico"
"455901","Indústria e Comércio","Equipamento Médico"
"271824","Indústria e Comércio","Equipamento Médico"
"278019","Saúde","Equipamento Médico"
"271529","Saúde","Equipamento Médico"
"457741","Saúde","Equipamento Médico"
"417910","Saúde","Equipamento Médico"
"454849","Indústria e Comércio","Equipamento Médico"
"454804","Indústria e Comércio","Equipamento Médico"
"454868","Indústria e Comércio","Equipamento Médico"
"457921","Indústria e Comércio","Equipamento Médico"
"271549","Saúde","Equipamento Médico"
"440156","Saúde","Equipamento Médico"
"454860","Indústria e Comércio","Equipamento Médico"
"454842","Indústria e Comércio","Equipamento Médico"
"454889","Indústria e Comércio","Equipamento Médico"
"233847","Saúde","Equipamento Médico"
"454848","Indústria e Comércio","Equipamento Médico"
"271534","Saúde","Equipamento Médico"
"419714","Saúde","Equipamento Médico"
"455907","Indústria e Comércio","Equipamento Médico"
"454852","Indústria e Comércio","Equipamento Médico"
"278293","Indústria e Comércio","Equipamento para Comércios"
"271598","Indústria e Comércio","Equipamento para Comércios"
"264006","Indústria e Comércio","Equipamento para Comércios"
"251159","Indústria e Comércio","Equipamento para Comércios"
"413633","Indústria e Comércio","Equipamento para Comércios"
"278290","Indústria e Comércio","Equipamento para Comércios"
"270937","Indústria e Comércio","Equipamento para Comércios"
"431743","Indústria e Comércio","Equipamento para Comércios"
"278291","Indústria e Comércio","Equipamento para Comércios"
"30176","Indústria e Comércio","Equipamento para Comércios"
"277647","Indústria e Comércio","Equipamento para Comércios"
"30179","Indústria e Comércio","Equipamento para Comércios"
"454937","Indústria e Comércio","Equipamento para Comércios"
"270889","Indústria e Comércio","Equipamento para Comércios"
"277639","Indústria e Comércio","Equipamento para Comércios"
"270690","Indústria e Comércio","Equipamento para Comércios"
"270189","Indústria e Comércio","Equipamento para Comércios"
"277836","Indústria e Comércio","Equipamento para Comércios"
"49104","Indústria e Comércio","Equipamento para Comércios"
"271327","Indústria e Comércio","Equipamento para Comércios"
"30200","Indústria e Comércio","Equipamento para Comércios"
"278289","Indústria e Comércio","Equipamento para Comércios"
"271783","Indústria e Comércio","Equipamento para Comércios"
"455777","Indústria e Comércio","Equipamento para Comércios"
"49103","Indústria e Comércio","Equipamento para Comércios"
"270890","Indústria e Comércio","Equipamento para Comércios"
"456952","Indústria e Comércio","Equipamento para Comércios"
"413566","Indústria e Comércio","Equipamento para Comércios"
"439111","Indústria e Comércio","Equipamento para Comércios"
"30212","Indústria e Comércio","Equipamento para Comércios"
"277951","Indústria e Comércio","Equipamento para Comércios"
"271660","Indústria e Comércio","Equipamento para Comércios"
"277748","Indústria e Comércio","Equipamento para Comércios"
"454939","Indústria e Comércio","Equipamento para Comércios"
"271788","Indústria e Comércio","Equipamento para Comércios"
"388188","Indústria e Comércio","Equipamento para Comércios"
"430641","Indústria e Comércio","Equipamento para Comércios"
"439091","Indústria e Comércio","Equipamento para Comércios"
"431537","Indústria e Comércio","Equipamento para Comércios"
"270936","Indústria e Comércio","Equipamento para Comércios"
"431074","Indústria e Comércio","Equipamento para Comércios"
"439092","Indústria e Comércio","Equipamento para Comércios"
"277390","Indústria e Comércio","Equipamento para Comércios"
"430732","Indústria e Comércio","Equipamento para Comércios"
"270606","Indústria e Comércio","Equipamento para Comércios"
"413568","Indústria e Comércio","Equipamento para Comércios"
"49088","Indústria e Comércio","Equipamento para Comércios"
"5642","Indústria e Comércio","Equipamento para Comércios"
"277566","Indústria e Comércio","Equipamento para Comércios"
"413710","Indústria e Comércio","Equipamento para Comércios"
"271229","Indústria e Comércio","Equipamento para Comércios"
"454935","Indústria e Comércio","Equipamento para Comércios"
"270891","Indústria e Comércio","Equipamento para Comércios"
"270863","Indústria e Comércio","Equipamento para Comércios"
"272142","Indústria e Comércio","Equipamento para Comércios"
"429223","Indústria e Comércio","Equipamento para Comércios"
"455285","Ferramentas","Ferramentas Elétricas"
"457298","Ferramentas","Ferramentas Elétricas"
"120294","Ferramentas","Ferramentas Elétricas"
"48567","Ferramentas","Ferramentas Elétricas"
"458015","Ferramentas","Ferramentas Elétricas"
"443208","Ferramentas","Ferramentas Elétricas"
"31518","Ferramentas","Ferramentas Elétricas"
"455623","Ferramentas","Ferramentas Elétricas"
"188784","Ferramentas","Ferramentas Elétricas"
"278141","Ferramentas","Ferramentas Elétricas"
"188785","Ferramentas","Ferramentas Elétricas"
"443034","Ferramentas","Ferramentas Elétricas"
"48611","Ferramentas","Ferramentas Elétricas"
"30202","Ferramentas","Ferramentas Elétricas"
"430493","Ferramentas","Ferramentas Elétricas"
"371913","Ferramentas","Ferramentas Elétricas"
"263853","Ferramentas","Ferramentas Elétricas"
"188791","Ferramentas","Ferramentas Elétricas"
"189007","Ferramentas","Ferramentas Elétricas"
"443025","Ferramentas","Ferramentas Elétricas"
"264679","Ferramentas","Ferramentas Elétricas"
"188783","Ferramentas","Ferramentas Elétricas"
"271381","Ferramentas","Ferramentas Elétricas"
"371912","Ferramentas","Ferramentas Elétricas"
"455281","Ferramentas","Ferramentas Elétricas"
"456073","Ferramentas","Ferramentas Elétricas"
"455536","Ferramentas","Ferramentas Elétricas"
"9182","Ferramentas","Ferramentas Elétricas"
"269572","Ferramentas","Ferramentas Elétricas"
"455284","Ferramentas","Ferramentas Elétricas"
"189008","Ferramentas","Ferramentas Elétricas"
"457319","Ferramentas","Ferramentas Elétricas"
"431119","Ferramentas","Ferramentas Elétricas"
"457981","Ferramentas","Ferramentas Elétricas"
"264693","Ferramentas","Ferramentas Elétricas"
"433706","Ferramentas","Ferramentas Elétricas"
"188789","Ferramentas","Ferramentas Elétricas"
"443207","Ferramentas","Ferramentas Elétricas"
"431024","Ferramentas","Ferramentas Elétricas"
"188790","Ferramentas","Ferramentas Elétricas"
"271802","Ferramentas","Ferramentas Elétricas"
"455244","Ferramentas","Ferramentas Elétricas"
"269518","Ferramentas","Ferramentas Elétricas"
"9195","Ferramentas","Ferramentas Elétricas"
"261436","Ferramentas","Ferramentas Elétricas"
"33397","Ferramentas","Ferramentas Elétricas"
"33402","Ferramentas","Ferramentas Elétricas"
"455282","Ferramentas","Ferramentas Elétricas"
"271313","Ferramentas","Ferramentas Industriais"
"270697","Ferramentas","Ferramentas Industriais"
"455000","Indústria e Comércio","Ferramentas Industriais"
"271316","Ferramentas","Ferramentas Industriais"
"454951","Ferramentas","Ferramentas Industriais"
"454978","Indústria e Comércio","Ferramentas Industriais"
"455635","Ferramentas","Ferramentas Industriais"
"30192","Ferramentas","Ferramentas Industriais"
"455032","Ferramentas","Ferramentas Industriais"
"455020","Ferramentas","Ferramentas Industriais"
"454985","Indústria e Comércio","Ferramentas Industriais"
"455034","Ferramentas","Ferramentas Industriais"
"270534","Ferramentas","Ferramentas Industriais"
"454792","Indústria e Comércio","Ferramentas Industriais"
"271384","Ferramentas","Ferramentas Industriais"
"277931","Ferramentas","Ferramentas Industriais"
"455023","Ferramentas","Ferramentas Industriais"
"277426","Ferramentas","Ferramentas Industriais"
"277574","Indústria e Comércio","Ferramentas Industriais"
"277365","Indústria e Comércio","Ferramentas Industriais"
"277528","Ferramentas","Ferramentas Industriais"
"271362","Indústria e Comércio","Ferramentas Industriais"
"371983","Ferramentas","Ferramentas Industriais"
"455632","Indústria e Comércio","Ferramentas Industriais"
"454997","Indústria e Comércio","Ferramentas Industriais"
"277518","Indústria e Comércio","Ferramentas Industriais"
"455027","Ferramentas","Ferramentas Industriais"
"454996","Indústria e Comércio","Ferramentas Industriais"
"431054","Ferramentas","Ferramentas Industriais"
"455025","Ferramentas","Ferramentas Industriais"
"277751","Indústria e Comércio","Ferramentas Industriais"
"263530","Ferramentas","Ferramentas Industriais"
"455010","Ferramentas","Ferramentas Industriais"
"30191","Ferramentas","Ferramentas Industriais"
"454977","Indústria e Comércio","Ferramentas Industriais"
"455002","Indústria e Comércio","Ferramentas Industriais"
"455026","Ferramentas","Ferramentas Industriais"
"439519","Ferramentas","Ferramentas Industriais"
"454982","Indústria e Comércio","Ferramentas Industriais"
"455577","Indústria e Comércio","Ferramentas Industriais"
"455028","Ferramentas","Ferramentas Industriais"
"455005","Indústria e Comércio","Ferramentas Industriais"
"455006","Indústria e Comércio","Ferramentas Industriais"
"49070","Ferramentas","Ferramentas Industriais"
"277573","Indústria e Comércio","Ferramentas Industriais"
"455022","Ferramentas","Ferramentas Industriais"
"455036","Ferramentas","Ferramentas Industriais"
"455477","Indústria e Comércio","Ferramentas Industriais"
"455012","Ferramentas","Ferramentas Industriais"
"270661","Ferramentas","Ferramentas Industriais"
"277587","Indústria e Comércio","Ferramentas Industriais"
"433170","Indústria e Comércio","Ferramentas Industriais"
"454788","Indústria e Comércio","Ferramentas Industriais"
"454987","Indústria e Comércio","Ferramentas Industriais"
"430547","Ferramentas","Ferramentas Industriais"
"455030","Ferramentas","Ferramentas Industriais"
"30190","Ferramentas","Ferramentas Industriais"
"277491","Ferramentas","Ferramentas Industriais"
"454972","Indústria e Comércio","Ferramentas Industriais"
"454990","Indústria e Comércio","Ferramentas Industriais"
"455035","Ferramentas","Ferramentas Industriais"
"416826","Ferramentas","Ferramentas Industriais"
"455013","Ferramentas","Ferramentas Industriais"
"277585","Indústria e Comércio","Ferramentas Industriais"
"455453","Indústria e Comércio","Ferramentas Industriais"
"455003","Indústria e Comércio","Ferramentas Industriais"
"455628","Ferramentas","Ferramentas Industriais"
"413211","Indústria e Comércio","Ferramentas Industriais"
"455029","Ferramentas","Ferramentas Industriais"
"454981","Indústria e Comércio","Ferramentas Industriais"
"429062","Ferramentas","Ferramentas Industriais"
"454999","Indústria e Comércio","Ferramentas Industriais"
"455001","Indústria e Comércio","Ferramentas Industriais"
"454946","Ferramentas","Ferramentas Industriais"
"277529","Ferramentas","Ferramentas Industriais"
"455017","Ferramentas","Ferramentas Industriais"
"455011","Ferramentas","Ferramentas Industriais"
"454971","Indústria e Comércio","Ferramentas Industriais"
"277427","Indústria e Comércio","Ferramentas Industriais"
"277752","Indústria e Comércio","Ferramentas Industriais"
"455631","Indústria e Comércio","Ferramentas Industriais"
"180318","Indústria e Comércio","Ferramentas Industriais"
"277684","Ferramentas","Ferramentas Industriais"
"252517","Indústria e Comércio","Ferramentas Industriais"
"371981","Ferramentas","Ferramentas Industriais"
"454956","Ferramentas","Ferramentas Industriais"
"454786","Indústria e Comércio","Ferramentas Industriais"
"270688","Ferramentas","Ferramentas Industriais"
"455638","Indústria e Comércio","Ferramentas Industriais"
"455009","Ferramentas","Ferramentas Industriais"
"454973","Indústria e Comércio","Ferramentas Industriais"
"454991","Indústria e Comércio","Ferramentas Industriais"
"416889","Ferramentas","Ferramentas Industriais"
"269676","Ferramentas","Ferramentas Industriais"
"432841","Indústria e Comércio","Ferramentas Industriais"
"433397","Ferramentas","Ferramentas Industriais"
"277656","Ferramentas","Ferramentas Industriais"
"430668","Indústria e Comércio","Ferramentas Industriais"
"455021","Ferramentas","Ferramentas Industriais"
"277533","Indústria e Comércio","Ferramentas Industriais"
"455474","Ferramentas","Ferramentas Industriais"
"271068","Indústria e Comércio","Ferramentas Industriais"
"49069","Ferramentas","Ferramentas Industriais"
"455004","Indústria e Comércio","Ferramentas Industriais"
"412755","Ferramentas","Ferramentas Industriais"
"455238","Indústria e Comércio","Ferramentas Industriais"
"455016","Ferramentas","Ferramentas Industriais"
"454984","Indústria e Comércio","Ferramentas Industriais"
"277546","Indústria e Comércio","Ferramentas Industriais"
"271315","Ferramentas","Ferramentas Industriais"
"454986","Indústria e Comércio","Ferramentas Industriais"
"455024","Ferramentas","Ferramentas Industriais"
"432137","Indústria e Comércio","Ferramentas Industriais"
"271070","Indústria e Comércio","Ferramentas Industriais"
"454954","Ferramentas","Ferramentas Industriais"
"455463","Indústria e Comércio","Ferramentas Industriais"
"455037","Ferramentas","Ferramentas Industriais"
"455014","Ferramentas","Ferramentas Industriais"
"416974","Indústria e Comércio","Ferramentas Industriais"
"454994","Indústria e Comércio","Ferramentas Industriais"
"454974","Indústria e Comércio","Ferramentas Industriais"
"430758","Indústria e Comércio","Ferramentas Industriais"
"277454","Indústria e Comércio","Ferramentas Industriais"
"455627","Ferramentas","Ferramentas Industriais"
"455019","Ferramentas","Ferramentas Industriais"
"418532","Ferramentas","Ferramentas Industriais"
"271158","Indústria e Comércio","Ferramentas Industriais"
"412666","Ferramentas","Ferramentas Industriais"
"454993","Indústria e Comércio","Ferramentas Industriais"
"454947","Ferramentas","Ferramentas Industriais"
"270698","Ferramentas","Ferramentas Industriais"
"455039","Ferramentas","Ferramentas Industriais"
"455018","Ferramentas","Ferramentas Industriais"
"431058","Indústria e Comércio","Ferramentas Industriais"
"455575","Ferramentas","Ferramentas Industriais"
"271857","Ferramentas","Ferramentas Manuais"
"236049","Ferramentas","Ferramentas Manuais"
"236055","Ferramentas","Ferramentas Manuais"
"418080","Ferramentas","Ferramentas Manuais"
"188432","Ferramentas","Ferramentas Manuais"
"188427","Ferramentas","Ferramentas Manuais"
"9202","Ferramentas","Ferramentas Manuais"
"264713","Ferramentas","Ferramentas Manuais"
"31532","Ferramentas","Ferramentas Manuais"
"271321","Ferramentas","Ferramentas Manuais"
"188661","Ferramentas","Ferramentas Manuais"
"214154","Ferramentas","Ferramentas Manuais"
"270691","Ferramentas","Ferramentas Manuais"
"433066","Ferramentas","Ferramentas Manuais"
"457514","Ferramentas","Ferramentas Manuais"
"257455","Ferramentas","Ferramentas Manuais"
"236052","Ferramentas","Ferramentas Manuais"
"274751","Ferramentas","Ferramentas Manuais"
"455250","Ferramentas","Ferramentas Manuais"
"277421","Ferramentas","Ferramentas Manuais"
"188429","Ferramentas","Ferramentas Manuais"
"188659","Ferramentas","Ferramentas Manuais"
"188430","Ferramentas","Ferramentas Manuais"
"188660","Ferramentas","Ferramentas Manuais"
"218803","Ferramentas","Ferramentas Manuais"
"188422","Ferramentas","Ferramentas Manuais"
"188546","Ferramentas","Ferramentas Manuais"
"188664","Ferramentas","Ferramentas Manuais"
"434723","Ferramentas","Ferramentas Manuais"
"189207","Ferramentas","Ferramentas Manuais"
"277999","Ferramentas","Ferramentas Manuais"
"188423","Ferramentas","Ferramentas Manuais"
"429060","Ferramentas","Ferramentas Manuais"
"188425","Ferramentas","Ferramentas Manuais"
"455253","Ferramentas","Ferramentas Manuais"
"455262","Ferramentas","Ferramentas Manuais"
"188428","Ferramentas","Ferramentas Manuais"
"271790","Ferramentas","Ferramentas Manuais"
"431198","Ferramentas","Ferramentas Manuais"
"263528","Ferramentas","Ferramentas Manuais"
"188547","Ferramentas","Ferramentas Manuais"
"236755","Ferramentas","Ferramentas Manuais"
"455261","Ferramentas","Ferramentas Manuais"
"372032","Ferramentas","Ferramentas Manuais"
"188658","Ferramentas","Ferramentas Manuais"
"199189","Ferramentas","Ferramentas Manuais"
"214153","Ferramentas","Ferramentas Manuais"
"33364","Ferramentas","Ferramentas Manuais"
"433695","Ferramentas","Ferramentas Manuais"
"33405","Ferramentas","Ferramentas Manuais"
"271781","Ferramentas","Ferramentas Manuais"
"33435","Ferramentas","Ferramentas Manuais"
"235594","Ferramentas","Ferramentas Manuais"
"277699","Ferramentas","Ferramentas Manuais"
"270609","Ferramentas","Ferramentas Manuais"
"431102","Ferramentas","Ferramentas Manuais"
"431296","Ferramentas","Ferramentas Manuais"
"270879","Ferramentas","Ferramentas Manuais"
"455595","Ferramentas","Ferramentas Manuais"
"211784","Ferramentas","Ferramentas Manuais"
"188426","Ferramentas","Ferramentas Manuais"
"430445","Ferramentas","Ferramentas Manuais"
"188662","Ferramentas","Ferramentas Manuais"
"236047","Ferramentas","Ferramentas Manuais"
"432211","Ferramentas","Ferramentas Manuais"
"439330","Ferramentas","Ferramentas Manuais"
"188433","Ferramentas","Ferramentas Manuais"
"435545","Ferramentas","Ferramentas Manuais"
"235633","Ferramentas","Ferramentas Manuais"
"457017","Agro","Ferramentas de Trabalho"
"85866","Agro","Ferramentas de Trabalho"
"457886","Agro","Ferramentas de Trabalho"
"457008","Agro","Ferramentas de Trabalho"
"456971","Agro","Ferramentas de Trabalho"
"456975","Agro","Ferramentas de Trabalho"
"457252","Agro","Ferramentas de Trabalho"
"457196","Agro","Ferramentas de Trabalho"
"455919","Agro","Ferramentas de Trabalho"
"457165","Agro","Ferramentas de Trabalho"
"442419","Agro","Ferramentas de Trabalho"
"430231","Agro","Ferramentas de Trabalho"
"457035","Agro","Ferramentas de Trabalho"
"457011","Agro","Ferramentas de Trabalho"
"85858","Agro","Ferramentas de Trabalho"
"456970","Agro","Ferramentas de Trabalho"
"270893","Agro","Ferramentas de Trabalho"
"456965","Agro","Ferramentas de Trabalho"
"457157","Agro","Ferramentas de Trabalho"
"457164","Agro","Ferramentas de Trabalho"
"413182","Agro","Ferramentas de Trabalho"
"457031","Agro","Ferramentas de Trabalho"
"457034","Agro","Ferramentas de Trabalho"
"457153","Agro","Ferramentas de Trabalho"
"442420","Agro","Ferramentas de Trabalho"
"457016","Agro","Ferramentas de Trabalho"
"457003","Agro","Ferramentas de Trabalho"
"457134","Agro","Ferramentas de Trabalho"
"429400","Agro","Ferramentas de Trabalho"
"446794","Agro","Ferramentas de Trabalho"
"456928","Agro","Ferramentas de Trabalho"
"457038","Agro","Ferramentas de Trabalho"
"457118","Agro","Ferramentas de Trabalho"
"457023","Agro","Ferramentas de Trabalho"
"457199","Agro","Ferramentas de Trabalho"
"32288","Agro","Ferramentas de Trabalho"
"457051","Agro","Ferramentas de Trabalho"
"457131","Agro","Ferramentas de Trabalho"
"457015","Agro","Ferramentas de Trabalho"
"457005","Agro","Ferramentas de Trabalho"
"457036","Agro","Ferramentas de Trabalho"
"457091","Agro","Ferramentas de Trabalho"
"457014","Agro","Ferramentas de Trabalho"
"85854","Agro","Ferramentas de Trabalho"
"457006","Agro","Ferramentas de Trabalho"
"457995","Agro","Ferramentas de Trabalho"
"458014","Agro","Ferramentas de Trabalho"
"435052","Agro","Ferramentas de Trabalho"
"456969","Agro","Ferramentas de Trabalho"
"32281","Agro","Ferramentas de Trabalho"
"457020","Agro","Ferramentas de Trabalho"
"457007","Agro","Ferramentas de Trabalho"
"457024","Agro","Ferramentas de Trabalho"
"457033","Agro","Ferramentas de Trabalho"
"457000","Agro","Ferramentas de Trabalho"
"457002","Agro","Ferramentas de Trabalho"
"456976","Agro","Ferramentas de Trabalho"
"457001","Agro","Ferramentas de Trabalho"
"457032","Agro","Ferramentas de Trabalho"
"32289","Agro","Ferramentas de Trabalho"
"457039","Agro","Ferramentas de Trabalho"
"457027","Agro","Ferramentas de Trabalho"
"456930","Agro","Ferramentas de Trabalho"
"85859","Agro","Ferramentas de Trabalho"
"457040","Agro","Ferramentas de Trabalho"
"457021","Agro","Ferramentas de Trabalho"
"457025","Agro","Ferramentas de Trabalho"
"446793","Agro","Ferramentas de Trabalho"
"32298","Agro","Ferramentas de Trabalho"
"457200","Agro","Ferramentas de Trabalho"
"442422","Agro","Ferramentas de Trabalho"
"457028","Agro","Ferramentas de Trabalho"
"414118","Esportes e Fitness","Fitness e Musculação"
"123028","Esportes e Fitness","Fitness e Musculação"
"455892","Esportes e Fitness","Fitness e Musculação"
"198236","Esportes e Fitness","Fitness e Musculação"
"123100","Esportes e Fitness","Fitness e Musculação"
"999193","Esportes e Fitness","Fitness e Musculação"
"198289","Esportes e Fitness","Fitness e Musculação"
"198238","Esportes e Fitness","Fitness e Musculação"
"67492","Esportes e Fitness","Fitness e Musculação"
"12266","Esportes e Fitness","Fitness e Musculação"
"198310","Esportes e Fitness","Fitness e Musculação"
"198288","Esportes e Fitness","Fitness e Musculação"
"3098","Esportes e Fitness","Fitness e Musculação"
"269727","Esportes e Fitness","Fitness e Musculação"
"198247","Esportes e Fitness","Fitness e Musculação"
"196860","Esportes e Fitness","Fitness e Musculação"
"431616","Esportes e Fitness","Fitness e Musculação"
"123073","Esportes e Fitness","Fitness e Musculação"
"438945","Esportes e Fitness","Fitness e Musculação"
"123991","Esportes e Fitness","Fitness e Musculação"
"198309","Esportes e Fitness","Fitness e Musculação"
"278256","Esportes e Fitness","Fitness e Musculação"
"123031","Esportes e Fitness","Fitness e Musculação"
"417821","Esportes e Fitness","Fitness e Musculação"
"123033","Esportes e Fitness","Fitness e Musculação"
"272196","Esportes e Fitness","Fitness e Musculação"
"3095","Esportes e Fitness","Fitness e Musculação"
"272148","Esportes e Fitness","Fitness e Musculação"
"260546","Esportes e Fitness","Fitness e Musculação"
"3725","Esportes e Fitness","Fitness e Musculação"
"123036","Esportes e Fitness","Fitness e Musculação"
"123074","Esportes e Fitness","Fitness e Musculação"
"67501","Esportes e Fitness","Fitness e Musculação"
"429304","Esportes e Fitness","Fitness e Musculação"
"270283","Esportes e Fitness","Fitness e Musculação"
"67502","Esportes e Fitness","Fitness e Musculação"
"455937","Esportes e Fitness","Fitness e Musculação"
"418412","Esportes e Fitness","Fitness e Musculação"
"3096","Esportes e Fitness","Fitness e Musculação"
"438348","Esportes e Fitness","Fitness e Musculação"
"272434","Esportes e Fitness","Fitness e Musculação"
"12535","Esportes e Fitness","Fitness e Musculação"
"123097","Esportes e Fitness","Fitness e Musculação"
"123029","Esportes e Fitness","Fitness e Musculação"
"272152","Esportes e Fitness","Fitness e Musculação"
"180304","Esportes e Fitness","Fitness e Musculação"
"260562","Esportes e Fitness","Fitness e Musculação"
"80293","Esportes e Fitness","Fitness e Musculação"
"272138","Esportes e Fitness","Fitness e Musculação"
"1341","Esportes e Fitness","Fitness e Musculação"
"6042","Esportes e Fitness","Fitness e Musculação"
"271957","Esportes e Fitness","Fitness e Musculação"
"123072","Esportes e Fitness","Fitness e Musculação"
"123098","Esportes e Fitness","Fitness e Musculação"
"270869","Esportes e Fitness","Fitness e Musculação"
"275583","Esportes e Fitness","Fitness e Musculação"
"67487","Esportes e Fitness","Fitness e Musculação"
"198237","Esportes e Fitness","Fitness e Musculação"
"271415","Esportes e Fitness","Fitness e Musculação"
"438919","Esportes e Fitness","Fitness e Musculação"
"12219","Esportes e Fitness","Fitness e Musculação"
"123030","Esportes e Fitness","Fitness e Musculação"
"198246","Esportes e Fitness","Fitness e Musculação"
"277658","Esportes e Fitness","Fitness e Musculação"
"123037","Esportes e Fitness","Fitness e Musculação"
"278234","Esportes e Fitness","Fitness e Musculação"
"197514","Esportes e Fitness","Fitness e Musculação"
"272161","Esportes e Fitness","Fitness e Musculação"
"196977","Esportes e Fitness","Fitness e Musculação"
"123095","Esportes e Fitness","Fitness e Musculação"
"277737","Indústria e Comércio","Gastronomia e Hotelaria"
"277692","Indústria e Comércio","Gastronomia e Hotelaria"
"278269","Indústria e Comércio","Gastronomia e Hotelaria"
"277802","Indústria e Comércio","Gastronomia e Hotelaria"
"454933","Indústria e Comércio","Gastronomia e Hotelaria"
"277338","Indústria e Comércio","Gastronomia e Hotelaria"
"439308","Indústria e Comércio","Gastronomia e Hotelaria"
"404327","Indústria e Comércio","Gastronomia e Hotelaria"
"268447","Indústria e Comércio","Gastronomia e Hotelaria"
"414171","Indústria e Comércio","Gastronomia e Hotelaria"
"270941","Indústria e Comércio","Gastronomia e Hotelaria"
"433006","Indústria e Comércio","Gastronomia e Hotelaria"
"236064","Indústria e Comércio","Gastronomia e Hotelaria"
"417236","Indústria e Comércio","Gastronomia e Hotelaria"
"263763","Indústria e Comércio","Gastronomia e Hotelaria"
"268428","Indústria e Comércio","Gastronomia e Hotelaria"
"277437","Indústria e Comércio","Gastronomia e Hotelaria"
"269579","Indústria e Comércio","Gastronomia e Hotelaria"
"49113","Indústria e Comércio","Gastronomia e Hotelaria"
"438479","Indústria e Comércio","Gastronomia e Hotelaria"
"454923","Indústria e Comércio","Gastronomia e Hotelaria"
"445891","Indústria e Comércio","Gastronomia e Hotelaria"
"272137","Indústria e Comércio","Gastronomia e Hotelaria"
"433611","Indústria e Comércio","Gastronomia e Hotelaria"
"455921","Indústria e Comércio","Gastronomia e Hotelaria"
"236062","Indústria e Comércio","Gastronomia e Hotelaria"
"454921","Indústria e Comércio","Gastronomia e Hotelaria"
"454746","Indústria e Comércio","Gastronomia e Hotelaria"
"268414","Indústria e Comércio","Gastronomia e Hotelaria"
"277416","Indústria e Comércio","Gastronomia e Hotelaria"
"454931","Indústria e Comércio","Gastronomia e Hotelaria"
"277627","Indústria e Comércio","Gastronomia e Hotelaria"
"268451","Indústria e Comércio","Gastronomia e Hotelaria"
"454919","Indústria e Comércio","Gastronomia e Hotelaria"
"424939","Indústria e Comércio","Gastronomia e Hotelaria"
"277704","Indústria e Comércio","Gastronomia e Hotelaria"
"120239","Indústria e Comércio","Gastronomia e Hotelaria"
"194813","Indústria e Comércio","Gastronomia e Hotelaria"
"431937","Indústria e Comércio","Gastronomia e Hotelaria"
"454929","Indústria e Comércio","Gastronomia e Hotelaria"
"277632","Indústria e Comércio","Gastronomia e Hotelaria"
"430328","Indústria e Comércio","Gastronomia e Hotelaria"
"431935","Indústria e Comércio","Gastronomia e Hotelaria"
"277433","Indústria e Comércio","Gastronomia e Hotelaria"
"277392","Indústria e Comércio","Gastronomia e Hotelaria"
"193812","Indústria e Comércio","Gastronomia e Hotelaria"
"418312","Indústria e Comércio","Gastronomia e Hotelaria"
"270087","Indústria e Comércio","Gastronomia e Hotelaria"
"277351","Indústria e Comércio","Gastronomia e Hotelaria"
"277545","Indústria e Comércio","Gastronomia e Hotelaria"
"268473","Indústria e Comércio","Gastronomia e Hotelaria"
"277739","Indústria e Comércio","Gastronomia e Hotelaria"
"277323","Indústria e Comércio","Gastronomia e Hotelaria"
"236071","Indústria e Comércio","Gastronomia e Hotelaria"
"454897","Indústria e Comércio","Gastronomia e Hotelaria"
"277496","Indústria e Comércio","Gastronomia e Hotelaria"
"277609","Indústria e Comércio","Gastronomia e Hotelaria"
"417027","Indústria e Comércio","Gastronomia e Hotelaria"
"454925","Indústria e Comércio","Gastronomia e Hotelaria"
"416881","Indústria e Comércio","Gastronomia e Hotelaria"
"439310","Indústria e Comércio","Gastronomia e Hotelaria"
"418313","Indústria e Comércio","Gastronomia e Hotelaria"
"277447","Indústria e Comércio","Gastronomia e Hotelaria"
"455734","Indústria e Comércio","Gastronomia e Hotelaria"
"236067","Indústria e Comércio","Gastronomia e Hotelaria"
"270353","Indústria e Comércio","Gastronomia e Hotelaria"
"277388","Indústria e Comércio","Gastronomia e Hotelaria"
"432460","Indústria e Comércio","Gastronomia e Hotelaria"
"404329","Indústria e Comércio","Gastronomia e Hotelaria"
"277935","Indústria e Comércio","Gastronomia e Hotelaria"
"278251","Indústria e Comércio","Gastronomia e Hotelaria"
"268475","Indústria e Comércio","Gastronomia e Hotelaria"
"412820","Indústria e Comércio","Gastronomia e Hotelaria"
"417353","Indústria e Comércio","Gastronomia e Hotelaria"
"120238","Indústria e Comércio","Gastronomia e Hotelaria"
"431936","Indústria e Comércio","Gastronomia e Hotelaria"
"441110","Indústria e Comércio","Gastronomia e Hotelaria"
"268416","Indústria e Comércio","Gastronomia e Hotelaria"
"268425","Indústria e Comércio","Gastronomia e Hotelaria"
"431978","Indústria e Comércio","Gastronomia e Hotelaria"
"270860","Indústria e Comércio","Gastronomia e Hotelaria"
"432459","Indústria e Comércio","Gastronomia e Hotelaria"
"268555","Indústria e Comércio","Gastronomia e Hotelaria"
"269715","Indústria e Comércio","Gastronomia e Hotelaria"
"277643","Indústria e Comércio","Gastronomia e Hotelaria"
"49116","Indústria e Comércio","Gastronomia e Hotelaria"
"277489","Indústria e Comércio","Gastronomia e Hotelaria"
"277352","Indústria e Comércio","Gastronomia e Hotelaria"
"417262","Indústria e Comércio","Gastronomia e Hotelaria"
"193614","Indústria e Comércio","Gastronomia e Hotelaria"
"268448","Indústria e Comércio","Gastronomia e Hotelaria"
"268418","Indústria e Comércio","Gastronomia e Hotelaria"
"277614","Indústria e Comércio","Gastronomia e Hotelaria"
"421963","Indústria e Comércio","Gastronomia e Hotelaria"
"270106","Indústria e Comércio","Gastronomia e Hotelaria"
"430467","Indústria e Comércio","Gastronomia e Hotelaria"
"277414","Indústria e Comércio","Gastronomia e Hotelaria"
"270903","Indústria e Comércio","Gastronomia e Hotelaria"
"49092","Indústria e Comércio","Gastronomia e Hotelaria"
"236069","Indústria e Comércio","Gastronomia e Hotelaria"
"277394","Indústria e Comércio","Gastronomia e Hotelaria"
"49105","Indústria e Comércio","Gastronomia e Hotelaria"
"418578","Indústria e Comércio","Gastronomia e Hotelaria"
"271819","Indústria e Comércio","Gastronomia e Hotelaria"
"270911","Beleza e Cuidado Pessoal","Higiene Pessoal"
"199171","Beleza e Cuidado Pessoal","Higiene Pessoal"
"204801","Beleza e Cuidado Pessoal","Higiene Pessoal"
"455778","Beleza e Cuidado Pessoal","Higiene Pessoal"
"264761","Beleza e Cuidado Pessoal","Higiene Pessoal"
"430517","Beleza e Cuidado Pessoal","Higiene Pessoal"
"264763","Beleza e Cuidado Pessoal","Higiene Pessoal"
"264813","Beleza e Cuidado Pessoal","Higiene Pessoal"
"454115","Beleza e Cuidado Pessoal","Higiene Pessoal"
"198314","Beleza e Cuidado Pessoal","Higiene Pessoal"
"199186","Beleza e Cuidado Pessoal","Higiene Pessoal"
"453571","Beleza e Cuidado Pessoal","Higiene Pessoal"
"269673","Beleza e Cuidado Pessoal","Higiene Pessoal"
"271823","Beleza e Cuidado Pessoal","Higiene Pessoal"
"447211","Beleza e Cuidado Pessoal","Higiene Pessoal"
"277510","Beleza e Cuidado Pessoal","Higiene Pessoal"
"432343","Beleza e Cuidado Pessoal","Higiene Pessoal"
"448313","Beleza e Cuidado Pessoal","Higiene Pessoal"
"70646","Beleza e Cuidado Pessoal","Higiene Pessoal"
"457012","Beleza e Cuidado Pessoal","Higiene Pessoal"
"431599","Beleza e Cuidado Pessoal","Higiene Pessoal"
"409333","Beleza e Cuidado Pessoal","Higiene Pessoal"
"202172","Beleza e Cuidado Pessoal","Higiene Pessoal"
"455784","Beleza e Cuidado Pessoal","Higiene Pessoal"
"264757","Beleza e Cuidado Pessoal","Higiene Pessoal"
"277623","Beleza e Cuidado Pessoal","Higiene Pessoal"
"455051","Beleza e Cuidado Pessoal","Higiene Pessoal"
"70647","Beleza e Cuidado Pessoal","Higiene Pessoal"
"264759","Beleza e Cuidado Pessoal","Higiene Pessoal"
"271577","Beleza e Cuidado Pessoal","Higiene Pessoal"
"432344","Beleza e Cuidado Pessoal","Higiene Pessoal"
"455787","Beleza e Cuidado Pessoal","Higiene Pessoal"
"431600","Beleza e Cuidado Pessoal","Higiene Pessoal"
"44379","Beleza e Cuidado Pessoal","Higiene Pessoal"
"416858","Beleza e Cuidado Pessoal","Higiene Pessoal"
"271055","Beleza e Cuidado Pessoal","Higiene Pessoal"
"198501","Beleza e Cuidado Pessoal","Higiene Pessoal"
"457529","Beleza e Cuidado Pessoal","Higiene Pessoal"
"264762","Beleza e Cuidado Pessoal","Higiene Pessoal"
"264758","Beleza e Cuidado Pessoal","Higiene Pessoal"
"430516","Beleza e Cuidado Pessoal","Higiene Pessoal"
"448304","Beleza e Cuidado Pessoal","Higiene Pessoal"
"264765","Beleza e Cuidado Pessoal","Higiene Pessoal"
"416700","Beleza e Cuidado Pessoal","Higiene Pessoal"
"455785","Beleza e Cuidado Pessoal","Higiene Pessoal"
"264760","Beleza e Cuidado Pessoal","Higiene Pessoal"
"277423","Beleza e Cuidado Pessoal","Higiene Pessoal"
"455049","Beleza e Cuidado Pessoal","Higiene Pessoal"
"277909","Beleza e Cuidado Pessoal","Higiene Pessoal"
"198494","Beleza e Cuidado Pessoal","Higiene Pessoal"
"455943","Beleza e Cuidado Pessoal","Higiene Pessoal"
"455043","Beleza e Cuidado Pessoal","Higiene Pessoal"
"264764","Beleza e Cuidado Pessoal","Higiene Pessoal"
"253630","Informática","Impressão"
"271803","Informática","Impressão"
"14908","Informática","Impressão"
"277375","Informática","Impressão"
"270424","Informática","Impressão"
"270428","Informática","Impressão"
"1676","Informática","Impressão"
"455828","Informática","Impressão"
"271817","Informática","Impressão"
"63103","Informática","Impressão"
"270432","Informática","Impressão"
"437474","Informática","Impressão"
"270423","Informática","Impressão"
"432235","Informática","Impressão"
"372145","Informática","Impressão"
"270422","Informática","Impressão"
"270430","Informática","Impressão"
"455824","Informática","Impressão"
"270408","Informática","Impressão"
"271990","Informática","Impressão"
"270904","Informática","Impressão"
"268508","Informática","Impressão"
"9642","Informática","Impressão"
"268507","Informática","Impressão"
"271880","Informática","Impressão"
"5938","Informática","Impressão"
"270433","Informática","Impressão"
"270429","Informática","Impressão"
"277406","Informática","Impressão"
"455829","Informática","Impressão"
"270427","Informática","Impressão"
"268509","Informática","Impressão"
"432669","Informática","Impressão"
"1684","Informática","Impressão"
"277384","Informática","Impressão"
"270435","Informática","Impressão"
"270434","Informática","Impressão"
"3561","Informática","Impressão"
"455820","Informática","Impressão"
"270431","Informática","Impressão"
"269583","Informática","Impressão"
"428986","Informática","Impressão"
"271818","Informática","Impressão"
"432640","Informática","Impressão"
"5931","Informática","Impressão"
"432571","Informática","Impressão"
"438773","Informática","Impressão"
"278156","Informática","Impressão"
"10298","Informática","Impressão"
"270105","Informática","Impressão"
"455826","Informática","Impressão"
"432670","Informática","Impressão"
"277813","Informática","Impressão"
"412728","Informática","Impressão"
"432298","Casa, Móveis e Decoração","Jardim e Ar Livre"
"271323","Casa, Móveis e Decoração","Jardim e Ar Livre"
"455345","Casa, Móveis e Decoração","Jardim e Ar Livre"
"270584","Casa, Móveis e Decoração","Jardim e Ar Livre"
"439053","Casa, Móveis e Decoração","Jardim e Ar Livre"
"277551","Casa, Móveis e Decoração","Jardim e Ar Livre"
"271814","Casa, Móveis e Decoração","Jardim e Ar Livre"
"430227","Casa, Móveis e Decoração","Jardim e Ar Livre"
"455593","Casa, Móveis e Decoração","Jardim e Ar Livre"
"420027","Casa, Móveis e Decoração","Jardim e Ar Livre"
"455384","Casa, Móveis e Decoração","Jardim e Ar Livre"
"270894","Casa, Móveis e Decoração","Jardim e Ar Livre"
"431953","Casa, Móveis e Decoração","Jardim e Ar Livre"
"263730","Casa, Móveis e Decoração","Jardim e Ar Livre"
"189934","Casa, Móveis e Decoração","Jardim e Ar Livre"
"431108","Casa, Móveis e Decoração","Jardim e Ar Livre"
"455840","Casa, Móveis e Decoração","Jardim e Ar Livre"
"189883","Casa, Móveis e Decoração","Jardim e Ar Livre"
"237325","Casa, Móveis e Decoração","Jardim e Ar Livre"
"455838","Casa, Móveis e Decoração","Jardim e Ar Livre"
"271418","Casa, Móveis e Decoração","Jardim e Ar Livre"
"1901","Casa, Móveis e Decoração","Jardim e Ar Livre"
"373470","Casa, Móveis e Decoração","Jardim e Ar Livre"
"433154","Casa, Móveis e Decoração","Jardim e Ar Livre"
"271363","Casa, Móveis e Decoração","Jardim e Ar Livre"
"431283","Casa, Móveis e Decoração","Jardim e Ar Livre"
"189898","Casa, Móveis e Decoração","Jardim e Ar Livre"
"203869","Casa, Móveis e Decoração","Jardim e Ar Livre"
"433598","Casa, Móveis e Decoração","Jardim e Ar Livre"
"435532","Casa, Móveis e Decoração","Jardim e Ar Livre"
"430513","Casa, Móveis e Decoração","Jardim e Ar Livre"
"189924","Casa, Móveis e Decoração","Jardim e Ar Livre"
"455378","Casa, Móveis e Decoração","Jardim e Ar Livre"
"432651","Casa, Móveis e Decoração","Jardim e Ar Livre"
"433769","Casa, Móveis e Decoração","Jardim e Ar Livre"
"189874","Casa, Móveis e Decoração","Jardim e Ar Livre"
"433558","Casa, Móveis e Decoração","Jardim e Ar Livre"
"189850","Casa, Móveis e Decoração","Jardim e Ar Livre"
"455841","Casa, Móveis e Decoração","Jardim e Ar Livre"
"270132","Casa, Móveis e Decoração","Jardim e Ar Livre"
"439411","Casa, Móveis e Decoração","Jardim e Ar Livre"
"431462","Casa, Móveis e Decoração","Jardim e Ar Livre"
"433264","Casa, Móveis e Decoração","Jardim e Ar Livre"
"271461","Casa, Móveis e Decoração","Jardim e Ar Livre"
"455616","Casa, Móveis e Decoração","Jardim e Ar Livre"
"420026","Casa, Móveis e Decoração","Jardim e Ar Livre"
"429097","Casa, Móveis e Decoração","Jardim e Ar Livre"
"226217","Casa, Móveis e Decoração","Jardim e Ar Livre"
"455599","Casa, Móveis e Decoração","Jardim e Ar Livre"
"272143","Casa, Móveis e Decoração","Jardim e Ar Livre"
"433521","Casa, Móveis e Decoração","Jardim e Ar Livre"
"189879","Casa, Móveis e Decoração","Jardim e Ar Livre"
"278287","Casa, Móveis e Decoração","Jardim e Ar Livre"
"271806","Casa, Móveis e Decoração","Jardim e Ar Livre"
"263732","Casa, Móveis e Decoração","Jardim e Ar Livre"
"455351","Casa, Móveis e Decoração","Jardim e Ar Livre"
"455343","Casa, Móveis e Decoração","Jardim e Ar Livre"
"455607","Casa, Móveis e Decoração","Jardim e Ar Livre"
"271276","Casa, Móveis e Decoração","Jardim e Ar Livre"
"189856","Casa, Móveis e Decoração","Jardim e Ar Livre"
"431952","Casa, Móveis e Decoração","Jardim e Ar Livre"
"455664","Casa, Móveis e Decoração","Jardim e Ar Livre"
"269571","Casa, Móveis e Decoração","Jardim e Ar Livre"
"455733","Casa, Móveis e Decoração","Jardim e Ar Livre"
"189855","Casa, Móveis e Decoração","Jardim e Ar Livre"
"436377","Casa, Móveis e Decoração","Jardim e Ar Livre"
"373518","Casa, Móveis e Decoração","Jardim e Ar Livre"
"455405","Casa, Móveis e Decoração","Jardim e Ar Livre"
"431282","Casa, Móveis e Decoração","Jardim e Ar Livre"
"447775","Casa, Móveis e Decoração","Jardim e Ar Livre"
"272164","Casa, Móveis e Decoração","Jardim e Ar Livre"
"419751","Casa, Móveis e Decoração","Jardim e Ar Livre"
"432648","Casa, Móveis e Decoração","Jardim e Ar Livre"
"431281","Casa, Móveis e Decoração","Jardim e Ar Livre"
"189857","Casa, Móveis e Decoração","Jardim e Ar Livre"
"278150","Casa, Móveis e Decoração","Jardim e Ar Livre"
"433003","Casa, Móveis e Decoração","Jardim e Ar Livre"
"458294","Casa, Móveis e Decoração","Jardim e Ar Livre"
"278262","Casa, Móveis e Decoração","Jardim e Ar Livre"
"418086","Casa, Móveis e Decoração","Jardim e Ar Livre"
"278110","Casa, Móveis e Decoração","Jardim e Ar Livre"
"455389","Casa, Móveis e Decoração","Jardim e Ar Livre"
"271682","Casa, Móveis e Decoração","Jardim e Ar Livre"
"251516","Casa, Móveis e Decoração","Jardim e Ar Livre"
"271258","Casa, Móveis e Decoração","Jardim e Ar Livre"
"373483","Casa, Móveis e Decoração","Jardim e Ar Livre"
"218844","Casa, Móveis e Decoração","Jardim e Ar Livre"
"418215","Casa, Móveis e Decoração","Jardim e Ar Livre"
"189880","Casa, Móveis e Decoração","Jardim e Ar Livre"
"432132","Casa, Móveis e Decoração","Jardim e Ar Livre"
"457911","Casa, Móveis e Decoração","Jardim e Ar Livre"
"271275","Casa, Móveis e Decoração","Jardim e Ar Livre"
"278264","Casa, Móveis e Decoração","Jardim e Ar Livre"
"433559","Casa, Móveis e Decoração","Jardim e Ar Livre"
"122100","Casa, Móveis e Decoração","Jardim e Ar Livre"
"455392","Casa, Móveis e Decoração","Jardim e Ar Livre"
"189877","Casa, Móveis e Decoração","Jardim e Ar Livre"
"271409","Casa, Móveis e Decoração","Jardim e Ar Livre"
"189966","Casa, Móveis e Decoração","Jardim e Ar Livre"
"407325","Casa, Móveis e Decoração","Jardim e Ar Livre"
"429086","Casa, Móveis e Decoração","Jardim e Ar Livre"
"186810","Casa, Móveis e Decoração","Jardim e Ar Livre"
"456148","Casa, Móveis e Decoração","Jardim e Ar Livre"
"455393","Casa, Móveis e Decoração","Jardim e Ar Livre"
"278283","Casa, Móveis e Decoração","Jardim e Ar Livre"
"270336","Casa, Móveis e Decoração","Jardim e Ar Livre"
"277975","Casa, Móveis e Decoração","Jardim e Ar Livre"
"270211","Casa, Móveis e Decoração","Jardim e Ar Livre"
"30968","Casa, Móveis e Decoração","Jardim e Ar Livre"
"430225","Casa, Móveis e Decoração","Jardim e Ar Livre"
"439450","Casa, Móveis e Decoração","Jardim e Ar Livre"
"203871","Casa, Móveis e Decoração","Jardim e Ar Livre"
"11045","Casa, Móveis e Decoração","Jardim e Ar Livre"
"430253","Casa, Móveis e Decoração","Jardim e Ar Livre"
"455347","Casa, Móveis e Decoração","Jardim e Ar Livre"
"455346","Casa, Móveis e Decoração","Jardim e Ar Livre"
"455377","Casa, Móveis e Decoração","Jardim e Ar Livre"
"30188","Casa, Móveis e Decoração","Jardim e Ar Livre"
"31036","Casa, Móveis e Decoração","Jardim e Ar Livre"
"107571","Casa, Móveis e Decoração","Jardim e Ar Livre"
"122101","Casa, Móveis e Decoração","Jardim e Ar Livre"
"433613","Casa, Móveis e Decoração","Jardim e Ar Livre"
"429084","Casa, Móveis e Decoração","Jardim e Ar Livre"
"278011","Casa, Móveis e Decoração","Jardim e Ar Livre"
"277602","Casa, Móveis e Decoração","Jardim e Ar Livre"
"189849","Casa, Móveis e Decoração","Jardim e Ar Livre"
"457996","Casa, Móveis e Decoração","Jardim e Ar Livre"
"413572","Casa, Móveis e Decoração","Jardim e Ar Livre"
"428938","Casa, Móveis e Decoração","Jardim e Ar Livre"
"189868","Casa, Móveis e Decoração","Jardim e Ar Livre"
"432276","Casa, Móveis e Decoração","Jardim e Ar Livre"
"245358","Casa, Móveis e Decoração","Jardim e Ar Livre"
"223359","Casa, Móveis e Decoração","Jardim e Ar Livre"
"271821","Casa, Móveis e Decoração","Jardim e Ar Livre"
"271699","Casa, Móveis e Decoração","Jardim e Ar Livre"
"431785","Casa, Móveis e Decoração","Jardim e Ar Livre"
"455397","Casa, Móveis e Decoração","Jardim e Ar Livre"
"278136","Casa, Móveis e Decoração","Jardim e Ar Livre"
"264722","Casa, Móveis e Decoração","Jardim e Ar Livre"
"189896","Casa, Móveis e Decoração","Jardim e Ar Livre"
"455350","Casa, Móveis e Decoração","Jardim e Ar Livre"
"268557","Casa, Móveis e Decoração","Jardim e Ar Livre"
"189853","Casa, Móveis e Decoração","Jardim e Ar Livre"
"455612","Casa, Móveis e Decoração","Jardim e Ar Livre"
"455376","Casa, Móveis e Decoração","Jardim e Ar Livre"
"189899","Casa, Móveis e Decoração","Jardim e Ar Livre"
"436375","Casa, Móveis e Decoração","Jardim e Ar Livre"
"189895","Casa, Móveis e Decoração","Jardim e Ar Livre"
"218545","Casa, Móveis e Decoração","Jardim e Ar Livre"
"418203","Casa, Móveis e Decoração","Jardim e Ar Livre"
"12520","Casa, Móveis e Decoração","Jardim e Ar Livre"
"11032","Casa, Móveis e Decoração","Jardim e Ar Livre"
"277648","Casa, Móveis e Decoração","Jardim e Ar Livre"
"432259","Casa, Móveis e Decoração","Jardim e Ar Livre"
"11033","Casa, Móveis e Decoração","Jardim e Ar Livre"
"189860","Casa, Móveis e Decoração","Jardim e Ar Livre"
"271396","Casa, Móveis e Decoração","Jardim e Ar Livre"
"429085","Casa, Móveis e Decoração","Jardim e Ar Livre"
"455379","Casa, Móveis e Decoração","Jardim e Ar Livre"
"263731","Casa, Móveis e Decoração","Jardim e Ar Livre"
"455603","Casa, Móveis e Decoração","Jardim e Ar Livre"
"455349","Casa, Móveis e Decoração","Jardim e Ar Livre"
"237326","Casa, Móveis e Decoração","Jardim e Ar Livre"
"430512","Casa, Móveis e Decoração","Jardim e Ar Livre"
"455385","Casa, Móveis e Decoração","Jardim e Ar Livre"
"189882","Casa, Móveis e Decoração","Jardim e Ar Livre"
"433506","Casa, Móveis e Decoração","Jardim e Ar Livre"
"212933","Casa, Móveis e Decoração","Jardim e Ar Livre"
"189930","Casa, Móveis e Decoração","Jardim e Ar Livre"
"455353","Casa, Móveis e Decoração","Jardim e Ar Livre"
"203870","Casa, Móveis e Decoração","Jardim e Ar Livre"
"189927","Casa, Móveis e Decoração","Jardim e Ar Livre"
"455348","Casa, Móveis e Decoração","Jardim e Ar Livre"
"429083","Casa, Móveis e Decoração","Jardim e Ar Livre"
"455387","Casa, Móveis e Decoração","Jardim e Ar Livre"
"455590","Casa, Móveis e Decoração","Jardim e Ar Livre"
"455342","Casa, Móveis e Decoração","Jardim e Ar Livre"
"455352","Casa, Móveis e Decoração","Jardim e Ar Livre"
"271425","Casa, Móveis e Decoração","Jardim e Ar Livre"
"413439","Casa, Móveis e Decoração","Jardim e Ar Livre"
"277913","Casa, Móveis e Decoração","Jardim e Ar Livre"
"189926","Casa, Móveis e Decoração","Jardim e Ar Livre"
"50641","Casa, Móveis e Decoração","Jardim e Ar Livre"
"268513","Casa, Móveis e Decoração","Jardim e Ar Livre"
"189933","Casa, Móveis e Decoração","Jardim e Ar Livre"
"269721","Casa, Móveis e Decoração","Jardim e Ar Livre"
"253388","Casa, Móveis e Decoração","Jardim e Ar Livre"
"253387","Casa, Móveis e Decoração","Jardim e Ar Livre"
"271807","Casa, Móveis e Decoração","Jardim e Ar Livre"
"189870","Casa, Móveis e Decoração","Jardim e Ar Livre"
"253386","Casa, Móveis e Decoração","Jardim e Ar Livre"
"455395","Casa, Móveis e Decoração","Jardim e Ar Livre"
"431280","Casa, Móveis e Decoração","Jardim e Ar Livre"
"428928","Casa, Móveis e Decoração","Jardim e Ar Livre"
"455604","Casa, Móveis e Decoração","Jardim e Ar Livre"
"278235","Casa, Móveis e Decoração","Jardim e Ar Livre"
"433520","Casa, Móveis e Decoração","Jardim e Ar Livre"
"436107","Casa, Móveis e Decoração","Jardim e Ar Livre"
"272155","Casa, Móveis e Decoração","Jardim e Ar Livre"
"373505","Casa, Móveis e Decoração","Jardim e Ar Livre"
"271147","Casa, Móveis e Decoração","Jardim e Ar Livre"
"277620","Casa, Móveis e Decoração","Jardim e Ar Livre"
"212935","Casa, Móveis e Decoração","Jardim e Ar Livre"
"189872","Casa, Móveis e Decoração","Jardim e Ar Livre"
"436372","Casa, Móveis e Decoração","Jardim e Ar Livre"
"203873","Casa, Móveis e Decoração","Jardim e Ar Livre"
"455336","Casa, Móveis e Decoração","Jardim e Ar Livre"
"455381","Casa, Móveis e Decoração","Jardim e Ar Livre"
"278151","Casa, Móveis e Decoração","Jardim e Ar Livre"
"457912","Casa, Móveis e Decoração","Jardim e Ar Livre"
"271402","Casa, Móveis e Decoração","Jardim e Ar Livre"
"429082","Casa, Móveis e Decoração","Jardim e Ar Livre"
"189925","Casa, Móveis e Decoração","Jardim e Ar Livre"
"189935","Casa, Móveis e Decoração","Jardim e Ar Livre"
"122099","Casa, Móveis e Decoração","Jardim e Ar Livre"
"455842","Casa, Móveis e Decoração","Jardim e Ar Livre"
"455399","Casa, Móveis e Decoração","Jardim e Ar Livre"
"269675","Casa, Móveis e Decoração","Jardim e Ar Livre"
"189923","Casa, Móveis e Decoração","Jardim e Ar Livre"
"455403","Casa, Móveis e Decoração","Jardim e Ar Livre"
"189869","Casa, Móveis e Decoração","Jardim e Ar Livre"
"203874","Casa, Móveis e Decoração","Jardim e Ar Livre"
"271835","Casa, Móveis e Decoração","Jardim e Ar Livre"
"431951","Casa, Móveis e Decoração","Jardim e Ar Livre"
"189967","Casa, Móveis e Decoração","Jardim e Ar Livre"
"455402","Casa, Móveis e Decoração","Jardim e Ar Livre"
"271837","Casa, Móveis e Decoração","Jardim e Ar Livre"
"189859","Casa, Móveis e Decoração","Jardim e Ar Livre"
"278196","Esportes e Fitness","Jogos de Salão"
"277682","Brinquedos e Hobbies","Jogos de Salão"
"46246","Brinquedos e Hobbies","Jogos de Salão"
"414195","Brinquedos e Hobbies","Jogos de Salão"
"437660","Brinquedos e Hobbies","Jogos de Salão"
"454756","Brinquedos e Hobbies","Jogos de Salão"
"439002","Esportes e Fitness","Jogos de Salão"
"438183","Brinquedos e Hobbies","Jogos de Salão"
"431569","Brinquedos e Hobbies","Jogos de Salão"
"439010","Esportes e Fitness","Jogos de Salão"
"414128","Brinquedos e Hobbies","Jogos de Salão"
"416569","Brinquedos e Hobbies","Jogos de Salão"
"433017","Brinquedos e Hobbies","Jogos de Salão"
"433015","Brinquedos e Hobbies","Jogos de Salão"
"4696","Brinquedos e Hobbies","Jogos de Salão"
"431570","Brinquedos e Hobbies","Jogos de Salão"
"439004","Esportes e Fitness","Jogos de Salão"
"277373","Brinquedos e Hobbies","Jogos de Salão"
"278148","Esportes e Fitness","Jogos de Salão"
"439008","Esportes e Fitness","Jogos de Salão"
"277495","Brinquedos e Hobbies","Jogos de Salão"
"439012","Esportes e Fitness","Jogos de Salão"
"270330","Esportes e Fitness","Jogos de Salão"
"437656","Brinquedos e Hobbies","Jogos de Salão"
"431492","Brinquedos e Hobbies","Jogos de Salão"
"447900","Brinquedos e Hobbies","Jogos de Salão"
"277494","Brinquedos e Hobbies","Jogos de Salão"
"67911","Esportes e Fitness","Jogos de Salão"
"439011","Esportes e Fitness","Jogos de Salão"
"431561","Esportes e Fitness","Jogos de Salão"
"71833","Brinquedos e Hobbies","Jogos de Salão"
"437659","Brinquedos e Hobbies","Jogos de Salão"
"438073","Brinquedos e Hobbies","Jogos de Salão"
"67982","Esportes e Fitness","Jogos de Salão"
"439009","Esportes e Fitness","Jogos de Salão"
"437666","Brinquedos e Hobbies","Jogos de Salão"
"439006","Esportes e Fitness","Jogos de Salão"
"268409","Brinquedos e Hobbies","Jogos de Salão"
"277377","Brinquedos e Hobbies","Jogos de Salão"
"414198","Brinquedos e Hobbies","Jogos de Salão"
"268407","Brinquedos e Hobbies","Jogos de Salão"
"439001","Esportes e Fitness","Jogos de Salão"
"447901","Esportes e Fitness","Jogos de Salão"
"278149","Esportes e Fitness","Jogos de Salão"
"437658","Brinquedos e Hobbies","Jogos de Salão"
"414201","Brinquedos e Hobbies","Jogos de Salão"
"437661","Brinquedos e Hobbies","Jogos de Salão"
"270104","Brinquedos e Hobbies","Jogos de Salão"
"431562","Esportes e Fitness","Jogos de Salão"
"46244","Brinquedos e Hobbies","Jogos de Salão"
"268410","Brinquedos e Hobbies","Jogos de Salão"
"416571","Brinquedos e Hobbies","Jogos de Salão"
"430500","Brinquedos e Hobbies","Jogos de Salão"
"433018","Brinquedos e Hobbies","Jogos de Salão"
"433013","Brinquedos e Hobbies","Jogos de Salão"
"438184","Brinquedos e Hobbies","Jogos de Salão"
"431560","Esportes e Fitness","Jogos de Salão"
"268406","Brinquedos e Hobbies","Jogos de Salão"
"416535","Brinquedos e Hobbies","Jogos de Salão"
"435073","Brinquedos e Hobbies","Jogos de Salão"
"439007","Esportes e Fitness","Jogos de Salão"
"433019","Brinquedos e Hobbies","Jogos de Salão"
"433014","Brinquedos e Hobbies","Jogos de Salão"
"268408","Brinquedos e Hobbies","Jogos de Salão"
"429045","Esportes e Fitness","Jogos de Salão"
"433016","Brinquedos e Hobbies","Jogos de Salão"
"454757","Esportes e Fitness","Jogos de Salão"
"437657","Brinquedos e Hobbies","Jogos de Salão"
"418988","Beleza e Cuidado Pessoal","Manicure e Pedicure"
"277412","Beleza e Cuidado Pessoal","Manicure e Pedicure"
"196803","Beleza e Cuidado Pessoal","Manicure e Pedicure"
"271182","Beleza e Cuidado Pessoal","Manicure e Pedicure"
"196797","Beleza e Cuidado Pessoal","Manicure e Pedicure"
"277793","Beleza e Cuidado Pessoal","Manicure e Pedicure"
"70607","Beleza e Cuidado Pessoal","Manicure e Pedicure"
"277443","Beleza e Cuidado Pessoal","Manicure e Pedicure"
"277369","Beleza e Cuidado Pessoal","Manicure e Pedicure"
"431340","Beleza e Cuidado Pessoal","Manicure e Pedicure"
"277991","Beleza e Cuidado Pessoal","Manicure e Pedicure"
"278231","Beleza e Cuidado Pessoal","Manicure e Pedicure"
"271390","Beleza e Cuidado Pessoal","Manicure e Pedicure"
"277745","Beleza e Cuidado Pessoal","Manicure e Pedicure"
"196796","Beleza e Cuidado Pessoal","Manicure e Pedicure"
"429588","Beleza e Cuidado Pessoal","Manicure e Pedicure"
"196488","Beleza e Cuidado Pessoal","Manicure e Pedicure"
"271181","Beleza e Cuidado Pessoal","Manicure e Pedicure"
"277411","Beleza e Cuidado Pessoal","Manicure e Pedicure"
"418978","Beleza e Cuidado Pessoal","Manicure e Pedicure"
"420111","Beleza e Cuidado Pessoal","Manicure e Pedicure"
"277668","Beleza e Cuidado Pessoal","Manicure e Pedicure"
"196492","Beleza e Cuidado Pessoal","Manicure e Pedicure"
"271460","Beleza e Cuidado Pessoal","Manicure e Pedicure"
"196799","Beleza e Cuidado Pessoal","Manicure e Pedicure"
"196798","Beleza e Cuidado Pessoal","Manicure e Pedicure"
"196804","Beleza e Cuidado Pessoal","Manicure e Pedicure"
"418990","Beleza e Cuidado Pessoal","Manicure e Pedicure"
"196800","Beleza e Cuidado Pessoal","Manicure e Pedicure"
"428954","Beleza e Cuidado Pessoal","Manicure e Pedicure"
"277481","Beleza e Cuidado Pessoal","Manicure e Pedicure"
"277967","Beleza e Cuidado Pessoal","Manicure e Pedicure"
"277986","Beleza e Cuidado Pessoal","Manicure e Pedicure"
"29945","Beleza e Cuidado Pessoal","Manicure e Pedicure"
"271179","Beleza e Cuidado Pessoal","Manicure e Pedicure"
"277736","Beleza e Cuidado Pessoal","Manicure e Pedicure"
"277588","Beleza e Cuidado Pessoal","Manicure e Pedicure"
"196801","Beleza e Cuidado Pessoal","Manicure e Pedicure"
"218019","Beleza e Cuidado Pessoal","Manicure e Pedicure"
"196802","Beleza e Cuidado Pessoal","Manicure e Pedicure"
"70608","Beleza e Cuidado Pessoal","Manicure e Pedicure"
"277966","Beleza e Cuidado Pessoal","Manicure e Pedicure"
"277738","Beleza e Cuidado Pessoal","Manicure e Pedicure"
"196494","Beleza e Cuidado Pessoal","Manicure e Pedicure"
"196493","Beleza e Cuidado Pessoal","Manicure e Pedicure"
"196490","Beleza e Cuidado Pessoal","Manicure e Pedicure"
"417182","Beleza e Cuidado Pessoal","Manicure e Pedicure"
"429393","Beleza e Cuidado Pessoal","Manicure e Pedicure"
"277408","Beleza e Cuidado Pessoal","Manicure e Pedicure"
"105470","Arte, Papelaria e Armarinho","Materiais Escolares"
"271850","Arte, Papelaria e Armarinho","Materiais Escolares"
"105302","Arte, Papelaria e Armarinho","Materiais Escolares"
"105468","Arte, Papelaria e Armarinho","Materiais Escolares"
"105462","Arte, Papelaria e Armarinho","Materiais Escolares"
"271785","Arte, Papelaria e Armarinho","Materiais Escolares"
"430209","Arte, Papelaria e Armarinho","Materiais Escolares"
"430210","Arte, Papelaria e Armarinho","Materiais Escolares"
"455747","Arte, Papelaria e Armarinho","Materiais Escolares"
"432182","Arte, Papelaria e Armarinho","Materiais Escolares"
"455687","Arte, Papelaria e Armarinho","Materiais Escolares"
"244973","Arte, Papelaria e Armarinho","Materiais Escolares"
"40329","Arte, Papelaria e Armarinho","Materiais Escolares"
"430146","Arte, Papelaria e Armarinho","Materiais Escolares"
"270519","Arte, Papelaria e Armarinho","Materiais Escolares"
"105463","Arte, Papelaria e Armarinho","Materiais Escolares"
"271570","Arte, Papelaria e Armarinho","Materiais Escolares"
"418881","Arte, Papelaria e Armarinho","Materiais Escolares"
"455748","Arte, Papelaria e Armarinho","Materiais Escolares"
"99957","Arte, Papelaria e Armarinho","Materiais Escolares"
"105318","Arte, Papelaria e Armarinho","Materiais Escolares"
"244964","Arte, Papelaria e Armarinho","Materiais Escolares"
"433747","Arte, Papelaria e Armarinho","Materiais Escolares"
"419963","Arte, Papelaria e Armarinho","Materiais Escolares"
"105457","Arte, Papelaria e Armarinho","Materiais Escolares"
"454114","Arte, Papelaria e Armarinho","Materiais Escolares"
"457071","Arte, Papelaria e Armarinho","Materiais Escolares"
"270875","Arte, Papelaria e Armarinho","Materiais Escolares"
"49074","Arte, Papelaria e Armarinho","Materiais Escolares"
"272184","Arte, Papelaria e Armarinho","Materiais Escolares"
"1059","Arte, Papelaria e Armarinho","Materiais Escolares"
"105297","Arte, Papelaria e Armarinho","Materiais Escolares"
"270103","Arte, Papelaria e Armarinho","Materiais Escolares"
"105467","Arte, Papelaria e Armarinho","Materiais Escolares"
"278280","Arte, Papelaria e Armarinho","Materiais Escolares"
"441112","Arte, Papelaria e Armarinho","Materiais Escolares"
"271855","Arte, Papelaria e Armarinho","Materiais Escolares"
"105455","Arte, Papelaria e Armarinho","Materiais Escolares"
"432926","Arte, Papelaria e Armarinho","Materiais Escolares"
"105442","Arte, Papelaria e Armarinho","Materiais Escolares"
"105458","Arte, Papelaria e Armarinho","Materiais Escolares"
"109309","Arte, Papelaria e Armarinho","Materiais Escolares"
"105459","Arte, Papelaria e Armarinho","Materiais Escolares"
"458013","Arte, Papelaria e Armarinho","Materiais Escolares"
"419518","Arte, Papelaria e Armarinho","Materiais Escolares"
"388338","Arte, Papelaria e Armarinho","Materiais Escolares"
"270439","Arte, Papelaria e Armarinho","Materiais Escolares"
"439333","Arte, Papelaria e Armarinho","Materiais Escolares"
"105304","Arte, Papelaria e Armarinho","Materiais Escolares"
"271467","Arte, Papelaria e Armarinho","Materiais Escolares"
"244974","Arte, Papelaria e Armarinho","Materiais Escolares"
"270483","Arte, Papelaria e Armarinho","Materiais Escolares"
"244966","Arte, Papelaria e Armarinho","Materiais Escolares"
"244972","Arte, Papelaria e Armarinho","Materiais Escolares"
"439334","Arte, Papelaria e Armarinho","Materiais Escolares"
"455754","Arte, Papelaria e Armarinho","Materiais Escolares"
"439040","Arte, Papelaria e Armarinho","Materiais Escolares"
"270358","Arte, Papelaria e Armarinho","Materiais Escolares"
"419390","Arte, Papelaria e Armarinho","Materiais Escolares"
"105296","Arte, Papelaria e Armarinho","Materiais Escolares"
"439393","Arte, Papelaria e Armarinho","Materiais Escolares"
"105311","Arte, Papelaria e Armarinho","Materiais Escolares"
"270401","Arte, Papelaria e Armarinho","Materiais Escolares"
"261909","Arte, Papelaria e Armarinho","Materiais Escolares"
"2635","Arte, Papelaria e Armarinho","Materiais Escolares"
"105316","Arte, Papelaria e Armarinho","Materiais Escolares"
"430619","Arte, Papelaria e Armarinho","Materiais Escolares"
"105330","Arte, Papelaria e Armarinho","Materiais Escolares"
"271186","Arte, Papelaria e Armarinho","Materiais Escolares"
"49097","Arte, Papelaria e Armarinho","Materiais Escolares"
"439391","Arte, Papelaria e Armarinho","Materiais Escolares"
"431929","Arte, Papelaria e Armarinho","Materiais Escolares"
"244977","Arte, Papelaria e Armarinho","Materiais Escolares"
"260310","Arte, Papelaria e Armarinho","Materiais Escolares"
"44014","Arte, Papelaria e Armarinho","Materiais Escolares"
"105305","Arte, Papelaria e Armarinho","Materiais Escolares"
"271853","Arte, Papelaria e Armarinho","Materiais Escolares"
"270101","Arte, Papelaria e Armarinho","Materiais Escolares"
"271649","Arte, Papelaria e Armarinho","Materiais Escolares"
"271595","Arte, Papelaria e Armarinho","Materiais Escolares"
"271115","Arte, Papelaria e Armarinho","Materiais Escolares"
"244975","Arte, Papelaria e Armarinho","Materiais Escolares"
"271751","Arte, Papelaria e Armarinho","Materiais Escolares"
"421289","Arte, Papelaria e Armarinho","Materiais Escolares"
"271465","Arte, Papelaria e Armarinho","Materiais Escolares"
"271722","Arte, Papelaria e Armarinho","Materiais Escolares"
"455888","Arte, Papelaria e Armarinho","Materiais Escolares"
"271551","Arte, Papelaria e Armarinho","Materiais Escolares"
"457292","Arte, Papelaria e Armarinho","Materiais Escolares"
"433497","Construção","Materiais de Obra"
"429633","Construção","Materiais de Obra"
"372058","Construção","Materiais de Obra"
"235595","Construção","Materiais de Obra"
"271847","Construção","Materiais de Obra"
"435271","Construção","Materiais de Obra"
"270231","Construção","Materiais de Obra"
"435270","Construção","Materiais de Obra"
"403698","Construção","Materiais de Obra"
"429630","Construção","Materiais de Obra"
"429632","Construção","Materiais de Obra"
"277509","Construção","Materiais de Obra"
"435313","Construção","Materiais de Obra"
"456236","Construção","Materiais de Obra"
"458062","Construção","Materiais de Obra"
"270274","Construção","Materiais de Obra"
"433538","Construção","Materiais de Obra"
"435306","Construção","Materiais de Obra"
"435265","Construção","Materiais de Obra"
"278102","Construção","Materiais de Obra"
"432430","Construção","Materiais de Obra"
"372048","Construção","Materiais de Obra"
"435312","Construção","Materiais de Obra"
"435301","Construção","Materiais de Obra"
"413516","Construção","Materiais de Obra"
"455240","Construção","Materiais de Obra"
"384755","Construção","Materiais de Obra"
"435310","Construção","Materiais de Obra"
"211785","Construção","Materiais de Obra"
"252412","Construção","Materiais de Obra"
"235592","Construção","Materiais de Obra"
"395947","Construção","Materiais de Obra"
"433034","Construção","Materiais de Obra"
"435315","Construção","Materiais de Obra"
"422139","Construção","Materiais de Obra"
"435308","Construção","Materiais de Obra"
"419833","Construção","Materiais de Obra"
"456027","Construção","Materiais de Obra"
"435294","Construção","Materiais de Obra"
"417776","Construção","Materiais de Obra"
"432191","Construção","Materiais de Obra"
"270095","Construção","Materiais de Obra"
"269711","Construção","Materiais de Obra"
"432733","Construção","Materiais de Obra"
"429631","Construção","Materiais de Obra"
"421288","Construção","Materiais de Obra"
"435269","Construção","Materiais de Obra"
"277475","Construção","Materiais de Obra"
"456172","Construção","Materiais de Obra"
"419508","Construção","Materiais de Obra"
"271281","Construção","Materiais de Obra"
"435299","Construção","Materiais de Obra"
"270191","Construção","Materiais de Obra"
"418787","Construção","Materiais de Obra"
"455237","Construção","Materiais de Obra"
"30185","Construção","Materiais de Obra"
"376663","Construção","Materiais de Obra"
"434828","Construção","Materiais de Obra"
"435309","Construção","Materiais de Obra"
"456171","Construção","Materiais de Obra"
"270244","Construção","Materiais de Obra"
"435289","Construção","Materiais de Obra"
"269672","Construção","Materiais de Obra"
"251200","Construção","Materiais de Obra"
"30164","Construção","Materiais de Obra"
"435311","Construção","Materiais de Obra"
"9198","Ferramentas","Medições e Instrumentação"
"431214","Ferramentas","Medições e Instrumentação"
"455208","Ferramentas","Medições e Instrumentação"
"278142","Ferramentas","Medições e Instrumentação"
"277694","Ferramentas","Medições e Instrumentação"
"455211","Ferramentas","Medições e Instrumentação"
"260683","Ferramentas","Medições e Instrumentação"
"425041","Ferramentas","Medições e Instrumentação"
"429450","Ferramentas","Medições e Instrumentação"
"277928","Ferramentas","Medições e Instrumentação"
"270538","Ferramentas","Medições e Instrumentação"
"260687","Ferramentas","Medições e Instrumentação"
"433041","Ferramentas","Medições e Instrumentação"
"188786","Ferramentas","Medições e Instrumentação"
"271478","Ferramentas","Medições e Instrumentação"
"277635","Ferramentas","Medições e Instrumentação"
"455213","Ferramentas","Medições e Instrumentação"
"277657","Ferramentas","Medições e Instrumentação"
"432110","Ferramentas","Medições e Instrumentação"
"30194","Ferramentas","Medições e Instrumentação"
"260688","Ferramentas","Medições e Instrumentação"
"260682","Ferramentas","Medições e Instrumentação"
"260689","Ferramentas","Medições e Instrumentação"
"45283","Ferramentas","Medições e Instrumentação"
"432811","Ferramentas","Medições e Instrumentação"
"455203","Ferramentas","Medições e Instrumentação"
"260680","Ferramentas","Medições e Instrumentação"
"49062","Ferramentas","Medições e Instrumentação"
"433424","Ferramentas","Medições e Instrumentação"
"456926","Ferramentas","Medições e Instrumentação"
"271062","Ferramentas","Medições e Instrumentação"
"431221","Ferramentas","Medições e Instrumentação"
"431216","Ferramentas","Medições e Instrumentação"
"260679","Ferramentas","Medições e Instrumentação"
"455205","Ferramentas","Medições e Instrumentação"
"277927","Ferramentas","Medições e Instrumentação"
"271811","Ferramentas","Medições e Instrumentação"
"431215","Ferramentas","Medições e Instrumentação"
"433459","Ferramentas","Medições e Instrumentação"
"270374","Ferramentas","Medições e Instrumentação"
"30163","Ferramentas","Medições e Instrumentação"
"431217","Ferramentas","Medições e Instrumentação"
"270097","Ferramentas","Medições e Instrumentação"
"49081","Ferramentas","Medições e Instrumentação"
"455199","Ferramentas","Medições e Instrumentação"
"260684","Ferramentas","Medições e Instrumentação"
"455202","Ferramentas","Medições e Instrumentação"
"455209","Ferramentas","Medições e Instrumentação"
"434737","Ferramentas","Medições e Instrumentação"
"455196","Ferramentas","Medições e Instrumentação"
"401623","Ferramentas","Medições e Instrumentação"
"204870","Ferramentas","Medições e Instrumentação"
"260681","Ferramentas","Medições e Instrumentação"
"30162","Ferramentas","Medições e Instrumentação"
"30214","Ferramentas","Medições e Instrumentação"
"263850","Alimentos e Bebidas","Mercearia"
"247538","Alimentos e Bebidas","Mercearia"
"41538","Alimentos e Bebidas","Mercearia"
"455523","Alimentos e Bebidas","Mercearia"
"428962","Alimentos e Bebidas","Mercearia"
"269724","Alimentos e Bebidas","Mercearia"
"271222","Alimentos e Bebidas","Mercearia"
"272139","Alimentos e Bebidas","Mercearia"
"439657","Alimentos e Bebidas","Mercearia"
"410858","Alimentos e Bebidas","Mercearia"
"270912","Alimentos e Bebidas","Mercearia"
"247522","Alimentos e Bebidas","Mercearia"
"418150","Alimentos e Bebidas","Mercearia"
"418155","Alimentos e Bebidas","Mercearia"
"272162","Alimentos e Bebidas","Mercearia"
"272144","Alimentos e Bebidas","Mercearia"
"271762","Alimentos e Bebidas","Mercearia"
"457336","Alimentos e Bebidas","Mercearia"
"277457","Alimentos e Bebidas","Mercearia"
"263836","Alimentos e Bebidas","Mercearia"
"269716","Alimentos e Bebidas","Mercearia"
"277615","Alimentos e Bebidas","Mercearia"
"263833","Alimentos e Bebidas","Mercearia"
"456441","Alimentos e Bebidas","Mercearia"
"263841","Alimentos e Bebidas","Mercearia"
"456415","Alimentos e Bebidas","Mercearia"
"247540","Alimentos e Bebidas","Mercearia"
"410857","Alimentos e Bebidas","Mercearia"
"247537","Alimentos e Bebidas","Mercearia"
"410861","Alimentos e Bebidas","Mercearia"
"439592","Alimentos e Bebidas","Mercearia"
"439590","Alimentos e Bebidas","Mercearia"
"431843","Alimentos e Bebidas","Mercearia"
"455800","Alimentos e Bebidas","Mercearia"
"439605","Alimentos e Bebidas","Mercearia"
"419419","Alimentos e Bebidas","Mercearia"
"263847","Alimentos e Bebidas","Mercearia"
"456106","Alimentos e Bebidas","Mercearia"
"247523","Alimentos e Bebidas","Mercearia"
"418154","Alimentos e Bebidas","Mercearia"
"278247","Alimentos e Bebidas","Mercearia"
"109217","Alimentos e Bebidas","Mercearia"
"270928","Alimentos e Bebidas","Mercearia"
"418157","Alimentos e Bebidas","Mercearia"
"263824","Alimentos e Bebidas","Mercearia"
"271664","Alimentos e Bebidas","Mercearia"
"277512","Alimentos e Bebidas","Mercearia"
"263797","Alimentos e Bebidas","Mercearia"
"1429","Alimentos e Bebidas","Mercearia"
"194833","Alimentos e Bebidas","Mercearia"
"430608","Alimentos e Bebidas","Mercearia"
"277705","Alimentos e Bebidas","Mercearia"
"439655","Alimentos e Bebidas","Mercearia"
"455524","Alimentos e Bebidas","Mercearia"
"277597","Alimentos e Bebidas","Mercearia"
"418375","Alimentos e Bebidas","Mercearia"
"277747","Alimentos e Bebidas","Mercearia"
"272154","Alimentos e Bebidas","Mercearia"
"455798","Alimentos e Bebidas","Mercearia"
"455799","Alimentos e Bebidas","Mercearia"
"263795","Alimentos e Bebidas","Mercearia"
"277506","Alimentos e Bebidas","Mercearia"
"277949","Alimentos e Bebidas","Mercearia"
"272151","Alimentos e Bebidas","Mercearia"
"455525","Alimentos e Bebidas","Mercearia"
"270939","Alimentos e Bebidas","Mercearia"
"278285","Alimentos e Bebidas","Mercearia"
"247521","Alimentos e Bebidas","Mercearia"
"439577","Alimentos e Bebidas","Mercearia"
"277484","Alimentos e Bebidas","Mercearia"
"263844","Alimentos e Bebidas","Mercearia"
"277784","Alimentos e Bebidas","Mercearia"
"270090","Alimentos e Bebidas","Mercearia"
"432287","Alimentos e Bebidas","Mercearia"
"455594","Alimentos e Bebidas","Mercearia"
"418153","Alimentos e Bebidas","Mercearia"
"271648","Alimentos e Bebidas","Mercearia"
"263794","Alimentos e Bebidas","Mercearia"
"420163","Alimentos e Bebidas","Mercearia"
"271071","Alimentos e Bebidas","Mercearia"
"263835","Alimentos e Bebidas","Mercearia"
"272147","Alimentos e Bebidas","Mercearia"
"278021","Alimentos e Bebidas","Mercearia"
"272171","Alimentos e Bebidas","Mercearia"
"269723","Alimentos e Bebidas","Mercearia"
"455526","Alimentos e Bebidas","Mercearia"
"277550","Alimentos e Bebidas","Mercearia"
"270073","Alimentos e Bebidas","Mercearia"
"278139","Alimentos e Bebidas","Mercearia"
"271865","Alimentos e Bebidas","Mercearia"
"271218","Alimentos e Bebidas","Mercearia"
"247541","Alimentos e Bebidas","Mercearia"
"413310","Alimentos e Bebidas","Mercearia"
"277354","Alimentos e Bebidas","Mercearia"
"431841","Alimentos e Bebidas","Mercearia"
"455504","Alimentos e Bebidas","Mercearia"
"277721","Alimentos e Bebidas","Mercearia"
"418156","Alimentos e Bebidas","Mercearia"
"455708","Alimentos e Bebidas","Mercearia"
"420036","Alimentos e Bebidas","Mercearia"
"272146","Alimentos e Bebidas","Mercearia"
"277983","Alimentos e Bebidas","Mercearia"
"269710","Alimentos e Bebidas","Mercearia"
"277943","Alimentos e Bebidas","Mercearia"
"263832","Alimentos e Bebidas","Mercearia"
"263827","Alimentos e Bebidas","Mercearia"
"430945","Alimentos e Bebidas","Mercearia"
"455507","Alimentos e Bebidas","Mercearia"
"439593","Alimentos e Bebidas","Mercearia"
"434386","Alimentos e Bebidas","Mercearia"
"418152","Alimentos e Bebidas","Mercearia"
"263840","Alimentos e Bebidas","Mercearia"
"194832","Alimentos e Bebidas","Mercearia"
"271588","Alimentos e Bebidas","Mercearia"
"455503","Alimentos e Bebidas","Mercearia"
"271755","Alimentos e Bebidas","Mercearia"
"277441","Alimentos e Bebidas","Mercearia"
"432027","Esportes e Fitness","Moda Fitness"
"18395","Esportes e Fitness","Moda Fitness"
"439244","Esportes e Fitness","Moda Fitness"
"121380","Esportes e Fitness","Moda Fitness"
"24664","Esportes e Fitness","Moda Fitness"
"432528","Esportes e Fitness","Moda Fitness"
"432529","Calçados, Roupas e Bolsas","Moda Fitness"
"270224","Calçados, Roupas e Bolsas","Moda Fitness"
"439153","Calçados, Roupas e Bolsas","Moda Fitness"
"417456","Esportes e Fitness","Moda Fitness"
"432028","Calçados, Roupas e Bolsas","Moda Fitness"
"417370","Calçados, Roupas e Bolsas","Moda Fitness"
"421969","Calçados, Roupas e Bolsas","Moda Fitness"
"439241","Calçados, Roupas e Bolsas","Moda Fitness"
"439086","Calçados, Roupas e Bolsas","Moda Fitness"
"18093","Esportes e Fitness","Moda Fitness"
"417386","Calçados, Roupas e Bolsas","Moda Fitness"
"439245","Esportes e Fitness","Moda Fitness"
"429301","Calçados, Roupas e Bolsas","Moda Fitness"
"458016","Esportes e Fitness","Moda Fitness"
"123109","Esportes e Fitness","Moda Fitness"
"439166","Calçados, Roupas e Bolsas","Moda Fitness"
"458017","Calçados, Roupas e Bolsas","Moda Fitness"
"417481","Calçados, Roupas e Bolsas","Moda Fitness"
"270229","Calçados, Roupas e Bolsas","Moda Fitness"
"438916","Calçados, Roupas e Bolsas","Moda Fitness"
"417369","Calçados, Roupas e Bolsas","Moda Fitness"
"430139","Esportes e Fitness","Moda Fitness"
"417466","Esportes e Fitness","Moda Fitness"
"437260","Esportes e Fitness","Moda Fitness"
"419536","Esportes e Fitness","Moda Fitness"
"417467","Esportes e Fitness","Moda Fitness"
"439155","Calçados, Roupas e Bolsas","Moda Fitness"
"412058","Esportes e Fitness","Moda Fitness"
"417463","Esportes e Fitness","Moda Fitness"
"439243","Esportes e Fitness","Moda Fitness"
"417455","Esportes e Fitness","Moda Fitness"
"4570","Esportes e Fitness","Moda Fitness"
"439242","Esportes e Fitness","Moda Fitness"
"432717","Esportes e Fitness","Moda Fitness"
"270227","Calçados, Roupas e Bolsas","Moda Fitness"
"439239","Esportes e Fitness","Moda Fitness"
"433058","Esportes e Fitness","Moda Fitness"
"270220","Calçados, Roupas e Bolsas","Moda Fitness"
"433059","Calçados, Roupas e Bolsas","Moda Fitness"
"123111","Esportes e Fitness","Moda Fitness"
"419537","Calçados, Roupas e Bolsas","Moda Fitness"
"270230","Calçados, Roupas e Bolsas","Moda Fitness"
"421968","Esportes e Fitness","Moda Fitness"
"433434","Esportes e Fitness","Moda Fitness"
"270216","Calçados, Roupas e Bolsas","Moda Fitness"
"417387","Calçados, Roupas e Bolsas","Moda Fitness"
"439156","Calçados, Roupas e Bolsas","Moda Fitness"
"432718","Calçados, Roupas e Bolsas","Moda Fitness"
"123112","Esportes e Fitness","Moda Fitness"
"270223","Calçados, Roupas e Bolsas","Moda Fitness"
"430140","Calçados, Roupas e Bolsas","Moda Fitness"
"439167","Calçados, Roupas e Bolsas","Moda Fitness"
"433430","Calçados, Roupas e Bolsas","Moda Fitness"
"18094","Esportes e Fitness","Moda Fitness"
"270221","Calçados, Roupas e Bolsas","Moda Fitness"
"269971","Casa, Móveis e Decoração","Móveis para Casa"
"433681","Casa, Móveis e Decoração","Móveis para Casa"
"457909","Casa, Móveis e Decoração","Móveis para Casa"
"33367","Casa, Móveis e Decoração","Móveis para Casa"
"455620","Casa, Móveis e Decoração","Móveis para Casa"
"272159","Casa, Móveis e Decoração","Móveis para Casa"
"439426","Casa, Móveis e Decoração","Móveis para Casa"
"439419","Casa, Móveis e Decoração","Móveis para Casa"
"432817","Casa, Móveis e Decoração","Móveis para Casa"
"436387","Casa, Móveis e Decoração","Móveis para Casa"
"33443","Casa, Móveis e Decoração","Móveis para Casa"
"454706","Casa, Móveis e Decoração","Móveis para Casa"
"439425","Casa, Móveis e Decoração","Móveis para Casa"
"436388","Casa, Móveis e Decoração","Móveis para Casa"
"457410","Casa, Móveis e Decoração","Móveis para Casa"
"432488","Casa, Móveis e Decoração","Móveis para Casa"
"439429","Casa, Móveis e Decoração","Móveis para Casa"
"3231","Casa, Móveis e Decoração","Móveis para Casa"
"33360","Casa, Móveis e Decoração","Móveis para Casa"
"33393","Casa, Móveis e Decoração","Móveis para Casa"
"33368","Casa, Móveis e Decoração","Móveis para Casa"
"193945","Casa, Móveis e Decoração","Móveis para Casa"
"433720","Casa, Móveis e Decoração","Móveis para Casa"
"193946","Casa, Móveis e Decoração","Móveis para Casa"
"277360","Casa, Móveis e Decoração","Móveis para Casa"
"4341","Casa, Móveis e Decoração","Móveis para Casa"
"436390","Casa, Móveis e Decoração","Móveis para Casa"
"186378","Casa, Móveis e Decoração","Móveis para Casa"
"106882","Casa, Móveis e Decoração","Móveis para Casa"
"49087","Casa, Móveis e Decoração","Móveis para Casa"
"271715","Casa, Móveis e Decoração","Móveis para Casa"
"260315","Casa, Móveis e Decoração","Móveis para Casa"
"456028","Casa, Móveis e Decoração","Móveis para Casa"
"439423","Casa, Móveis e Decoração","Móveis para Casa"
"436411","Casa, Móveis e Decoração","Móveis para Casa"
"186066","Casa, Móveis e Decoração","Móveis para Casa"
"186273","Casa, Móveis e Decoração","Móveis para Casa"
"457952","Casa, Móveis e Decoração","Móveis para Casa"
"31578","Casa, Móveis e Decoração","Móveis para Casa"
"454705","Casa, Móveis e Decoração","Móveis para Casa"
"439420","Casa, Móveis e Decoração","Móveis para Casa"
"455665","Casa, Móveis e Decoração","Móveis para Casa"
"1627","Casa, Móveis e Decoração","Móveis para Casa"
"186023","Casa, Móveis e Decoração","Móveis para Casa"
"439427","Casa, Móveis e Decoração","Móveis para Casa"
"401802","Casa, Móveis e Decoração","Móveis para Casa"
"458191","Casa, Móveis e Decoração","Móveis para Casa"
"186662","Casa, Móveis e Decoração","Móveis para Casa"
"271421","Casa, Móveis e Decoração","Móveis para Casa"
"454691","Casa, Móveis e Decoração","Móveis para Casa"
"32664","Casa, Móveis e Decoração","Móveis para Casa"
"31039","Casa, Móveis e Decoração","Móveis para Casa"
"186714","Casa, Móveis e Decoração","Móveis para Casa"
"436413","Casa, Móveis e Decoração","Móveis para Casa"
"401159","Casa, Móveis e Decoração","Móveis para Casa"
"436383","Casa, Móveis e Decoração","Móveis para Casa"
"1626","Casa, Móveis e Decoração","Móveis para Casa"
"414036","Casa, Móveis e Decoração","Móveis para Casa"
"186151","Casa, Móveis e Decoração","Móveis para Casa"
"439421","Casa, Móveis e Decoração","Móveis para Casa"
"185426","Casa, Móveis e Decoração","Móveis para Casa"
"439428","Casa, Móveis e Decoração","Móveis para Casa"
"270093","Casa, Móveis e Decoração","Móveis para Casa"
"439418","Casa, Móveis e Decoração","Móveis para Casa"
"436393","Casa, Móveis e Decoração","Móveis para Casa"
"455938","Casa, Móveis e Decoração","Móveis para Casa"
"436394","Casa, Móveis e Decoração","Móveis para Casa"
"186153","Casa, Móveis e Decoração","Móveis para Casa"
"277444","Casa, Móveis e Decoração","Móveis para Casa"
"416807","Casa, Móveis e Decoração","Móveis para Casa"
"455183","Casa, Móveis e Decoração","Móveis para Casa"
"186067","Casa, Móveis e Decoração","Móveis para Casa"
"457910","Casa, Móveis e Decoração","Móveis para Casa"
"454695","Casa, Móveis e Decoração","Móveis para Casa"
"3239","Casa, Móveis e Decoração","Móveis para Casa"
"457944","Casa, Móveis e Decoração","Móveis para Casa"
"454694","Casa, Móveis e Decoração","Móveis para Casa"
"277631","Casa, Móveis e Decoração","Móveis para Casa"
"409092","Casa, Móveis e Decoração","Móveis para Casa"
"436385","Casa, Móveis e Decoração","Móveis para Casa"
"186268","Casa, Móveis e Decoração","Móveis para Casa"
"436391","Casa, Móveis e Decoração","Móveis para Casa"
"235593","Casa, Móveis e Decoração","Móveis para Casa"
"454693","Casa, Móveis e Decoração","Móveis para Casa"
"454702","Casa, Móveis e Decoração","Móveis para Casa"
"439405","Casa, Móveis e Decoração","Móveis para Casa"
"432283","Casa, Móveis e Decoração","Móveis para Casa"
"456045","Eletrodomésticos","Pequenos Eletrodomésticos"
"455143","Eletrodomésticos","Pequenos Eletrodomésticos"
"120262","Eletrodomésticos","Pequenos Eletrodomésticos"
"73068","Eletrodomésticos","Pequenos Eletrodomésticos"
"455144","Eletrodomésticos","Pequenos Eletrodomésticos"
"120350","Eletrodomésticos","Pequenos Eletrodomésticos"
"455131","Eletrodomésticos","Pequenos Eletrodomésticos"
"438285","Eletrodomésticos","Pequenos Eletrodomésticos"
"120247","Eletrodomésticos","Pequenos Eletrodomésticos"
"455113","Eletrodomésticos","Pequenos Eletrodomésticos"
"455928","Eletrodomésticos","Pequenos Eletrodomésticos"
"428946","Eletrodomésticos","Pequenos Eletrodomésticos"
"120445","Eletrodomésticos","Pequenos Eletrodomésticos"
"31682","Eletrodomésticos","Pequenos Eletrodomésticos"
"120243","Eletrodomésticos","Pequenos Eletrodomésticos"
"73062","Eletrodomésticos","Pequenos Eletrodomésticos"
"455152","Eletrodomésticos","Pequenos Eletrodomésticos"
"455150","Eletrodomésticos","Pequenos Eletrodomésticos"
"429600","Eletrodomésticos","Pequenos Eletrodomésticos"
"439506","Eletrodomésticos","Pequenos Eletrodomésticos"
"270187","Eletrodomésticos","Pequenos Eletrodomésticos"
"455146","Eletrodomésticos","Pequenos Eletrodomésticos"
"439514","Eletrodomésticos","Pequenos Eletrodomésticos"
"120248","Eletrodomésticos","Pequenos Eletrodomésticos"
"455149","Eletrodomésticos","Pequenos Eletrodomésticos"
"432783","Eletrodomésticos","Pequenos Eletrodomésticos"
"120240","Eletrodomésticos","Pequenos Eletrodomésticos"
"455109","Eletrodomésticos","Pequenos Eletrodomésticos"
"439513","Eletrodomésticos","Pequenos Eletrodomésticos"
"432849","Eletrodomésticos","Pequenos Eletrodomésticos"
"31678","Eletrodomésticos","Pequenos Eletrodomésticos"
"31675","Eletrodomésticos","Pequenos Eletrodomésticos"
"438290","Eletrodomésticos","Pequenos Eletrodomésticos"
"455158","Eletrodomésticos","Pequenos Eletrodomésticos"
"31683","Eletrodomésticos","Pequenos Eletrodomésticos"
"456055","Eletrodomésticos","Pequenos Eletrodomésticos"
"455663","Eletrodomésticos","Pequenos Eletrodomésticos"
"73056","Eletrodomésticos","Pequenos Eletrodomésticos"
"120446","Eletrodomésticos","Pequenos Eletrodomésticos"
"120242","Eletrodomésticos","Pequenos Eletrodomésticos"
"432848","Eletrodomésticos","Pequenos Eletrodomésticos"
"455114","Eletrodomésticos","Pequenos Eletrodomésticos"
"31674","Eletrodomésticos","Pequenos Eletrodomésticos"
"455115","Eletrodomésticos","Pequenos Eletrodomésticos"
"455153","Eletrodomésticos","Pequenos Eletrodomésticos"
"48773","Eletrodomésticos","Pequenos Eletrodomésticos"
"439511","Eletrodomésticos","Pequenos Eletrodomésticos"
"120246","Eletrodomésticos","Pequenos Eletrodomésticos"
"455549","Eletrodomésticos","Pequenos Eletrodomésticos"
"457933","Eletrodomésticos","Pequenos Eletrodomésticos"
"277492","Eletrodomésticos","Pequenos Eletrodomésticos"
"120245","Eletrodomésticos","Pequenos Eletrodomésticos"
"120348","Eletrodomésticos","Pequenos Eletrodomésticos"
"4339","Eletrodomésticos","Pequenos Eletrodomésticos"
"120241","Eletrodomésticos","Pequenos Eletrodomésticos"
"277435","Eletrodomésticos","Pequenos Eletrodomésticos"
"455141","Eletrodomésticos","Pequenos Eletrodomésticos"
"277718","Eletrodomésticos","Pequenos Eletrodomésticos"
"455156","Eletrodomésticos","Pequenos Eletrodomésticos"
"455140","Eletrodomésticos","Pequenos Eletrodomésticos"
"31689","Eletrodomésticos","Pequenos Eletrodomésticos"
"455713","Eletrodomésticos","Pequenos Eletrodomésticos"
"455118","Eletrodomésticos","Pequenos Eletrodomésticos"
"439512","Eletrodomésticos","Pequenos Eletrodomésticos"
"48730","Eletrodomésticos","Pequenos Eletrodomésticos"
"263570","Eletrodomésticos","Pequenos Eletrodomésticos"
"421823","Eletrodomésticos","Pequenos Eletrodomésticos"
"9188","Eletrodomésticos","Pequenos Eletrodomésticos"
"411106","Eletrodomésticos","Pequenos Eletrodomésticos"
"62076","Eletrodomésticos","Pequenos Eletrodomésticos"
"455145","Eletrodomésticos","Pequenos Eletrodomésticos"
"456107","Eletrodomésticos","Pequenos Eletrodomésticos"
"455148","Eletrodomésticos","Pequenos Eletrodomésticos"
"389246","Eletrodomésticos","Pequenos Eletrodomésticos"
"455116","Eletrodomésticos","Pequenos Eletrodomésticos"
"264357","Eletrodomésticos","Pequenos Eletrodomésticos"
"455147","Eletrodomésticos","Pequenos Eletrodomésticos"
"429279","Eletrodomésticos","Pequenos Eletrodomésticos"
"73055","Eletrodomésticos","Pequenos Eletrodomésticos"
"120373","Eletrodomésticos","Pequenos Eletrodomésticos"
"455157","Eletrodomésticos","Pequenos Eletrodomésticos"
"457810","Eletrodomésticos","Pequenos Eletrodomésticos"
"48666","Eletrodomésticos","Pequenos Eletrodomésticos"
"457934","Eletrodomésticos","Pequenos Eletrodomésticos"
"455155","Eletrodomésticos","Pequenos Eletrodomésticos"
"421824","Eletrodomésticos","Pequenos Eletrodomésticos"
"120346","Eletrodomésticos","Pequenos Eletrodomésticos"
"120237","Eletrodomésticos","Pequenos Eletrodomésticos"
"30220","Eletrodomésticos","Pequenos Eletrodomésticos"
"458488","Eletrodomésticos","Pequenos Eletrodomésticos"
"120307","Eletrodomésticos","Pequenos Eletrodomésticos"
"438298","Eletrodomésticos","Pequenos Eletrodomésticos"
"120347","Eletrodomésticos","Pequenos Eletrodomésticos"
"455126","Eletrodomésticos","Pequenos Eletrodomésticos"
"120244","Eletrodomésticos","Pequenos Eletrodomésticos"
"4337","Eletrodomésticos","Pequenos Eletrodomésticos"
"455151","Eletrodomésticos","Pequenos Eletrodomésticos"
"455117","Eletrodomésticos","Pequenos Eletrodomésticos"
"455154","Eletrodomésticos","Pequenos Eletrodomésticos"
"457765","Agro","Peças Maquinaria Agrícola"
"457664","Agro","Peças Maquinaria Agrícola"
"457130","Agro","Peças Maquinaria Agrícola"
"457649","Agro","Peças Maquinaria Agrícola"
"457730","Agro","Peças Maquinaria Agrícola"
"457764","Agro","Peças Maquinaria Agrícola"
"457587","Agro","Peças Maquinaria Agrícola"
"457782","Agro","Peças Maquinaria Agrícola"
"456868","Agro","Peças Maquinaria Agrícola"
"457245","Agro","Peças Maquinaria Agrícola"
"457251","Agro","Peças Maquinaria Agrícola"
"457683","Agro","Peças Maquinaria Agrícola"
"457591","Agro","Peças Maquinaria Agrícola"
"457622","Agro","Peças Maquinaria Agrícola"
"457597","Agro","Peças Maquinaria Agrícola"
"457783","Agro","Peças Maquinaria Agrícola"
"457258","Agro","Peças Maquinaria Agrícola"
"457240","Agro","Peças Maquinaria Agrícola"
"442375","Agro","Peças Maquinaria Agrícola"
"457692","Agro","Peças Maquinaria Agrícola"
"457277","Agro","Peças Maquinaria Agrícola"
"457571","Agro","Peças Maquinaria Agrícola"
"457145","Agro","Peças Maquinaria Agrícola"
"457620","Agro","Peças Maquinaria Agrícola"
"457758","Agro","Peças Maquinaria Agrícola"
"457739","Agro","Peças Maquinaria Agrícola"
"442387","Agro","Peças Maquinaria Agrícola"
"456911","Agro","Peças Maquinaria Agrícola"
"457598","Agro","Peças Maquinaria Agrícola"
"456864","Agro","Peças Maquinaria Agrícola"
"457241","Agro","Peças Maquinaria Agrícola"
"457204","Agro","Peças Maquinaria Agrícola"
"457766","Agro","Peças Maquinaria Agrícola"
"457689","Agro","Peças Maquinaria Agrícola"
"442383","Agro","Peças Maquinaria Agrícola"
"457255","Agro","Peças Maquinaria Agrícola"
"457642","Agro","Peças Maquinaria Agrícola"
"458057","Agro","Peças Maquinaria Agrícola"
"457155","Agro","Peças Maquinaria Agrícola"
"457663","Agro","Peças Maquinaria Agrícola"
"442372","Agro","Peças Maquinaria Agrícola"
"457665","Agro","Peças Maquinaria Agrícola"
"457320","Agro","Peças Maquinaria Agrícola"
"456914","Agro","Peças Maquinaria Agrícola"
"457579","Agro","Peças Maquinaria Agrícola"
"457677","Agro","Peças Maquinaria Agrícola"
"457619","Agro","Peças Maquinaria Agrícola"
"457737","Agro","Peças Maquinaria Agrícola"
"458003","Agro","Peças Maquinaria Agrícola"
"457658","Agro","Peças Maquinaria Agrícola"
"442370","Agro","Peças Maquinaria Agrícola"
"458777","Agro","Peças Maquinaria Agrícola"
"442376","Agro","Peças Maquinaria Agrícola"
"457723","Agro","Peças Maquinaria Agrícola"
"442366","Agro","Peças Maquinaria Agrícola"
"456898","Agro","Peças Maquinaria Agrícola"
"457666","Agro","Peças Maquinaria Agrícola"
"457569","Agro","Peças Maquinaria Agrícola"
"457699","Agro","Peças Maquinaria Agrícola"
"457626","Agro","Peças Maquinaria Agrícola"
"457708","Agro","Peças Maquinaria Agrícola"
"456915","Agro","Peças Maquinaria Agrícola"
"457609","Agro","Peças Maquinaria Agrícola"
"457137","Agro","Peças Maquinaria Agrícola"
"457968","Agro","Peças Maquinaria Agrícola"
"456890","Agro","Peças Maquinaria Agrícola"
"457674","Agro","Peças Maquinaria Agrícola"
"457676","Agro","Peças Maquinaria Agrícola"
"442359","Agro","Peças Maquinaria Agrícola"
"457738","Agro","Peças Maquinaria Agrícola"
"457094","Agro","Peças Maquinaria Agrícola"
"456867","Agro","Peças Maquinaria Agrícola"
"457592","Agro","Peças Maquinaria Agrícola"
"457695","Agro","Peças Maquinaria Agrícola"
"457618","Agro","Peças Maquinaria Agrícola"
"457572","Agro","Peças Maquinaria Agrícola"
"457278","Agro","Peças Maquinaria Agrícola"
"457753","Agro","Peças Maquinaria Agrícola"
"457632","Agro","Peças Maquinaria Agrícola"
"456920","Agro","Peças Maquinaria Agrícola"
"456897","Agro","Peças Maquinaria Agrícola"
"457668","Agro","Peças Maquinaria Agrícola"
"457637","Agro","Peças Maquinaria Agrícola"
"457671","Agro","Peças Maquinaria Agrícola"
"457289","Agro","Peças Maquinaria Agrícola"
"457578","Agro","Peças Maquinaria Agrícola"
"456919","Agro","Peças Maquinaria Agrícola"
"457746","Agro","Peças Maquinaria Agrícola"
"457711","Agro","Peças Maquinaria Agrícola"
"457702","Agro","Peças Maquinaria Agrícola"
"457257","Agro","Peças Maquinaria Agrícola"
"457321","Agro","Peças Maquinaria Agrícola"
"457673","Agro","Peças Maquinaria Agrícola"
"457774","Agro","Peças Maquinaria Agrícola"
"442367","Agro","Peças Maquinaria Agrícola"
"457141","Agro","Peças Maquinaria Agrícola"
"442381","Agro","Peças Maquinaria Agrícola"
"442378","Agro","Peças Maquinaria Agrícola"
"457150","Agro","Peças Maquinaria Agrícola"
"457605","Agro","Peças Maquinaria Agrícola"
"457682","Agro","Peças Maquinaria Agrícola"
"457568","Agro","Peças Maquinaria Agrícola"
"457279","Agro","Peças Maquinaria Agrícola"
"457606","Agro","Peças Maquinaria Agrícola"
"457748","Agro","Peças Maquinaria Agrícola"
"457701","Agro","Peças Maquinaria Agrícola"
"457580","Agro","Peças Maquinaria Agrícola"
"457585","Agro","Peças Maquinaria Agrícola"
"457679","Agro","Peças Maquinaria Agrícola"
"457607","Agro","Peças Maquinaria Agrícola"
"442369","Agro","Peças Maquinaria Agrícola"
"457698","Agro","Peças Maquinaria Agrícola"
"457688","Agro","Peças Maquinaria Agrícola"
"457778","Agro","Peças Maquinaria Agrícola"
"456872","Agro","Peças Maquinaria Agrícola"
"457780","Agro","Peças Maquinaria Agrícola"
"457583","Agro","Peças Maquinaria Agrícola"
"457736","Agro","Peças Maquinaria Agrícola"
"457205","Agro","Peças Maquinaria Agrícola"
"457564","Agro","Peças Maquinaria Agrícola"
"457686","Agro","Peças Maquinaria Agrícola"
"457582","Agro","Peças Maquinaria Agrícola"
"457654","Agro","Peças Maquinaria Agrícola"
"457244","Agro","Peças Maquinaria Agrícola"
"457286","Agro","Peças Maquinaria Agrícola"
"457747","Agro","Peças Maquinaria Agrícola"
"457166","Agro","Peças Maquinaria Agrícola"
"457635","Agro","Peças Maquinaria Agrícola"
"457735","Agro","Peças Maquinaria Agrícola"
"457156","Agro","Peças Maquinaria Agrícola"
"457655","Agro","Peças Maquinaria Agrícola"
"457197","Agro","Peças Maquinaria Agrícola"
"456895","Agro","Peças Maquinaria Agrícola"
"457706","Agro","Peças Maquinaria Agrícola"
"457254","Agro","Peças Maquinaria Agrícola"
"457768","Agro","Peças Maquinaria Agrícola"
"457602","Agro","Peças Maquinaria Agrícola"
"457624","Agro","Peças Maquinaria Agrícola"
"457760","Agro","Peças Maquinaria Agrícola"
"457100","Agro","Peças Maquinaria Agrícola"
"457721","Agro","Peças Maquinaria Agrícola"
"456879","Agro","Peças Maquinaria Agrícola"
"457645","Agro","Peças Maquinaria Agrícola"
"457169","Agro","Peças Maquinaria Agrícola"
"457703","Agro","Peças Maquinaria Agrícola"
"457755","Agro","Peças Maquinaria Agrícola"
"457600","Agro","Peças Maquinaria Agrícola"
"457636","Agro","Peças Maquinaria Agrícola"
"456917","Agro","Peças Maquinaria Agrícola"
"457070","Agro","Peças Maquinaria Agrícola"
"457651","Agro","Peças Maquinaria Agrícola"
"457681","Agro","Peças Maquinaria Agrícola"
"457652","Agro","Peças Maquinaria Agrícola"
"457099","Agro","Peças Maquinaria Agrícola"
"457685","Agro","Peças Maquinaria Agrícola"
"457612","Agro","Peças Maquinaria Agrícola"
"457625","Agro","Peças Maquinaria Agrícola"
"457095","Agro","Peças Maquinaria Agrícola"
"457763","Agro","Peças Maquinaria Agrícola"
"456901","Agro","Peças Maquinaria Agrícola"
"442368","Agro","Peças Maquinaria Agrícola"
"457724","Agro","Peças Maquinaria Agrícola"
"458034","Agro","Peças Maquinaria Agrícola"
"457690","Agro","Peças Maquinaria Agrícola"
"456880","Agro","Peças Maquinaria Agrícola"
"456871","Agro","Peças Maquinaria Agrícola"
"457263","Agro","Peças Maquinaria Agrícola"
"456865","Agro","Peças Maquinaria Agrícola"
"457140","Agro","Peças Maquinaria Agrícola"
"456905","Agro","Peças Maquinaria Agrícola"
"457285","Agro","Peças Maquinaria Agrícola"
"457705","Agro","Peças Maquinaria Agrícola"
"457641","Agro","Peças Maquinaria Agrícola"
"457596","Agro","Peças Maquinaria Agrícola"
"442377","Agro","Peças Maquinaria Agrícola"
"457733","Agro","Peças Maquinaria Agrícola"
"457769","Agro","Peças Maquinaria Agrícola"
"457691","Agro","Peças Maquinaria Agrícola"
"457712","Agro","Peças Maquinaria Agrícola"
"457243","Agro","Peças Maquinaria Agrícola"
"442373","Agro","Peças Maquinaria Agrícola"
"457731","Agro","Peças Maquinaria Agrícola"
"456869","Agro","Peças Maquinaria Agrícola"
"457718","Agro","Peças Maquinaria Agrícola"
"457629","Agro","Peças Maquinaria Agrícola"
"456951","Agro","Peças Maquinaria Agrícola"
"457696","Agro","Peças Maquinaria Agrícola"
"457687","Agro","Peças Maquinaria Agrícola"
"442379","Agro","Peças Maquinaria Agrícola"
"457977","Agro","Peças Maquinaria Agrícola"
"456894","Agro","Peças Maquinaria Agrícola"
"457653","Agro","Peças Maquinaria Agrícola"
"456900","Agro","Peças Maquinaria Agrícola"
"457128","Agro","Peças Maquinaria Agrícola"
"457662","Agro","Peças Maquinaria Agrícola"
"442371","Agro","Peças Maquinaria Agrícola"
"457092","Agro","Peças Maquinaria Agrícola"
"457756","Agro","Peças Maquinaria Agrícola"
"456912","Agro","Peças Maquinaria Agrícola"
"457143","Agro","Peças Maquinaria Agrícola"
"457777","Agro","Peças Maquinaria Agrícola"
"457144","Agro","Peças Maquinaria Agrícola"
"457680","Agro","Peças Maquinaria Agrícola"
"457096","Agro","Peças Maquinaria Agrícola"
"457630","Agro","Peças Maquinaria Agrícola"
"457138","Agro","Peças Maquinaria Agrícola"
"457767","Agro","Peças Maquinaria Agrícola"
"457201","Agro","Peças Maquinaria Agrícola"
"456893","Agro","Peças Maquinaria Agrícola"
"456906","Agro","Peças Maquinaria Agrícola"
"457262","Agro","Peças Maquinaria Agrícola"
"457740","Agro","Peças Maquinaria Agrícola"
"457717","Agro","Peças Maquinaria Agrícola"
"457595","Agro","Peças Maquinaria Agrícola"
"457288","Agro","Peças Maquinaria Agrícola"
"457617","Agro","Peças Maquinaria Agrícola"
"457603","Agro","Peças Maquinaria Agrícola"
"457745","Agro","Peças Maquinaria Agrícola"
"457570","Agro","Peças Maquinaria Agrícola"
"457161","Agro","Peças Maquinaria Agrícola"
"457954","Agro","Peças Maquinaria Agrícola"
"442384","Agro","Peças Maquinaria Agrícola"
"457269","Agro","Peças Maquinaria Agrícola"
"457283","Agro","Peças Maquinaria Agrícola"
"457751","Agro","Peças Maquinaria Agrícola"
"457776","Agro","Peças Maquinaria Agrícola"
"457657","Agro","Peças Maquinaria Agrícola"
"457097","Agro","Peças Maquinaria Agrícola"
"457678","Agro","Peças Maquinaria Agrícola"
"442380","Agro","Peças Maquinaria Agrícola"
"457693","Agro","Peças Maquinaria Agrícola"
"457567","Agro","Peças Maquinaria Agrícola"
"457631","Agro","Peças Maquinaria Agrícola"
"457284","Agro","Peças Maquinaria Agrícola"
"457270","Agro","Peças Maquinaria Agrícola"
"456918","Agro","Peças Maquinaria Agrícola"
"457139","Agro","Peças Maquinaria Agrícola"
"457644","Agro","Peças Maquinaria Agrícola"
"457967","Agro","Peças Maquinaria Agrícola"
"457762","Agro","Peças Maquinaria Agrícola"
"457187","Agro","Peças Maquinaria Agrícola"
"457963","Agro","Peças Maquinaria Agrícola"
"457670","Agro","Peças Maquinaria Agrícola"
"457628","Agro","Peças Maquinaria Agrícola"
"457601","Agro","Peças Maquinaria Agrícola"
"457604","Agro","Peças Maquinaria Agrícola"
"457728","Agro","Peças Maquinaria Agrícola"
"457610","Agro","Peças Maquinaria Agrícola"
"457750","Agro","Peças Maquinaria Agrícola"
"457729","Agro","Peças Maquinaria Agrícola"
"457643","Agro","Peças Maquinaria Agrícola"
"457714","Agro","Peças Maquinaria Agrícola"
"457203","Agro","Peças Maquinaria Agrícola"
"457198","Agro","Peças Maquinaria Agrícola"
"456878","Agro","Peças Maquinaria Agrícola"
"457160","Agro","Peças Maquinaria Agrícola"
"457291","Agro","Peças Maquinaria Agrícola"
"456904","Agro","Peças Maquinaria Agrícola"
"457242","Agro","Peças Maquinaria Agrícola"
"457973","Agro","Peças Maquinaria Agrícola"
"457589","Agro","Peças Maquinaria Agrícola"
"457719","Agro","Peças Maquinaria Agrícola"
"456908","Agro","Peças Maquinaria Agrícola"
"457757","Agro","Peças Maquinaria Agrícola"
"456902","Agro","Peças Maquinaria Agrícola"
"442374","Agro","Peças Maquinaria Agrícola"
"457098","Agro","Peças Maquinaria Agrícola"
"457608","Agro","Peças Maquinaria Agrícola"
"457590","Agro","Peças Maquinaria Agrícola"
"456881","Agro","Peças Maquinaria Agrícola"
"457575","Agro","Peças Maquinaria Agrícola"
"457713","Agro","Peças Maquinaria Agrícola"
"457684","Agro","Peças Maquinaria Agrícola"
"457761","Agro","Peças Maquinaria Agrícola"
"457616","Agro","Peças Maquinaria Agrícola"
"457639","Agro","Peças Maquinaria Agrícola"
"457611","Agro","Peças Maquinaria Agrícola"
"457627","Agro","Peças Maquinaria Agrícola"
"457734","Agro","Peças Maquinaria Agrícola"
"456909","Agro","Peças Maquinaria Agrícola"
"457716","Agro","Peças Maquinaria Agrícola"
"271468","Acessórios para Veículos","Peças Náuticas"
"455999","Acessórios para Veículos","Peças Náuticas"
"417121","Acessórios para Veículos","Peças Náuticas"
"456001","Acessórios para Veículos","Peças Náuticas"
"455995","Acessórios para Veículos","Peças Náuticas"
"456012","Acessórios para Veículos","Peças Náuticas"
"457972","Acessórios para Veículos","Peças Náuticas"
"456047","Acessórios para Veículos","Peças Náuticas"
"271473","Acessórios para Veículos","Peças Náuticas"
"271462","Acessórios para Veículos","Peças Náuticas"
"271434","Acessórios para Veículos","Peças Náuticas"
"46530","Acessórios para Veículos","Peças Náuticas"
"46558","Acessórios para Veículos","Peças Náuticas"
"457962","Acessórios para Veículos","Peças Náuticas"
"455978","Acessórios para Veículos","Peças Náuticas"
"271429","Acessórios para Veículos","Peças Náuticas"
"271638","Acessórios para Veículos","Peças Náuticas"
"431014","Acessórios para Veículos","Peças Náuticas"
"416195","Acessórios para Veículos","Peças Náuticas"
"455994","Acessórios para Veículos","Peças Náuticas"
"271472","Acessórios para Veículos","Peças Náuticas"
"456049","Acessórios para Veículos","Peças Náuticas"
"456003","Acessórios para Veículos","Peças Náuticas"
"271658","Acessórios para Veículos","Peças Náuticas"
"271469","Acessórios para Veículos","Peças Náuticas"
"457961","Acessórios para Veículos","Peças Náuticas"
"455997","Acessórios para Veículos","Peças Náuticas"
"271446","Acessórios para Veículos","Peças Náuticas"
"456000","Acessórios para Veículos","Peças Náuticas"
"455998","Acessórios para Veículos","Peças Náuticas"
"455974","Acessórios para Veículos","Peças Náuticas"
"456009","Acessórios para Veículos","Peças Náuticas"
"455991","Acessórios para Veículos","Peças Náuticas"
"271718","Acessórios para Veículos","Peças Náuticas"
"271475","Acessórios para Veículos","Peças Náuticas"
"455979","Acessórios para Veículos","Peças Náuticas"
"271725","Acessórios para Veículos","Peças Náuticas"
"271628","Acessórios para Veículos","Peças Náuticas"
"457958","Acessórios para Veículos","Peças Náuticas"
"433704","Acessórios para Veículos","Peças Náuticas"
"417122","Acessórios para Veículos","Peças Náuticas"
"455983","Acessórios para Veículos","Peças Náuticas"
"457955","Acessórios para Veículos","Peças Náuticas"
"455993","Acessórios para Veículos","Peças Náuticas"
"455975","Acessórios para Veículos","Peças Náuticas"
"456052","Acessórios para Veículos","Peças Náuticas"
"456002","Acessórios para Veículos","Peças Náuticas"
"455980","Acessórios para Veículos","Peças Náuticas"
"456050","Acessórios para Veículos","Peças Náuticas"
"271636","Acessórios para Veículos","Peças Náuticas"
"456007","Acessórios para Veículos","Peças Náuticas"
"417120","Acessórios para Veículos","Peças Náuticas"
"277939","Acessórios para Veículos","Peças Náuticas"
"455981","Acessórios para Veículos","Peças Náuticas"
"456010","Acessórios para Veículos","Peças Náuticas"
"417046","Acessórios para Veículos","Peças Náuticas"
"457965","Acessórios para Veículos","Peças Náuticas"
"455992","Acessórios para Veículos","Peças Náuticas"
"458000","Acessórios para Veículos","Peças Náuticas"
"271724","Acessórios para Veículos","Peças Náuticas"
"271726","Acessórios para Veículos","Peças Náuticas"
"271677","Acessórios para Veículos","Peças Náuticas"
"431982","Acessórios para Veículos","Peças Náuticas"
"456051","Acessórios para Veículos","Peças Náuticas"
"455982","Acessórios para Veículos","Peças Náuticas"
"417126","Acessórios para Veículos","Peças Náuticas"
"457969","Acessórios para Veículos","Peças Náuticas"
"431040","Acessórios para Veículos","Peças de Carros e Caminhonetes"
"459099","Acessórios para Veículos","Peças de Carros e Caminhonetes"
"264020","Acessórios para Veículos","Peças de Carros e Caminhonetes"
"459071","Acessórios para Veículos","Peças de Carros e Caminhonetes"
"428984","Acessórios para Veículos","Peças de Carros e Caminhonetes"
"458336","Acessórios para Veículos","Peças de Carros e Caminhonetes"
"271109","Acessórios para Veículos","Peças de Carros e Caminhonetes"
"458567","Acessórios para Veículos","Peças de Carros e Caminhonetes"
"458236","Acessórios para Veículos","Peças de Carros e Caminhonetes"
"47092","Acessórios para Veículos","Peças de Carros e Caminhonetes"
"459453","Acessórios para Veículos","Peças de Carros e Caminhonetes"
"194789","Acessórios para Veículos","Peças de Carros e Caminhonetes"
"432886","Acessórios para Veículos","Peças de Carros e Caminhonetes"
"194777","Acessórios para Veículos","Peças de Carros e Caminhonetes"
"458528","Acessórios para Veículos","Peças de Carros e Caminhonetes"
"458607","Acessórios para Veículos","Peças de Carros e Caminhonetes"
"193571","Acessórios para Veículos","Peças de Carros e Caminhonetes"
"428985","Acessórios para Veículos","Peças de Carros e Caminhonetes"
"428983","Acessórios para Veículos","Peças de Carros e Caminhonetes"
"459417","Acessórios para Veículos","Peças de Carros e Caminhonetes"
"373457","Acessórios para Veículos","Peças de Carros e Caminhonetes"
"458111","Acessórios para Veículos","Peças de Carros e Caminhonetes"
"431030","Acessórios para Veículos","Peças de Carros e Caminhonetes"
"458960","Acessórios para Veículos","Peças de Carros e Caminhonetes"
"459338","Acessórios para Veículos","Peças de Carros e Caminhonetes"
"459060","Acessórios para Veículos","Peças de Carros e Caminhonetes"
"416795","Acessórios para Veículos","Peças de Carros e Caminhonetes"
"459436","Acessórios para Veículos","Peças de Carros e Caminhonetes"
"439586","Acessórios para Veículos","Peças de Carros e Caminhonetes"
"458759","Acessórios para Veículos","Peças de Carros e Caminhonetes"
"458587","Acessórios para Veículos","Peças de Carros e Caminhonetes"
"459034","Acessórios para Veículos","Peças de Carros e Caminhonetes"
"430730","Acessórios para Veículos","Peças de Carros e Caminhonetes"
"458657","Acessórios para Veículos","Peças de Carros e Caminhonetes"
"193613","Acessórios para Veículos","Peças de Carros e Caminhonetes"
"458792","Acessórios para Veículos","Peças de Carros e Caminhonetes"
"63583","Acessórios para Veículos","Peças de Carros e Caminhonetes"
"458333","Acessórios para Veículos","Peças de Carros e Caminhonetes"
"458106","Acessórios para Veículos","Peças de Carros e Caminhonetes"
"193938","Acessórios para Veículos","Peças de Carros e Caminhonetes"
"458147","Acessórios para Veículos","Peças de Carros e Caminhonetes"
"193785","Acessórios para Veículos","Peças de Carros e Caminhonetes"
"458367","Acessórios para Veículos","Peças de Carros e Caminhonetes"
"194779","Acessórios para Veículos","Peças de Carros e Caminhonetes"
"459269","Acessórios para Veículos","Peças de Carros e Caminhonetes"
"458109","Acessórios para Veículos","Peças de Carros e Caminhonetes"
"458150","Acessórios para Veículos","Peças de Carros e Caminhonetes"
"7818","Acessórios para Veículos","Peças de Carros e Caminhonetes"
"458634","Acessórios para Veículos","Peças de Carros e Caminhonetes"
"458384","Acessórios para Veículos","Peças de Carros e Caminhonetes"
"459281","Acessórios para Veículos","Peças de Carros e Caminhonetes"
"458779","Acessórios para Veículos","Peças de Carros e Caminhonetes"
"459525","Acessórios para Veículos","Peças de Carros e Caminhonetes"
"260620","Acessórios para Veículos","Peças de Carros e Caminhonetes"
"458812","Acessórios para Veículos","Peças de Carros e Caminhonetes"
"63806","Acessórios para Veículos","Peças de Carros e Caminhonetes"
"459296","Acessórios para Veículos","Peças de Carros e Caminhonetes"
"458130","Acessórios para Veículos","Peças de Carros e Caminhonetes"
"459022","Acessórios para Veículos","Peças de Carros e Caminhonetes"
"458609","Acessórios para Veículos","Peças de Carros e Caminhonetes"
"458464","Acessórios para Veículos","Peças de Carros e Caminhonetes"
"190957","Acessórios para Veículos","Peças de Carros e Caminhonetes"
"459280","Acessórios para Veículos","Peças de Carros e Caminhonetes"
"458858","Acessórios para Veículos","Peças de Carros e Caminhonetes"
"458767","Acessórios para Veículos","Peças de Carros e Caminhonetes"
"458564","Acessórios para Veículos","Peças de Carros e Caminhonetes"
"458643","Acessórios para Veículos","Peças de Carros e Caminhonetes"
"459339","Acessórios para Veículos","Peças de Carros e Caminhonetes"
"458648","Acessórios para Veículos","Peças de Carros e Caminhonetes"
"458823","Acessórios para Veículos","Peças de Carros e Caminhonetes"
"458216","Acessórios para Veículos","Peças de Carros e Caminhonetes"
"458529","Acessórios para Veículos","Peças de Carros e Caminhonetes"
"47083","Acessórios para Veículos","Peças de Carros e Caminhonetes"
"459420","Acessórios para Veículos","Peças de Carros e Caminhonetes"
"459386","Acessórios para Veículos","Peças de Carros e Caminhonetes"
"194770","Acessórios para Veículos","Peças de Carros e Caminhonetes"
"193397","Acessórios para Veículos","Peças de Carros e Caminhonetes"
"458358","Acessórios para Veículos","Peças de Carros e Caminhonetes"
"458454","Acessórios para Veículos","Peças de Carros e Caminhonetes"
"458791","Acessórios para Veículos","Peças de Carros e Caminhonetes"
"458899","Acessórios para Veículos","Peças de Carros e Caminhonetes"
"459373","Acessórios para Veículos","Peças de Carros e Caminhonetes"
"194805","Acessórios para Veículos","Peças de Carros e Caminhonetes"
"431956","Acessórios para Veículos","Peças de Carros e Caminhonetes"
"192360","Acessórios para Veículos","Peças de Carros e Caminhonetes"
"459294","Acessórios para Veículos","Peças de Carros e Caminhonetes"
"458849","Acessórios para Veículos","Peças de Carros e Caminhonetes"
"270146","Acessórios para Veículos","Peças de Carros e Caminhonetes"
"459304","Acessórios para Veículos","Peças de Carros e Caminhonetes"
"459551","Acessórios para Veículos","Peças de Carros e Caminhonetes"
"459485","Acessórios para Veículos","Peças de Carros e Caminhonetes"
"458521","Acessórios para Veículos","Peças de Carros e Caminhonetes"
"194772","Acessórios para Veículos","Peças de Carros e Caminhonetes"
"458335","Acessórios para Veículos","Peças de Carros e Caminhonetes"
"458545","Acessórios para Veículos","Peças de Carros e Caminhonetes"
"63512","Acessórios para Veículos","Peças de Carros e Caminhonetes"
"458959","Acessórios para Veículos","Peças de Carros e Caminhonetes"
"458697","Acessórios para Veículos","Peças de Carros e Caminhonetes"
"458523","Acessórios para Veículos","Peças de Carros e Caminhonetes"
"458796","Acessórios para Veículos","Peças de Carros e Caminhonetes"
"191708","Acessórios para Veículos","Peças de Carros e Caminhonetes"
"458579","Acessórios para Veículos","Peças de Carros e Caminhonetes"
"458824","Acessórios para Veículos","Peças de Carros e Caminhonetes"
"458885","Acessórios para Veículos","Peças de Carros e Caminhonetes"
"47126","Acessórios para Veículos","Peças de Carros e Caminhonetes"
"458258","Acessórios para Veículos","Peças de Carros e Caminhonetes"
"458107","Acessórios para Veículos","Peças de Carros e Caminhonetes"
"458629","Acessórios para Veículos","Peças de Carros e Caminhonetes"
"459409","Acessórios para Veículos","Peças de Carros e Caminhonetes"
"459379","Acessórios para Veículos","Peças de Carros e Caminhonetes"
"458830","Acessórios para Veículos","Peças de Carros e Caminhonetes"
"458912","Acessórios para Veículos","Peças de Carros e Caminhonetes"
"459098","Acessórios para Veículos","Peças de Carros e Caminhonetes"
"458451","Acessórios para Veículos","Peças de Carros e Caminhonetes"
"458662","Acessórios para Veículos","Peças de Carros e Caminhonetes"
"458167","Acessórios para Veículos","Peças de Carros e Caminhonetes"
"440328","Acessórios para Veículos","Peças de Carros e Caminhonetes"
"431271","Acessórios para Veículos","Peças de Carros e Caminhonetes"
"458930","Acessórios para Veículos","Peças de Carros e Caminhonetes"
"22714","Acessórios para Veículos","Peças de Carros e Caminhonetes"
"47110","Acessórios para Veículos","Peças de Carros e Caminhonetes"
"190976","Acessórios para Veículos","Peças de Carros e Caminhonetes"
"458888","Acessórios para Veículos","Peças de Carros e Caminhonetes"
"458266","Acessórios para Veículos","Peças de Carros e Caminhonetes"
"194816","Acessórios para Veículos","Peças de Carros e Caminhonetes"
"458441","Acessórios para Veículos","Peças de Carros e Caminhonetes"
"458669","Acessórios para Veículos","Peças de Carros e Caminhonetes"
"459036","Acessórios para Veículos","Peças de Carros e Caminhonetes"
"458339","Acessórios para Veículos","Peças de Carros e Caminhonetes"
"458683","Acessórios para Veículos","Peças de Carros e Caminhonetes"
"459024","Acessórios para Veículos","Peças de Carros e Caminhonetes"
"190954","Acessórios para Veículos","Peças de Carros e Caminhonetes"
"459096","Acessórios para Veículos","Peças de Carros e Caminhonetes"
"271698","Acessórios para Veículos","Peças de Carros e Caminhonetes"
"458787","Acessórios para Veículos","Peças de Carros e Caminhonetes"
"458880","Acessórios para Veículos","Peças de Carros e Caminhonetes"
"251641","Acessórios para Veículos","Peças de Carros e Caminhonetes"
"458096","Acessórios para Veículos","Peças de Carros e Caminhonetes"
"458152","Acessórios para Veículos","Peças de Carros e Caminhonetes"
"458445","Acessórios para Veículos","Peças de Carros e Caminhonetes"
"194702","Acessórios para Veículos","Peças de Carros e Caminhonetes"
"271145","Acessórios para Veículos","Peças de Carros e Caminhonetes"
"439568","Acessórios para Veículos","Peças de Carros e Caminhonetes"
"458951","Acessórios para Veículos","Peças de Carros e Caminhonetes"
"458784","Acessórios para Veículos","Peças de Carros e Caminhonetes"
"115604","Acessórios para Veículos","Peças de Carros e Caminhonetes"
"458578","Acessórios para Veículos","Peças de Carros e Caminhonetes"
"458420","Acessórios para Veículos","Peças de Carros e Caminhonetes"
"459529","Acessórios para Veículos","Peças de Carros e Caminhonetes"
"459285","Acessórios para Veículos","Peças de Carros e Caminhonetes"
"458666","Acessórios para Veículos","Peças de Carros e Caminhonetes"
"458661","Acessórios para Veículos","Peças de Carros e Caminhonetes"
"459428","Acessórios para Veículos","Peças de Carros e Caminhonetes"
"277569","Acessórios para Veículos","Peças de Carros e Caminhonetes"
"192366","Acessórios para Veículos","Peças de Carros e Caminhonetes"
"63743","Acessórios para Veículos","Peças de Carros e Caminhonetes"
"191704","Acessórios para Veículos","Peças de Carros e Caminhonetes"
"47115","Acessórios para Veículos","Peças de Carros e Caminhonetes"
"63463","Acessórios para Veículos","Peças de Carros e Caminhonetes"
"191713","Acessórios para Veículos","Peças de Carros e Caminhonetes"
"47132","Acessórios para Veículos","Peças de Carros e Caminhonetes"
"459125","Acessórios para Veículos","Peças de Carros e Caminhonetes"
"192566","Acessórios para Veículos","Peças de Carros e Caminhonetes"
"63556","Acessórios para Veículos","Peças de Carros e Caminhonetes"
"458728","Acessórios para Veículos","Peças de Carros e Caminhonetes"
"373149","Acessórios para Veículos","Peças de Carros e Caminhonetes"
"459380","Acessórios para Veículos","Peças de Carros e Caminhonetes"
"459532","Acessórios para Veículos","Peças de Carros e Caminhonetes"
"459040","Acessórios para Veículos","Peças de Carros e Caminhonetes"
"431036","Acessórios para Veículos","Peças de Carros e Caminhonetes"
"459270","Acessórios para Veículos","Peças de Carros e Caminhonetes"
"47088","Acessórios para Veículos","Peças de Carros e Caminhonetes"
"458542","Acessórios para Veículos","Peças de Carros e Caminhonetes"
"2221","Acessórios para Veículos","Peças de Carros e Caminhonetes"
"459109","Acessórios para Veículos","Peças de Carros e Caminhonetes"
"458991","Acessórios para Veículos","Peças de Carros e Caminhonetes"
"458785","Acessórios para Veículos","Peças de Carros e Caminhonetes"
"63736","Acessórios para Veículos","Peças de Carros e Caminhonetes"
"458558","Acessórios para Veículos","Peças de Carros e Caminhonetes"
"60608","Acessórios para Veículos","Peças de Carros e Caminhonetes"
"459411","Acessórios para Veículos","Peças de Carros e Caminhonetes"
"63770","Acessórios para Veículos","Peças de Carros e Caminhonetes"
"458532","Acessórios para Veículos","Peças de Carros e Caminhonetes"
"459426","Acessórios para Veículos","Peças de Carros e Caminhonetes"
"459371","Acessórios para Veículos","Peças de Carros e Caminhonetes"
"459131","Acessórios para Veículos","Peças de Carros e Caminhonetes"
"458444","Acessórios para Veículos","Peças de Carros e Caminhonetes"
"193882","Acessórios para Veículos","Peças de Carros e Caminhonetes"
"194135","Acessórios para Veículos","Peças de Carros e Caminhonetes"
"47098","Acessórios para Veículos","Peças de Carros e Caminhonetes"
"252556","Acessórios para Veículos","Peças de Carros e Caminhonetes"
"458740","Acessórios para Veículos","Peças de Carros e Caminhonetes"
"459321","Acessórios para Veículos","Peças de Carros e Caminhonetes"
"458729","Acessórios para Veículos","Peças de Carros e Caminhonetes"
"439544","Acessórios para Veículos","Peças de Carros e Caminhonetes"
"458158","Acessórios para Veículos","Peças de Carros e Caminhonetes"
"458919","Acessórios para Veículos","Peças de Carros e Caminhonetes"
"458966","Acessórios para Veículos","Peças de Carros e Caminhonetes"
"459110","Acessórios para Veículos","Peças de Carros e Caminhonetes"
"46679","Acessórios para Veículos","Peças de Carros e Caminhonetes"
"63829","Acessórios para Veículos","Peças de Carros e Caminhonetes"
"194835","Acessórios para Veículos","Peças de Carros e Caminhonetes"
"194024","Acessórios para Veículos","Peças de Carros e Caminhonetes"
"458157","Acessórios para Veículos","Peças de Carros e Caminhonetes"
"458589","Acessórios para Veículos","Peças de Carros e Caminhonetes"
"458352","Acessórios para Veículos","Peças de Carros e Caminhonetes"
"193390","Acessórios para Veículos","Peças de Carros e Caminhonetes"
"271131","Acessórios para Veículos","Peças de Carros e Caminhonetes"
"63815","Acessórios para Veículos","Peças de Carros e Caminhonetes"
"459390","Acessórios para Veículos","Peças de Carros e Caminhonetes"
"459100","Acessórios para Veículos","Peças de Carros e Caminhonetes"
"373466","Acessórios para Veículos","Peças de Carros e Caminhonetes"
"458677","Acessórios para Veículos","Peças de Carros e Caminhonetes"
"458883","Acessórios para Veículos","Peças de Carros e Caminhonetes"
"458818","Acessórios para Veículos","Peças de Carros e Caminhonetes"
"194056","Acessórios para Veículos","Peças de Carros e Caminhonetes"
"458752","Acessórios para Veículos","Peças de Carros e Caminhonetes"
"459059","Acessórios para Veículos","Peças de Carros e Caminhonetes"
"194790","Acessórios para Veículos","Peças de Carros e Caminhonetes"
"459413","Acessórios para Veículos","Peças de Carros e Caminhonetes"
"458337","Acessórios para Veículos","Peças de Carros e Caminhonetes"
"459547","Acessórios para Veículos","Peças de Carros e Caminhonetes"
"417192","Acessórios para Veículos","Peças de Carros e Caminhonetes"
"430738","Acessórios para Veículos","Peças de Carros e Caminhonetes"
"115601","Acessórios para Veículos","Peças de Carros e Caminhonetes"
"459037","Acessórios para Veículos","Peças de Carros e Caminhonetes"
"458481","Acessórios para Veículos","Peças de Carros e Caminhonetes"
"459500","Acessórios para Veículos","Peças de Carros e Caminhonetes"
"459282","Acessórios para Veículos","Peças de Carros e Caminhonetes"
"458144","Acessórios para Veículos","Peças de Carros e Caminhonetes"
"459092","Acessórios para Veículos","Peças de Carros e Caminhonetes"
"458504","Acessórios para Veículos","Peças de Carros e Caminhonetes"
"458617","Acessórios para Veículos","Peças de Carros e Caminhonetes"
"458562","Acessórios para Veículos","Peças de Carros e Caminhonetes"
"63484","Acessórios para Veículos","Peças de Carros e Caminhonetes"
"2235","Acessórios para Veículos","Peças de Carros e Caminhonetes"
"458845","Acessórios para Veículos","Peças de Carros e Caminhonetes"
"459064","Acessórios para Veículos","Peças de Carros e Caminhonetes"
"458838","Acessórios para Veículos","Peças de Carros e Caminhonetes"
"458877","Acessórios para Veículos","Peças de Carros e Caminhonetes"
"191726","Acessórios para Veículos","Peças de Carros e Caminhonetes"
"433573","Acessórios para Veículos","Peças de Carros e Caminhonetes"
"459552","Acessórios para Veículos","Peças de Carros e Caminhonetes"
"194057","Acessórios para Veículos","Peças de Carros e Caminhonetes"
"458202","Acessórios para Veículos","Peças de Carros e Caminhonetes"
"458626","Acessórios para Veículos","Peças de Carros e Caminhonetes"
"192166","Acessórios para Veículos","Peças de Carros e Caminhonetes"
"45880","Acessórios para Veículos","Peças de Carros e Caminhonetes"
"458981","Acessórios para Veículos","Peças de Carros e Caminhonetes"
"459530","Acessórios para Veículos","Peças de Carros e Caminhonetes"
"458793","Acessórios para Veículos","Peças de Carros e Caminhonetes"
"458154","Acessórios para Veículos","Peças de Carros e Caminhonetes"
"191703","Acessórios para Veículos","Peças de Carros e Caminhonetes"
"458847","Acessórios para Veículos","Peças de Carros e Caminhonetes"
"459433","Acessórios para Veículos","Peças de Carros e Caminhonetes"
"458334","Acessórios para Veículos","Peças de Carros e Caminhonetes"
"376268","Acessórios para Veículos","Peças de Carros e Caminhonetes"
"458778","Acessórios para Veículos","Peças de Carros e Caminhonetes"
"459481","Acessórios para Veículos","Peças de Carros e Caminhonetes"
"459062","Acessórios para Veículos","Peças de Carros e Caminhonetes"
"47089","Acessórios para Veículos","Peças de Carros e Caminhonetes"
"63712","Acessórios para Veículos","Peças de Carros e Caminhonetes"
"458655","Acessórios para Veículos","Peças de Carros e Caminhonetes"
"458975","Acessórios para Veículos","Peças de Carros e Caminhonetes"
"191716","Acessórios para Veículos","Peças de Carros e Caminhonetes"
"458746","Acessórios para Veículos","Peças de Carros e Caminhonetes"
"459378","Acessórios para Veículos","Peças de Carros e Caminhonetes"
"429458","Acessórios para Veículos","Peças de Carros e Caminhonetes"
"63822","Acessórios para Veículos","Peças de Carros e Caminhonetes"
"458627","Acessórios para Veículos","Peças de Carros e Caminhonetes"
"431949","Acessórios para Veículos","Peças de Carros e Caminhonetes"
"271124","Acessórios para Veículos","Peças de Carros e Caminhonetes"
"459491","Acessórios para Veículos","Peças de Carros e Caminhonetes"
"458330","Acessórios para Veículos","Peças de Carros e Caminhonetes"
"459090","Acessórios para Veículos","Peças de Carros e Caminhonetes"
"432522","Acessórios para Veículos","Peças de Carros e Caminhonetes"
"458935","Acessórios para Veículos","Peças de Carros e Caminhonetes"
"458471","Acessórios para Veículos","Peças de Carros e Caminhonetes"
"458988","Acessórios para Veículos","Peças de Carros e Caminhonetes"
"458811","Acessórios para Veículos","Peças de Carros e Caminhonetes"
"47091","Acessórios para Veículos","Peças de Carros e Caminhonetes"
"459279","Acessórios para Veículos","Peças de Carros e Caminhonetes"
"432285","Acessórios para Veículos","Peças de Carros e Caminhonetes"
"458742","Acessórios para Veículos","Peças de Carros e Caminhonetes"
"269575","Acessórios para Veículos","Peças de Carros e Caminhonetes"
"458378","Acessórios para Veículos","Peças de Carros e Caminhonetes"
"459067","Acessórios para Veículos","Peças de Carros e Caminhonetes"
"63772","Acessórios para Veículos","Peças de Carros e Caminhonetes"
"63586","Acessórios para Veículos","Peças de Carros e Caminhonetes"
"193398","Acessórios para Veículos","Peças de Carros e Caminhonetes"
"433652","Acessórios para Veículos","Peças de Carros e Caminhonetes"
"458610","Acessórios para Veículos","Peças de Carros e Caminhonetes"
"22735","Acessórios para Veículos","Peças de Carros e Caminhonetes"
"194828","Acessórios para Veículos","Peças de Carros e Caminhonetes"
"458203","Acessórios para Veículos","Peças de Carros e Caminhonetes"
"47117","Acessórios para Veículos","Peças de Carros e Caminhonetes"
"459527","Acessórios para Veículos","Peças de Carros e Caminhonetes"
"458612","Acessórios para Veículos","Peças de Carros e Caminhonetes"
"459084","Acessórios para Veículos","Peças de Carros e Caminhonetes"
"458738","Acessórios para Veículos","Peças de Carros e Caminhonetes"
"458891","Acessórios para Veículos","Peças de Carros e Caminhonetes"
"459384","Acessórios para Veículos","Peças de Carros e Caminhonetes"
"459414","Acessórios para Veículos","Peças de Carros e Caminhonetes"
"458985","Acessórios para Veículos","Peças de Carros e Caminhonetes"
"192568","Acessórios para Veículos","Peças de Carros e Caminhonetes"
"459005","Acessórios para Veículos","Peças de Carros e Caminhonetes"
"458892","Acessórios para Veículos","Peças de Carros e Caminhonetes"
"458569","Acessórios para Veículos","Peças de Carros e Caminhonetes"
"459534","Acessórios para Veículos","Peças de Carros e Caminhonetes"
"458346","Acessórios para Veículos","Peças de Carros e Caminhonetes"
"459303","Acessórios para Veículos","Peças de Carros e Caminhonetes"
"459093","Acessórios para Veículos","Peças de Carros e Caminhonetes"
"194168","Acessórios para Veículos","Peças de Carros e Caminhonetes"
"459486","Acessórios para Veículos","Peças de Carros e Caminhonetes"
"458577","Acessórios para Veículos","Peças de Carros e Caminhonetes"
"63771","Acessórios para Veículos","Peças de Carros e Caminhonetes"
"2232","Acessórios para Veículos","Peças de Carros e Caminhonetes"
"458591","Acessórios para Veículos","Peças de Carros e Caminhonetes"
"458760","Acessórios para Veículos","Peças de Carros e Caminhonetes"
"459089","Acessórios para Veículos","Peças de Carros e Caminhonetes"
"458524","Acessórios para Veículos","Peças de Carros e Caminhonetes"
"458078","Acessórios para Veículos","Peças de Carros e Caminhonetes"
"458600","Acessórios para Veículos","Peças de Carros e Caminhonetes"
"458143","Acessórios para Veículos","Peças de Carros e Caminhonetes"
"190953","Acessórios para Veículos","Peças de Carros e Caminhonetes"
"458485","Acessórios para Veículos","Peças de Carros e Caminhonetes"
"458160","Acessórios para Veículos","Peças de Carros e Caminhonetes"
"459306","Acessórios para Veículos","Peças de Carros e Caminhonetes"
"458867","Acessórios para Veículos","Peças de Carros e Caminhonetes"
"193531","Acessórios para Veículos","Peças de Carros e Caminhonetes"
"194775","Acessórios para Veículos","Peças de Carros e Caminhonetes"
"458479","Acessórios para Veículos","Peças de Carros e Caminhonetes"
"430784","Acessórios para Veículos","Peças de Carros e Caminhonetes"
"459337","Acessórios para Veículos","Peças de Carros e Caminhonetes"
"458893","Acessórios para Veículos","Peças de Carros e Caminhonetes"
"458936","Acessórios para Veículos","Peças de Carros e Caminhonetes"
"101765","Acessórios para Veículos","Peças de Carros e Caminhonetes"
"194174","Acessórios para Veículos","Peças de Carros e Caminhonetes"
"192361","Acessórios para Veículos","Peças de Carros e Caminhonetes"
"458832","Acessórios para Veículos","Peças de Carros e Caminhonetes"
"116902","Acessórios para Veículos","Peças de Carros e Caminhonetes"
"458802","Acessórios para Veículos","Peças de Carros e Caminhonetes"
"389308","Acessórios para Veículos","Peças de Carros e Caminhonetes"
"458480","Acessórios para Veículos","Peças de Carros e Caminhonetes"
"458726","Acessórios para Veículos","Peças de Carros e Caminhonetes"
"459518","Acessórios para Veículos","Peças de Carros e Caminhonetes"
"458085","Acessórios para Veículos","Peças de Carros e Caminhonetes"
"458547","Acessórios para Veículos","Peças de Carros e Caminhonetes"
"459268","Acessórios para Veículos","Peças de Carros e Caminhonetes"
"459070","Acessórios para Veículos","Peças de Carros e Caminhonetes"
"458920","Acessórios para Veículos","Peças de Carros e Caminhonetes"
"459385","Acessórios para Veículos","Peças de Carros e Caminhonetes"
"459286","Acessórios para Veículos","Peças de Carros e Caminhonetes"
"194429","Acessórios para Veículos","Peças de Carros e Caminhonetes"
"190955","Acessórios para Veículos","Peças de Carros e Caminhonetes"
"194169","Acessórios para Veículos","Peças de Carros e Caminhonetes"
"458941","Acessórios para Veículos","Peças de Carros e Caminhonetes"
"459288","Acessórios para Veículos","Peças de Carros e Caminhonetes"
"458555","Acessórios para Veículos","Peças de Carros e Caminhonetes"
"270299","Acessórios para Veículos","Peças de Carros e Caminhonetes"
"458535","Acessórios para Veículos","Peças de Carros e Caminhonetes"
"63462","Acessórios para Veículos","Peças de Carros e Caminhonetes"
"191083","Acessórios para Veículos","Peças de Carros e Caminhonetes"
"458550","Acessórios para Veículos","Peças de Carros e Caminhonetes"
"459292","Acessórios para Veículos","Peças de Carros e Caminhonetes"
"458118","Acessórios para Veículos","Peças de Carros e Caminhonetes"
"432476","Acessórios para Veículos","Peças de Carros e Caminhonetes"
"459311","Acessórios para Veículos","Peças de Carros e Caminhonetes"
"194743","Acessórios para Veículos","Peças de Carros e Caminhonetes"
"458385","Acessórios para Veículos","Peças de Carros e Caminhonetes"
"458436","Acessórios para Veículos","Peças de Carros e Caminhonetes"
"459278","Acessórios para Veículos","Peças de Carros e Caminhonetes"
"194764","Acessórios para Veículos","Peças de Carros e Caminhonetes"
"458994","Acessórios para Veículos","Peças de Carros e Caminhonetes"
"47111","Acessórios para Veículos","Peças de Carros e Caminhonetes"
"63737","Acessórios para Veículos","Peças de Carros e Caminhonetes"
"459493","Acessórios para Veículos","Peças de Carros e Caminhonetes"
"458727","Acessórios para Veículos","Peças de Carros e Caminhonetes"
"277571","Acessórios para Veículos","Peças de Carros e Caminhonetes"
"459124","Acessórios para Veículos","Peças de Carros e Caminhonetes"
"458527","Acessórios para Veículos","Peças de Carros e Caminhonetes"
"459412","Acessórios para Veículos","Peças de Carros e Caminhonetes"
"459377","Acessórios para Veículos","Peças de Carros e Caminhonetes"
"459065","Acessórios para Veículos","Peças de Carros e Caminhonetes"
"459383","Acessórios para Veículos","Peças de Carros e Caminhonetes"
"458850","Acessórios para Veículos","Peças de Carros e Caminhonetes"
"459501","Acessórios para Veículos","Peças de Carros e Caminhonetes"
"190944","Acessórios para Veículos","Peças de Carros e Caminhonetes"
"458801","Acessórios para Veículos","Peças de Carros e Caminhonetes"
"191082","Acessórios para Veículos","Peças de Carros e Caminhonetes"
"459558","Acessórios para Veículos","Peças de Carros e Caminhonetes"
"458257","Acessórios para Veículos","Peças de Carros e Caminhonetes"
"458554","Acessórios para Veículos","Peças de Carros e Caminhonetes"
"439833","Acessórios para Veículos","Peças de Carros e Caminhonetes"
"458956","Acessórios para Veículos","Peças de Carros e Caminhonetes"
"270881","Acessórios para Veículos","Peças de Carros e Caminhonetes"
"459052","Acessórios para Veículos","Peças de Carros e Caminhonetes"
"193530","Acessórios para Veículos","Peças de Carros e Caminhonetes"
"193805","Acessórios para Veículos","Peças de Carros e Caminhonetes"
"458624","Acessórios para Veículos","Peças de Carros e Caminhonetes"
"376130","Acessórios para Veículos","Peças de Carros e Caminhonetes"
"458952","Acessórios para Veículos","Peças de Carros e Caminhonetes"
"459370","Acessórios para Veículos","Peças de Carros e Caminhonetes"
"458873","Acessórios para Veículos","Peças de Carros e Caminhonetes"
"60667","Acessórios para Veículos","Peças de Carros e Caminhonetes"
"459113","Acessórios para Veículos","Peças de Carros e Caminhonetes"
"63555","Acessórios para Veículos","Peças de Carros e Caminhonetes"
"439682","Acessórios para Veículos","Peças de Carros e Caminhonetes"
"458522","Acessórios para Veículos","Peças de Carros e Caminhonetes"
"431961","Acessórios para Veículos","Peças de Carros e Caminhonetes"
"458132","Acessórios para Veículos","Peças de Carros e Caminhonetes"
"459114","Acessórios para Veículos","Peças de Carros e Caminhonetes"
"194173","Acessórios para Veículos","Peças de Carros e Caminhonetes"
"227955","Acessórios para Veículos","Peças de Carros e Caminhonetes"
"458228","Acessórios para Veículos","Peças de Carros e Caminhonetes"
"458872","Acessórios para Veículos","Peças de Carros e Caminhonetes"
"193934","Acessórios para Veículos","Peças de Carros e Caminhonetes"
"458724","Acessórios para Veículos","Peças de Carros e Caminhonetes"
"459490","Acessórios para Veículos","Peças de Carros e Caminhonetes"
"459265","Acessórios para Veículos","Peças de Carros e Caminhonetes"
"458198","Acessórios para Veículos","Peças de Carros e Caminhonetes"
"459318","Acessórios para Veículos","Peças de Carros e Caminhonetes"
"458653","Acessórios para Veículos","Peças de Carros e Caminhonetes"
"458381","Acessórios para Veículos","Peças de Carros e Caminhonetes"
"458361","Acessórios para Veículos","Peças de Carros e Caminhonetes"
"458631","Acessórios para Veículos","Peças de Carros e Caminhonetes"
"458753","Acessórios para Veículos","Peças de Carros e Caminhonetes"
"459393","Acessórios para Veículos","Peças de Carros e Caminhonetes"
"439572","Acessórios para Veículos","Peças de Carros e Caminhonetes"
"47097","Acessórios para Veículos","Peças de Carros e Caminhonetes"
"63735","Acessórios para Veículos","Peças de Carros e Caminhonetes"
"269574","Acessórios para Veículos","Peças de Carros e Caminhonetes"
"459299","Acessórios para Veículos","Peças de Carros e Caminhonetes"
"459482","Acessórios para Veículos","Peças de Carros e Caminhonetes"
"458758","Acessórios para Veículos","Peças de Carros e Caminhonetes"
"458649","Acessórios para Veículos","Peças de Carros e Caminhonetes"
"458123","Acessórios para Veículos","Peças de Carros e Caminhonetes"
"458168","Acessórios para Veículos","Peças de Carros e Caminhonetes"
"458340","Acessórios para Veículos","Peças de Carros e Caminhonetes"
"188061","Acessórios para Veículos","Peças de Carros e Caminhonetes"
"115599","Acessórios para Veículos","Peças de Carros e Caminhonetes"
"439507","Acessórios para Veículos","Peças de Carros e Caminhonetes"
"458219","Acessórios para Veículos","Peças de Carros e Caminhonetes"
"458224","Acessórios para Veículos","Peças de Carros e Caminhonetes"
"458764","Acessórios para Veículos","Peças de Carros e Caminhonetes"
"194055","Acessórios para Veículos","Peças de Carros e Caminhonetes"
"458254","Acessórios para Veículos","Peças de Carros e Caminhonetes"
"190942","Acessórios para Veículos","Peças de Carros e Caminhonetes"
"459548","Acessórios para Veículos","Peças de Carros e Caminhonetes"
"439678","Acessórios para Veículos","Peças de Carros e Caminhonetes"
"458999","Acessórios para Veículos","Peças de Carros e Caminhonetes"
"458565","Acessórios para Veículos","Peças de Carros e Caminhonetes"
"447347","Acessórios para Veículos","Peças de Carros e Caminhonetes"
"458440","Acessórios para Veículos","Peças de Carros e Caminhonetes"
"270689","Acessórios para Veículos","Peças de Carros e Caminhonetes"
"212730","Acessórios para Veículos","Peças de Carros e Caminhonetes"
"458443","Acessórios para Veículos","Peças de Carros e Caminhonetes"
"459297","Acessórios para Veículos","Peças de Carros e Caminhonetes"
"458854","Acessórios para Veículos","Peças de Carros e Caminhonetes"
"459120","Acessórios para Veículos","Peças de Carros e Caminhonetes"
"459074","Acessórios para Veículos","Peças de Carros e Caminhonetes"
"459410","Acessórios para Veículos","Peças de Carros e Caminhonetes"
"458238","Acessórios para Veículos","Peças de Carros e Caminhonetes"
"191712","Acessórios para Veículos","Peças de Carros e Caminhonetes"
"458259","Acessórios para Veículos","Peças de Carros e Caminhonetes"
"458814","Acessórios para Veículos","Peças de Carros e Caminhonetes"
"431909","Acessórios para Veículos","Peças de Carros e Caminhonetes"
"458101","Acessórios para Veículos","Peças de Carros e Caminhonetes"
"430189","Acessórios para Veículos","Peças de Carros e Caminhonetes"
"459030","Acessórios para Veículos","Peças de Carros e Caminhonetes"
"459335","Acessórios para Veículos","Peças de Carros e Caminhonetes"
"458714","Acessórios para Veículos","Peças de Carros e Caminhonetes"
"459539","Acessórios para Veículos","Peças de Carros e Caminhonetes"
"47094","Acessórios para Veículos","Peças de Carros e Caminhonetes"
"458719","Acessórios para Veículos","Peças de Carros e Caminhonetes"
"22715","Acessórios para Veículos","Peças de Carros e Caminhonetes"
"459505","Acessórios para Veículos","Peças de Carros e Caminhonetes"
"47113","Acessórios para Veículos","Peças de Carros e Caminhonetes"
"190943","Acessórios para Veículos","Peças de Carros e Caminhonetes"
"458002","Acessórios para Veículos","Peças de Carros e Caminhonetes"
"459097","Acessórios para Veículos","Peças de Carros e Caminhonetes"
"458720","Acessórios para Veículos","Peças de Carros e Caminhonetes"
"194388","Acessórios para Veículos","Peças de Carros e Caminhonetes"
"458889","Acessórios para Veículos","Peças de Carros e Caminhonetes"
"458671","Acessórios para Veículos","Peças de Carros e Caminhonetes"
"458462","Acessórios para Veículos","Peças de Carros e Caminhonetes"
"459443","Acessórios para Veículos","Peças de Carros e Caminhonetes"
"458837","Acessórios para Veículos","Peças de Carros e Caminhonetes"
"458673","Acessórios para Veículos","Peças de Carros e Caminhonetes"
"458474","Acessórios para Veículos","Peças de Carros e Caminhonetes"
"458573","Acessórios para Veículos","Peças de Carros e Caminhonetes"
"459480","Acessórios para Veículos","Peças de Carros e Caminhonetes"
"459442","Acessórios para Veículos","Peças de Carros e Caminhonetes"
"458721","Acessórios para Veículos","Peças de Carros e Caminhonetes"
"458699","Acessórios para Veículos","Peças de Carros e Caminhonetes"
"269568","Acessórios para Veículos","Peças de Carros e Caminhonetes"
"458162","Acessórios para Veículos","Peças de Carros e Caminhonetes"
"459106","Acessórios para Veículos","Peças de Carros e Caminhonetes"
"447348","Acessórios para Veículos","Peças de Carros e Caminhonetes"
"458478","Acessórios para Veículos","Peças de Carros e Caminhonetes"
"459452","Acessórios para Veículos","Peças de Carros e Caminhonetes"
"459072","Acessórios para Veículos","Peças de Carros e Caminhonetes"
"459423","Acessórios para Veículos","Peças de Carros e Caminhonetes"
"191706","Acessórios para Veículos","Peças de Carros e Caminhonetes"
"22709","Acessórios para Veículos","Peças de Carros e Caminhonetes"
"458235","Acessórios para Veículos","Peças de Carros e Caminhonetes"
"192363","Acessórios para Veículos","Peças de Carros e Caminhonetes"
"194761","Acessórios para Veículos","Peças de Carros e Caminhonetes"
"459372","Acessórios para Veículos","Peças de Carros e Caminhonetes"
"193476","Acessórios para Veículos","Peças de Carros e Caminhonetes"
"459553","Acessórios para Veículos","Peças de Carros e Caminhonetes"
"459289","Acessórios para Veículos","Peças de Carros e Caminhonetes"
"22645","Acessórios para Veículos","Peças de Carros e Caminhonetes"
"47131","Acessórios para Veículos","Peças de Carros e Caminhonetes"
"459083","Acessórios para Veículos","Peças de Carros e Caminhonetes"
"458242","Acessórios para Veículos","Peças de Carros e Caminhonetes"
"459319","Acessórios para Veículos","Peças de Carros e Caminhonetes"
"458483","Acessórios para Veículos","Peças de Carros e Caminhonetes"
"116012","Acessórios para Veículos","Peças de Carros e Caminhonetes"
"458635","Acessórios para Veículos","Peças de Carros e Caminhonetes"
"458978","Acessórios para Veículos","Peças de Carros e Caminhonetes"
"458833","Acessórios para Veículos","Peças de Carros e Caminhonetes"
"458571","Acessórios para Veículos","Peças de Carros e Caminhonetes"
"458810","Acessórios para Veículos","Peças de Carros e Caminhonetes"
"458718","Acessórios para Veículos","Peças de Carros e Caminhonetes"
"459407","Acessórios para Veículos","Peças de Carros e Caminhonetes"
"270210","Acessórios para Veículos","Peças de Carros e Caminhonetes"
"458623","Acessórios para Veículos","Peças de Carros e Caminhonetes"
"277922","Acessórios para Veículos","Peças de Carros e Caminhonetes"
"192359","Acessórios para Veículos","Peças de Carros e Caminhonetes"
"459435","Acessórios para Veículos","Peças de Carros e Caminhonetes"
"458448","Acessórios para Veículos","Peças de Carros e Caminhonetes"
"431784","Acessórios para Veículos","Peças de Carros e Caminhonetes"
"416688","Acessórios para Veículos","Peças de Carros e Caminhonetes"
"278120","Acessórios para Veículos","Peças de Carros e Caminhonetes"
"190941","Acessórios para Veículos","Peças de Carros e Caminhonetes"
"458486","Acessórios para Veículos","Peças de Carros e Caminhonetes"
"459048","Acessórios para Veículos","Peças de Carros e Caminhonetes"
"458957","Acessórios para Veículos","Peças de Carros e Caminhonetes"
"459320","Acessórios para Veículos","Peças de Carros e Caminhonetes"
"459266","Acessórios para Veículos","Peças de Carros e Caminhonetes"
"458937","Acessórios para Veículos","Peças de Carros e Caminhonetes"
"458672","Acessórios para Veículos","Peças de Carros e Caminhonetes"
"192365","Acessórios para Veículos","Peças de Carros e Caminhonetes"
"458502","Acessórios para Veículos","Peças de Carros e Caminhonetes"
"192954","Acessórios para Veículos","Peças de Carros e Caminhonetes"
"458513","Acessórios para Veículos","Peças de Carros e Caminhonetes"
"459438","Acessórios para Veículos","Peças de Carros e Caminhonetes"
"455486","Acessórios para Veículos","Peças de Carros e Caminhonetes"
"459091","Acessórios para Veículos","Peças de Carros e Caminhonetes"
"459546","Acessórios para Veículos","Peças de Carros e Caminhonetes"
"458510","Acessórios para Veículos","Peças de Carros e Caminhonetes"
"459053","Acessórios para Veículos","Peças de Carros e Caminhonetes"
"194432","Acessórios para Veículos","Peças de Carros e Caminhonetes"
"458252","Acessórios para Veículos","Peças de Carros e Caminhonetes"
"458869","Acessórios para Veículos","Peças de Carros e Caminhonetes"
"459039","Acessórios para Veículos","Peças de Carros e Caminhonetes"
"459314","Acessórios para Veículos","Peças de Carros e Caminhonetes"
"458092","Acessórios para Veículos","Peças de Carros e Caminhonetes"
"459302","Acessórios para Veículos","Peças de Carros e Caminhonetes"
"458362","Acessórios para Veículos","Peças de Carros e Caminhonetes"
"458512","Acessórios para Veículos","Peças de Carros e Caminhonetes"
"459123","Acessórios para Veículos","Peças de Carros e Caminhonetes"
"193902","Acessórios para Veículos","Peças de Carros e Caminhonetes"
"459375","Acessórios para Veículos","Peças de Carros e Caminhonetes"
"458735","Acessórios para Veículos","Peças de Carros e Caminhonetes"
"63801","Acessórios para Veículos","Peças de Carros e Caminhonetes"
"458736","Acessórios para Veículos","Peças de Carros e Caminhonetes"
"459545","Acessórios para Veículos","Peças de Carros e Caminhonetes"
"458642","Acessórios para Veículos","Peças de Carros e Caminhonetes"
"458835","Acessórios para Veículos","Peças de Carros e Caminhonetes"
"116875","Acessórios para Veículos","Peças de Carros e Caminhonetes"
"439681","Acessórios para Veículos","Peças de Carros e Caminhonetes"
"458359","Acessórios para Veículos","Peças de Carros e Caminhonetes"
"277577","Acessórios para Veículos","Peças de Carros e Caminhonetes"
"458710","Acessórios para Veículos","Peças de Carros e Caminhonetes"
"458097","Acessórios para Veículos","Peças de Carros e Caminhonetes"
"116505","Acessórios para Veículos","Peças de Carros e Caminhonetes"
"193419","Acessórios para Veículos","Peças de Carros e Caminhonetes"
"459431","Acessórios para Veículos","Peças de Carros e Caminhonetes"
"192357","Acessórios para Veículos","Peças de Carros e Caminhonetes"
"459502","Acessórios para Veículos","Peças de Carros e Caminhonetes"
"458253","Acessórios para Veículos","Peças de Carros e Caminhonetes"
"421345","Acessórios para Veículos","Peças de Carros e Caminhonetes"
"22685","Acessórios para Veículos","Peças de Carros e Caminhonetes"
"459049","Acessórios para Veículos","Peças de Carros e Caminhonetes"
"459509","Acessórios para Veículos","Peças de Carros e Caminhonetes"
"459255","Acessórios para Veículos","Peças de Carros e Caminhonetes"
"458862","Acessórios para Veículos","Peças de Carros e Caminhonetes"
"193389","Acessórios para Veículos","Peças de Carros e Caminhonetes"
"191717","Acessórios para Veículos","Peças de Carros e Caminhonetes"
"101764","Acessórios para Veículos","Peças de Carros e Caminhonetes"
"458918","Acessórios para Veículos","Peças de Carros e Caminhonetes"
"193150","Acessórios para Veículos","Peças de Carros e Caminhonetes"
"458906","Acessórios para Veículos","Peças de Carros e Caminhonetes"
"459004","Acessórios para Veículos","Peças de Carros e Caminhonetes"
"459448","Acessórios para Veículos","Peças de Carros e Caminhonetes"
"47127","Acessórios para Veículos","Peças de Carros e Caminhonetes"
"459391","Acessórios para Veículos","Peças de Carros e Caminhonetes"
"458637","Acessórios para Veículos","Peças de Carros e Caminhonetes"
"459432","Acessórios para Veículos","Peças de Carros e Caminhonetes"
"60610","Acessórios para Veículos","Peças de Carros e Caminhonetes"
"458466","Acessórios para Veículos","Peças de Carros e Caminhonetes"
"193936","Acessórios para Veículos","Peças de Carros e Caminhonetes"
"31156","Acessórios para Veículos","Peças de Carros e Caminhonetes"
"459309","Acessórios para Veículos","Peças de Carros e Caminhonetes"
"440325","Acessórios para Veículos","Peças de Carros e Caminhonetes"
"458551","Acessórios para Veículos","Peças de Carros e Caminhonetes"
"458139","Acessórios para Veículos","Peças de Carros e Caminhonetes"
"63507","Acessórios para Veículos","Peças de Carros e Caminhonetes"
"47104","Acessórios para Veículos","Peças de Carros e Caminhonetes"
"459045","Acessórios para Veículos","Peças de Carros e Caminhonetes"
"459103","Acessórios para Veículos","Peças de Carros e Caminhonetes"
"458701","Acessórios para Veículos","Peças de Carros e Caminhonetes"
"459056","Acessórios para Veículos","Peças de Carros e Caminhonetes"
"458350","Acessórios para Veículos","Peças de Carros e Caminhonetes"
"458576","Acessórios para Veículos","Peças de Carros e Caminhonetes"
"458968","Acessórios para Veículos","Peças de Carros e Caminhonetes"
"458606","Acessórios para Veículos","Peças de Carros e Caminhonetes"
"458749","Acessórios para Veículos","Peças de Carros e Caminhonetes"
"445790","Acessórios para Veículos","Peças de Carros e Caminhonetes"
"458164","Acessórios para Veículos","Peças de Carros e Caminhonetes"
"459317","Acessórios para Veículos","Peças de Carros e Caminhonetes"
"194704","Acessórios para Veículos","Peças de Carros e Caminhonetes"
"458417","Acessórios para Veículos","Peças de Carros e Caminhonetes"
"194742","Acessórios para Veículos","Peças de Carros e Caminhonetes"
"194016","Acessórios para Veículos","Peças de Carros e Caminhonetes"
"458703","Acessórios para Veículos","Peças de Carros e Caminhonetes"
"459520","Acessórios para Veículos","Peças de Carros e Caminhonetes"
"194771","Acessórios para Veículos","Peças de Carros e Caminhonetes"
"432462","Acessórios para Veículos","Peças de Carros e Caminhonetes"
"458196","Acessórios para Veículos","Peças de Carros e Caminhonetes"
"458245","Acessórios para Veículos","Peças de Carros e Caminhonetes"
"459130","Acessórios para Veículos","Peças de Carros e Caminhonetes"
"459028","Acessórios para Veículos","Peças de Carros e Caminhonetes"
"458080","Acessórios para Veículos","Peças de Carros e Caminhonetes"
"458076","Acessórios para Veículos","Peças de Carros e Caminhonetes"
"459522","Acessórios para Veículos","Peças de Carros e Caminhonetes"
"430954","Acessórios para Veículos","Peças de Carros e Caminhonetes"
"458929","Acessórios para Veículos","Peças de Carros e Caminhonetes"
"194807","Acessórios para Veículos","Peças de Carros e Caminhonetes"
"458989","Acessórios para Veículos","Peças de Carros e Caminhonetes"
"458846","Acessórios para Veículos","Peças de Carros e Caminhonetes"
"193147","Acessórios para Veículos","Peças de Carros e Caminhonetes"
"459301","Acessórios para Veículos","Peças de Carros e Caminhonetes"
"439486","Acessórios para Veículos","Peças de Carros e Caminhonetes"
"194765","Acessórios para Veículos","Peças de Carros e Caminhonetes"
"459422","Acessórios para Veículos","Peças de Carros e Caminhonetes"
"459054","Acessórios para Veículos","Peças de Carros e Caminhonetes"
"458484","Acessórios para Veículos","Peças de Carros e Caminhonetes"
"459487","Acessórios para Veículos","Peças de Carros e Caminhonetes"
"458237","Acessórios para Veículos","Peças de Carros e Caminhonetes"
"458476","Acessórios para Veículos","Peças de Carros e Caminhonetes"
"194052","Acessórios para Veículos","Peças de Carros e Caminhonetes"
"458731","Acessórios para Veículos","Peças de Carros e Caminhonetes"
"7863","Acessórios para Veículos","Peças de Carros e Caminhonetes"
"439569","Acessórios para Veículos","Peças de Carros e Caminhonetes"
"63464","Acessórios para Veículos","Peças de Carros e Caminhonetes"
"63789","Acessórios para Veículos","Peças de Carros e Caminhonetes"
"459313","Acessórios para Veículos","Peças de Carros e Caminhonetes"
"459549","Acessórios para Veículos","Peças de Carros e Caminhonetes"
"458716","Acessórios para Veículos","Peças de Carros e Caminhonetes"
"458363","Acessórios para Veículos","Peças de Carros e Caminhonetes"
"458201","Acessórios para Veículos","Peças de Carros e Caminhonetes"
"458129","Acessórios para Veículos","Peças de Carros e Caminhonetes"
"458932","Acessórios para Veículos","Peças de Carros e Caminhonetes"
"459519","Acessórios para Veículos","Peças de Carros e Caminhonetes"
"458659","Acessórios para Veículos","Peças de Carros e Caminhonetes"
"458593","Acessórios para Veículos","Peças de Carros e Caminhonetes"
"458771","Acessórios para Veículos","Peças de Carros e Caminhonetes"
"430202","Acessórios para Veículos","Peças de Carros e Caminhonetes"
"458360","Acessórios para Veículos","Peças de Carros e Caminhonetes"
"263651","Acessórios para Veículos","Peças de Carros e Caminhonetes"
"458914","Acessórios para Veículos","Peças de Carros e Caminhonetes"
"459389","Acessórios para Veículos","Peças de Carros e Caminhonetes"
"430961","Acessórios para Veículos","Peças de Carros e Caminhonetes"
"63788","Acessórios para Veículos","Peças de Carros e Caminhonetes"
"459550","Acessórios para Veículos","Peças de Carros e Caminhonetes"
"458856","Acessórios para Veículos","Peças de Carros e Caminhonetes"
"190975","Acessórios para Veículos","Peças de Carros e Caminhonetes"
"459061","Acessórios para Veículos","Peças de Carros e Caminhonetes"
"431502","Acessórios para Veículos","Peças de Carros e Caminhonetes"
"439503","Acessórios para Veículos","Peças de Carros e Caminhonetes"
"194752","Acessórios para Veículos","Peças de Carros e Caminhonetes"
"192571","Acessórios para Veículos","Peças de Carros e Caminhonetes"
"458264","Acessórios para Veículos","Peças de Carros e Caminhonetes"
"458473","Acessórios para Veículos","Peças de Carros e Caminhonetes"
"194701","Acessórios para Veículos","Peças de Carros e Caminhonetes"
"458972","Acessórios para Veículos","Peças de Carros e Caminhonetes"
"194430","Acessórios para Veículos","Peças de Carros e Caminhonetes"
"458987","Acessórios para Veículos","Peças de Carros e Caminhonetes"
"458585","Acessórios para Veículos","Peças de Carros e Caminhonetes"
"459018","Acessórios para Veículos","Peças de Carros e Caminhonetes"
"458583","Acessórios para Veículos","Peças de Carros e Caminhonetes"
"193153","Acessórios para Veículos","Peças de Carros e Caminhonetes"
"458525","Acessórios para Veículos","Peças de Carros e Caminhonetes"
"458857","Acessórios para Veículos","Peças de Carros e Caminhonetes"
"458884","Acessórios para Veículos","Peças de Carros e Caminhonetes"
"431764","Acessórios para Veículos","Peças de Carros e Caminhonetes"
"194796","Acessórios para Veículos","Peças de Carros e Caminhonetes"
"459126","Acessórios para Veículos","Peças de Carros e Caminhonetes"
"458457","Acessórios para Veículos","Peças de Carros e Caminhonetes"
"459035","Acessórios para Veículos","Peças de Carros e Caminhonetes"
"193572","Acessórios para Veículos","Peças de Carros e Caminhonetes"
"458995","Acessórios para Veículos","Peças de Carros e Caminhonetes"
"459406","Acessórios para Veículos","Peças de Carros e Caminhonetes"
"459011","Acessórios para Veículos","Peças de Carros e Caminhonetes"
"459274","Acessórios para Veículos","Peças de Carros e Caminhonetes"
"458568","Acessórios para Veículos","Peças de Carros e Caminhonetes"
"458344","Acessórios para Veículos","Peças de Carros e Caminhonetes"
"459492","Acessórios para Veículos","Peças de Carros e Caminhonetes"
"459392","Acessórios para Veículos","Peças de Carros e Caminhonetes"
"458602","Acessórios para Veículos","Peças de Carros e Caminhonetes"
"459001","Acessórios para Veículos","Peças de Carros e Caminhonetes"
"458222","Acessórios para Veículos","Peças de Carros e Caminhonetes"
"459521","Acessórios para Veículos","Peças de Carros e Caminhonetes"
"459262","Acessórios para Veículos","Peças de Carros e Caminhonetes"
"458452","Acessórios para Veículos","Peças de Carros e Caminhonetes"
"458768","Acessórios para Veículos","Peças de Carros e Caminhonetes"
"459340","Acessórios para Veículos","Peças de Carros e Caminhonetes"
"459273","Acessórios para Veículos","Peças de Carros e Caminhonetes"
"458828","Acessórios para Veículos","Peças de Carros e Caminhonetes"
"458557","Acessórios para Veículos","Peças de Carros e Caminhonetes"
"458922","Acessórios para Veículos","Peças de Carros e Caminhonetes"
"458713","Acessórios para Veículos","Peças de Carros e Caminhonetes"
"458775","Acessórios para Veículos","Peças de Carros e Caminhonetes"
"459439","Acessórios para Veículos","Peças de Carros e Caminhonetes"
"63389","Acessórios para Veículos","Peças de Carros e Caminhonetes"
"63491","Acessórios para Veículos","Peças de Carros e Caminhonetes"
"459408","Acessórios para Veículos","Peças de Carros e Caminhonetes"
"458866","Acessórios para Veículos","Peças de Carros e Caminhonetes"
"193937","Acessórios para Veículos","Peças de Carros e Caminhonetes"
"63530","Acessórios para Veículos","Peças de Carros e Caminhonetes"
"458456","Acessórios para Veículos","Peças de Carros e Caminhonetes"
"458737","Acessórios para Veículos","Peças de Carros e Caminhonetes"
"459013","Acessórios para Veículos","Peças de Carros e Caminhonetes"
"458817","Acessórios para Veículos","Peças de Carros e Caminhonetes"
"431759","Acessórios para Veículos","Peças de Carros e Caminhonetes"
"458928","Acessórios para Veículos","Peças de Carros e Caminhonetes"
"458940","Acessórios para Veículos","Peças de Carros e Caminhonetes"
"458584","Acessórios para Veículos","Peças de Carros e Caminhonetes"
"458240","Acessórios para Veículos","Peças de Carros e Caminhonetes"
"458925","Acessórios para Veículos","Peças de Carros e Caminhonetes"
"458590","Acessórios para Veículos","Peças de Carros e Caminhonetes"
"458091","Acessórios para Veículos","Peças de Carros e Caminhonetes"
"458204","Acessórios para Veículos","Peças de Carros e Caminhonetes"
"458499","Acessórios para Veículos","Peças de Carros e Caminhonetes"
"458765","Acessórios para Veículos","Peças de Carros e Caminhonetes"
"459132","Acessórios para Veículos","Peças de Carros e Caminhonetes"
"63581","Acessórios para Veículos","Peças de Carros e Caminhonetes"
"193593","Acessórios para Veículos","Peças de Carros e Caminhonetes"
"459038","Acessórios para Veículos","Peças de Carros e Caminhonetes"
"458155","Acessórios para Veículos","Peças de Carros e Caminhonetes"
"459027","Acessórios para Veículos","Peças de Carros e Caminhonetes"
"432880","Acessórios para Veículos","Peças de Carros e Caminhonetes"
"194298","Acessórios para Veículos","Peças de Carros e Caminhonetes"
"458351","Acessórios para Veículos","Peças de Carros e Caminhonetes"
"458194","Acessórios para Veículos","Peças de Carros e Caminhonetes"
"458878","Acessórios para Veículos","Peças de Carros e Caminhonetes"
"194177","Acessórios para Veículos","Peças de Carros e Caminhonetes"
"458820","Acessórios para Veículos","Peças de Carros e Caminhonetes"
"63517","Acessórios para Veículos","Peças de Carros e Caminhonetes"
"459334","Acessórios para Veículos","Peças de Carros e Caminhonetes"
"458102","Acessórios para Veículos","Peças de Carros e Caminhonetes"
"458732","Acessórios para Veículos","Peças de Carros e Caminhonetes"
"458090","Acessórios para Veículos","Peças de Carros e Caminhonetes"
"458467","Acessórios para Veículos","Peças de Carros e Caminhonetes"
"458715","Acessórios para Veículos","Peças de Carros e Caminhonetes"
"46659","Acessórios para Veículos","Peças de Carros e Caminhonetes"
"458754","Acessórios para Veículos","Peças de Carros e Caminhonetes"
"277543","Acessórios para Veículos","Peças de Carros e Caminhonetes"
"193151","Acessórios para Veículos","Peças de Carros e Caminhonetes"
"459033","Acessórios para Veículos","Peças de Carros e Caminhonetes"
"458517","Acessórios para Veículos","Peças de Carros e Caminhonetes"
"432952","Acessórios para Veículos","Peças de Carros e Caminhonetes"
"192761","Acessórios para Veículos","Peças de Carros e Caminhonetes"
"194061","Acessórios para Veículos","Peças de Carros e Caminhonetes"
"458265","Acessórios para Veículos","Peças de Carros e Caminhonetes"
"458747","Acessórios para Veículos","Peças de Carros e Caminhonetes"
"45541","Acessórios para Veículos","Peças de Carros e Caminhonetes"
"458630","Acessórios para Veículos","Peças de Carros e Caminhonetes"
"194804","Acessórios para Veículos","Peças de Carros e Caminhonetes"
"458460","Acessórios para Veículos","Peças de Carros e Caminhonetes"
"459524","Acessórios para Veículos","Peças de Carros e Caminhonetes"
"193656","Acessórios para Veículos","Peças de Carros e Caminhonetes"
"458921","Acessórios para Veículos","Peças de Carros e Caminhonetes"
"435059","Acessórios para Veículos","Peças de Carros e Caminhonetes"
"373434","Acessórios para Veículos","Peças de Carros e Caminhonetes"
"101762","Acessórios para Veículos","Peças de Carros e Caminhonetes"
"191715","Acessórios para Veículos","Peças de Carros e Caminhonetes"
"458692","Acessórios para Veículos","Peças de Carros e Caminhonetes"
"459079","Acessórios para Veículos","Peças de Carros e Caminhonetes"
"459277","Acessórios para Veículos","Peças de Carros e Caminhonetes"
"459112","Acessórios para Veículos","Peças de Carros e Caminhonetes"
"47102","Acessórios para Veículos","Peças de Carros e Caminhonetes"
"458345","Acessórios para Veículos","Peças de Carros e Caminhonetes"
"459308","Acessórios para Veículos","Peças de Carros e Caminhonetes"
"458338","Acessórios para Veículos","Peças de Carros e Caminhonetes"
"190940","Acessórios para Veículos","Peças de Carros e Caminhonetes"
"459451","Acessórios para Veículos","Peças de Carros e Caminhonetes"
"63526","Acessórios para Veículos","Peças de Carros e Caminhonetes"
"194154","Acessórios para Veículos","Peças de Carros e Caminhonetes"
"458149","Acessórios para Veículos","Peças de Carros e Caminhonetes"
"47119","Acessórios para Veículos","Peças de Carros e Caminhonetes"
"458341","Acessórios para Veículos","Peças de Carros e Caminhonetes"
"440315","Acessórios para Veículos","Peças de Carros e Caminhonetes"
"459495","Acessórios para Veículos","Peças de Carros e Caminhonetes"
"459478","Acessórios para Veículos","Peças de Carros e Caminhonetes"
"459105","Acessórios para Veículos","Peças de Carros e Caminhonetes"
"192572","Acessórios para Veículos","Peças de Carros e Caminhonetes"
"458756","Acessórios para Veículos","Peças de Carros e Caminhonetes"
"458745","Acessórios para Veículos","Peças de Carros e Caminhonetes"
"458159","Acessórios para Veículos","Peças de Carros e Caminhonetes"
"459283","Acessórios para Veículos","Peças de Carros e Caminhonetes"
"458574","Acessórios para Veículos","Peças de Carros e Caminhonetes"
"458723","Acessórios para Veículos","Peças de Carros e Caminhonetes"
"459508","Acessórios para Veículos","Peças de Carros e Caminhonetes"
"194829","Acessórios para Veículos","Peças de Carros e Caminhonetes"
"458119","Acessórios para Veículos","Peças de Carros e Caminhonetes"
"194750","Acessórios para Veículos","Peças de Carros e Caminhonetes"
"194170","Acessórios para Veículos","Peças de Carros e Caminhonetes"
"458099","Acessórios para Veículos","Peças de Carros e Caminhonetes"
"431318","Acessórios para Veículos","Peças de Carros e Caminhonetes"
"417296","Acessórios para Veículos","Peças de Carros e Caminhonetes"
"458586","Acessórios para Veículos","Peças de Carros e Caminhonetes"
"458218","Acessórios para Veículos","Peças de Carros e Caminhonetes"
"63851","Acessórios para Veículos","Peças de Carros e Caminhonetes"
"458696","Acessórios para Veículos","Peças de Carros e Caminhonetes"
"458923","Acessórios para Veículos","Peças de Carros e Caminhonetes"
"459019","Acessórios para Veículos","Peças de Carros e Caminhonetes"
"459536","Acessórios para Veículos","Peças de Carros e Caminhonetes"
"438953","Acessórios para Veículos","Peças de Carros e Caminhonetes"
"194155","Acessórios para Veículos","Peças de Carros e Caminhonetes"
"458915","Acessórios para Veículos","Peças de Carros e Caminhonetes"
"270147","Acessórios para Veículos","Peças de Carros e Caminhonetes"
"193436","Acessórios para Veículos","Peças de Carros e Caminhonetes"
"458613","Acessórios para Veículos","Peças de Carros e Caminhonetes"
"458996","Acessórios para Veículos","Peças de Carros e Caminhonetes"
"458663","Acessórios para Veículos","Peças de Carros e Caminhonetes"
"458239","Acessórios para Veículos","Peças de Carros e Caminhonetes"
"459475","Acessórios para Veículos","Peças de Carros e Caminhonetes"
"191728","Acessórios para Veículos","Peças de Carros e Caminhonetes"
"458953","Acessórios para Veículos","Peças de Carros e Caminhonetes"
"431133","Acessórios para Veículos","Peças de Carros e Caminhonetes"
"459477","Acessórios para Veículos","Peças de Carros e Caminhonetes"
"458250","Acessórios para Veículos","Peças de Carros e Caminhonetes"
"459447","Acessórios para Veículos","Peças de Carros e Caminhonetes"
"459540","Acessórios para Veículos","Peças de Carros e Caminhonetes"
"459416","Acessórios para Veículos","Peças de Carros e Caminhonetes"
"458766","Acessórios para Veículos","Peças de Carros e Caminhonetes"
"458868","Acessórios para Veículos","Peças de Carros e Caminhonetes"
"458660","Acessórios para Veículos","Peças de Carros e Caminhonetes"
"458108","Acessórios para Veículos","Peças de Carros e Caminhonetes"
"447349","Acessórios para Veículos","Peças de Carros e Caminhonetes"
"458825","Acessórios para Veículos","Peças de Carros e Caminhonetes"
"458605","Acessórios para Veículos","Peças de Carros e Caminhonetes"
"191710","Acessórios para Veículos","Peças de Carros e Caminhonetes"
"459129","Acessórios para Veículos","Peças de Carros e Caminhonetes"
"47100","Acessórios para Veículos","Peças de Carros e Caminhonetes"
"194800","Acessórios para Veículos","Peças de Carros e Caminhonetes"
"194739","Acessórios para Veículos","Peças de Carros e Caminhonetes"
"193146","Acessórios para Veículos","Peças de Carros e Caminhonetes"
"458455","Acessórios para Veículos","Peças de Carros e Caminhonetes"
"459479","Acessórios para Veículos","Peças de Carros e Caminhonetes"
"269577","Acessórios para Veículos","Peças de Carros e Caminhonetes"
"459499","Acessórios para Veículos","Peças de Carros e Caminhonetes"
"459346","Acessórios para Veículos","Peças de Carros e Caminhonetes"
"459368","Acessórios para Veículos","Peças de Carros e Caminhonetes"
"459021","Acessórios para Veículos","Peças de Carros e Caminhonetes"
"458947","Acessórios para Veículos","Peças de Carros e Caminhonetes"
"458538","Acessórios para Veículos","Peças de Carros e Caminhonetes"
"458700","Acessórios para Veículos","Peças de Carros e Caminhonetes"
"459507","Acessórios para Veículos","Peças de Carros e Caminhonetes"
"194753","Acessórios para Veículos","Peças de Carros e Caminhonetes"
"458597","Acessórios para Veículos","Peças de Carros e Caminhonetes"
"458089","Acessórios para Veículos","Peças de Carros e Caminhonetes"
"458674","Acessórios para Veículos","Peças de Carros e Caminhonetes"
"458054","Acessórios para Veículos","Peças de Carros e Caminhonetes"
"459010","Acessórios para Veículos","Peças de Carros e Caminhonetes"
"458639","Acessórios para Veículos","Peças de Carros e Caminhonetes"
"114767","Acessórios para Veículos","Peças de Carros e Caminhonetes"
"384394","Acessórios para Veículos","Peças de Carros e Caminhonetes"
"116703","Acessórios para Veículos","Peças de Carros e Caminhonetes"
"458913","Acessórios para Veículos","Peças de Carros e Caminhonetes"
"458841","Acessórios para Veículos","Peças de Carros e Caminhonetes"
"458926","Acessórios para Veículos","Peças de Carros e Caminhonetes"
"458463","Acessórios para Veículos","Peças de Carros e Caminhonetes"
"458348","Acessórios para Veículos","Peças de Carros e Caminhonetes"
"458628","Acessórios para Veículos","Peças de Carros e Caminhonetes"
"458690","Acessórios para Veículos","Peças de Carros e Caminhonetes"
"458560","Acessórios para Veículos","Peças de Carros e Caminhonetes"
"191833","Acessórios para Veículos","Peças de Carros e Caminhonetes"
"458948","Acessórios para Veículos","Peças de Carros e Caminhonetes"
"459046","Acessórios para Veículos","Peças de Carros e Caminhonetes"
"458217","Acessórios para Veículos","Peças de Carros e Caminhonetes"
"458366","Acessórios para Veículos","Peças de Carros e Caminhonetes"
"46703","Acessórios para Veículos","Peças de Carros e Caminhonetes"
"458684","Acessórios para Veículos","Peças de Carros e Caminhonetes"
"458475","Acessórios para Veículos","Peças de Carros e Caminhonetes"
"459382","Acessórios para Veículos","Peças de Carros e Caminhonetes"
"431319","Acessórios para Veículos","Peças de Carros e Caminhonetes"
"459102","Acessórios para Veículos","Peças de Carros e Caminhonetes"
"459476","Acessórios para Veículos","Peças de Carros e Caminhonetes"
"458563","Acessórios para Veículos","Peças de Carros e Caminhonetes"
"458136","Acessórios para Veículos","Peças de Carros e Caminhonetes"
"459399","Acessórios para Veículos","Peças de Carros e Caminhonetes"
"459128","Acessórios para Veículos","Peças de Carros e Caminhonetes"
"458693","Acessórios para Veículos","Peças de Carros e Caminhonetes"
"458950","Acessórios para Veículos","Peças de Carros e Caminhonetes"
"458117","Acessórios para Veículos","Peças de Carros e Caminhonetes"
"458654","Acessórios para Veículos","Peças de Carros e Caminhonetes"
"458807","Acessórios para Veículos","Peças de Carros e Caminhonetes"
"458790","Acessórios para Veículos","Peças de Carros e Caminhonetes"
"458226","Acessórios para Veículos","Peças de Carros e Caminhonetes"
"459088","Acessórios para Veículos","Peças de Carros e Caminhonetes"
"63852","Acessórios para Veículos","Peças de Carros e Caminhonetes"
"459402","Acessórios para Veículos","Peças de Carros e Caminhonetes"
"194751","Acessórios para Veículos","Peças de Carros e Caminhonetes"
"459514","Acessórios para Veículos","Peças de Carros e Caminhonetes"
"269737","Acessórios para Veículos","Peças de Carros e Caminhonetes"
"459085","Acessórios para Veículos","Peças de Carros e Caminhonetes"
"458553","Acessórios para Veículos","Peças de Carros e Caminhonetes"
"458596","Acessórios para Veículos","Peças de Carros e Caminhonetes"
"194431","Acessórios para Veículos","Peças de Carros e Caminhonetes"
"458418","Acessórios para Veículos","Peças de Carros e Caminhonetes"
"193478","Acessórios para Veículos","Peças de Carros e Caminhonetes"
"194203","Acessórios para Veículos","Peças de Carros e Caminhonetes"
"458751","Acessórios para Veículos","Peças de Carros e Caminhonetes"
"46723","Acessórios para Veículos","Peças de Carros e Caminhonetes"
"194773","Acessórios para Veículos","Peças de Carros e Caminhonetes"
"193737","Acessórios para Veículos","Peças de Carros e Caminhonetes"
"63420","Acessórios para Veículos","Peças de Carros e Caminhonetes"
"458615","Acessórios para Veículos","Peças de Carros e Caminhonetes"
"194793","Acessórios para Veículos","Peças de Carros e Caminhonetes"
"458601","Acessórios para Veículos","Peças de Carros e Caminhonetes"
"194180","Acessórios para Veículos","Peças de Carros e Caminhonetes"
"458212","Acessórios para Veículos","Peças de Carros e Caminhonetes"
"458608","Acessórios para Veículos","Peças de Carros e Caminhonetes"
"458382","Acessórios para Veículos","Peças de Carros e Caminhonetes"
"5324","Acessórios para Veículos","Peças de Carros e Caminhonetes"
"190977","Acessórios para Veículos","Peças de Carros e Caminhonetes"
"458640","Acessórios para Veículos","Peças de Carros e Caminhonetes"
"459512","Acessórios para Veículos","Peças de Carros e Caminhonetes"
"194178","Acessórios para Veículos","Peças de Carros e Caminhonetes"
"116536","Acessórios para Veículos","Peças de Carros e Caminhonetes"
"458816","Acessórios para Veículos","Peças de Carros e Caminhonetes"
"193399","Acessórios para Veículos","Peças de Carros e Caminhonetes"
"459111","Acessórios para Veículos","Peças de Carros e Caminhonetes"
"47133","Acessórios para Veículos","Peças de Carros e Caminhonetes"
"193967","Acessórios para Veículos","Peças de Carros e Caminhonetes"
"459345","Acessórios para Veículos","Peças de Carros e Caminhonetes"
"458561","Acessórios para Veículos","Peças de Carros e Caminhonetes"
"458965","Acessórios para Veículos","Peças de Carros e Caminhonetes"
"458831","Acessórios para Veículos","Peças de Carros e Caminhonetes"
"459284","Acessórios para Veículos","Peças de Carros e Caminhonetes"
"458244","Acessórios para Veículos","Peças de Carros e Caminhonetes"
"115598","Acessórios para Veículos","Peças de Carros e Caminhonetes"
"458826","Acessórios para Veículos","Peças de Carros e Caminhonetes"
"458169","Acessórios para Veículos","Peças de Carros e Caminhonetes"
"194836","Acessórios para Veículos","Peças de Carros e Caminhonetes"
"194062","Acessórios para Veículos","Peças de Carros e Caminhonetes"
"458621","Acessórios para Veículos","Peças de Carros e Caminhonetes"
"22704","Acessórios para Veículos","Peças de Carros e Caminhonetes"
"192955","Acessórios para Veículos","Peças de Carros e Caminhonetes"
"194788","Acessórios para Veículos","Peças de Carros e Caminhonetes"
"458794","Acessórios para Veículos","Peças de Carros e Caminhonetes"
"458898","Acessórios para Veículos","Peças de Carros e Caminhonetes"
"47007","Acessórios para Veículos","Peças de Carros e Caminhonetes"
"47093","Acessórios para Veículos","Peças de Carros e Caminhonetes"
"458343","Acessórios para Veículos","Peças de Carros e Caminhonetes"
"458757","Acessórios para Veículos","Peças de Carros e Caminhonetes"
"459538","Acessórios para Veículos","Peças de Carros e Caminhonetes"
"458546","Acessórios para Veículos","Peças de Carros e Caminhonetes"
"63492","Acessórios para Veículos","Peças de Carros e Caminhonetes"
"458983","Acessórios para Veículos","Peças de Carros e Caminhonetes"
"459394","Acessórios para Veículos","Peças de Carros e Caminhonetes"
"459287","Acessórios para Veículos","Peças de Carros e Caminhonetes"
"459425","Acessórios para Veículos","Peças de Carros e Caminhonetes"
"194769","Acessórios para Veículos","Peças de Carros e Caminhonetes"
"459376","Acessórios para Veículos","Peças de Carros e Caminhonetes"
"439540","Acessórios para Veículos","Peças de Carros e Caminhonetes"
"47106","Acessórios para Veículos","Peças de Carros e Caminhonetes"
"458704","Acessórios para Veículos","Peças de Carros e Caminhonetes"
"458618","Acessórios para Veículos","Peças de Carros e Caminhonetes"
"458141","Acessórios para Veículos","Peças de Carros e Caminhonetes"
"22747","Acessórios para Veículos","Peças de Carros e Caminhonetes"
"430536","Acessórios para Veículos","Peças de Carros e Caminhonetes"
"458887","Acessórios para Veículos","Peças de Carros e Caminhonetes"
"458530","Acessórios para Veículos","Peças de Carros e Caminhonetes"
"47121","Acessórios para Veículos","Peças de Carros e Caminhonetes"
"63746","Acessórios para Veículos","Peças de Carros e Caminhonetes"
"458986","Acessórios para Veículos","Peças de Carros e Caminhonetes"
"458874","Acessórios para Veículos","Peças de Carros e Caminhonetes"
"458964","Acessórios para Veículos","Peças de Carros e Caminhonetes"
"439502","Acessórios para Veículos","Peças de Carros e Caminhonetes"
"459073","Acessórios para Veículos","Peças de Carros e Caminhonetes"
"194794","Acessórios para Veículos","Peças de Carros e Caminhonetes"
"458347","Acessórios para Veículos","Peças de Carros e Caminhonetes"
"458722","Acessórios para Veículos","Peças de Carros e Caminhonetes"
"373461","Acessórios para Veículos","Peças de Carros e Caminhonetes"
"277962","Acessórios para Veículos","Peças de Carros e Caminhonetes"
"194806","Acessórios para Veículos","Peças de Carros e Caminhonetes"
"22701","Acessórios para Veículos","Peças de Carros e Caminhonetes"
"458604","Acessórios para Veículos","Peças de Carros e Caminhonetes"
"459421","Acessórios para Veículos","Peças de Carros e Caminhonetes"
"421302","Acessórios para Veículos","Peças de Carros e Caminhonetes"
"458098","Acessórios para Veículos","Peças de Carros e Caminhonetes"
"458233","Acessórios para Veículos","Peças de Carros e Caminhonetes"
"459012","Acessórios para Veículos","Peças de Carros e Caminhonetes"
"198931","Acessórios para Veículos","Peças de Carros e Caminhonetes"
"192355","Acessórios para Veículos","Peças de Carros e Caminhonetes"
"193842","Acessórios para Veículos","Peças de Carros e Caminhonetes"
"458680","Acessórios para Veículos","Peças de Carros e Caminhonetes"
"458949","Acessórios para Veículos","Peças de Carros e Caminhonetes"
"458137","Acessórios para Veículos","Peças de Carros e Caminhonetes"
"458223","Acessórios para Veículos","Peças de Carros e Caminhonetes"
"459496","Acessórios para Veículos","Peças de Carros e Caminhonetes"
"456200","Acessórios para Veículos","Peças de Carros e Caminhonetes"
"459066","Acessórios para Veículos","Peças de Carros e Caminhonetes"
"47120","Acessórios para Veículos","Peças de Carros e Caminhonetes"
"458871","Acessórios para Veículos","Peças de Carros e Caminhonetes"
"459272","Acessórios para Veículos","Peças de Carros e Caminhonetes"
"458127","Acessórios para Veículos","Peças de Carros e Caminhonetes"
"459498","Acessórios para Veículos","Peças de Carros e Caminhonetes"
"46570","Acessórios para Veículos","Peças de Carros e Caminhonetes"
"459666","Acessórios para Veículos","Peças de Carros e Caminhonetes"
"192358","Acessórios para Veículos","Peças de Carros e Caminhonetes"
"458416","Acessórios para Veículos","Peças de Carros e Caminhonetes"
"439679","Acessórios para Veículos","Peças de Carros e Caminhonetes"
"458105","Acessórios para Veículos","Peças de Carros e Caminhonetes"
"458982","Acessórios para Veículos","Peças de Carros e Caminhonetes"
"458249","Acessórios para Veículos","Peças de Carros e Caminhonetes"
"458548","Acessórios para Veículos","Peças de Carros e Caminhonetes"
"458875","Acessórios para Veículos","Peças de Carros e Caminhonetes"
"458938","Acessórios para Veículos","Peças de Carros e Caminhonetes"
"458215","Acessórios para Veículos","Peças de Carros e Caminhonetes"
"271132","Acessórios para Veículos","Peças de Carros e Caminhonetes"
"459041","Acessórios para Veículos","Peças de Carros e Caminhonetes"
"375065","Acessórios para Veículos","Peças de Carros e Caminhonetes"
"458782","Acessórios para Veículos","Peças de Carros e Caminhonetes"
"192362","Acessórios para Veículos","Peças de Carros e Caminhonetes"
"431962","Acessórios para Veículos","Peças de Carros e Caminhonetes"
"458151","Acessórios para Veículos","Peças de Carros e Caminhonetes"
"458531","Acessórios para Veículos","Peças de Carros e Caminhonetes"
"439571","Acessórios para Veículos","Peças de Carros e Caminhonetes"
"458990","Acessórios para Veículos","Peças de Carros e Caminhonetes"
"458414","Acessórios para Veículos","Peças de Carros e Caminhonetes"
"459531","Acessórios para Veículos","Peças de Carros e Caminhonetes"
"191705","Acessórios para Veículos","Peças de Carros e Caminhonetes"
"459403","Acessórios para Veículos","Peças de Carros e Caminhonetes"
"458650","Acessórios para Veículos","Peças de Carros e Caminhonetes"
"431130","Acessórios para Veículos","Peças de Carros e Caminhonetes"
"191711","Acessórios para Veículos","Peças de Carros e Caminhonetes"
"459263","Acessórios para Veículos","Peças de Carros e Caminhonetes"
"270152","Acessórios para Veículos","Peças de Carros e Caminhonetes"
"458465","Acessórios para Veículos","Peças de Carros e Caminhonetes"
"459026","Acessórios para Veículos","Peças de Carros e Caminhonetes"
"458876","Acessórios para Veículos","Peças de Carros e Caminhonetes"
"430748","Acessórios para Veículos","Peças de Carros e Caminhonetes"
"458712","Acessórios para Veículos","Peças de Carros e Caminhonetes"
"458808","Acessórios para Veículos","Peças de Carros e Caminhonetes"
"101763","Acessórios para Veículos","Peças de Carros e Caminhonetes"
"439680","Acessórios para Veículos","Peças de Carros e Caminhonetes"
"458100","Acessórios para Veículos","Peças de Carros e Caminhonetes"
"458910","Acessórios para Veículos","Peças de Carros e Caminhonetes"
"193420","Acessórios para Veículos","Peças de Carros e Caminhonetes"
"432314","Acessórios para Veículos","Peças de Carros e Caminhonetes"
"459020","Acessórios para Veículos","Peças de Carros e Caminhonetes"
"114768","Acessórios para Veículos","Peças de Carros e Caminhonetes"
"458969","Acessórios para Veículos","Peças de Carros e Caminhonetes"
"191709","Acessórios para Veículos","Peças de Carros e Caminhonetes"
"191707","Acessórios para Veículos","Peças de Carros e Caminhonetes"
"428943","Acessórios para Veículos","Peças de Carros e Caminhonetes"
"193935","Acessórios para Veículos","Peças de Carros e Caminhonetes"
"459257","Acessórios para Veículos","Peças de Carros e Caminhonetes"
"458797","Acessórios para Veículos","Peças de Carros e Caminhonetes"
"458905","Acessórios para Veículos","Peças de Carros e Caminhonetes"
"458992","Acessórios para Veículos","Peças de Carros e Caminhonetes"
"458687","Acessórios para Veículos","Peças de Carros e Caminhonetes"
"459290","Acessórios para Veículos","Peças de Carros e Caminhonetes"
"47099","Acessórios para Veículos","Peças de Carros e Caminhonetes"
"116479","Acessórios para Veículos","Peças de Carros e Caminhonetes"
"194778","Acessórios para Veículos","Peças de Carros e Caminhonetes"
"458246","Acessórios para Veículos","Peças de Carros e Caminhonetes"
"459316","Acessórios para Veículos","Peças de Carros e Caminhonetes"
"193992","Acessórios para Veículos","Peças de Carros e Caminhonetes"
"63528","Acessórios para Veículos","Peças de Carros e Caminhonetes"
"458131","Acessórios para Veículos","Peças de Carros e Caminhonetes"
"458261","Acessórios para Veículos","Peças de Carros e Caminhonetes"
"458197","Acessórios para Veículos","Peças de Carros e Caminhonetes"
"459300","Acessórios para Veículos","Peças de Carros e Caminhonetes"
"458695","Acessórios para Veículos","Peças de Carros e Caminhonetes"
"194762","Acessórios para Veículos","Peças de Carros e Caminhonetes"
"194774","Acessórios para Veículos","Peças de Carros e Caminhonetes"
"459014","Acessórios para Veículos","Peças de Carros e Caminhonetes"
"458863","Acessórios para Veículos","Peças de Carros e Caminhonetes"
"458592","Acessórios para Veículos","Peças de Carros e Caminhonetes"
"459023","Acessórios para Veículos","Peças de Carros e Caminhonetes"
"459454","Acessórios para Veículos","Peças de Carros e Caminhonetes"
"458836","Acessórios para Veículos","Peças de Carros e Caminhonetes"
"116938","Acessórios para Veículos","Peças de Carros e Caminhonetes"
"459042","Acessórios para Veículos","Peças de Carros e Caminhonetes"
"447221","Acessórios para Veículos","Peças de Carros e Caminhonetes"
"458572","Acessórios para Veículos","Peças de Carros e Caminhonetes"
"459077","Acessórios para Veículos","Peças de Carros e Caminhonetes"
"459108","Acessórios para Veículos","Peças de Carros e Caminhonetes"
"458121","Acessórios para Veículos","Peças de Carros e Caminhonetes"
"194808","Acessórios para Veículos","Peças de Carros e Caminhonetes"
"458638","Acessórios para Veículos","Peças de Carros e Caminhonetes"
"458691","Acessórios para Veículos","Peças de Carros e Caminhonetes"
"458679","Acessórios para Veículos","Peças de Carros e Caminhonetes"
"458860","Acessórios para Veículos","Peças de Carros e Caminhonetes"
"458711","Acessórios para Veículos","Peças de Carros e Caminhonetes"
"63745","Acessórios para Veículos","Peças de Carros e Caminhonetes"
"47095","Acessórios para Veículos","Peças de Carros e Caminhonetes"
"277942","Acessórios para Veículos","Peças de Carros e Caminhonetes"
"458886","Acessórios para Veículos","Peças de Carros e Caminhonetes"
"271583","Acessórios para Veículos","Peças de Carros e Caminhonetes"
"458803","Acessórios para Veículos","Peças de Carros e Caminhonetes"
"431174","Acessórios para Veículos","Peças de Carros e Caminhonetes"
"439570","Acessórios para Veículos","Peças de Carros e Caminhonetes"
"458772","Acessórios para Veículos","Peças de Carros e Caminhonetes"
"459526","Acessórios para Veículos","Peças de Carros e Caminhonetes"
"458611","Acessórios para Veículos","Peças de Carros e Caminhonetes"
"459497","Acessórios para Veículos","Peças de Carros e Caminhonetes"
"439594","Acessórios para Veículos","Peças de Carros e Caminhonetes"
"190945","Acessórios para Veículos","Peças de Carros e Caminhonetes"
"194703","Acessórios para Veículos","Peças de Carros e Caminhonetes"
"191727","Acessórios para Veículos","Peças de Carros e Caminhonetes"
"194051","Acessórios para Veículos","Peças de Carros e Caminhonetes"
"458665","Acessórios para Veículos","Peças de Carros e Caminhonetes"
"459537","Acessórios para Veículos","Peças de Carros e Caminhonetes"
"439500","Acessórios para Veículos","Peças de Carros e Caminhonetes"
"458843","Acessórios para Veículos","Peças de Carros e Caminhonetes"
"459388","Acessórios para Veículos","Peças de Carros e Caminhonetes"
"458755","Acessórios para Veículos","Peças de Carros e Caminhonetes"
"432913","Acessórios para Veículos","Peças de Carros e Caminhonetes"
"459415","Acessórios para Veículos","Peças de Carros e Caminhonetes"
"458599","Acessórios para Veículos","Peças de Carros e Caminhonetes"
"458110","Acessórios para Veículos","Peças de Carros e Caminhonetes"
"459058","Acessórios para Veículos","Peças de Carros e Caminhonetes"
"458748","Acessórios para Veículos","Peças de Carros e Caminhonetes"
"432647","Acessórios para Veículos","Peças de Carros e Caminhonetes"
"458113","Acessórios para Veículos","Peças de Carros e Caminhonetes"
"459003","Acessórios para Veículos","Peças de Carros e Caminhonetes"
"458263","Acessórios para Veículos","Peças de Carros e Caminhonetes"
"458230","Acessórios para Veículos","Peças de Carros e Caminhonetes"
"459031","Acessórios para Veículos","Peças de Carros e Caminhonetes"
"193623","Acessórios para Veículos","Peças de Carros e Caminhonetes"
"440326","Acessórios para Veículos","Peças de Carros e Caminhonetes"
"459025","Acessórios para Veículos","Peças de Carros e Caminhonetes"
"458870","Acessórios para Veículos","Peças de Carros e Caminhonetes"
"458979","Acessórios para Veículos","Peças de Carros e Caminhonetes"
"458717","Acessórios para Veículos","Peças de Carros e Caminhonetes"
"458140","Acessórios para Veículos","Peças de Carros e Caminhonetes"
"458084","Acessórios para Veículos","Peças de Carros e Caminhonetes"
"270896","Acessórios para Veículos","Peças de Carros e Caminhonetes"
"458128","Acessórios para Veículos","Peças de Carros e Caminhonetes"
"459396","Acessórios para Veículos","Peças de Carros e Caminhonetes"
"458725","Acessórios para Veículos","Peças de Carros e Caminhonetes"
"63564","Acessórios para Veículos","Peças de Carros e Caminhonetes"
"277568","Acessórios para Veículos","Peças de Carros e Caminhonetes"
"458262","Acessórios para Veículos","Peças de Carros e Caminhonetes"
"432458","Acessórios para Veículos","Peças de Carros e Caminhonetes"
"458763","Acessórios para Veículos","Peças de Carros e Caminhonetes"
"458934","Acessórios para Veículos","Peças de Carros e Caminhonetes"
"191714","Acessórios para Veículos","Peças de Carros e Caminhonetes"
"459298","Acessórios para Veículos","Peças de Carros e Caminhonetes"
"458622","Acessórios para Veículos","Peças de Carros e Caminhonetes"
"22668","Acessórios para Veículos","Peças de Carros e Caminhonetes"
"458195","Acessórios para Veículos","Peças de Carros e Caminhonetes"
"63846","Acessórios para Veículos","Peças de Carros e Caminhonetes"
"269576","Acessórios para Veículos","Peças de Carros e Caminhonetes"
"458559","Acessórios para Veículos","Peças de Carros e Caminhonetes"
"459429","Acessórios para Veículos","Peças de Carros e Caminhonetes"
"458447","Acessórios para Veículos","Peças de Carros e Caminhonetes"
"458200","Acessórios para Veículos","Peças de Carros e Caminhonetes"
"433623","Acessórios para Veículos","Peças de Carros e Caminhonetes"
"440354","Acessórios para Veículos","Peças de Carros e Caminhonetes"
"439573","Acessórios para Veículos","Peças de Carros e Caminhonetes"
"458911","Acessórios para Veículos","Peças de Carros e Caminhonetes"
"459315","Acessórios para Veículos","Peças de Carros e Caminhonetes"
"458260","Acessórios para Veículos","Peças de Carros e Caminhonetes"
"458769","Acessórios para Veículos","Peças de Carros e Caminhonetes"
"458741","Acessórios para Veículos","Peças de Carros e Caminhonetes"
"459342","Acessórios para Veículos","Peças de Carros e Caminhonetes"
"190946","Acessórios para Veículos","Peças de Carros e Caminhonetes"
"458620","Acessórios para Veículos","Peças de Carros e Caminhonetes"
"459057","Acessórios para Veículos","Peças de Carros e Caminhonetes"
"2220","Acessórios para Veículos","Peças de Carros e Caminhonetes"
"458881","Acessórios para Veículos","Peças de Carros e Caminhonetes"
"22748","Acessórios para Veículos","Peças de Carros e Caminhonetes"
"459029","Acessórios para Veículos","Peças de Carros e Caminhonetes"
"458908","Acessórios para Veículos","Peças de Carros e Caminhonetes"
"459544","Acessórios para Veículos","Peças de Carros e Caminhonetes"
"458963","Acessórios para Veículos","Peças de Carros e Caminhonetes"
"458415","Acessórios para Veículos","Peças de Carros e Caminhonetes"
"192364","Acessórios para Veículos","Peças de Carros e Caminhonetes"
"459369","Acessórios para Veículos","Peças de Carros e Caminhonetes"
"458459","Acessórios para Veículos","Peças de Carros e Caminhonetes"
"458458","Acessórios para Veículos","Peças de Carros e Caminhonetes"
"458821","Acessórios para Veículos","Peças de Carros e Caminhonetes"
"459535","Acessórios para Veículos","Peças de Carros e Caminhonetes"
"458855","Acessórios para Veículos","Peças de Carros e Caminhonetes"
"458112","Acessórios para Veículos","Peças de Carros e Caminhonetes"
"63554","Acessórios para Veículos","Peças de Carros e Caminhonetes"
"458798","Acessórios para Veículos","Peças de Carros e Caminhonetes"
"458809","Acessórios para Veículos","Peças de Carros e Caminhonetes"
"458221","Acessórios para Veículos","Peças de Carros e Caminhonetes"
"458503","Acessórios para Veículos","Peças de Carros e Caminhonetes"
"439504","Acessórios para Veículos","Peças de Carros e Caminhonetes"
"458783","Acessórios para Veículos","Peças de Carros e Caminhonetes"
"459305","Acessórios para Veículos","Peças de Carros e Caminhonetes"
"430587","Acessórios para Veículos","Peças de Carros e Caminhonetes"
"459427","Acessórios para Veículos","Peças de Carros e Caminhonetes"
"458120","Acessórios para Veículos","Peças de Carros e Caminhonetes"
"458907","Acessórios para Veículos","Peças de Carros e Caminhonetes"
"190956","Acessórios para Veículos","Peças de Carros e Caminhonetes"
"458799","Acessórios para Veículos","Peças de Carros e Caminhonetes"
"458664","Acessórios para Veículos","Peças de Carros e Caminhonetes"
"458805","Acessórios para Veículos","Peças de Carros e Caminhonetes"
"458614","Acessórios para Veículos","Peças de Carros e Caminhonetes"
"193498","Acessórios para Veículos","Peças de Carros e Caminhonetes"
"430747","Acessórios para Veículos","Peças de Carros e Caminhonetes"
"458379","Acessórios para Veículos","Peças de Carros e Caminhonetes"
"193152","Acessórios para Veículos","Peças de Carros e Caminhonetes"
"375066","Acessórios para Veículos","Peças de Carros e Caminhonetes"
"459101","Acessórios para Veículos","Peças de Carros e Caminhonetes"
"459104","Acessórios para Veículos","Peças de Carros e Caminhonetes"
"458580","Acessórios para Veículos","Peças de Carros e Caminhonetes"
"459494","Acessórios para Veículos","Peças de Carros e Caminhonetes"
"458543","Acessórios para Veículos","Peças de Carros e Caminhonetes"
"458153","Acessórios para Veículos","Peças de Carros e Caminhonetes"
"458670","Acessórios para Veículos","Peças de Carros e Caminhonetes"
"458861","Acessórios para Veículos","Peças de Carros e Caminhonetes"
"457271","Acessórios para Veículos","Peças de Carros e Caminhonetes"
"458780","Acessórios para Veículos","Peças de Carros e Caminhonetes"
"458472","Acessórios para Veículos","Peças de Carros e Caminhonetes"
"193933","Acessórios para Veículos","Peças de Carros e Caminhonetes"
"459307","Acessórios para Veículos","Peças de Carros e Caminhonetes"
"193477","Acessórios para Veículos","Peças de Carros e Caminhonetes"
"458487","Acessórios para Veículos","Peças de Carros e Caminhonetes"
"458924","Acessórios para Veículos","Peças de Carros e Caminhonetes"
"458251","Acessórios para Veículos","Peças de Carros e Caminhonetes"
"270236","Acessórios para Veículos","Peças de Carros e Caminhonetes"
"456180","Acessórios para Veículos","Peças de Linha Pesada"
"456956","Acessórios para Veículos","Peças de Linha Pesada"
"456669","Acessórios para Veículos","Peças de Linha Pesada"
"456671","Acessórios para Veículos","Peças de Linha Pesada"
"457306","Acessórios para Veículos","Peças de Linha Pesada"
"437920","Acessórios para Veículos","Peças de Linha Pesada"
"456313","Acessórios para Veículos","Peças de Linha Pesada"
"437856","Acessórios para Veículos","Peças de Linha Pesada"
"437839","Acessórios para Veículos","Peças de Linha Pesada"
"456431","Acessórios para Veículos","Peças de Linha Pesada"
"437893","Acessórios para Veículos","Peças de Linha Pesada"
"456699","Acessórios para Veículos","Peças de Linha Pesada"
"456509","Acessórios para Veículos","Peças de Linha Pesada"
"456338","Acessórios para Veículos","Peças de Linha Pesada"
"456616","Acessórios para Veículos","Peças de Linha Pesada"
"457307","Acessórios para Veículos","Peças de Linha Pesada"
"437963","Acessórios para Veículos","Peças de Linha Pesada"
"456191","Acessórios para Veículos","Peças de Linha Pesada"
"457293","Acessórios para Veículos","Peças de Linha Pesada"
"456751","Acessórios para Veículos","Peças de Linha Pesada"
"456436","Acessórios para Veículos","Peças de Linha Pesada"
"456223","Acessórios para Veículos","Peças de Linha Pesada"
"456310","Acessórios para Veículos","Peças de Linha Pesada"
"456665","Acessórios para Veículos","Peças de Linha Pesada"
"456683","Acessórios para Veículos","Peças de Linha Pesada"
"456421","Acessórios para Veículos","Peças de Linha Pesada"
"437913","Acessórios para Veículos","Peças de Linha Pesada"
"412400","Acessórios para Veículos","Peças de Linha Pesada"
"456471","Acessórios para Veículos","Peças de Linha Pesada"
"437897","Acessórios para Veículos","Peças de Linha Pesada"
"456477","Acessórios para Veículos","Peças de Linha Pesada"
"456599","Acessórios para Veículos","Peças de Linha Pesada"
"437912","Acessórios para Veículos","Peças de Linha Pesada"
"437961","Acessórios para Veículos","Peças de Linha Pesada"
"456430","Acessórios para Veículos","Peças de Linha Pesada"
"456647","Acessórios para Veículos","Peças de Linha Pesada"
"437829","Acessórios para Veículos","Peças de Linha Pesada"
"456347","Acessórios para Veículos","Peças de Linha Pesada"
"456515","Acessórios para Veículos","Peças de Linha Pesada"
"456661","Acessórios para Veículos","Peças de Linha Pesada"
"456302","Acessórios para Veículos","Peças de Linha Pesada"
"456623","Acessórios para Veículos","Peças de Linha Pesada"
"456639","Acessórios para Veículos","Peças de Linha Pesada"
"456192","Acessórios para Veículos","Peças de Linha Pesada"
"456445","Acessórios para Veículos","Peças de Linha Pesada"
"456649","Acessórios para Veículos","Peças de Linha Pesada"
"412401","Acessórios para Veículos","Peças de Linha Pesada"
"456631","Acessórios para Veículos","Peças de Linha Pesada"
"456698","Acessórios para Veículos","Peças de Linha Pesada"
"456413","Acessórios para Veículos","Peças de Linha Pesada"
"456157","Acessórios para Veículos","Peças de Linha Pesada"
"456500","Acessórios para Veículos","Peças de Linha Pesada"
"456696","Acessórios para Veículos","Peças de Linha Pesada"
"437919","Acessórios para Veículos","Peças de Linha Pesada"
"456743","Acessórios para Veículos","Peças de Linha Pesada"
"456617","Acessórios para Veículos","Peças de Linha Pesada"
"456517","Acessórios para Veículos","Peças de Linha Pesada"
"456679","Acessórios para Veículos","Peças de Linha Pesada"
"457304","Acessórios para Veículos","Peças de Linha Pesada"
"456281","Acessórios para Veículos","Peças de Linha Pesada"
"437948","Acessórios para Veículos","Peças de Linha Pesada"
"412439","Acessórios para Veículos","Peças de Linha Pesada"
"447329","Acessórios para Veículos","Peças de Linha Pesada"
"456655","Acessórios para Veículos","Peças de Linha Pesada"
"456305","Acessórios para Veículos","Peças de Linha Pesada"
"456296","Acessórios para Veículos","Peças de Linha Pesada"
"456353","Acessórios para Veículos","Peças de Linha Pesada"
"456966","Acessórios para Veículos","Peças de Linha Pesada"
"457332","Acessórios para Veículos","Peças de Linha Pesada"
"457305","Acessórios para Veículos","Peças de Linha Pesada"
"456222","Acessórios para Veículos","Peças de Linha Pesada"
"456469","Acessórios para Veículos","Peças de Linha Pesada"
"456678","Acessórios para Veículos","Peças de Linha Pesada"
"457308","Acessórios para Veículos","Peças de Linha Pesada"
"456183","Acessórios para Veículos","Peças de Linha Pesada"
"456333","Acessórios para Veículos","Peças de Linha Pesada"
"437955","Acessórios para Veículos","Peças de Linha Pesada"
"456496","Acessórios para Veículos","Peças de Linha Pesada"
"419939","Acessórios para Veículos","Peças de Linha Pesada"
"456988","Acessórios para Veículos","Peças de Linha Pesada"
"456741","Acessórios para Veículos","Peças de Linha Pesada"
"432539","Acessórios para Veículos","Peças de Linha Pesada"
"456673","Acessórios para Veículos","Peças de Linha Pesada"
"437842","Acessórios para Veículos","Peças de Linha Pesada"
"412403","Acessórios para Veículos","Peças de Linha Pesada"
"456285","Acessórios para Veículos","Peças de Linha Pesada"
"456697","Acessórios para Veículos","Peças de Linha Pesada"
"447338","Acessórios para Veículos","Peças de Linha Pesada"
"456707","Acessórios para Veículos","Peças de Linha Pesada"
"457374","Acessórios para Veículos","Peças de Linha Pesada"
"437956","Acessórios para Veículos","Peças de Linha Pesada"
"412442","Acessórios para Veículos","Peças de Linha Pesada"
"437859","Acessórios para Veículos","Peças de Linha Pesada"
"456518","Acessórios para Veículos","Peças de Linha Pesada"
"456316","Acessórios para Veículos","Peças de Linha Pesada"
"456614","Acessórios para Veículos","Peças de Linha Pesada"
"437934","Acessórios para Veículos","Peças de Linha Pesada"
"456684","Acessórios para Veículos","Peças de Linha Pesada"
"437959","Acessórios para Veículos","Peças de Linha Pesada"
"456479","Acessórios para Veículos","Peças de Linha Pesada"
"437894","Acessórios para Veículos","Peças de Linha Pesada"
"456992","Acessórios para Veículos","Peças de Linha Pesada"
"456944","Acessórios para Veículos","Peças de Linha Pesada"
"458001","Acessórios para Veículos","Peças de Linha Pesada"
"456601","Acessórios para Veículos","Peças de Linha Pesada"
"456301","Acessórios para Veículos","Peças de Linha Pesada"
"456406","Acessórios para Veículos","Peças de Linha Pesada"
"457330","Acessórios para Veículos","Peças de Linha Pesada"
"456345","Acessórios para Veículos","Peças de Linha Pesada"
"456379","Acessórios para Veículos","Peças de Linha Pesada"
"437946","Acessórios para Veículos","Peças de Linha Pesada"
"456736","Acessórios para Veículos","Peças de Linha Pesada"
"456582","Acessórios para Veículos","Peças de Linha Pesada"
"437949","Acessórios para Veículos","Peças de Linha Pesada"
"457337","Acessórios para Veículos","Peças de Linha Pesada"
"456460","Acessórios para Veículos","Peças de Linha Pesada"
"456744","Acessórios para Veículos","Peças de Linha Pesada"
"437953","Acessórios para Veículos","Peças de Linha Pesada"
"456458","Acessórios para Veículos","Peças de Linha Pesada"
"456327","Acessórios para Veículos","Peças de Linha Pesada"
"457331","Acessórios para Veículos","Peças de Linha Pesada"
"437922","Acessórios para Veículos","Peças de Linha Pesada"
"456940","Acessórios para Veículos","Peças de Linha Pesada"
"437945","Acessórios para Veículos","Peças de Linha Pesada"
"456275","Acessórios para Veículos","Peças de Linha Pesada"
"456323","Acessórios para Veículos","Peças de Linha Pesada"
"456675","Acessórios para Veículos","Peças de Linha Pesada"
"456715","Acessórios para Veículos","Peças de Linha Pesada"
"456499","Acessórios para Veículos","Peças de Linha Pesada"
"456584","Acessórios para Veículos","Peças de Linha Pesada"
"456667","Acessórios para Veículos","Peças de Linha Pesada"
"456280","Acessórios para Veículos","Peças de Linha Pesada"
"456288","Acessórios para Veículos","Peças de Linha Pesada"
"456451","Acessórios para Veículos","Peças de Linha Pesada"
"457318","Acessórios para Veículos","Peças de Linha Pesada"
"457328","Acessórios para Veículos","Peças de Linha Pesada"
"456620","Acessórios para Veículos","Peças de Linha Pesada"
"456351","Acessórios para Veículos","Peças de Linha Pesada"
"447328","Acessórios para Veículos","Peças de Linha Pesada"
"456513","Acessórios para Veículos","Peças de Linha Pesada"
"456464","Acessórios para Veículos","Peças de Linha Pesada"
"456329","Acessórios para Veículos","Peças de Linha Pesada"
"456175","Acessórios para Veículos","Peças de Linha Pesada"
"456622","Acessórios para Veículos","Peças de Linha Pesada"
"418454","Acessórios para Veículos","Peças de Linha Pesada"
"456593","Acessórios para Veículos","Peças de Linha Pesada"
"456991","Acessórios para Veículos","Peças de Linha Pesada"
"456206","Acessórios para Veículos","Peças de Linha Pesada"
"456159","Acessórios para Veículos","Peças de Linha Pesada"
"437830","Acessórios para Veículos","Peças de Linha Pesada"
"457312","Acessórios para Veículos","Peças de Linha Pesada"
"437960","Acessórios para Veículos","Peças de Linha Pesada"
"456320","Acessórios para Veículos","Peças de Linha Pesada"
"457373","Acessórios para Veículos","Peças de Linha Pesada"
"456439","Acessórios para Veículos","Peças de Linha Pesada"
"456287","Acessórios para Veículos","Peças de Linha Pesada"
"456748","Acessórios para Veículos","Peças de Linha Pesada"
"456688","Acessórios para Veículos","Peças de Linha Pesada"
"456977","Acessórios para Veículos","Peças de Linha Pesada"
"456640","Acessórios para Veículos","Peças de Linha Pesada"
"447330","Acessórios para Veículos","Peças de Linha Pesada"
"456664","Acessórios para Veículos","Peças de Linha Pesada"
"456974","Acessórios para Veículos","Peças de Linha Pesada"
"456321","Acessórios para Veículos","Peças de Linha Pesada"
"437843","Acessórios para Veículos","Peças de Linha Pesada"
"457345","Acessórios para Veículos","Peças de Linha Pesada"
"456279","Acessórios para Veículos","Peças de Linha Pesada"
"456195","Acessórios para Veículos","Peças de Linha Pesada"
"456318","Acessórios para Veículos","Peças de Linha Pesada"
"456178","Acessórios para Veículos","Peças de Linha Pesada"
"456939","Acessórios para Veículos","Peças de Linha Pesada"
"456680","Acessórios para Veículos","Peças de Linha Pesada"
"456307","Acessórios para Veículos","Peças de Linha Pesada"
"456941","Acessórios para Veículos","Peças de Linha Pesada"
"456980","Acessórios para Veículos","Peças de Linha Pesada"
"456427","Acessórios para Veículos","Peças de Linha Pesada"
"456948","Acessórios para Veículos","Peças de Linha Pesada"
"430932","Acessórios para Veículos","Peças de Linha Pesada"
"456304","Acessórios para Veículos","Peças de Linha Pesada"
"456985","Acessórios para Veículos","Peças de Linha Pesada"
"456682","Acessórios para Veículos","Peças de Linha Pesada"
"456420","Acessórios para Veículos","Peças de Linha Pesada"
"456712","Acessórios para Veículos","Peças de Linha Pesada"
"456687","Acessórios para Veículos","Peças de Linha Pesada"
"457375","Acessórios para Veículos","Peças de Linha Pesada"
"456442","Acessórios para Veículos","Peças de Linha Pesada"
"456472","Acessórios para Veículos","Peças de Linha Pesada"
"456606","Acessórios para Veículos","Peças de Linha Pesada"
"456506","Acessórios para Veículos","Peças de Linha Pesada"
"456476","Acessórios para Veículos","Peças de Linha Pesada"
"456745","Acessórios para Veículos","Peças de Linha Pesada"
"437925","Acessórios para Veículos","Peças de Linha Pesada"
"456603","Acessórios para Veículos","Peças de Linha Pesada"
"456654","Acessórios para Veículos","Peças de Linha Pesada"
"457295","Acessórios para Veículos","Peças de Linha Pesada"
"456312","Acessórios para Veículos","Peças de Linha Pesada"
"456198","Acessórios para Veículos","Peças de Linha Pesada"
"456718","Acessórios para Veículos","Peças de Linha Pesada"
"456299","Acessórios para Veículos","Peças de Linha Pesada"
"456210","Acessórios para Veículos","Peças de Linha Pesada"
"456581","Acessórios para Veículos","Peças de Linha Pesada"
"456690","Acessórios para Veículos","Peças de Linha Pesada"
"456705","Acessórios para Veículos","Peças de Linha Pesada"
"456282","Acessórios para Veículos","Peças de Linha Pesada"
"456638","Acessórios para Veículos","Peças de Linha Pesada"
"456993","Acessórios para Veículos","Peças de Linha Pesada"
"456501","Acessórios para Veículos","Peças de Linha Pesada"
"456419","Acessórios para Veículos","Peças de Linha Pesada"
"456165","Acessórios para Veículos","Peças de Linha Pesada"
"437876","Acessórios para Veículos","Peças de Linha Pesada"
"456155","Acessórios para Veículos","Peças de Linha Pesada"
"456424","Acessórios para Veículos","Peças de Linha Pesada"
"456659","Acessórios para Veículos","Peças de Linha Pesada"
"456425","Acessórios para Veículos","Peças de Linha Pesada"
"456656","Acessórios para Veículos","Peças de Linha Pesada"
"456750","Acessórios para Veículos","Peças de Linha Pesada"
"458056","Acessórios para Veículos","Peças de Linha Pesada"
"456514","Acessórios para Veículos","Peças de Linha Pesada"
"456989","Acessórios para Veículos","Peças de Linha Pesada"
"456973","Acessórios para Veículos","Peças de Linha Pesada"
"456409","Acessórios para Veículos","Peças de Linha Pesada"
"456154","Acessórios para Veículos","Peças de Linha Pesada"
"456613","Acessórios para Veículos","Peças de Linha Pesada"
"432302","Acessórios para Veículos","Peças de Linha Pesada"
"456167","Acessórios para Veículos","Peças de Linha Pesada"
"456344","Acessórios para Veículos","Peças de Linha Pesada"
"412448","Acessórios para Veículos","Peças de Linha Pesada"
"457324","Acessórios para Veículos","Peças de Linha Pesada"
"457299","Acessórios para Veículos","Peças de Linha Pesada"
"456298","Acessórios para Veículos","Peças de Linha Pesada"
"456449","Acessórios para Veículos","Peças de Linha Pesada"
"456411","Acessórios para Veículos","Peças de Linha Pesada"
"456213","Acessórios para Veículos","Peças de Linha Pesada"
"413414","Acessórios para Veículos","Peças de Linha Pesada"
"437858","Acessórios para Veículos","Peças de Linha Pesada"
"456706","Acessórios para Veículos","Peças de Linha Pesada"
"437864","Acessórios para Veículos","Peças de Linha Pesada"
"456278","Acessórios para Veículos","Peças de Linha Pesada"
"437940","Acessórios para Veículos","Peças de Linha Pesada"
"456177","Acessórios para Veículos","Peças de Linha Pesada"
"456220","Acessórios para Veículos","Peças de Linha Pesada"
"457327","Acessórios para Veículos","Peças de Linha Pesada"
"437942","Acessórios para Veículos","Peças de Linha Pesada"
"456676","Acessórios para Veículos","Peças de Linha Pesada"
"437872","Acessórios para Veículos","Peças de Linha Pesada"
"456380","Acessórios para Veículos","Peças de Linha Pesada"
"456586","Acessórios para Veículos","Peças de Linha Pesada"
"456949","Acessórios para Veículos","Peças de Linha Pesada"
"456507","Acessórios para Veículos","Peças de Linha Pesada"
"456604","Acessórios para Veículos","Peças de Linha Pesada"
"456340","Acessórios para Veículos","Peças de Linha Pesada"
"456938","Acessórios para Veículos","Peças de Linha Pesada"
"456398","Acessórios para Veículos","Peças de Linha Pesada"
"456168","Acessórios para Veículos","Peças de Linha Pesada"
"456596","Acessórios para Veículos","Peças de Linha Pesada"
"412435","Acessórios para Veículos","Peças de Linha Pesada"
"437936","Acessórios para Veículos","Peças de Linha Pesada"
"456747","Acessórios para Veículos","Peças de Linha Pesada"
"456732","Acessórios para Veículos","Peças de Linha Pesada"
"456218","Acessórios para Veículos","Peças de Linha Pesada"
"456740","Acessórios para Veículos","Peças de Linha Pesada"
"457346","Acessórios para Veículos","Peças de Linha Pesada"
"456625","Acessórios para Veículos","Peças de Linha Pesada"
"456443","Acessórios para Veículos","Peças de Linha Pesada"
"456502","Acessórios para Veículos","Peças de Linha Pesada"
"412402","Acessórios para Veículos","Peças de Linha Pesada"
"437841","Acessórios para Veículos","Peças de Linha Pesada"
"437866","Acessórios para Veículos","Peças de Linha Pesada"
"456204","Acessórios para Veículos","Peças de Linha Pesada"
"456693","Acessórios para Veículos","Peças de Linha Pesada"
"456197","Acessórios para Veículos","Peças de Linha Pesada"
"456184","Acessórios para Veículos","Peças de Linha Pesada"
"456314","Acessórios para Veículos","Peças de Linha Pesada"
"457311","Acessórios para Veículos","Peças de Linha Pesada"
"412447","Acessórios para Veículos","Peças de Linha Pesada"
"456672","Acessórios para Veículos","Peças de Linha Pesada"
"437874","Acessórios para Veículos","Peças de Linha Pesada"
"437865","Acessórios para Veículos","Peças de Linha Pesada"
"456324","Acessórios para Veículos","Peças de Linha Pesada"
"437848","Acessórios para Veículos","Peças de Linha Pesada"
"456738","Acessórios para Veículos","Peças de Linha Pesada"
"456721","Acessórios para Veículos","Peças de Linha Pesada"
"456401","Acessórios para Veículos","Peças de Linha Pesada"
"437860","Acessórios para Veículos","Peças de Linha Pesada"
"437834","Acessórios para Veículos","Peças de Linha Pesada"
"456628","Acessórios para Veículos","Peças de Linha Pesada"
"437853","Acessórios para Veículos","Peças de Linha Pesada"
"456962","Acessórios para Veículos","Peças de Linha Pesada"
"456504","Acessórios para Veículos","Peças de Linha Pesada"
"456626","Acessórios para Veículos","Peças de Linha Pesada"
"456610","Acessórios para Veículos","Peças de Linha Pesada"
"456982","Acessórios para Veículos","Peças de Linha Pesada"
"456968","Acessórios para Veículos","Peças de Linha Pesada"
"456701","Acessórios para Veículos","Peças de Linha Pesada"
"456686","Acessórios para Veículos","Peças de Linha Pesada"
"456691","Acessórios para Veículos","Peças de Linha Pesada"
"456731","Acessórios para Veículos","Peças de Linha Pesada"
"456658","Acessórios para Veículos","Peças de Linha Pesada"
"412444","Acessórios para Veículos","Peças de Linha Pesada"
"437935","Acessórios para Veículos","Peças de Linha Pesada"
"457371","Acessórios para Veículos","Peças de Linha Pesada"
"456207","Acessórios para Veículos","Peças de Linha Pesada"
"456979","Acessórios para Veículos","Peças de Linha Pesada"
"456274","Acessórios para Veículos","Peças de Linha Pesada"
"456583","Acessórios para Veículos","Peças de Linha Pesada"
"456629","Acessórios para Veículos","Peças de Linha Pesada"
"456662","Acessórios para Veículos","Peças de Linha Pesada"
"437921","Acessórios para Veículos","Peças de Linha Pesada"
"456692","Acessórios para Veículos","Peças de Linha Pesada"
"437962","Acessórios para Veículos","Peças de Linha Pesada"
"456595","Acessórios para Veículos","Peças de Linha Pesada"
"456156","Acessórios para Veículos","Peças de Linha Pesada"
"437933","Acessórios para Veículos","Peças de Linha Pesada"
"456597","Acessórios para Veículos","Peças de Linha Pesada"
"437947","Acessórios para Veículos","Peças de Linha Pesada"
"456702","Acessórios para Veículos","Peças de Linha Pesada"
"456710","Acessórios para Veículos","Peças de Linha Pesada"
"456598","Acessórios para Veículos","Peças de Linha Pesada"
"456166","Acessórios para Veículos","Peças de Linha Pesada"
"456716","Acessórios para Veículos","Peças de Linha Pesada"
"456158","Acessórios para Veículos","Peças de Linha Pesada"
"456723","Acessórios para Veículos","Peças de Linha Pesada"
"457325","Acessórios para Veículos","Peças de Linha Pesada"
"456670","Acessórios para Veículos","Peças de Linha Pesada"
"437868","Acessórios para Veículos","Peças de Linha Pesada"
"456346","Acessórios para Veículos","Peças de Linha Pesada"
"456306","Acessórios para Veículos","Peças de Linha Pesada"
"456328","Acessórios para Veículos","Peças de Linha Pesada"
"456700","Acessórios para Veículos","Peças de Linha Pesada"
"455243","Acessórios para Veículos","Peças de Linha Pesada"
"437850","Acessórios para Veículos","Peças de Linha Pesada"
"456612","Acessórios para Veículos","Peças de Linha Pesada"
"456273","Acessórios para Veículos","Peças de Linha Pesada"
"456423","Acessórios para Veículos","Peças de Linha Pesada"
"456677","Acessórios para Veículos","Peças de Linha Pesada"
"456954","Acessórios para Veículos","Peças de Linha Pesada"
"456354","Acessórios para Veículos","Peças de Linha Pesada"
"437937","Acessórios para Veículos","Peças de Linha Pesada"
"456199","Acessórios para Veículos","Peças de Linha Pesada"
"456657","Acessórios para Veículos","Peças de Linha Pesada"
"456947","Acessórios para Veículos","Peças de Linha Pesada"
"456295","Acessórios para Veículos","Peças de Linha Pesada"
"456735","Acessórios para Veículos","Peças de Linha Pesada"
"456733","Acessórios para Veículos","Peças de Linha Pesada"
"456405","Acessórios para Veículos","Peças de Linha Pesada"
"456607","Acessórios para Veículos","Peças de Linha Pesada"
"456179","Acessórios para Veículos","Peças de Linha Pesada"
"457294","Acessórios para Veículos","Peças de Linha Pesada"
"456189","Acessórios para Veículos","Peças de Linha Pesada"
"456627","Acessórios para Veículos","Peças de Linha Pesada"
"456742","Acessórios para Veículos","Peças de Linha Pesada"
"418456","Acessórios para Veículos","Peças de Linha Pesada"
"447370","Acessórios para Veículos","Peças de Linha Pesada"
"456214","Acessórios para Veículos","Peças de Linha Pesada"
"437873","Acessórios para Veículos","Peças de Linha Pesada"
"457297","Acessórios para Veículos","Peças de Linha Pesada"
"456432","Acessórios para Veículos","Peças de Linha Pesada"
"456714","Acessórios para Veículos","Peças de Linha Pesada"
"437835","Acessórios para Veículos","Peças de Linha Pesada"
"456209","Acessórios para Veículos","Peças de Linha Pesada"
"457296","Acessórios para Veículos","Peças de Linha Pesada"
"456719","Acessórios para Veículos","Peças de Linha Pesada"
"456330","Acessórios para Veículos","Peças de Linha Pesada"
"456446","Acessórios para Veículos","Peças de Linha Pesada"
"456510","Acessórios para Veículos","Peças de Linha Pesada"
"456160","Acessórios para Veículos","Peças de Linha Pesada"
"457303","Acessórios para Veículos","Peças de Linha Pesada"
"456666","Acessórios para Veículos","Peças de Linha Pesada"
"456435","Acessórios para Veículos","Peças de Linha Pesada"
"456461","Acessórios para Veículos","Peças de Linha Pesada"
"437851","Acessórios para Veículos","Peças de Linha Pesada"
"447369","Acessórios para Veículos","Peças de Linha Pesada"
"456711","Acessórios para Veículos","Peças de Linha Pesada"
"456590","Acessórios para Veículos","Peças de Linha Pesada"
"456414","Acessórios para Veículos","Peças de Linha Pesada"
"437869","Acessórios para Veículos","Peças de Linha Pesada"
"418455","Acessórios para Veículos","Peças de Linha Pesada"
"456516","Acessórios para Veículos","Peças de Linha Pesada"
"432541","Acessórios para Veículos","Peças de Linha Pesada"
"456967","Acessórios para Veículos","Peças de Linha Pesada"
"456412","Acessórios para Veículos","Peças de Linha Pesada"
"456292","Acessórios para Veículos","Peças de Linha Pesada"
"456286","Acessórios para Veículos","Peças de Linha Pesada"
"437867","Acessórios para Veículos","Peças de Linha Pesada"
"456315","Acessórios para Veículos","Peças de Linha Pesada"
"456717","Acessórios para Veículos","Peças de Linha Pesada"
"456205","Acessórios para Veículos","Peças de Linha Pesada"
"456957","Acessórios para Veículos","Peças de Linha Pesada"
"437895","Acessórios para Veículos","Peças de Linha Pesada"
"456609","Acessórios para Veículos","Peças de Linha Pesada"
"456433","Acessórios para Veículos","Peças de Linha Pesada"
"456497","Acessórios para Veículos","Peças de Linha Pesada"
"456505","Acessórios para Veículos","Peças de Linha Pesada"
"456452","Acessórios para Veículos","Peças de Linha Pesada"
"456708","Acessórios para Veículos","Peças de Linha Pesada"
"432540","Acessórios para Veículos","Peças de Linha Pesada"
"456342","Acessórios para Veículos","Peças de Linha Pesada"
"456632","Acessórios para Veículos","Peças de Linha Pesada"
"456339","Acessórios para Veículos","Peças de Linha Pesada"
"456734","Acessórios para Veículos","Peças de Linha Pesada"
"456981","Acessórios para Veículos","Peças de Linha Pesada"
"456681","Acessórios para Veículos","Peças de Linha Pesada"
"456685","Acessórios para Veículos","Peças de Linha Pesada"
"456277","Acessórios para Veículos","Peças de Linha Pesada"
"456418","Acessórios para Veículos","Peças de Linha Pesada"
"456636","Acessórios para Veículos","Peças de Linha Pesada"
"457333","Acessórios para Veículos","Peças de Linha Pesada"
"457372","Acessórios para Veículos","Peças de Linha Pesada"
"457335","Acessórios para Veículos","Peças de Linha Pesada"
"437837","Acessórios para Veículos","Peças de Linha Pesada"
"456746","Acessórios para Veículos","Peças de Linha Pesada"
"456503","Acessórios para Veículos","Peças de Linha Pesada"
"456703","Acessórios para Veículos","Peças de Linha Pesada"
"456161","Acessórios para Veículos","Peças de Linha Pesada"
"456961","Acessórios para Veículos","Peças de Linha Pesada"
"456284","Acessórios para Veículos","Peças de Linha Pesada"
"437941","Acessórios para Veículos","Peças de Linha Pesada"
"457329","Acessórios para Veículos","Peças de Linha Pesada"
"456219","Acessórios para Veículos","Peças de Linha Pesada"
"456453","Acessórios para Veículos","Peças de Linha Pesada"
"456408","Acessórios para Veículos","Peças de Linha Pesada"
"437939","Acessórios para Veículos","Peças de Linha Pesada"
"456337","Acessórios para Veículos","Peças de Linha Pesada"
"437861","Acessórios para Veículos","Peças de Linha Pesada"
"457317","Acessórios para Veículos","Peças de Linha Pesada"
"456749","Acessórios para Veículos","Peças de Linha Pesada"
"437957","Acessórios para Veículos","Peças de Linha Pesada"
"456335","Acessórios para Veículos","Peças de Linha Pesada"
"456695","Acessórios para Veículos","Peças de Linha Pesada"
"456450","Acessórios para Veículos","Peças de Linha Pesada"
"456739","Acessórios para Veículos","Peças de Linha Pesada"
"456646","Acessórios para Veículos","Peças de Linha Pesada"
"437875","Acessórios para Veículos","Peças de Linha Pesada"
"437896","Acessórios para Veículos","Peças de Linha Pesada"
"456359","Acessórios para Veículos","Peças de Linha Pesada"
"456181","Acessórios para Veículos","Peças de Linha Pesada"
"456311","Acessórios para Veículos","Peças de Linha Pesada"
"456459","Acessórios para Veículos","Peças de Linha Pesada"
"457300","Acessórios para Veículos","Peças de Linha Pesada"
"456619","Acessórios para Veículos","Peças de Linha Pesada"
"456508","Acessórios para Veículos","Peças de Linha Pesada"
"456611","Acessórios para Veículos","Peças de Linha Pesada"
"456713","Acessórios para Veículos","Peças de Linha Pesada"
"243151","Acessórios para Veículos","Peças de Motos e Quadriciclos"
"237421","Acessórios para Veículos","Peças de Motos e Quadriciclos"
"277754","Acessórios para Veículos","Peças de Motos e Quadriciclos"
"237416","Acessórios para Veículos","Peças de Motos e Quadriciclos"
"456037","Acessórios para Veículos","Peças de Motos e Quadriciclos"
"249979","Acessórios para Veículos","Peças de Motos e Quadriciclos"
"46625","Acessórios para Veículos","Peças de Motos e Quadriciclos"
"243152","Acessórios para Veículos","Peças de Motos e Quadriciclos"
"237414","Acessórios para Veículos","Peças de Motos e Quadriciclos"
"46612","Acessórios para Veículos","Peças de Motos e Quadriciclos"
"240693","Acessórios para Veículos","Peças de Motos e Quadriciclos"
"46669","Acessórios para Veículos","Peças de Motos e Quadriciclos"
"238214","Acessórios para Veículos","Peças de Motos e Quadriciclos"
"388851","Acessórios para Veículos","Peças de Motos e Quadriciclos"
"277514","Acessórios para Veículos","Peças de Motos e Quadriciclos"
"447326","Acessórios para Veículos","Peças de Motos e Quadriciclos"
"243164","Acessórios para Veículos","Peças de Motos e Quadriciclos"
"22649","Acessórios para Veículos","Peças de Motos e Quadriciclos"
"242203","Acessórios para Veículos","Peças de Motos e Quadriciclos"
"243567","Acessórios para Veículos","Peças de Motos e Quadriciclos"
"63474","Acessórios para Veículos","Peças de Motos e Quadriciclos"
"440151","Acessórios para Veículos","Peças de Motos e Quadriciclos"
"388601","Acessórios para Veículos","Peças de Motos e Quadriciclos"
"439169","Acessórios para Veículos","Peças de Motos e Quadriciclos"
"388619","Acessórios para Veículos","Peças de Motos e Quadriciclos"
"46611","Acessórios para Veículos","Peças de Motos e Quadriciclos"
"242183","Acessórios para Veículos","Peças de Motos e Quadriciclos"
"432006","Acessórios para Veículos","Peças de Motos e Quadriciclos"
"243793","Acessórios para Veículos","Peças de Motos e Quadriciclos"
"243182","Acessórios para Veículos","Peças de Motos e Quadriciclos"
"388632","Acessórios para Veículos","Peças de Motos e Quadriciclos"
"438410","Acessórios para Veículos","Peças de Motos e Quadriciclos"
"438302","Acessórios para Veículos","Peças de Motos e Quadriciclos"
"388843","Acessórios para Veículos","Peças de Motos e Quadriciclos"
"388598","Acessórios para Veículos","Peças de Motos e Quadriciclos"
"46675","Acessórios para Veículos","Peças de Motos e Quadriciclos"
"46586","Acessórios para Veículos","Peças de Motos e Quadriciclos"
"388834","Acessórios para Veículos","Peças de Motos e Quadriciclos"
"458044","Acessórios para Veículos","Peças de Motos e Quadriciclos"
"46668","Acessórios para Veículos","Peças de Motos e Quadriciclos"
"243235","Acessórios para Veículos","Peças de Motos e Quadriciclos"
"63407","Acessórios para Veículos","Peças de Motos e Quadriciclos"
"63802","Acessórios para Veículos","Peças de Motos e Quadriciclos"
"237418","Acessórios para Veículos","Peças de Motos e Quadriciclos"
"388910","Acessórios para Veículos","Peças de Motos e Quadriciclos"
"388850","Acessórios para Veículos","Peças de Motos e Quadriciclos"
"243153","Acessórios para Veículos","Peças de Motos e Quadriciclos"
"388840","Acessórios para Veículos","Peças de Motos e Quadriciclos"
"430726","Acessórios para Veículos","Peças de Motos e Quadriciclos"
"243582","Acessórios para Veículos","Peças de Motos e Quadriciclos"
"243149","Acessórios para Veículos","Peças de Motos e Quadriciclos"
"242204","Acessórios para Veículos","Peças de Motos e Quadriciclos"
"430545","Acessórios para Veículos","Peças de Motos e Quadriciclos"
"457970","Acessórios para Veículos","Peças de Motos e Quadriciclos"
"440081","Acessórios para Veículos","Peças de Motos e Quadriciclos"
"457957","Acessórios para Veículos","Peças de Motos e Quadriciclos"
"388836","Acessórios para Veículos","Peças de Motos e Quadriciclos"
"431900","Acessórios para Veículos","Peças de Motos e Quadriciclos"
"388606","Acessórios para Veículos","Peças de Motos e Quadriciclos"
"388839","Acessórios para Veículos","Peças de Motos e Quadriciclos"
"45560","Acessórios para Veículos","Peças de Motos e Quadriciclos"
"243236","Acessórios para Veículos","Peças de Motos e Quadriciclos"
"437291","Acessórios para Veículos","Peças de Motos e Quadriciclos"
"237413","Acessórios para Veículos","Peças de Motos e Quadriciclos"
"238297","Acessórios para Veículos","Peças de Motos e Quadriciclos"
"46685","Acessórios para Veículos","Peças de Motos e Quadriciclos"
"456038","Acessórios para Veículos","Peças de Motos e Quadriciclos"
"277753","Acessórios para Veículos","Peças de Motos e Quadriciclos"
"243175","Acessórios para Veículos","Peças de Motos e Quadriciclos"
"46640","Acessórios para Veículos","Peças de Motos e Quadriciclos"
"243166","Acessórios para Veículos","Peças de Motos e Quadriciclos"
"243583","Acessórios para Veículos","Peças de Motos e Quadriciclos"
"45502","Acessórios para Veículos","Peças de Motos e Quadriciclos"
"438412","Acessórios para Veículos","Peças de Motos e Quadriciclos"
"438448","Acessórios para Veículos","Peças de Motos e Quadriciclos"
"243167","Acessórios para Veículos","Peças de Motos e Quadriciclos"
"388838","Acessórios para Veículos","Peças de Motos e Quadriciclos"
"437280","Acessórios para Veículos","Peças de Motos e Quadriciclos"
"459560","Acessórios para Veículos","Peças de Motos e Quadriciclos"
"458896","Acessórios para Veículos","Peças de Motos e Quadriciclos"
"243170","Acessórios para Veículos","Peças de Motos e Quadriciclos"
"433508","Acessórios para Veículos","Peças de Motos e Quadriciclos"
"457964","Acessórios para Veículos","Peças de Motos e Quadriciclos"
"242159","Acessórios para Veículos","Peças de Motos e Quadriciclos"
"440080","Acessórios para Veículos","Peças de Motos e Quadriciclos"
"242158","Acessórios para Veículos","Peças de Motos e Quadriciclos"
"238296","Acessórios para Veículos","Peças de Motos e Quadriciclos"
"22687","Acessórios para Veículos","Peças de Motos e Quadriciclos"
"439449","Acessórios para Veículos","Peças de Motos e Quadriciclos"
"243238","Acessórios para Veículos","Peças de Motos e Quadriciclos"
"438304","Acessórios para Veículos","Peças de Motos e Quadriciclos"
"437292","Acessórios para Veículos","Peças de Motos e Quadriciclos"
"243183","Acessórios para Veículos","Peças de Motos e Quadriciclos"
"456454","Acessórios para Veículos","Peças de Motos e Quadriciclos"
"457966","Acessórios para Veículos","Peças de Motos e Quadriciclos"
"430190","Acessórios para Veículos","Peças de Motos e Quadriciclos"
"430175","Acessórios para Veículos","Peças de Motos e Quadriciclos"
"437270","Acessórios para Veículos","Peças de Motos e Quadriciclos"
"63753","Acessórios para Veículos","Peças de Motos e Quadriciclos"
"437833","Acessórios para Veículos","Peças de Motos e Quadriciclos"
"63475","Acessórios para Veículos","Peças de Motos e Quadriciclos"
"63473","Acessórios para Veículos","Peças de Motos e Quadriciclos"
"243179","Acessórios para Veículos","Peças de Motos e Quadriciclos"
"238213","Acessórios para Veículos","Peças de Motos e Quadriciclos"
"243181","Acessórios para Veículos","Peças de Motos e Quadriciclos"
"242188","Acessórios para Veículos","Peças de Motos e Quadriciclos"
"46641","Acessórios para Veículos","Peças de Motos e Quadriciclos"
"243184","Acessórios para Veículos","Peças de Motos e Quadriciclos"
"430568","Acessórios para Veículos","Peças de Motos e Quadriciclos"
"46590","Acessórios para Veículos","Peças de Motos e Quadriciclos"
"237420","Acessórios para Veículos","Peças de Motos e Quadriciclos"
"388631","Acessórios para Veículos","Peças de Motos e Quadriciclos"
"243180","Acessórios para Veículos","Peças de Motos e Quadriciclos"
"431898","Acessórios para Veículos","Peças de Motos e Quadriciclos"
"73311","Acessórios para Veículos","Peças de Motos e Quadriciclos"
"243155","Acessórios para Veículos","Peças de Motos e Quadriciclos"
"243154","Acessórios para Veículos","Peças de Motos e Quadriciclos"
"46594","Acessórios para Veículos","Peças de Motos e Quadriciclos"
"249975","Acessórios para Veículos","Peças de Motos e Quadriciclos"
"63686","Acessórios para Veículos","Peças de Motos e Quadriciclos"
"458055","Acessórios para Veículos","Peças de Motos e Quadriciclos"
"277808","Acessórios para Veículos","Peças de Motos e Quadriciclos"
"46738","Acessórios para Veículos","Peças de Motos e Quadriciclos"
"271610","Acessórios para Veículos","Peças de Motos e Quadriciclos"
"243237","Acessórios para Veículos","Peças de Motos e Quadriciclos"
"22676","Acessórios para Veículos","Peças de Motos e Quadriciclos"
"238305","Acessórios para Veículos","Peças de Motos e Quadriciclos"
"63818","Acessórios para Veículos","Peças de Motos e Quadriciclos"
"388846","Acessórios para Veículos","Peças de Motos e Quadriciclos"
"22655","Acessórios para Veículos","Peças de Motos e Quadriciclos"
"438424","Acessórios para Veículos","Peças de Motos e Quadriciclos"
"238215","Acessórios para Veículos","Peças de Motos e Quadriciclos"
"459567","Acessórios para Veículos","Peças de Motos e Quadriciclos"
"237419","Acessórios para Veículos","Peças de Motos e Quadriciclos"
"243566","Acessórios para Veículos","Peças de Motos e Quadriciclos"
"243555","Acessórios para Veículos","Peças de Motos e Quadriciclos"
"243552","Acessórios para Veículos","Peças de Motos e Quadriciclos"
"46626","Acessórios para Veículos","Peças de Motos e Quadriciclos"
"430674","Acessórios para Veículos","Peças de Motos e Quadriciclos"
"243178","Acessórios para Veículos","Peças de Motos e Quadriciclos"
"46637","Acessórios para Veículos","Peças de Motos e Quadriciclos"
"240692","Acessórios para Veículos","Peças de Motos e Quadriciclos"
"46610","Acessórios para Veículos","Peças de Motos e Quadriciclos"
"243171","Acessórios para Veículos","Peças de Motos e Quadriciclos"
"430647","Acessórios para Veículos","Peças de Motos e Quadriciclos"
"3935","Acessórios para Veículos","Peças de Motos e Quadriciclos"
"243561","Acessórios para Veículos","Peças de Motos e Quadriciclos"
"46687","Acessórios para Veículos","Peças de Motos e Quadriciclos"
"46593","Acessórios para Veículos","Peças de Motos e Quadriciclos"
"238217","Acessórios para Veículos","Peças de Motos e Quadriciclos"
"237423","Acessórios para Veículos","Peças de Motos e Quadriciclos"
"243168","Acessórios para Veículos","Peças de Motos e Quadriciclos"
"242173","Acessórios para Veículos","Peças de Motos e Quadriciclos"
"432011","Acessórios para Veículos","Peças de Motos e Quadriciclos"
"238298","Acessórios para Veículos","Peças de Motos e Quadriciclos"
"243169","Acessórios para Veículos","Peças de Motos e Quadriciclos"
"440082","Acessórios para Veículos","Peças de Motos e Quadriciclos"
"243185","Acessórios para Veículos","Peças de Motos e Quadriciclos"
"438414","Acessórios para Veículos","Peças de Motos e Quadriciclos"
"22729","Acessórios para Veículos","Peças de Motos e Quadriciclos"
"277415","Informática","Portáteis e Acessórios"
"73431","Informática","Portáteis e Acessórios"
"252330","Informática","Portáteis e Acessórios"
"38741","Informática","Portáteis e Acessórios"
"3584","Informática","Portáteis e Acessórios"
"73425","Informática","Portáteis e Acessórios"
"57851","Informática","Portáteis e Acessórios"
"38869","Informática","Portáteis e Acessórios"
"124091","Informática","Portáteis e Acessórios"
"63325","Informática","Portáteis e Acessórios"
"63278","Informática","Portáteis e Acessórios"
"73433","Informática","Portáteis e Acessórios"
"433068","Informática","Portáteis e Acessórios"
"38702","Informática","Portáteis e Acessórios"
"5874","Informática","Portáteis e Acessórios"
"38868","Informática","Portáteis e Acessórios"
"63354","Informática","Portáteis e Acessórios"
"16547","Informática","Portáteis e Acessórios"
"1652","Informática","Portáteis e Acessórios"
"73412","Informática","Portáteis e Acessórios"
"63327","Informática","Portáteis e Acessórios"
"100519","Informática","Portáteis e Acessórios"
"100700","Informática","Portáteis e Acessórios"
"100520","Informática","Portáteis e Acessórios"
"63280","Informática","Portáteis e Acessórios"
"3582","Informática","Portáteis e Acessórios"
"38870","Informática","Portáteis e Acessórios"
"455865","Informática","Portáteis e Acessórios"
"38871","Informática","Portáteis e Acessórios"
"6706","Informática","Portáteis e Acessórios"
"455830","Informática","Portáteis e Acessórios"
"3578","Informática","Portáteis e Acessórios"
"63326","Informática","Portáteis e Acessórios"
"11960","Informática","Portáteis e Acessórios"
"54183","Informática","Portáteis e Acessórios"
"129717","Informática","Portáteis e Acessórios"
"455839","Informática","Portáteis e Acessórios"
"63262","Informática","Portáteis e Acessórios"
"54182","Informática","Portáteis e Acessórios"
"99949","Informática","Portáteis e Acessórios"
"439157","Informática","Portáteis e Acessórios"
"3577","Informática","Portáteis e Acessórios"
"100701","Informática","Portáteis e Acessórios"
"439158","Informática","Portáteis e Acessórios"
"277651","Informática","Portáteis e Acessórios"
"17983","Informática","Portáteis e Acessórios"
"63329","Informática","Portáteis e Acessórios"
"277379","Informática","Portáteis e Acessórios"
"16543","Informática","Portáteis e Acessórios"
"455832","Informática","Portáteis e Acessórios"
"135939","Eletrônicos, Áudio e Vídeo","Áudio"
"135940","Eletrônicos, Áudio e Vídeo","Áudio"
"11547","Eletrônicos, Áudio e Vídeo","Áudio"
"4042","Eletrônicos, Áudio e Vídeo","Áudio"
"11507","Eletrônicos, Áudio e Vídeo","Áudio"
"431491","Eletrônicos, Áudio e Vídeo","Áudio"
"431490","Eletrônicos, Áudio e Vídeo","Áudio"
"11509","Eletrônicos, Áudio e Vídeo","Áudio"
"3839","Eletrônicos, Áudio e Vídeo","Áudio"
"418066","Eletrônicos, Áudio e Vídeo","Áudio"
"439390","Eletrônicos, Áudio e Vídeo","Áudio"
"135983","Eletrônicos, Áudio e Vídeo","Áudio"
"439381","Eletrônicos, Áudio e Vídeo","Áudio"
"49427","Eletrônicos, Áudio e Vídeo","Áudio"
"3850","Eletrônicos, Áudio e Vídeo","Áudio"
"420707","Eletrônicos, Áudio e Vídeo","Áudio"
"321260","Eletrônicos, Áudio e Vídeo","Áudio"
"270144","Eletrônicos, Áudio e Vídeo","Áudio"
"434758","Eletrônicos, Áudio e Vídeo","Áudio"
"45313","Eletrônicos, Áudio e Vídeo","Áudio"
"432949","Eletrônicos, Áudio e Vídeo","Áudio"
"439387","Eletrônicos, Áudio e Vídeo","Áudio"
"432917","Eletrônicos, Áudio e Vídeo","Áudio"
"11530","Eletrônicos, Áudio e Vídeo","Áudio"
"270075","Eletrônicos, Áudio e Vídeo","Áudio"
"3840","Eletrônicos, Áudio e Vídeo","Áudio"
"135982","Eletrônicos, Áudio e Vídeo","Áudio"
"416844","Eletrônicos, Áudio e Vídeo","Áudio"
"439380","Eletrônicos, Áudio e Vídeo","Áudio"
"49484","Eletrônicos, Áudio e Vídeo","Áudio"
"11543","Eletrônicos, Áudio e Vídeo","Áudio"
"433031","Eletrônicos, Áudio e Vídeo","Áudio"
"277945","Eletrônicos, Áudio e Vídeo","Áudio"
"11549","Eletrônicos, Áudio e Vídeo","Áudio"
"3841","Eletrônicos, Áudio e Vídeo","Áudio"
"196208","Eletrônicos, Áudio e Vídeo","Áudio"
"102945","Eletrônicos, Áudio e Vídeo","Áudio"
"457936","Eletrônicos, Áudio e Vídeo","Áudio"
"433235","Eletrônicos, Áudio e Vídeo","Áudio"
"419822","Eletrônicos, Áudio e Vídeo","Áudio"
"457852","Eletrônicos, Áudio e Vídeo","Áudio"
"455686","Eletrônicos, Áudio e Vídeo","Áudio"
"135980","Eletrônicos, Áudio e Vídeo","Áudio"
"270234","Eletrônicos, Áudio e Vídeo","Áudio"
"270590","Eletrônicos, Áudio e Vídeo","Áudio"
"413718","Eletrônicos, Áudio e Vídeo","Áudio"
"439409","Eletrônicos, Áudio e Vídeo","Áudio"
"424960","Eletrônicos, Áudio e Vídeo","Áudio"
"3858","Eletrônicos, Áudio e Vídeo","Áudio"
"3849","Eletrônicos, Áudio e Vídeo","Áudio"
"456399","Eletrônicos, Áudio e Vídeo","Áudio"
"270311","Eletrônicos, Áudio e Vídeo","Áudio"
"135967","Eletrônicos, Áudio e Vídeo","Áudio"
"223840","Eletrônicos, Áudio e Vídeo","Áudio"
"11548","Eletrônicos, Áudio e Vídeo","Áudio"
"3856","Eletrônicos, Áudio e Vídeo","Áudio"
"439389","Eletrônicos, Áudio e Vídeo","Áudio"
"455701","Eletrônicos, Áudio e Vídeo","Áudio"
"431450","Eletrônicos, Áudio e Vídeo","Áudio"
"194064","Eletrônicos, Áudio e Vídeo","Áudio"
"29281","Eletrônicos, Áudio e Vídeo","Áudio"
"270083","Eletrônicos, Áudio e Vídeo","Áudio"
"135938","Eletrônicos, Áudio e Vídeo","Áudio"
"7892","Eletrônicos, Áudio e Vídeo","Áudio"
"3847","Eletrônicos, Áudio e Vídeo","Áudio"
"439386","Eletrônicos, Áudio e Vídeo","Áudio"
"431486","Eletrônicos, Áudio e Vídeo","Áudio"
"3854","Eletrônicos, Áudio e Vídeo","Áudio"
"44685","Eletrônicos, Áudio e Vídeo","Áudio"
"420717","Eletrônicos, Áudio e Vídeo","Áudio"
"278236","Eletrônicos, Áudio e Vídeo","Áudio"
"439388","Eletrônicos, Áudio e Vídeo","Áudio"
"439384","Eletrônicos, Áudio e Vídeo","Áudio"
"439087","Eletrônicos, Áudio e Vídeo","Áudio"
"270140","Eletrônicos, Áudio e Vídeo","Áudio"
"439383","Eletrônicos, Áudio e Vídeo","Áudio"
"10233","Eletrônicos, Áudio e Vídeo","Áudio"
"11517","Eletrônicos, Áudio e Vídeo","Áudio"
"3853","Eletrônicos, Áudio e Vídeo","Áudio"
"278167","Eletrônicos, Áudio e Vídeo","Áudio"
"3843","Eletrônicos, Áudio e Vídeo","Áudio"
"270145","Eletrônicos, Áudio e Vídeo","Áudio"
"3848","Eletrônicos, Áudio e Vídeo","Áudio"
"270925","Eletrônicos, Áudio e Vídeo","Áudio"
"270589","Eletrônicos, Áudio e Vídeo","Áudio"
"103090","Eletrônicos, Áudio e Vídeo","Áudio"
"3857","Eletrônicos, Áudio e Vídeo","Áudio"
"270188","Eletrônicos, Áudio e Vídeo","Áudio"
"431446","Eletrônicos, Áudio e Vídeo","Áudio"
"456230","Eletrônicos, Áudio e Vídeo","Áudio"
"135981","Eletrônicos, Áudio e Vídeo","Áudio"
"3835","Eletrônicos, Áudio e Vídeo","Áudio"
"103085","Eletrônicos, Áudio e Vídeo","Áudio"
